# WaveFront *.obj file (generated by Autodesk ATF)

mtllib CCW_Propeller.mtl

g Body1

v 2.400000 0.000000 -0.275000
v 2.400000 0.071175 -0.265630
v 2.400000 0.137500 -0.238157
v 2.400000 0.194454 -0.194454
v 2.400000 0.238157 -0.137500
v 2.400000 0.265630 -0.071175
v 2.400000 0.275000 -0.000000
v 2.400000 0.265630 0.071175
v 2.400000 0.238157 0.137500
v 2.400000 0.194454 0.194454
v 2.400000 0.137500 0.238157
v 2.400000 0.071175 0.265630
v 2.400000 0.000000 0.275000
v 2.400000 -0.071175 0.265630
v 2.400000 -0.137500 0.238157
v 2.400000 -0.194454 0.194454
v 2.400000 -0.238157 0.137500
v 2.400000 -0.265630 0.071175
v 2.400000 -0.275000 -0.000000
v 2.400000 -0.265630 -0.071175
v 2.400000 -0.238157 -0.137500
v 2.400000 -0.194454 -0.194454
v 2.400000 -0.137500 -0.238157
v 2.400000 -0.071175 -0.265630
v 2.400000 -0.000000 1.400000
v 2.400000 0.322862 1.362263
v 2.400000 0.628319 1.251086
v 2.400000 0.899903 1.072462
v 2.400000 1.122972 0.836022
v 2.400000 1.285503 0.554512
v 2.400000 1.378731 0.243107
v 2.400000 1.397631 -0.081403
v 2.400000 1.341185 -0.401525
v 2.400000 1.212436 -0.700000
v 2.400000 1.018323 -0.960738
v 2.400000 0.769313 -1.169683
v 2.400000 0.478828 -1.315570
v 2.400000 0.162530 -1.390534
v 2.400000 -0.162530 -1.390534
v 2.400000 -0.478828 -1.315570
v 2.400000 -0.769313 -1.169683
v 2.400000 -1.018323 -0.960738
v 2.400000 -1.212436 -0.700000
v 2.400000 -1.341185 -0.401525
v 2.400000 -1.397631 -0.081403
v 2.400000 -1.378731 0.243107
v 2.400000 -1.285503 0.554512
v 2.400000 -1.122972 0.836022
v 2.400000 -0.899903 1.072462
v 2.400000 -0.628319 1.251086
v 2.400000 -0.322862 1.362263
v 3.400000 0.000000 -0.275000
v 3.400000 0.071175 -0.265630
v 3.400000 0.137500 -0.238157
v 3.400000 0.194454 -0.194454
v 3.400000 0.238157 -0.137500
v 3.400000 0.265630 -0.071175
v 3.400000 0.275000 -0.000000
v 3.400000 0.265630 0.071175
v 3.400000 0.238157 0.137500
v 3.400000 0.194454 0.194454
v 3.400000 0.137500 0.238157
v 3.400000 0.071175 0.265630
v 3.400000 0.000000 0.275000
v 3.400000 -0.071175 0.265630
v 3.400000 -0.137500 0.238157
v 3.400000 -0.194454 0.194454
v 3.400000 -0.238157 0.137500
v 3.400000 -0.265630 0.071175
v 3.400000 -0.275000 -0.000000
v 3.400000 -0.265630 -0.071175
v 3.400000 -0.238157 -0.137500
v 3.400000 -0.194454 -0.194454
v 3.400000 -0.137500 -0.238157
v 3.400000 -0.071175 -0.265630
v 2.266667 0.890501 -1.506488
v 2.565865 1.104068 -1.357772
v 2.857055 1.298669 -1.173052
v 3.136730 1.469181 -0.950846
v 3.400000 1.605614 -0.696062
v 3.400000 1.743523 -0.931341
v 3.400000 1.749669 -0.944790
v 3.400000 1.753063 -0.959188
v 3.400000 1.753630 -0.973969
v 3.400000 1.751293 -0.988570
v 3.400000 1.748129 -0.997923
v 3.400000 1.743764 -1.006780
v 3.400000 1.738273 -1.014986
v 3.400000 1.731752 -1.022400
v 3.400000 1.720279 -1.031716
v 3.400000 1.707199 -1.038609
v 3.400000 1.693039 -1.042864
v 3.400000 1.678326 -1.044265
v 3.400000 1.405614 -1.042472
v 3.316773 1.364046 -1.096289
v 3.219008 1.303641 -1.167501
v 3.099568 1.220646 -1.254031
v 2.956935 1.113319 -1.350200
v 2.617197 0.835325 -1.537769
v 2.266667 0.524418 -1.669576
v 2.266667 1.408068 -3.346565
v 2.266667 1.415827 -3.358279
v 2.266667 1.425673 -3.368300
v 2.266667 1.437192 -3.376381
v 2.266667 1.449965 -3.382278
v 2.266667 1.463577 -3.385743
v 2.266667 1.477610 -3.386533
v 2.266667 1.491507 -3.384516
v 2.266667 1.504774 -3.379901
v 2.266667 1.517010 -3.372955
v 2.266667 1.527812 -3.363944
v 2.266667 1.536777 -3.353136
v 2.266667 1.543503 -3.340799
v 2.266667 1.547703 -3.327366
v 2.266667 1.549331 -3.313380
v 2.266667 1.548373 -3.299333
v 2.266667 1.544811 -3.285716
v 2.266667 1.380451 -2.838779
v 2.455556 0.888080 -1.947840
v 2.455556 1.480563 -2.628556
v 2.691667 1.040190 -1.721647
v 2.762500 1.566025 -2.076961
v 3.187500 1.359620 -1.246643
v 3.022222 1.638339 -1.610227
v 3.364583 1.473702 -1.076999
v 3.329167 1.723801 -1.058632
v 2.361111 1.454267 -2.798277
v 2.361111 1.481555 -2.872208
v 2.361111 1.495113 -2.909206
v 2.361111 1.508614 -2.946218
v 2.361111 1.522055 -2.983238
v 2.361111 1.535437 -3.020260
v 2.361111 1.548758 -3.057279
v 2.361111 1.562018 -3.094287
v 2.361111 1.563922 -3.100550
v 2.361111 1.565227 -3.106967
v 2.361111 1.565933 -3.113483
v 2.361111 1.566042 -3.120040
v 2.361111 1.565558 -3.126582
v 2.361111 1.564480 -3.133054
v 2.361111 1.562812 -3.139398
v 2.361111 1.560556 -3.145559
v 2.361111 1.557712 -3.151468
v 2.361111 1.554308 -3.157057
v 2.361111 1.546002 -3.167151
v 2.361111 1.524690 -3.182141
v 2.361111 1.499572 -3.188569
v 2.361111 1.473991 -3.185003
v 2.361111 1.451462 -3.172508
v 2.361111 1.442297 -3.163475
v 2.361111 1.435042 -3.152885
v 2.361111 1.385540 -3.062412
v 2.361111 1.335827 -2.971569
v 2.361111 1.286005 -2.880314
v 2.361111 1.056621 -2.459316
v 2.361111 0.827236 -2.038317
v 2.550000 0.948924 -1.857363
v 2.550000 1.153130 -2.201925
v 2.550000 1.357336 -2.546487
v 2.550000 1.401648 -2.620693
v 2.550000 1.445637 -2.693663
v 2.550000 1.488989 -2.765524
v 2.550000 1.495238 -2.773866
v 2.550000 1.503039 -2.780925
v 2.550000 1.522042 -2.790455
v 2.550000 1.543496 -2.792643
v 2.550000 1.564522 -2.786621
v 2.550000 1.582382 -2.773564
v 2.550000 1.589370 -2.764899
v 2.550000 1.592246 -2.760121
v 2.550000 1.594660 -2.755080
v 2.550000 1.596590 -2.749831
v 2.550000 1.598036 -2.744431
v 2.550000 1.598994 -2.738925
v 2.550000 1.599465 -2.733360
v 2.550000 1.599445 -2.727781
v 2.550000 1.598934 -2.722236
v 2.550000 1.597930 -2.716770
v 2.550000 1.596432 -2.711430
v 2.550000 1.585862 -2.679833
v 2.550000 1.575108 -2.648207
v 2.550000 1.564173 -2.616570
v 2.550000 1.553059 -2.584940
v 2.550000 1.541768 -2.553333
v 2.550000 1.530303 -2.521768
v 2.550000 1.506859 -2.458834
v 2.620833 1.526581 -2.331543
v 2.620833 1.548583 -2.390354
v 2.620833 1.559264 -2.419881
v 2.620833 1.569726 -2.449461
v 2.620833 1.579968 -2.479070
v 2.620833 1.589985 -2.508688
v 2.620833 1.599776 -2.538291
v 2.620833 1.609337 -2.567858
v 2.620833 1.610683 -2.572853
v 2.620833 1.611574 -2.577962
v 2.620833 1.612012 -2.583143
v 2.620833 1.611998 -2.588355
v 2.620833 1.611533 -2.593553
v 2.620833 1.610619 -2.598697
v 2.620833 1.609257 -2.603743
v 2.620833 1.607449 -2.608650
v 2.620833 1.605196 -2.613366
v 2.620833 1.602518 -2.617840
v 2.620833 1.596025 -2.625969
v 2.620833 1.579458 -2.638301
v 2.620833 1.559967 -2.644170
v 2.620833 1.540062 -2.642499
v 2.620833 1.522380 -2.634081
v 2.620833 1.515091 -2.627763
v 2.620833 1.509219 -2.620263
v 2.620833 1.468173 -2.555382
v 2.620833 1.426332 -2.489115
v 2.620833 1.384085 -2.421302
v 2.620833 1.189321 -2.105404
v 2.620833 0.994557 -1.789505
v 2.833333 1.131455 -1.585932
v 2.833333 1.297894 -1.815839
v 2.833333 1.464333 -2.045747
v 2.833333 1.500381 -2.094380
v 2.833333 1.535782 -2.140540
v 2.833333 1.569910 -2.184483
v 2.833333 1.574650 -2.189453
v 2.833333 1.580404 -2.193550
v 2.833333 1.594119 -2.198632
v 2.833333 1.609382 -2.198753
v 2.833333 1.624269 -2.193340
v 2.833333 1.636952 -2.183184
v 2.833333 1.641962 -2.176663
v 2.833333 1.644046 -2.173101
v 2.833333 1.645816 -2.169361
v 2.833333 1.647257 -2.165480
v 2.833333 1.648369 -2.161495
v 2.833333 1.649149 -2.157438
v 2.833333 1.649598 -2.153339
v 2.833333 1.649714 -2.149229
v 2.833333 1.649495 -2.145140
v 2.833333 1.648942 -2.141101
v 2.833333 1.648052 -2.137143
v 2.833333 1.641518 -2.113665
v 2.833333 1.634616 -2.090128
v 2.833333 1.627350 -2.066569
v 2.833333 1.619727 -2.043023
v 2.833333 1.611750 -2.019524
v 2.833333 1.603425 -1.996109
v 2.833333 1.585747 -1.949670
v 2.927778 1.612043 -1.779948
v 2.927778 1.627799 -1.820889
v 2.927778 1.635078 -1.841588
v 2.927778 1.641950 -1.862383
v 2.927778 1.648410 -1.883235
v 2.927778 1.654451 -1.904102
v 2.927778 1.660070 -1.924942
v 2.927778 1.665259 -1.945714
v 2.927778 1.665946 -1.949211
v 2.927778 1.666349 -1.952774
v 2.927778 1.666470 -1.956379
v 2.927778 1.666309 -1.959999
v 2.927778 1.665868 -1.963610
v 2.927778 1.665147 -1.967184
v 2.927778 1.664146 -1.970696
v 2.927778 1.662868 -1.974122
v 2.927778 1.661313 -1.977428
v 2.927778 1.659493 -1.980584
v 2.927778 1.655142 -1.986390
v 2.927778 1.644185 -1.995580
v 2.927778 1.631344 -2.000790
v 2.927778 1.618145 -2.001358
v 2.927778 1.606192 -1.997758
v 2.927778 1.601120 -1.994649
v 2.927778 1.596884 -1.990802
v 2.927778 1.565830 -1.956165
v 2.927778 1.533292 -1.918942
v 2.927778 1.499999 -1.878833
v 2.927778 1.346149 -1.687144
v 2.927778 1.192299 -1.495455
v 3.187500 1.684357 -1.313214
v 3.187500 1.694827 -1.339035
v 3.187500 1.699228 -1.352263
v 3.187500 1.703062 -1.365626
v 3.187500 1.706322 -1.379067
v 3.187500 1.709000 -1.392529
v 3.187500 1.711087 -1.405954
v 3.187500 1.712578 -1.419285
v 3.187500 1.712706 -1.421513
v 3.187500 1.712697 -1.423769
v 3.187500 1.712550 -1.426040
v 3.187500 1.712265 -1.428314
v 3.187500 1.711843 -1.430580
v 3.187500 1.711285 -1.432827
v 3.187500 1.710591 -1.435041
v 3.187500 1.709762 -1.437213
v 3.187500 1.708797 -1.439326
v 3.187500 1.707703 -1.441367
v 3.187500 1.705165 -1.445208
v 3.187500 1.698953 -1.451740
v 3.187500 1.691739 -1.456391
v 3.187500 1.684215 -1.458853
v 3.187500 1.677111 -1.459331
v 3.187500 1.673914 -1.458938
v 3.187500 1.671062 -1.458181
v 3.187500 1.648463 -1.449136
v 3.187500 1.623797 -1.436487
v 3.187500 1.598079 -1.419821
v 3.187500 1.478849 -1.333232
v 3.116667 1.313987 -1.314501
v 3.116667 1.442658 -1.429753
v 3.116667 1.571330 -1.545006
v 3.116667 1.599114 -1.568066
v 3.116667 1.625926 -1.587417
v 3.116667 1.650831 -1.603441
v 3.116667 1.654062 -1.605041
v 3.116667 1.657769 -1.606175
v 3.116667 1.666196 -1.606809
v 3.116667 1.675268 -1.604863
v 3.116667 1.684016 -1.600060
v 3.116667 1.691522 -1.592804
v 3.116667 1.694555 -1.588427
v 3.116667 1.695847 -1.586081
v 3.116667 1.696973 -1.583642
v 3.116667 1.697925 -1.581129
v 3.116667 1.698702 -1.578560
v 3.116667 1.699305 -1.575952
v 3.116667 1.699732 -1.573319
v 3.116667 1.699982 -1.570678
v 3.116667 1.700057 -1.568043
v 3.116667 1.699954 -1.565431
v 3.116667 1.699673 -1.562857
v 3.116667 1.697174 -1.547496
v 3.116667 1.694123 -1.532049
v 3.116667 1.690528 -1.516567
v 3.116667 1.686395 -1.501105
v 3.116667 1.681732 -1.485715
v 3.116667 1.676547 -1.470449
v 3.116667 1.664635 -1.440505
v 3.364583 1.569327 -1.091928
v 3.364583 1.664952 -1.106858
v 3.364583 1.685505 -1.107541
v 3.364583 1.704803 -1.103434
v 3.364583 1.721637 -1.095030
v 3.364583 1.723547 -1.093680
v 3.364583 1.725464 -1.092222
v 3.364583 1.729264 -1.088964
v 3.364583 1.732918 -1.085210
v 3.364583 1.736295 -1.080940
v 3.364583 1.739271 -1.076221
v 3.364583 1.740574 -1.073720
v 3.364583 1.741173 -1.072438
v 3.364583 1.741735 -1.071138
v 3.364583 1.742258 -1.069822
v 3.364583 1.742743 -1.068492
v 3.364583 1.743190 -1.067151
v 3.364583 1.743598 -1.065801
v 3.364583 1.743968 -1.064445
v 3.364583 1.744298 -1.063083
v 3.364583 1.744589 -1.061720
v 3.364583 1.744840 -1.060356
v 3.364583 1.745872 -1.052099
v 3.364583 1.746192 -1.043729
v 3.364583 1.745808 -1.035316
v 3.364583 1.744730 -1.026927
v 3.364583 1.742967 -1.018632
v 3.364583 1.740528 -1.010497
v 3.364583 1.733662 -0.994986
v 3.258333 1.704079 -1.185923
v 3.329167 1.731388 -1.076205
v 3.329167 1.734219 -1.085358
v 3.329167 1.736396 -1.094667
v 3.329167 1.737910 -1.104066
v 3.329167 1.738753 -1.113489
v 3.329167 1.738915 -1.122870
v 3.329167 1.738388 -1.132142
v 3.329167 1.738212 -1.133678
v 3.329167 1.737978 -1.135220
v 3.329167 1.737684 -1.136764
v 3.329167 1.737332 -1.138304
v 3.329167 1.736921 -1.139837
v 3.329167 1.736452 -1.141359
v 3.329167 1.735925 -1.142866
v 3.329167 1.735340 -1.144353
v 3.329167 1.734698 -1.145816
v 3.329167 1.734000 -1.147249
v 3.329167 1.732450 -1.150018
v 3.329167 1.728827 -1.155100
v 3.329167 1.724682 -1.159446
v 3.329167 1.720254 -1.162942
v 3.329167 1.715793 -1.165644
v 3.329167 1.713620 -1.166731
v 3.329167 1.711522 -1.167660
v 3.329167 1.693535 -1.172574
v 3.329167 1.673163 -1.173331
v 3.329167 1.651577 -1.169450
v 3.329167 1.551231 -1.140189
v 3.329167 1.450886 -1.110928
v 3.258333 1.405253 -1.178785
v 3.258333 1.515040 -1.236710
v 3.258333 1.624828 -1.294636
v 3.258333 1.648480 -1.304909
v 3.258333 1.670999 -1.310855
v 3.258333 1.691292 -1.312921
v 3.258333 1.693767 -1.312834
v 3.258333 1.696452 -1.312488
v 3.258333 1.702235 -1.310897
v 3.258333 1.708211 -1.307918
v 3.258333 1.713890 -1.303420
v 3.258333 1.718807 -1.297613
v 3.258333 1.720851 -1.294308
v 3.258333 1.721747 -1.292571
v 3.258333 1.722551 -1.290783
v 3.258333 1.723258 -1.288954
v 3.258333 1.723869 -1.287093
v 3.258333 1.724382 -1.285209
v 3.258333 1.724798 -1.283309
v 3.258333 1.725117 -1.281402
v 3.258333 1.725337 -1.279495
v 3.258333 1.725459 -1.277596
v 3.258333 1.725483 -1.275713
v 3.258333 1.725001 -1.264412
v 3.258333 1.723876 -1.253009
v 3.258333 1.722116 -1.241567
v 3.258333 1.719729 -1.230146
v 3.258333 1.716723 -1.218810
v 3.258333 1.713108 -1.207620
v 3.022222 1.253143 -1.404978
v 3.022222 1.394404 -1.558449
v 3.022222 1.535664 -1.711920
v 3.022222 1.566203 -1.743504
v 3.022222 1.595878 -1.771791
v 3.022222 1.623858 -1.797122
v 3.022222 1.627591 -1.799845
v 3.022222 1.631981 -1.801967
v 3.022222 1.642171 -1.804083
v 3.022222 1.653306 -1.802827
v 3.022222 1.664101 -1.797820
v 3.022222 1.673332 -1.789597
v 3.022222 1.677024 -1.784505
v 3.022222 1.678580 -1.781754
v 3.022222 1.679921 -1.778882
v 3.022222 1.681035 -1.775913
v 3.022222 1.681924 -1.772872
v 3.022222 1.682586 -1.769781
v 3.022222 1.683020 -1.766659
v 3.022222 1.683226 -1.763528
v 3.022222 1.683203 -1.760408
v 3.022222 1.682950 -1.757321
v 3.022222 1.682466 -1.754285
v 3.022222 1.678622 -1.736219
v 3.022222 1.674287 -1.718075
v 3.022222 1.669469 -1.699901
v 3.022222 1.664172 -1.681744
v 3.022222 1.658405 -1.663651
v 3.022222 1.652173 -1.645669
v 2.762500 1.085822 -1.653789
v 2.762500 1.261703 -1.912361
v 2.762500 1.437584 -2.170932
v 2.762500 1.475698 -2.225958
v 2.762500 1.513245 -2.278821
v 2.762500 1.549680 -2.329743
v 2.762500 1.554797 -2.335557
v 2.762500 1.561063 -2.340394
v 2.762500 1.576100 -2.346588
v 2.762500 1.592910 -2.347226
v 2.762500 1.609332 -2.341661
v 2.762500 1.623310 -2.330779
v 2.762500 1.628814 -2.323722
v 2.762500 1.631096 -2.319856
v 2.762500 1.633027 -2.315791
v 2.762500 1.634591 -2.311568
v 2.762500 1.635786 -2.307229
v 2.762500 1.636611 -2.302810
v 2.762500 1.637065 -2.298344
v 2.762500 1.637147 -2.293867
v 2.762500 1.636855 -2.289414
v 2.762500 1.636189 -2.285018
v 2.762500 1.635147 -2.280715
v 2.762500 1.627604 -2.255207
v 2.762500 1.619739 -2.229648
v 2.762500 1.611556 -2.204069
v 2.762500 1.603060 -2.178502
v 2.762500 1.594255 -2.152976
v 2.762500 1.585144 -2.127524
v 2.691667 1.225512 -2.008882
v 2.691667 1.410835 -2.296117
v 2.691667 1.451015 -2.357536
v 2.691667 1.490709 -2.417101
v 2.691667 1.529450 -2.475003
v 2.691667 1.534944 -2.481660
v 2.691667 1.541721 -2.487237
v 2.691667 1.558081 -2.494543
v 2.691667 1.576439 -2.495698
v 2.691667 1.594395 -2.489981
v 2.691667 1.609667 -2.478374
v 2.691667 1.615666 -2.470781
v 2.691667 1.618146 -2.466611
v 2.691667 1.620238 -2.462221
v 2.691667 1.621924 -2.457656
v 2.691667 1.623202 -2.452963
v 2.691667 1.624072 -2.448181
v 2.691667 1.624531 -2.443349
v 2.691667 1.624579 -2.438505
v 2.691667 1.624215 -2.433688
v 2.691667 1.623436 -2.428935
v 2.691667 1.622242 -2.424286
v 2.691667 1.613690 -2.396749
v 2.691667 1.604862 -2.369168
v 2.691667 1.595762 -2.341570
v 2.691667 1.586393 -2.313981
v 2.691667 1.576759 -2.286429
v 2.691667 1.566864 -2.258939
v 2.691667 1.546303 -2.204252
v 2.455555 1.104875 -2.330620
v 2.455555 1.321671 -2.713401
v 2.455555 1.368738 -2.796131
v 2.455555 1.415589 -2.878037
v 2.455555 1.462016 -2.959204
v 2.455555 1.468768 -2.968670
v 2.455555 1.477250 -2.976716
v 2.455555 1.498017 -2.987729
v 2.455555 1.521534 -2.990606
v 2.455555 1.544606 -2.984381
v 2.455555 1.564192 -2.970357
v 2.455555 1.571839 -2.960978
v 2.455555 1.574979 -2.955795
v 2.455555 1.577608 -2.950320
v 2.455555 1.579701 -2.944615
v 2.455555 1.581258 -2.938742
v 2.455555 1.582276 -2.932753
v 2.455555 1.582753 -2.926700
v 2.455555 1.582689 -2.920632
v 2.455555 1.582080 -2.914602
v 2.455555 1.580926 -2.908660
v 2.455555 1.579225 -2.902858
v 2.455555 1.567310 -2.868556
v 2.455555 1.555273 -2.834234
v 2.455555 1.543114 -2.799904
v 2.455555 1.530836 -2.765579
v 2.455556 1.518441 -2.731270
v 2.455556 1.505929 -2.696988
v 2.266667 -1.749908 -0.017952
v 2.565865 -1.727898 -0.277265
v 2.857055 -1.665227 -0.538155
v 3.136730 -1.558047 -0.796925
v 3.400000 -1.405614 -1.042472
v 3.400000 -1.678326 -1.044265
v 3.400000 -1.693046 -1.042863
v 3.400000 -1.707212 -1.038603
v 3.400000 -1.720297 -1.031703
v 3.400000 -1.731773 -1.022379
v 3.400000 -1.738292 -1.014963
v 3.400000 -1.743779 -1.006754
v 3.400000 -1.748140 -0.997896
v 3.400000 -1.751301 -0.988541
v 3.400000 -1.753632 -0.973947
v 3.400000 -1.753061 -0.959173
v 3.400000 -1.749666 -0.944783
v 3.400000 -1.743523 -0.931341
v 3.400000 -1.605614 -0.696062
v 3.316773 -1.631437 -0.633154
v 3.219008 -1.662906 -0.545236
v 3.099568 -1.696346 -0.430095
v 2.956935 -1.725967 -0.289062
v 2.617197 -1.749410 0.045472
v 2.266667 -1.708105 0.380628
v 2.266667 -3.602244 0.453860
v 2.266667 -3.616268 0.452998
v 2.266667 -3.629870 0.449480
v 2.266667 -3.642628 0.443546
v 2.266667 -3.654121 0.435432
v 2.266667 -3.663929 0.425376
v 2.266667 -3.671628 0.413619
v 2.266667 -3.676830 0.400576
v 2.266667 -3.679467 0.386778
v 2.266667 -3.679570 0.372708
v 2.266667 -3.677167 0.358848
v 2.266667 -3.672289 0.345680
v 2.266667 -3.664968 0.333686
v 2.266667 -3.655434 0.323333
v 2.266667 -3.644137 0.314930
v 2.266667 -3.631493 0.308736
v 2.266667 -3.617919 0.305012
v 2.266667 -3.148680 0.223884
v 2.455556 -2.130919 0.204820
v 2.455556 -3.016677 0.032073
v 2.691667 -2.011085 -0.040007
v 2.762500 -2.581713 -0.317737
v 3.187500 -1.759434 -0.554144
v 3.022222 -2.213667 -0.613730
v 3.364583 -1.669559 -0.737764
v 3.329167 -1.778703 -0.963540
v 2.361111 -3.150513 0.139706
v 2.361111 -3.228183 0.153040
v 2.361111 -3.267003 0.159797
v 2.361111 -3.305807 0.166611
v 2.361111 -3.344588 0.173481
v 2.361111 -3.383341 0.180403
v 2.361111 -3.422060 0.187375
v 2.361111 -3.460740 0.194396
v 2.361111 -3.467116 0.195879
v 2.361111 -3.473326 0.197958
v 2.361111 -3.479321 0.200604
v 2.361111 -3.485055 0.203787
v 2.361111 -3.490478 0.207479
v 2.361111 -3.495544 0.211647
v 2.361111 -3.500205 0.216264
v 2.361111 -3.504412 0.221299
v 2.361111 -3.508107 0.226716
v 2.361111 -3.511246 0.232458
v 2.361111 -3.515834 0.244698
v 2.361111 -3.518160 0.270650
v 2.361111 -3.511168 0.295618
v 2.361111 -3.495289 0.315988
v 2.361111 -3.473203 0.329251
v 2.361111 -3.460798 0.332671
v 2.361111 -3.447999 0.333660
v 2.361111 -3.344896 0.331293
v 2.361111 -3.241368 0.328925
v 2.361111 -3.137428 0.326444
v 2.361111 -2.658140 0.314597
v 2.361111 -2.178852 0.302751
v 2.550000 -2.082985 0.106889
v 2.550000 -2.483488 0.102323
v 2.550000 -2.883991 0.097756
v 2.550000 -2.970411 0.096483
v 2.550000 -3.055599 0.094873
v 2.550000 -3.139508 0.093259
v 2.550000 -3.149858 0.092019
v 2.550000 -3.159871 0.088793
v 2.550000 -3.177626 0.077100
v 2.550000 -3.190248 0.059615
v 2.550000 -3.195545 0.038395
v 2.550000 -3.193168 0.016399
v 2.550000 -3.189158 0.006015
v 2.550000 -3.186458 0.001135
v 2.550000 -3.183299 -0.003476
v 2.550000 -3.179719 -0.007772
v 2.550000 -3.175764 -0.011724
v 2.550000 -3.171476 -0.015307
v 2.550000 -3.166891 -0.018497
v 2.550000 -3.162051 -0.021269
v 2.550000 -3.156993 -0.023599
v 2.550000 -3.151757 -0.025463
v 2.550000 -3.146383 -0.026836
v 2.550000 -3.113734 -0.033480
v 2.550000 -3.080969 -0.039980
v 2.550000 -3.048103 -0.046329
v 2.550000 -3.015153 -0.052519
v 2.550000 -2.982136 -0.058544
v 2.550000 -2.949067 -0.064397
v 2.550000 -2.882842 -0.075561
v 2.620833 -2.782466 -0.156287
v 2.620833 -2.844399 -0.145936
v 2.620833 -2.875310 -0.140421
v 2.620833 -2.906158 -0.134692
v 2.620833 -2.936921 -0.128757
v 2.620833 -2.967580 -0.122624
v 2.620833 -2.998112 -0.116301
v 2.620833 -3.028499 -0.109798
v 2.620833 -3.033497 -0.108466
v 2.620833 -3.038368 -0.106683
v 2.620833 -3.043074 -0.104472
v 2.620833 -3.047580 -0.101854
v 2.620833 -3.051849 -0.098852
v 2.620833 -3.055847 -0.095489
v 2.620833 -3.059536 -0.091786
v 2.620833 -3.062882 -0.087766
v 2.620833 -3.065840 -0.083457
v 2.620833 -3.068375 -0.078901
v 2.620833 -3.072168 -0.069213
v 2.620833 -3.074565 -0.048701
v 2.620833 -3.069902 -0.028886
v 2.620833 -3.058502 -0.012483
v 2.620833 -3.042371 -0.001379
v 2.620833 -3.033255 0.001774
v 2.620833 -3.023824 0.003109
v 2.620833 -2.947112 0.006216
v 2.620833 -2.868803 0.009318
v 2.620833 -2.788952 0.011998
v 2.620833 -2.417993 0.022720
v 2.620833 -2.047035 0.033441
v 2.833333 -1.939185 -0.186903
v 2.833333 -2.221510 -0.216090
v 2.833333 -2.503835 -0.245276
v 2.833333 -2.563976 -0.252178
v 2.833333 -2.621653 -0.259756
v 2.833333 -2.676773 -0.267341
v 2.833333 -2.683447 -0.268960
v 2.833333 -2.689872 -0.271895
v 2.833333 -2.701131 -0.281232
v 2.833333 -2.708867 -0.294389
v 2.833333 -2.711623 -0.309988
v 2.833333 -2.709169 -0.326050
v 2.833333 -2.706027 -0.333650
v 2.833333 -2.703984 -0.337235
v 2.833333 -2.701630 -0.340638
v 2.833333 -2.698989 -0.343827
v 2.833333 -2.696094 -0.346782
v 2.833333 -2.692971 -0.349486
v 2.833333 -2.689646 -0.351924
v 2.833333 -2.686144 -0.354079
v 2.833333 -2.682493 -0.355935
v 2.833333 -2.678718 -0.357475
v 2.833333 -2.674846 -0.358683
v 2.833333 -2.651246 -0.364764
v 2.833333 -2.627412 -0.370555
v 2.833333 -2.603376 -0.376042
v 2.833333 -2.579173 -0.381214
v 2.833333 -2.554834 -0.386055
v 2.833333 -2.530393 -0.390552
v 2.833333 -2.481337 -0.398463
v 2.927778 -2.347502 -0.506096
v 2.927778 -2.390836 -0.499271
v 2.927778 -2.412401 -0.495225
v 2.927778 -2.433846 -0.490779
v 2.927778 -2.455134 -0.485947
v 2.927778 -2.476226 -0.480746
v 2.927778 -2.497083 -0.475192
v 2.927778 -2.517667 -0.469299
v 2.927778 -2.521039 -0.468146
v 2.927778 -2.524326 -0.466714
v 2.927778 -2.527509 -0.465016
v 2.927778 -2.530564 -0.463066
v 2.927778 -2.533470 -0.460879
v 2.927778 -2.536204 -0.458467
v 2.927778 -2.538746 -0.455845
v 2.927778 -2.541074 -0.453026
v 2.927778 -2.543159 -0.450026
v 2.927778 -2.544983 -0.446871
v 2.927778 -2.547836 -0.440200
v 2.927778 -2.550316 -0.426116
v 2.927778 -2.548407 -0.412390
v 2.927778 -2.542299 -0.400676
v 2.927778 -2.533206 -0.392124
v 2.927778 -2.527977 -0.389286
v 2.927778 -2.522527 -0.387541
v 2.927778 -2.477004 -0.377966
v 2.927778 -2.428498 -0.368399
v 2.927778 -2.377116 -0.359620
v 2.927778 -2.134184 -0.322227
v 2.927778 -1.891251 -0.284834
v 3.187500 -1.979455 -0.802089
v 3.187500 -2.007052 -0.798246
v 3.187500 -2.020708 -0.795443
v 3.187500 -2.034198 -0.792082
v 3.187500 -2.047468 -0.788185
v 3.187500 -2.060465 -0.783773
v 3.187500 -2.073136 -0.778868
v 3.187500 -2.085426 -0.773493
v 3.187500 -2.087420 -0.772491
v 3.187500 -2.089368 -0.771355
v 3.187500 -2.091261 -0.770092
v 3.187500 -2.093089 -0.768708
v 3.187500 -2.094841 -0.767210
v 3.187500 -2.096507 -0.765603
v 3.187500 -2.098078 -0.763895
v 3.187500 -2.099543 -0.762091
v 3.187500 -2.100891 -0.760199
v 3.187500 -2.102112 -0.758231
v 3.187500 -2.104170 -0.754112
v 3.187500 -2.106720 -0.745467
v 3.187500 -2.107141 -0.736894
v 3.187500 -2.105512 -0.729147
v 3.187500 -2.102374 -0.722755
v 3.187500 -2.100434 -0.720184
v 3.187500 -2.098353 -0.718091
v 3.187500 -2.079220 -0.703043
v 3.187500 -2.055933 -0.688006
v 3.187500 -2.028640 -0.674066
v 3.187500 -1.894037 -0.614105
v 3.116667 -1.795384 -0.480696
v 3.116667 -1.959532 -0.534502
v 3.116667 -2.123679 -0.588308
v 3.116667 -2.157542 -0.600840
v 3.116667 -2.187706 -0.614385
v 3.116667 -2.214037 -0.627941
v 3.116667 -2.217037 -0.629939
v 3.116667 -2.219873 -0.632583
v 3.116667 -2.224635 -0.639564
v 3.116667 -2.227486 -0.648393
v 3.116667 -2.227701 -0.658371
v 3.116667 -2.225169 -0.668499
v 3.116667 -2.222895 -0.673314
v 3.116667 -2.221510 -0.675606
v 3.116667 -2.219961 -0.677800
v 3.116667 -2.218260 -0.679881
v 3.116667 -2.216424 -0.681839
v 3.116667 -2.214467 -0.683665
v 3.116667 -2.212400 -0.685351
v 3.116667 -2.210238 -0.686889
v 3.116667 -2.207993 -0.688271
v 3.116667 -2.205680 -0.689488
v 3.116667 -2.203310 -0.690531
v 3.116667 -2.188758 -0.696047
v 3.116667 -2.173855 -0.701129
v 3.116667 -2.158650 -0.705756
v 3.116667 -2.143193 -0.709908
v 3.116667 -2.127533 -0.713566
v 3.116667 -2.111720 -0.716707
v 3.116667 -2.079832 -0.721364
v 3.364583 -1.730301 -0.813113
v 3.364583 -1.791043 -0.888462
v 3.364583 -1.801911 -0.905919
v 3.364583 -1.808003 -0.924686
v 3.364583 -1.809143 -0.943466
v 3.364583 -1.808928 -0.945795
v 3.364583 -1.808624 -0.948185
v 3.364583 -1.807702 -0.953104
v 3.364583 -1.806278 -0.958146
v 3.364583 -1.804269 -0.963206
v 3.364583 -1.801670 -0.968142
v 3.364583 -1.800155 -0.970521
v 3.364583 -1.799345 -0.971681
v 3.364583 -1.798500 -0.972817
v 3.364583 -1.797622 -0.973929
v 3.364583 -1.796713 -0.975014
v 3.364583 -1.795775 -0.976071
v 3.364583 -1.794810 -0.977100
v 3.364583 -1.793820 -0.978098
v 3.364583 -1.792806 -0.979064
v 3.364583 -1.791771 -0.979998
v 3.364583 -1.790715 -0.980898
v 3.364583 -1.784080 -0.985920
v 3.364583 -1.776992 -0.990382
v 3.364583 -1.769514 -0.994256
v 3.364583 -1.761710 -0.997516
v 3.364583 -1.753644 -1.000138
v 3.364583 -1.745381 -1.002093
v 3.364583 -1.728515 -1.003903
v 3.258333 -1.879079 -0.882815
v 3.329167 -1.797715 -0.961324
v 3.329167 -1.807057 -0.959199
v 3.329167 -1.816208 -0.956430
v 3.329167 -1.825105 -0.953042
v 3.329167 -1.833687 -0.949060
v 3.329167 -1.841891 -0.944510
v 3.329167 -1.849657 -0.939417
v 3.329167 -1.850900 -0.938497
v 3.329167 -1.852119 -0.937523
v 3.329167 -1.853308 -0.936497
v 3.329167 -1.854466 -0.935421
v 3.329167 -1.855588 -0.934299
v 3.329167 -1.856672 -0.933132
v 3.329167 -1.857713 -0.931922
v 3.329167 -1.858709 -0.930672
v 3.329167 -1.859654 -0.929384
v 3.329167 -1.860547 -0.928063
v 3.329167 -1.862170 -0.925336
v 3.329167 -1.864759 -0.919658
v 3.329167 -1.866451 -0.913896
v 3.329167 -1.867264 -0.908313
v 3.329167 -1.867374 -0.903099
v 3.329167 -1.867229 -0.900673
v 3.329167 -1.866985 -0.898391
v 3.329167 -1.862247 -0.880357
v 3.329167 -1.852716 -0.862337
v 3.329167 -1.838562 -0.845583
v 3.329167 -1.763048 -0.773311
v 3.329167 -1.687534 -0.701040
v 3.258333 -1.723484 -0.627592
v 3.258333 -1.828543 -0.693708
v 3.258333 -1.933601 -0.759825
v 3.258333 -1.954324 -0.775171
v 3.258333 -1.970733 -0.791700
v 3.258333 -1.982669 -0.808241
v 3.258333 -1.983832 -0.810428
v 3.258333 -1.984874 -0.812927
v 3.258333 -1.986388 -0.818730
v 3.258333 -1.986796 -0.825395
v 3.258333 -1.985740 -0.832562
v 3.258333 -1.983170 -0.839724
v 3.258333 -1.981330 -0.843147
v 3.258333 -1.980273 -0.844792
v 3.258333 -1.979126 -0.846381
v 3.258333 -1.977896 -0.847908
v 3.258333 -1.976589 -0.849368
v 3.258333 -1.975214 -0.850754
v 3.258333 -1.973777 -0.852065
v 3.258333 -1.972285 -0.853294
v 3.258333 -1.970743 -0.854439
v 3.258333 -1.969160 -0.855494
v 3.258333 -1.967542 -0.856455
v 3.258333 -1.957514 -0.861689
v 3.258333 -1.947076 -0.866416
v 3.258333 -1.936286 -0.870613
v 3.258333 -1.925203 -0.874256
v 3.258333 -1.913882 -0.877321
v 3.258333 -1.902383 -0.879785
v 3.022222 -1.843318 -0.382765
v 3.022222 -2.046858 -0.428365
v 3.022222 -2.250398 -0.473964
v 3.022222 -2.293020 -0.484620
v 3.022222 -2.332355 -0.496175
v 3.022222 -2.368282 -0.507741
v 3.022222 -2.372507 -0.509613
v 3.022222 -2.376539 -0.512354
v 3.022222 -2.383467 -0.520120
v 3.022222 -2.387946 -0.530392
v 3.022222 -2.389008 -0.542243
v 3.022222 -2.386502 -0.554350
v 3.022222 -2.383939 -0.560093
v 3.022222 -2.382335 -0.562816
v 3.022222 -2.380517 -0.565413
v 3.022222 -2.378503 -0.567863
v 3.022222 -2.376314 -0.570153
v 3.022222 -2.373968 -0.572272
v 3.022222 -2.371482 -0.574209
v 3.022222 -2.368873 -0.575953
v 3.022222 -2.366160 -0.577492
v 3.022222 -2.363359 -0.578817
v 3.022222 -2.360489 -0.579915
v 3.022222 -2.342920 -0.585620
v 3.022222 -2.325040 -0.590938
v 3.022222 -2.306892 -0.595852
v 3.022222 -2.288519 -0.600343
v 3.022222 -2.269967 -0.604395
v 3.022222 -2.251278 -0.607989
v 2.762500 -1.975135 -0.113455
v 2.762500 -2.287004 -0.136487
v 2.762500 -2.598874 -0.159518
v 2.762500 -2.665585 -0.165013
v 2.762500 -2.730139 -0.171099
v 2.762500 -2.792456 -0.177191
v 2.762500 -2.800050 -0.178715
v 2.762500 -2.807372 -0.181723
v 2.762500 -2.820254 -0.191649
v 2.762500 -2.829212 -0.205888
v 2.762500 -2.832604 -0.222892
v 2.762500 -2.830168 -0.240438
v 2.762500 -2.826810 -0.248733
v 2.762500 -2.824603 -0.252643
v 2.762500 -2.822047 -0.256348
v 2.762500 -2.819172 -0.259813
v 2.762500 -2.816012 -0.263017
v 2.762500 -2.812597 -0.265941
v 2.762500 -2.808957 -0.268567
v 2.762500 -2.805121 -0.270877
v 2.762500 -2.801118 -0.272851
v 2.762500 -2.796978 -0.274472
v 2.762500 -2.792730 -0.275722
v 2.762500 -2.766868 -0.281943
v 2.762500 -2.740801 -0.287911
v 2.762500 -2.714558 -0.293614
v 2.762500 -2.688168 -0.299040
v 2.762500 -2.661660 -0.304177
v 2.762500 -2.635062 -0.309013
v 2.691667 -2.352499 -0.056884
v 2.691667 -2.693913 -0.073760
v 2.691667 -2.767194 -0.077847
v 2.691667 -2.838626 -0.082441
v 2.691667 -2.908140 -0.087041
v 2.691667 -2.916652 -0.088471
v 2.691667 -2.924871 -0.091551
v 2.691667 -2.939378 -0.102066
v 2.691667 -2.949557 -0.117387
v 2.691667 -2.953584 -0.135797
v 2.691667 -2.951168 -0.154826
v 2.691667 -2.947592 -0.163817
v 2.691667 -2.945221 -0.168050
v 2.691667 -2.942465 -0.172057
v 2.691667 -2.939354 -0.175800
v 2.691667 -2.935929 -0.179253
v 2.691667 -2.932223 -0.182397
v 2.691667 -2.928268 -0.185211
v 2.691667 -2.924097 -0.187674
v 2.691667 -2.919743 -0.189767
v 2.691667 -2.915238 -0.191469
v 2.691667 -2.910615 -0.192760
v 2.691667 -2.882490 -0.199122
v 2.691667 -2.854190 -0.205267
v 2.691667 -2.825740 -0.211186
v 2.691667 -2.797163 -0.216866
v 2.691667 -2.768485 -0.222299
v 2.691667 -2.739730 -0.227475
v 2.691667 -2.682090 -0.237012
v 2.455556 -2.570814 0.208460
v 2.455556 -3.010709 0.212100
v 2.455556 -3.105889 0.212704
v 2.455556 -3.200248 0.213083
v 2.455556 -3.293754 0.213460
v 2.455556 -3.305328 0.212345
v 2.455556 -3.316537 0.209022
v 2.455556 -3.336458 0.196544
v 2.455556 -3.350708 0.177616
v 2.455556 -3.356853 0.154523
v 2.455556 -3.354501 0.130549
v 2.455556 -3.350202 0.119237
v 2.455556 -3.347283 0.113926
v 2.455556 -3.343856 0.108912
v 2.455556 -3.339962 0.104246
v 2.455556 -3.335654 0.099962
v 2.455556 -3.330977 0.096086
v 2.455556 -3.325973 0.092645
v 2.455556 -3.320686 0.089667
v 2.455556 -3.315159 0.087179
v 2.455556 -3.309437 0.085208
v 2.455556 -3.303562 0.083780
v 2.455556 -3.267897 0.076947
v 2.455556 -3.232155 0.070211
v 2.455556 -3.196345 0.063576
v 2.455556 -3.160480 0.057046
v 2.455556 -3.124569 0.050627
v 2.455556 -3.088625 0.044321
v 3.400000 -1.714486 -0.350766
v 3.400000 -1.749974 0.009543
v 3.400000 -1.710559 0.369444
v 3.400000 -1.597927 0.713532
v 3.400000 -1.416901 1.027079
v 3.400000 -1.175228 1.296665
v 3.400000 -0.883252 1.510750
v 3.400000 -0.553471 1.660172
v 3.400000 -0.200000 1.738534
v 3.136730 0.088866 1.747771
v 2.857055 0.366558 1.711206
v 2.565865 0.623831 1.635036
v 2.266667 0.859407 1.524441
v 1.699996 1.087303 1.371231
v 1.133333 1.288422 1.184258
v 0.782819 1.492032 0.914518
v 0.443078 1.639169 0.612897
v 0.300438 1.684081 0.475859
v 0.180991 1.712719 0.359349
v 0.083224 1.729438 0.267421
v 0.000000 1.738534 0.200000
v 0.000000 1.660172 0.553471
v 0.000000 1.510750 0.883252
v 0.000000 1.296665 1.175228
v 0.000000 1.027079 1.416901
v 0.000000 0.713532 1.597927
v 0.000000 0.369444 1.710559
v 0.000000 0.009543 1.749974
v 0.000000 -0.350766 1.714486
v 0.000000 -0.696062 1.605614
v 0.263291 -0.951025 1.469064
v 0.542949 -1.173334 1.298414
v 0.834142 -1.358132 1.103624
v 1.133333 -1.506884 0.889833
v 1.699996 -1.627531 0.643151
v 3.400000 1.161015 -1.309406
v 3.400000 0.866722 -1.520294
v 3.400000 0.535331 -1.666109
v 3.400000 0.181026 -1.740612
v 3.400000 -0.181026 -1.740612
v 3.400000 -0.535331 -1.666109
v 3.400000 -0.866722 -1.520294
v 3.400000 -1.161015 -1.309406
v 1.699996 -1.731172 0.256016
v 1.133333 -1.669809 0.523677
v 0.782819 -1.538012 0.834879
v 0.443078 -1.350369 1.113114
v 0.300438 -1.254146 1.220527
v 0.180991 -1.167565 1.303583
v 0.083224 -1.096313 1.364027
v 0.000000 -1.042472 1.405614
v 0.000000 -1.309406 1.161015
v 0.000000 -1.520294 0.866722
v 0.000000 -1.666109 0.535331
v 0.000000 -1.740612 0.181026
v -0.000000 -1.740612 -0.181026
v -0.000000 -1.666109 -0.535331
v -0.000000 -1.520294 -0.866722
v -0.000000 -1.309406 -1.161015
v -0.000000 -1.042472 -1.405614
v 0.263291 -0.796735 -1.558144
v 0.542949 -0.537792 -1.665344
v 0.834142 -0.276701 -1.727989
v 1.133333 -0.017176 -1.749916
v 1.699996 0.256781 -1.731059
v 1.699996 0.643869 -1.627247
v 1.133333 0.381386 -1.707936
v 0.782819 0.045980 -1.749397
v 0.443078 -0.288800 -1.726011
v 0.300438 -0.429934 -1.696386
v 0.180991 -0.545154 -1.662933
v 0.083224 -0.633126 -1.631448
v -0.000000 -0.696062 -1.605614
v -0.000000 -0.350766 -1.714486
v -0.000000 0.009544 -1.749974
v -0.000000 0.369445 -1.710559
v -0.000000 0.713532 -1.597927
v -0.000000 1.027079 -1.416901
v -0.000000 1.296665 -1.175228
v -0.000000 1.510750 -0.883252
v -0.000000 1.660172 -0.553471
v -0.000000 1.738534 -0.200000
v 0.263291 1.747760 0.089080
v 0.542949 1.711126 0.366930
v 0.834142 1.634833 0.624365
v 1.133333 1.524059 0.860083
v 1.699996 1.370750 1.087908
v 2.266667 1.183686 1.288948
v 2.617197 0.914085 1.492297
v 2.956935 0.612649 1.639262
v 3.099568 0.475699 1.684126
v 3.219008 0.359265 1.712736
v 3.316773 0.267391 1.729443
v 3.400000 0.200000 1.738534
v 3.400000 0.553471 1.660172
v 3.400000 0.883252 1.510750
v 3.400000 1.175228 1.296665
v 3.400000 1.416901 1.027079
v 3.400000 1.597927 0.713532
v 3.400000 1.710559 0.369444
v 3.400000 1.749974 0.009543
v 3.400000 1.714486 -0.350766
v 1.133333 0.224566 -3.151504
v 1.133333 0.305007 -3.617889
v 1.133333 0.308726 -3.631464
v 1.133333 0.314914 -3.644111
v 1.133333 0.323313 -3.655412
v 1.133333 0.333662 -3.664950
v 1.133333 0.345653 -3.672276
v 1.133333 0.358819 -3.677159
v 1.133333 0.372678 -3.679567
v 1.133333 0.386748 -3.679471
v 1.133333 0.400547 -3.676839
v 1.133333 0.413592 -3.671642
v 1.133333 0.425353 -3.663947
v 1.133333 0.435412 -3.654144
v 1.133333 0.443531 -3.642654
v 1.133333 0.449471 -3.629898
v 1.133333 0.452993 -3.616298
v 1.133333 0.453861 -3.602275
v 1.133333 0.440919 -3.264002
v 1.984426 0.579268 -2.140796
v 1.984426 0.766630 -2.576066
v 1.984426 0.953992 -3.011336
v 1.984426 1.141353 -3.446606
v 1.984426 1.148169 -3.458891
v 1.984426 1.157200 -3.469653
v 1.984426 1.168049 -3.478613
v 1.984426 1.180321 -3.485492
v 1.984426 1.193619 -3.490015
v 1.984426 1.207546 -3.491902
v 1.984426 1.221558 -3.490981
v 1.984426 1.235147 -3.487420
v 1.984426 1.247889 -3.481454
v 1.984426 1.259364 -3.473318
v 1.984426 1.269149 -3.463247
v 1.984426 1.276822 -3.451475
v 1.984426 1.282061 -3.438412
v 1.984426 1.284781 -3.424598
v 1.984426 1.284927 -3.410519
v 1.984426 1.282444 -3.396665
v 1.984426 1.154244 -2.940410
v 1.984426 1.026044 -2.484154
v 1.984426 0.897843 -2.027899
v 1.417759 0.238307 -2.204943
v 1.417759 0.355493 -2.664107
v 1.417759 0.472678 -3.123271
v 1.417759 0.589864 -3.582435
v 1.417759 0.594680 -3.595634
v 1.417759 0.601922 -3.607672
v 1.417759 0.611241 -3.618214
v 1.417759 0.622290 -3.626924
v 1.417759 0.634720 -3.633464
v 1.417759 0.648183 -3.637500
v 1.417759 0.662167 -3.638776
v 1.417759 0.676144 -3.637378
v 1.417759 0.689661 -3.633473
v 1.417759 0.702265 -3.627226
v 1.417759 0.713500 -3.618803
v 1.417759 0.722915 -3.608372
v 1.417759 0.730128 -3.596287
v 1.417759 0.734969 -3.583065
v 1.417759 0.737308 -3.569181
v 1.417759 0.737017 -3.555110
v 1.417759 0.681542 -3.084443
v 1.417759 0.626067 -2.613777
v 1.417759 0.570592 -2.143110
v 1.699996 0.735849 -2.092167
v 1.699996 0.827829 -2.557087
v 1.699996 0.919809 -3.022006
v 1.699996 1.011789 -3.486926
v 1.699996 1.013177 -3.500933
v 1.699996 1.011926 -3.514957
v 1.699996 1.008129 -3.528515
v 1.699996 1.001880 -3.541126
v 1.699996 0.993307 -3.552259
v 1.699996 0.982761 -3.561532
v 1.699996 0.970683 -3.568742
v 1.699996 0.957511 -3.573689
v 1.699996 0.943685 -3.576171
v 1.699996 0.929643 -3.575989
v 1.699996 0.915908 -3.573014
v 1.699996 0.903005 -3.567462
v 1.699996 0.891311 -3.559640
v 1.699996 0.881199 -3.549856
v 1.699996 0.873041 -3.538418
v 1.699996 0.867211 -3.525635
v 1.699996 0.714603 -3.076991
v 1.699996 0.561996 -2.628347
v 1.699996 0.409388 -2.179703
v 1.133333 -2.841566 1.381272
v 1.133333 -3.285688 1.544801
v 1.133333 -3.299303 1.548368
v 1.133333 -3.313350 1.549332
v 1.133333 -3.327336 1.547709
v 1.133333 -3.340771 1.543515
v 1.133333 -3.353111 1.536794
v 1.133333 -3.363922 1.527833
v 1.133333 -3.372938 1.517035
v 1.133333 -3.379889 1.504802
v 1.133333 -3.384509 1.491536
v 1.133333 -3.386531 1.477640
v 1.133333 -3.385748 1.463607
v 1.133333 -3.382288 1.449994
v 1.133333 -3.376396 1.437218
v 1.133333 -3.368319 1.425696
v 1.133333 -3.358303 1.415845
v 1.133333 -3.346592 1.408082
v 1.133333 -3.047168 1.250154
v 1.984426 -2.143618 0.568737
v 1.984426 -2.614254 0.624112
v 1.984426 -3.084889 0.679487
v 1.984426 -3.555525 0.734862
v 1.984426 -3.569572 0.735102
v 1.984426 -3.583408 0.732662
v 1.984426 -3.596592 0.727746
v 1.984426 -3.608686 0.720558
v 1.984426 -3.619251 0.711303
v 1.984426 -3.627848 0.700185
v 1.984426 -3.634057 0.687590
v 1.984426 -3.637768 0.674042
v 1.984426 -3.638973 0.660023
v 1.984426 -3.637664 0.646018
v 1.984426 -3.633834 0.632508
v 1.984426 -3.627476 0.619978
v 1.984426 -3.618783 0.608909
v 1.984426 -3.608179 0.599646
v 1.984426 -3.596059 0.592480
v 1.984426 -3.582820 0.587704
v 1.984426 -3.123591 0.470600
v 1.984426 -2.664362 0.353497
v 1.984426 -2.205133 0.236394
v 1.417759 -2.028690 0.896091
v 1.417759 -2.484931 1.024188
v 1.417759 -2.941171 1.152284
v 1.417759 -3.397412 1.280381
v 1.417759 -3.411250 1.282809
v 1.417759 -3.425297 1.282556
v 1.417759 -3.439086 1.279756
v 1.417759 -3.452153 1.274543
v 1.417759 -3.464033 1.267048
v 1.417759 -3.474259 1.257408
v 1.417759 -3.482356 1.245935
v 1.417759 -3.488134 1.233131
v 1.417759 -3.491510 1.219472
v 1.417759 -3.492402 1.205434
v 1.417759 -3.490726 1.191492
v 1.417759 -3.486400 1.178123
v 1.417759 -3.479539 1.165834
v 1.417759 -3.470510 1.155031
v 1.417759 -3.459656 1.146063
v 1.417759 -3.447324 1.139280
v 1.417759 -3.011977 0.951989
v 1.417759 -2.576630 0.764699
v 1.417759 -2.141284 0.577408
v 1.699996 -2.179794 0.408819
v 1.699996 -2.628417 0.561622
v 1.699996 -3.077039 0.714425
v 1.699996 -3.525661 0.867228
v 1.699996 -3.538485 0.873030
v 1.699996 -3.550004 0.881125
v 1.699996 -3.559849 0.891192
v 1.699996 -3.567646 0.902909
v 1.699996 -3.573000 0.915901
v 1.699996 -3.575758 0.929669
v 1.699996 -3.575963 0.943735
v 1.699996 -3.573661 0.957615
v 1.699996 -3.568898 0.970831
v 1.699996 -3.561719 0.982900
v 1.699996 -3.552275 0.993308
v 1.699996 -3.541015 1.001705
v 1.699996 -3.528394 1.007921
v 1.699996 -3.514865 1.011787
v 1.699996 -3.500880 1.013133
v 1.699996 -3.486894 1.011791
v 1.699996 -3.022054 0.919631
v 1.699996 -2.557213 0.827471
v 1.699996 -2.092372 0.735311
v -0.000000 -1.044265 -1.678326
v -0.000000 -1.042864 -1.693039
v -0.000000 -1.038609 -1.707199
v -0.000000 -1.031716 -1.720279
v -0.000000 -1.022400 -1.731752
v -0.000000 -1.014986 -1.738273
v -0.000000 -1.006780 -1.743764
v -0.000000 -0.997923 -1.748129
v -0.000000 -0.988570 -1.751293
v -0.000000 -0.973969 -1.753630
v -0.000000 -0.959188 -1.753063
v -0.000000 -0.944790 -1.749669
v -0.000000 -0.931341 -1.743523
v 0.070833 -0.963530 -1.778710
v 0.035417 -0.737747 -1.669554
v 0.354167 -0.640589 -2.180244
v 0.247917 -0.517300 -1.777374
v 0.354167 -0.407076 -1.831284
v 0.661111 -0.290736 -2.615239
v 0.661111 -0.088652 -1.987024
v 0.920833 0.005293 -2.983312
v 0.991667 0.254266 -2.154744
v 0.035417 -0.813102 -1.730296
v 0.035417 -0.888458 -1.791038
v 0.035417 -0.905926 -1.801911
v 0.035417 -0.924704 -1.808002
v 0.035417 -0.943494 -1.809136
v 0.035417 -0.945823 -1.808920
v 0.035417 -0.948212 -1.808616
v 0.035417 -0.953132 -1.807692
v 0.035417 -0.958173 -1.806266
v 0.035417 -0.963232 -1.804255
v 0.035417 -0.968167 -1.801654
v 0.035417 -0.970545 -1.800138
v 0.035417 -0.971705 -1.799327
v 0.035417 -0.972841 -1.798482
v 0.035417 -0.973952 -1.797604
v 0.035417 -0.975037 -1.796694
v 0.035417 -0.976094 -1.795756
v 0.035417 -0.977122 -1.794790
v 0.035417 -0.978120 -1.793800
v 0.035417 -0.979086 -1.792785
v 0.035417 -0.980019 -1.791750
v 0.035417 -0.980919 -1.790694
v 0.035417 -0.985936 -1.784060
v 0.035417 -0.990393 -1.776974
v 0.035417 -0.994263 -1.769499
v 0.035417 -0.997520 -1.761698
v 0.035417 -1.000138 -1.753636
v 0.035417 -1.002091 -1.745376
v 0.035417 -1.003898 -1.728518
v 0.141667 -0.882795 -1.879093
v 0.070833 -0.961318 -1.797713
v 0.070833 -0.959196 -1.807051
v 0.070833 -0.956430 -1.816197
v 0.070833 -0.953046 -1.825091
v 0.070833 -0.949069 -1.833670
v 0.070833 -0.944524 -1.841872
v 0.070833 -0.939437 -1.849636
v 0.070833 -0.938517 -1.850879
v 0.070833 -0.937544 -1.852098
v 0.070833 -0.936518 -1.853288
v 0.070833 -0.935443 -1.854446
v 0.070833 -0.934321 -1.855569
v 0.070833 -0.933155 -1.856653
v 0.070833 -0.931945 -1.857695
v 0.070833 -0.930696 -1.858691
v 0.070833 -0.929408 -1.859637
v 0.070833 -0.928087 -1.860530
v 0.070833 -0.925361 -1.862154
v 0.070833 -0.919684 -1.864745
v 0.070833 -0.913923 -1.866439
v 0.070833 -0.908340 -1.867255
v 0.070833 -0.903126 -1.867367
v 0.070833 -0.900700 -1.867223
v 0.070833 -0.898418 -1.866979
v 0.070833 -0.880373 -1.862245
v 0.070833 -0.862340 -1.852713
v 0.070833 -0.845574 -1.838553
v 0.070833 -0.773290 -1.763039
v 0.070833 -0.701006 -1.687524
v 0.141667 -0.627523 -1.723464
v 0.141667 -0.693666 -1.828524
v 0.141667 -0.759808 -1.933583
v 0.141667 -0.775169 -1.954316
v 0.141667 -0.791712 -1.970730
v 0.141667 -0.808266 -1.982666
v 0.141667 -0.810454 -1.983828
v 0.141667 -0.812953 -1.984869
v 0.141667 -0.818756 -1.986381
v 0.141667 -0.825422 -1.986786
v 0.141667 -0.832589 -1.985727
v 0.141667 -0.839749 -1.983154
v 0.141667 -0.843171 -1.981313
v 0.141667 -0.844816 -1.980255
v 0.141667 -0.846405 -1.979108
v 0.141667 -0.847932 -1.977877
v 0.141667 -0.849390 -1.976570
v 0.141667 -0.850776 -1.975195
v 0.141667 -0.852086 -1.973757
v 0.141667 -0.853315 -1.972264
v 0.141667 -0.854459 -1.970722
v 0.141667 -0.855513 -1.969138
v 0.141667 -0.856474 -1.967519
v 0.141667 -0.861702 -1.957494
v 0.141667 -0.866423 -1.947060
v 0.141667 -0.870614 -1.936275
v 0.141667 -0.874251 -1.925196
v 0.141667 -0.877312 -1.913881
v 0.141667 -0.879772 -1.902387
v 0.212500 -0.554041 -1.759404
v 0.212500 -0.614041 -1.894009
v 0.212500 -0.674042 -2.028613
v 0.212500 -0.687997 -2.055919
v 0.212500 -0.703050 -2.079214
v 0.212500 -0.718114 -2.098352
v 0.212500 -0.720208 -2.100433
v 0.212500 -0.722780 -2.102371
v 0.212500 -0.729173 -2.105507
v 0.212500 -0.736921 -2.107133
v 0.212500 -0.745493 -2.106709
v 0.212500 -0.754137 -2.104155
v 0.212500 -0.758255 -2.102096
v 0.212500 -0.760223 -2.100874
v 0.212500 -0.762115 -2.099525
v 0.212500 -0.763918 -2.098059
v 0.212500 -0.765626 -2.096487
v 0.212500 -0.767231 -2.094820
v 0.212500 -0.768729 -2.093068
v 0.212500 -0.770112 -2.091240
v 0.212500 -0.771374 -2.089347
v 0.212500 -0.772509 -2.087398
v 0.212500 -0.773511 -2.085403
v 0.212500 -0.778879 -2.073117
v 0.212500 -0.783776 -2.060451
v 0.212500 -0.788181 -2.047459
v 0.212500 -0.792072 -2.034194
v 0.212500 -0.795428 -2.020710
v 0.212500 -0.798225 -2.007060
v 0.212500 -0.802060 -1.979477
v 0.354167 -0.454793 -2.024979
v 0.354167 -0.502509 -2.218673
v 0.354167 -0.513654 -2.259125
v 0.354167 -0.525728 -2.296184
v 0.354167 -0.537810 -2.329725
v 0.354167 -0.539715 -2.333643
v 0.354167 -0.542433 -2.337375
v 0.354167 -0.550006 -2.343759
v 0.354167 -0.559919 -2.347827
v 0.354167 -0.571302 -2.348672
v 0.354167 -0.582913 -2.346155
v 0.354167 -0.588423 -2.343662
v 0.354167 -0.591038 -2.342111
v 0.354167 -0.593534 -2.340360
v 0.354167 -0.595891 -2.338423
v 0.354167 -0.598097 -2.336322
v 0.354167 -0.600141 -2.334072
v 0.354167 -0.602015 -2.331690
v 0.354167 -0.603706 -2.329192
v 0.354167 -0.605205 -2.326595
v 0.354167 -0.606502 -2.323916
v 0.354167 -0.607585 -2.321170
v 0.354167 -0.613233 -2.304362
v 0.354167 -0.618483 -2.287233
v 0.354167 -0.623316 -2.269828
v 0.354167 -0.627715 -2.252192
v 0.354167 -0.631660 -2.234370
v 0.354167 -0.635133 -2.216408
v 0.425000 -0.559854 -2.280627
v 0.283333 -0.721324 -2.079860
v 0.283333 -0.716679 -2.111734
v 0.283333 -0.713544 -2.127540
v 0.283333 -0.709894 -2.143193
v 0.283333 -0.705749 -2.158644
v 0.283333 -0.701129 -2.173842
v 0.283333 -0.696056 -2.188740
v 0.283333 -0.690548 -2.203287
v 0.283333 -0.689506 -2.205657
v 0.283333 -0.688290 -2.207971
v 0.283333 -0.686909 -2.210216
v 0.283333 -0.685372 -2.212379
v 0.283333 -0.683686 -2.214446
v 0.283333 -0.681861 -2.216405
v 0.283333 -0.679904 -2.218241
v 0.283333 -0.677824 -2.219943
v 0.283333 -0.675631 -2.221493
v 0.283333 -0.673339 -2.222879
v 0.283333 -0.668525 -2.225155
v 0.283333 -0.658398 -2.227691
v 0.283333 -0.648420 -2.227480
v 0.283333 -0.639589 -2.224633
v 0.283333 -0.632606 -2.219873
v 0.283333 -0.629961 -2.217038
v 0.283333 -0.627962 -2.214038
v 0.283333 -0.614389 -2.187699
v 0.283333 -0.600826 -2.157522
v 0.283333 -0.588276 -2.123643
v 0.283333 -0.534417 -1.959494
v 0.283333 -0.480558 -1.795344
v 0.495833 -0.260111 -1.903164
v 0.495833 -0.295544 -2.155948
v 0.495833 -0.330977 -2.408733
v 0.495833 -0.339311 -2.462331
v 0.495833 -0.348405 -2.513154
v 0.495833 -0.357507 -2.561097
v 0.495833 -0.359223 -2.566853
v 0.495833 -0.362087 -2.572379
v 0.495833 -0.370839 -2.582010
v 0.495833 -0.382917 -2.588520
v 0.495833 -0.397111 -2.590636
v 0.495833 -0.411689 -2.588156
v 0.495833 -0.418591 -2.585228
v 0.495833 -0.421853 -2.583349
v 0.495833 -0.424952 -2.581195
v 0.495833 -0.427863 -2.578788
v 0.495833 -0.430568 -2.576156
v 0.495833 -0.433052 -2.573324
v 0.495833 -0.435300 -2.570312
v 0.495833 -0.437300 -2.567144
v 0.495833 -0.439036 -2.563844
v 0.495833 -0.440494 -2.560434
v 0.495833 -0.441659 -2.556937
v 0.495833 -0.447587 -2.535608
v 0.495833 -0.453190 -2.514015
v 0.495833 -0.458451 -2.492196
v 0.495833 -0.463357 -2.470189
v 0.495833 -0.467892 -2.448029
v 0.495833 -0.472040 -2.425755
v 0.495833 -0.479119 -2.381011
v 0.425000 -0.553587 -2.321082
v 0.425000 -0.549776 -2.341200
v 0.425000 -0.545536 -2.361190
v 0.425000 -0.540884 -2.381012
v 0.425000 -0.535836 -2.400624
v 0.425000 -0.530410 -2.419985
v 0.425000 -0.524622 -2.439054
v 0.425000 -0.523498 -2.442175
v 0.425000 -0.522120 -2.445220
v 0.425000 -0.520503 -2.448168
v 0.425000 -0.518658 -2.451001
v 0.425000 -0.516596 -2.453698
v 0.425000 -0.514332 -2.456239
v 0.425000 -0.511877 -2.458606
v 0.425000 -0.509243 -2.460777
v 0.425000 -0.506445 -2.462730
v 0.425000 -0.503507 -2.464445
v 0.425000 -0.497301 -2.467156
v 0.425000 -0.484207 -2.469654
v 0.425000 -0.471418 -2.468174
v 0.425000 -0.460422 -2.462885
v 0.425000 -0.452260 -2.454877
v 0.425000 -0.449469 -2.450248
v 0.425000 -0.447659 -2.445411
v 0.425000 -0.437066 -2.404669
v 0.425000 -0.426482 -2.360728
v 0.425000 -0.416743 -2.313703
v 0.425000 -0.375168 -2.090464
v 0.425000 -0.333594 -1.867224
v 0.850000 0.107301 -2.082864
v 0.850000 0.102578 -2.483373
v 0.850000 0.097854 -2.883882
v 0.850000 0.096547 -2.970347
v 0.850000 0.094902 -3.055578
v 0.850000 0.093253 -3.139529
v 0.850000 0.092008 -3.149878
v 0.850000 0.088778 -3.159890
v 0.850000 0.077078 -3.177640
v 0.850000 0.059588 -3.190255
v 0.850000 0.038366 -3.195544
v 0.850000 0.016371 -3.193157
v 0.850000 0.005989 -3.189144
v 0.850000 0.001110 -3.186442
v 0.850000 -0.003500 -3.183281
v 0.850000 -0.007795 -3.179699
v 0.850000 -0.011745 -3.175743
v 0.850000 -0.015327 -3.171453
v 0.850000 -0.018515 -3.166867
v 0.850000 -0.021285 -3.162025
v 0.850000 -0.023613 -3.156966
v 0.850000 -0.025474 -3.151730
v 0.850000 -0.026845 -3.146355
v 0.850000 -0.033473 -3.113721
v 0.850000 -0.039957 -3.080969
v 0.850000 -0.046289 -3.048117
v 0.850000 -0.052463 -3.015182
v 0.850000 -0.058472 -2.982178
v 0.850000 -0.064309 -2.949124
v 0.850000 -0.075443 -2.882928
v 0.755556 -0.183090 -2.749084
v 0.755556 -0.173038 -2.809559
v 0.755556 -0.167651 -2.839739
v 0.755556 -0.162035 -2.869850
v 0.755556 -0.156199 -2.899872
v 0.755556 -0.150152 -2.929781
v 0.755556 -0.143904 -2.959557
v 0.755556 -0.137462 -2.989177
v 0.755556 -0.136146 -2.994051
v 0.755556 -0.134392 -2.998801
v 0.755556 -0.132222 -3.003390
v 0.755556 -0.129657 -3.007786
v 0.755556 -0.126720 -3.011951
v 0.755556 -0.123431 -3.015853
v 0.755556 -0.119813 -3.019456
v 0.755556 -0.115887 -3.022725
v 0.755556 -0.111680 -3.025617
v 0.755556 -0.107233 -3.028100
v 0.755556 -0.097778 -3.031824
v 0.755556 -0.077761 -3.034235
v 0.755556 -0.058413 -3.029792
v 0.755556 -0.042366 -3.018806
v 0.755556 -0.031453 -3.003220
v 0.755556 -0.028320 -2.994405
v 0.755556 -0.026949 -2.985281
v 0.755556 -0.023314 -2.910931
v 0.755556 -0.019682 -2.834876
v 0.755556 -0.016501 -2.757176
v 0.755556 -0.003588 -2.396060
v 0.755556 0.009324 -2.034944
v 1.062500 0.166763 -3.184079
v 1.062500 0.180329 -3.263145
v 1.062500 0.187180 -3.302668
v 1.062500 0.194074 -3.342177
v 1.062500 0.201009 -3.381670
v 1.062500 0.207983 -3.421142
v 1.062500 0.214996 -3.460588
v 1.062500 0.222044 -3.500006
v 1.062500 0.223537 -3.506508
v 1.062500 0.225641 -3.512840
v 1.062500 0.228324 -3.518954
v 1.062500 0.231557 -3.524800
v 1.062500 0.235308 -3.530330
v 1.062500 0.239548 -3.535495
v 1.062500 0.244246 -3.540245
v 1.062500 0.249372 -3.544533
v 1.062500 0.254888 -3.548298
v 1.062500 0.260737 -3.551493
v 1.062500 0.273207 -3.556158
v 1.062500 0.299652 -3.558489
v 1.062500 0.325091 -3.551295
v 1.062500 0.345829 -3.535018
v 1.062500 0.359297 -3.512396
v 1.062500 0.362747 -3.499693
v 1.062500 0.363709 -3.486588
v 1.062500 0.360886 -3.381032
v 1.062500 0.358061 -3.275156
v 1.062500 0.355153 -3.168972
v 1.062500 0.341451 -2.679828
v 1.062500 0.327748 -2.190684
v 0.566667 -0.186629 -1.939104
v 0.566667 -0.215920 -2.221433
v 0.566667 -0.245211 -2.503763
v 0.566667 -0.252139 -2.563934
v 0.566667 -0.259744 -2.621638
v 0.566667 -0.267355 -2.676784
v 0.566667 -0.268977 -2.683458
v 0.566667 -0.271914 -2.689881
v 0.566667 -0.281256 -2.701136
v 0.566667 -0.294416 -2.708867
v 0.566667 -0.310016 -2.711617
v 0.566667 -0.326077 -2.709156
v 0.566667 -0.333675 -2.706011
v 0.566667 -0.337260 -2.703967
v 0.566667 -0.340662 -2.701612
v 0.566667 -0.343850 -2.698970
v 0.566667 -0.346803 -2.696074
v 0.566667 -0.349507 -2.692949
v 0.566667 -0.351943 -2.689623
v 0.566667 -0.354097 -2.686121
v 0.566667 -0.355951 -2.682469
v 0.566667 -0.357490 -2.678693
v 0.566667 -0.358697 -2.674821
v 0.566667 -0.364764 -2.651230
v 0.566667 -0.370543 -2.627406
v 0.566667 -0.376019 -2.603380
v 0.566667 -0.381178 -2.579187
v 0.566667 -0.386008 -2.554859
v 0.566667 -0.390494 -2.530429
v 0.566667 -0.398383 -2.481394
v 0.247917 -0.761692 -2.029669
v 0.247917 -0.757452 -2.059397
v 0.247917 -0.754486 -2.074125
v 0.247917 -0.750983 -2.088694
v 0.247917 -0.746965 -2.103051
v 0.247917 -0.742453 -2.117147
v 0.247917 -0.737467 -2.130928
v 0.247917 -0.732030 -2.144345
v 0.247917 -0.731008 -2.146527
v 0.247917 -0.729832 -2.148659
v 0.247917 -0.728511 -2.150728
v 0.247917 -0.727050 -2.152723
v 0.247917 -0.725459 -2.154633
v 0.247917 -0.723743 -2.156446
v 0.247917 -0.721911 -2.158150
v 0.247917 -0.719969 -2.159734
v 0.247917 -0.717927 -2.161183
v 0.247917 -0.715797 -2.162487
v 0.247917 -0.711331 -2.164655
v 0.247917 -0.701946 -2.167200
v 0.247917 -0.692670 -2.167306
v 0.247917 -0.684381 -2.165070
v 0.247917 -0.677693 -2.161122
v 0.247917 -0.675085 -2.158735
v 0.247917 -0.673038 -2.156195
v 0.247917 -0.658720 -2.133457
v 0.247917 -0.644411 -2.106720
v 0.247917 -0.631159 -2.076128
v 0.247917 -0.574229 -1.926751
v 0.991667 0.086028 -3.083695
v 0.991667 0.098783 -3.158472
v 0.991667 0.105296 -3.195838
v 0.991667 0.111895 -3.233179
v 0.991667 0.118576 -3.270486
v 0.991667 0.125337 -3.307751
v 0.991667 0.132173 -3.344966
v 0.991667 0.139081 -3.382122
v 0.991667 0.140534 -3.388248
v 0.991667 0.142556 -3.394215
v 0.991667 0.145121 -3.399977
v 0.991667 0.148200 -3.405489
v 0.991667 0.151763 -3.410704
v 0.991667 0.155784 -3.415577
v 0.991667 0.160233 -3.420063
v 0.991667 0.165081 -3.424116
v 0.991667 0.170295 -3.427679
v 0.991667 0.175821 -3.430710
v 0.991667 0.187595 -3.435158
v 0.991667 0.212557 -3.437507
v 0.991667 0.236590 -3.430948
v 0.991667 0.256245 -3.415892
v 0.991667 0.269124 -3.394894
v 0.991667 0.272501 -3.383088
v 0.991667 0.273557 -3.370902
v 0.991667 0.272224 -3.272547
v 0.991667 0.270890 -3.173553
v 0.991667 0.269387 -3.073942
v 0.991667 0.261826 -2.614343
v 0.920833 0.180783 -2.118804
v 0.920833 0.017237 -3.053798
v 0.920833 0.023412 -3.089008
v 0.920833 0.029716 -3.124180
v 0.920833 0.036144 -3.159302
v 0.920833 0.042690 -3.194360
v 0.920833 0.049350 -3.229343
v 0.920833 0.056118 -3.264239
v 0.920833 0.057530 -3.269989
v 0.920833 0.059472 -3.275591
v 0.920833 0.061918 -3.281001
v 0.920833 0.064843 -3.286178
v 0.920833 0.068218 -3.291078
v 0.920833 0.072019 -3.295660
v 0.920833 0.076219 -3.299881
v 0.920833 0.080791 -3.303698
v 0.920833 0.085703 -3.307060
v 0.920833 0.090905 -3.309927
v 0.920833 0.101983 -3.314158
v 0.920833 0.125462 -3.316526
v 0.920833 0.148089 -3.310602
v 0.920833 0.166662 -3.296766
v 0.920833 0.178951 -3.277392
v 0.920833 0.182255 -3.266483
v 0.920833 0.183405 -3.255216
v 0.920833 0.183563 -3.164063
v 0.920833 0.183718 -3.071950
v 0.920833 0.183620 -2.978912
v 0.920833 0.182202 -2.548858
v 0.661111 -0.281766 -2.669994
v 0.661111 -0.276829 -2.697299
v 0.661111 -0.271606 -2.724519
v 0.661111 -0.266109 -2.751626
v 0.661111 -0.260348 -2.778594
v 0.661111 -0.254334 -2.805394
v 0.661111 -0.248079 -2.831999
v 0.661111 -0.246818 -2.836372
v 0.661111 -0.245172 -2.840635
v 0.661111 -0.243159 -2.844755
v 0.661111 -0.240800 -2.848704
v 0.661111 -0.238113 -2.852450
v 0.661111 -0.235117 -2.855963
v 0.661111 -0.231831 -2.859213
v 0.661111 -0.228275 -2.862168
v 0.661111 -0.224470 -2.864792
v 0.661111 -0.220454 -2.867055
v 0.661111 -0.211928 -2.870490
v 0.661111 -0.193889 -2.872926
v 0.661111 -0.176414 -2.869330
v 0.661111 -0.161811 -2.859971
v 0.661111 -0.151683 -2.846551
v 0.661111 -0.148648 -2.838931
v 0.661111 -0.147152 -2.831032
v 0.661111 -0.141529 -2.766285
v 0.661111 -0.135911 -2.699405
v 0.661111 -0.130856 -2.630469
v 0.661111 -0.109754 -2.308747
v 0.000000 -0.931341 1.743523
v 0.000000 -0.944783 1.749666
v 0.000000 -0.959173 1.753061
v 0.000000 -0.973947 1.753632
v 0.000000 -0.988541 1.751301
v 0.000000 -0.997896 1.748140
v 0.000000 -1.006754 1.743779
v 0.000000 -1.014962 1.738291
v 0.000000 -1.022379 1.731773
v 0.000000 -1.031703 1.720297
v 0.000000 -1.038603 1.707212
v 0.000000 -1.042863 1.693046
v 0.000000 -1.044265 1.678326
v 0.070833 -1.058643 1.723796
v 0.035417 -1.077003 1.473685
v 0.354167 -1.567852 1.644888
v 0.247917 -1.280601 1.336682
v 0.354167 -1.382401 1.268180
v 0.661111 -2.119495 1.559405
v 0.661111 -1.676487 1.070287
v 0.920833 -2.586270 1.487072
v 0.991667 -1.993196 0.857172
v 0.035417 -1.091929 1.569315
v 0.035417 -1.106856 1.664946
v 0.035417 -1.107538 1.685510
v 0.035417 -1.103424 1.704818
v 0.035417 -1.095011 1.721658
v 0.035417 -1.093659 1.723567
v 0.035417 -1.092201 1.725484
v 0.035417 -1.088941 1.729282
v 0.035417 -1.085186 1.732935
v 0.035417 -1.080914 1.736311
v 0.035417 -1.076194 1.739284
v 0.035417 -1.073693 1.740586
v 0.035417 -1.072411 1.741185
v 0.035417 -1.071111 1.741746
v 0.035417 -1.069794 1.742269
v 0.035417 -1.068464 1.742754
v 0.035417 -1.067123 1.743200
v 0.035417 -1.065773 1.743608
v 0.035417 -1.064416 1.743976
v 0.035417 -1.063055 1.744306
v 0.035417 -1.061691 1.744596
v 0.035417 -1.060327 1.744847
v 0.035417 -1.052074 1.745876
v 0.035417 -1.043708 1.746192
v 0.035417 -1.035300 1.745806
v 0.035417 -1.026915 1.744726
v 0.035417 -1.018624 1.742963
v 0.035417 -1.010494 1.740524
v 0.035417 -0.994992 1.733660
v 0.141667 -1.185945 1.704069
v 0.070833 -1.076206 1.731382
v 0.070833 -1.085354 1.734213
v 0.070833 -1.094658 1.736392
v 0.070833 -1.104052 1.737908
v 0.070833 -1.113470 1.738753
v 0.070833 -1.122846 1.738918
v 0.070833 -1.132113 1.738394
v 0.070833 -1.133650 1.738219
v 0.070833 -1.135192 1.737985
v 0.070833 -1.136735 1.737692
v 0.070833 -1.138276 1.737341
v 0.070833 -1.139809 1.736930
v 0.070833 -1.141331 1.736462
v 0.070833 -1.142838 1.735936
v 0.070833 -1.144326 1.735351
v 0.070833 -1.145789 1.734710
v 0.070833 -1.147222 1.734012
v 0.070833 -1.149992 1.732463
v 0.070833 -1.155075 1.728843
v 0.070833 -1.159423 1.724700
v 0.070833 -1.162920 1.720273
v 0.070833 -1.165624 1.715813
v 0.070833 -1.166712 1.713641
v 0.070833 -1.167642 1.711543
v 0.070833 -1.172565 1.693548
v 0.070833 -1.173326 1.673165
v 0.070833 -1.169447 1.651566
v 0.070833 -1.140191 1.551208
v 0.070833 -1.110936 1.450851
v 0.141667 -1.178802 1.405183
v 0.141667 -1.236715 1.514994
v 0.141667 -1.294628 1.624805
v 0.141667 -1.304903 1.648474
v 0.141667 -1.310846 1.671007
v 0.141667 -1.312906 1.691312
v 0.141667 -1.312818 1.693788
v 0.141667 -1.312471 1.696472
v 0.141667 -1.310878 1.702254
v 0.141667 -1.307897 1.708229
v 0.141667 -1.303396 1.713907
v 0.141667 -1.297587 1.718821
v 0.141667 -1.294281 1.720864
v 0.141667 -1.292544 1.721760
v 0.141667 -1.290755 1.722562
v 0.141667 -1.288926 1.723269
v 0.141667 -1.287065 1.723879
v 0.141667 -1.285180 1.724391
v 0.141667 -1.283281 1.724807
v 0.141667 -1.281373 1.725124
v 0.141667 -1.279466 1.725344
v 0.141667 -1.277567 1.725466
v 0.141667 -1.275685 1.725488
v 0.141667 -1.264389 1.725003
v 0.141667 -1.252992 1.723874
v 0.141667 -1.241556 1.722111
v 0.141667 -1.230143 1.719722
v 0.141667 -1.218813 1.716715
v 0.141667 -1.207629 1.713098
v 0.212500 -1.246668 1.359516
v 0.212500 -1.333239 1.478780
v 0.212500 -1.419810 1.598044
v 0.212500 -1.436479 1.623782
v 0.212500 -1.449127 1.648467
v 0.212500 -1.458169 1.671081
v 0.212500 -1.458924 1.673935
v 0.212500 -1.459317 1.677131
v 0.212500 -1.458836 1.684236
v 0.212500 -1.456370 1.691758
v 0.212500 -1.451717 1.698971
v 0.212500 -1.445183 1.705179
v 0.212500 -1.441341 1.707716
v 0.212500 -1.439299 1.708810
v 0.212500 -1.437185 1.709773
v 0.212500 -1.435013 1.710602
v 0.212500 -1.432798 1.711295
v 0.212500 -1.430552 1.711852
v 0.212500 -1.428285 1.712273
v 0.212500 -1.426011 1.712557
v 0.212500 -1.423740 1.712703
v 0.212500 -1.421485 1.712712
v 0.212500 -1.419256 1.712582
v 0.212500 -1.405933 1.711087
v 0.212500 -1.392515 1.708996
v 0.212500 -1.379061 1.706315
v 0.212500 -1.365628 1.703052
v 0.212500 -1.352273 1.699216
v 0.212500 -1.339053 1.694814
v 0.212500 -1.313247 1.684342
v 0.354167 -1.526287 1.406351
v 0.354167 -1.670172 1.544522
v 0.354167 -1.699633 1.574400
v 0.354167 -1.725690 1.603386
v 0.354167 -1.748696 1.630620
v 0.354167 -1.751136 1.634229
v 0.354167 -1.753010 1.638449
v 0.354167 -1.754752 1.648198
v 0.354167 -1.753318 1.658817
v 0.354167 -1.748359 1.669098
v 0.354167 -1.740373 1.677895
v 0.354167 -1.735459 1.681421
v 0.354167 -1.732809 1.682910
v 0.354167 -1.730044 1.684195
v 0.354167 -1.727189 1.685268
v 0.354167 -1.724266 1.686128
v 0.354167 -1.721295 1.686774
v 0.354167 -1.718295 1.687205
v 0.354167 -1.715287 1.687421
v 0.354167 -1.712288 1.687421
v 0.354167 -1.709319 1.687204
v 0.354167 -1.706400 1.686769
v 0.354167 -1.689020 1.683257
v 0.354167 -1.671560 1.679238
v 0.354167 -1.654070 1.674722
v 0.354167 -1.636598 1.669713
v 0.354167 -1.619191 1.664218
v 0.354167 -1.601899 1.658245
v 0.425000 -1.695154 1.625161
v 0.283333 -1.440550 1.664615
v 0.283333 -1.470476 1.676529
v 0.283333 -1.485732 1.681717
v 0.283333 -1.501113 1.686382
v 0.283333 -1.516566 1.690518
v 0.283333 -1.532038 1.694117
v 0.283333 -1.547476 1.697172
v 0.283333 -1.562828 1.699676
v 0.283333 -1.565402 1.699958
v 0.283333 -1.568014 1.700062
v 0.283333 -1.570649 1.699989
v 0.283333 -1.573290 1.699739
v 0.283333 -1.575923 1.699313
v 0.283333 -1.578532 1.698711
v 0.283333 -1.581101 1.697935
v 0.283333 -1.583615 1.696984
v 0.283333 -1.586054 1.695860
v 0.283333 -1.588400 1.694568
v 0.283333 -1.592778 1.691537
v 0.283333 -1.600038 1.684034
v 0.283333 -1.604844 1.675288
v 0.283333 -1.606794 1.666217
v 0.283333 -1.606163 1.657790
v 0.283333 -1.605030 1.654082
v 0.283333 -1.603432 1.650851
v 0.283333 -1.587409 1.625926
v 0.283333 -1.568056 1.599091
v 0.283333 -1.544991 1.571283
v 0.283333 -1.429763 1.442566
v 0.283333 -1.314534 1.313848
v 0.495833 -1.518133 1.176845
v 0.495833 -1.719334 1.333923
v 0.495833 -1.920535 1.491001
v 0.495833 -1.962786 1.525018
v 0.495833 -2.002252 1.558304
v 0.495833 -2.039222 1.590159
v 0.495833 -2.043348 1.594522
v 0.495833 -2.046702 1.599766
v 0.495833 -2.050667 1.612161
v 0.495833 -2.050266 1.625876
v 0.495833 -2.045001 1.639226
v 0.495833 -2.035564 1.650611
v 0.495833 -2.029578 1.655125
v 0.495833 -2.026319 1.657010
v 0.495833 -2.022904 1.658617
v 0.495833 -2.019364 1.659934
v 0.495833 -2.015733 1.660961
v 0.495833 -2.012038 1.661695
v 0.495833 -2.008305 1.662137
v 0.495833 -2.004562 1.662285
v 0.495833 -2.000836 1.662138
v 0.495833 -1.997154 1.661696
v 0.495833 -1.993543 1.660957
v 0.495833 -1.972107 1.655426
v 0.495833 -1.950606 1.649481
v 0.495833 -1.929080 1.643129
v 0.495833 -1.907568 1.636373
v 0.495833 -1.886110 1.629221
v 0.495833 -1.864746 1.621677
v 0.495833 -1.822457 1.605434
v 0.425000 -1.733322 1.639961
v 0.425000 -1.752650 1.646720
v 0.425000 -1.772083 1.653043
v 0.425000 -1.791575 1.658925
v 0.425000 -1.811083 1.664360
v 0.425000 -1.830563 1.669341
v 0.425000 -1.849971 1.673863
v 0.425000 -1.853237 1.674450
v 0.425000 -1.856562 1.674780
v 0.425000 -1.859925 1.674853
v 0.425000 -1.863300 1.674671
v 0.425000 -1.866666 1.674235
v 0.425000 -1.869999 1.673544
v 0.425000 -1.873276 1.672601
v 0.425000 -1.876474 1.671406
v 0.425000 -1.879564 1.669960
v 0.425000 -1.882518 1.668273
v 0.425000 -1.887969 1.664253
v 0.425000 -1.896680 1.654162
v 0.425000 -1.901792 1.642346
v 0.425000 -1.902709 1.630180
v 0.425000 -1.899856 1.619108
v 0.425000 -1.897242 1.614375
v 0.425000 -1.893959 1.610389
v 0.425000 -1.863971 1.580845
v 0.425000 -1.831209 1.549709
v 0.425000 -1.795354 1.517762
v 0.425000 -1.622810 1.370137
v 0.425000 -1.450267 1.222513
v 0.850000 -1.857464 0.948507
v 0.850000 -2.201953 1.152852
v 0.850000 -2.546442 1.357197
v 0.850000 -2.620669 1.401561
v 0.850000 -2.693659 1.445602
v 0.850000 -2.765539 1.489005
v 0.850000 -2.773878 1.495257
v 0.850000 -2.780934 1.503061
v 0.850000 -2.790456 1.522068
v 0.850000 -2.792636 1.543522
v 0.850000 -2.786605 1.564546
v 0.850000 -2.773541 1.582401
v 0.850000 -2.764874 1.589385
v 0.850000 -2.760095 1.592259
v 0.850000 -2.755052 1.594672
v 0.850000 -2.749803 1.596600
v 0.850000 -2.744401 1.598043
v 0.850000 -2.738895 1.598999
v 0.850000 -2.733330 1.599468
v 0.850000 -2.727752 1.599446
v 0.850000 -2.722207 1.598932
v 0.850000 -2.716741 1.597926
v 0.850000 -2.711401 1.596426
v 0.850000 -2.679825 1.585849
v 0.850000 -2.648219 1.575088
v 0.850000 -2.616603 1.564146
v 0.850000 -2.584992 1.553025
v 0.850000 -2.553406 1.541727
v 0.850000 -2.521862 1.530256
v 0.850000 -2.458968 1.506799
v 0.755556 -2.289231 1.533102
v 0.755556 -2.346631 1.554635
v 0.755556 -2.375461 1.565059
v 0.755556 -2.404346 1.575251
v 0.755556 -2.433263 1.585208
v 0.755556 -2.462189 1.594926
v 0.755556 -2.491100 1.604403
v 0.755556 -2.519972 1.613634
v 0.755556 -2.524851 1.614932
v 0.755556 -2.529841 1.615787
v 0.755556 -2.534901 1.616203
v 0.755556 -2.539990 1.616179
v 0.755556 -2.545067 1.615718
v 0.755556 -2.550090 1.614821
v 0.755556 -2.555019 1.613489
v 0.755556 -2.559813 1.611724
v 0.755556 -2.564421 1.609526
v 0.755556 -2.568795 1.606916
v 0.755556 -2.576747 1.600590
v 0.755556 -2.588844 1.584461
v 0.755556 -2.594671 1.565483
v 0.755556 -2.593179 1.546093
v 0.755556 -2.585139 1.528849
v 0.755556 -2.579070 1.521728
v 0.755556 -2.571854 1.515979
v 0.755556 -2.509284 1.475656
v 0.755556 -2.445234 1.434483
v 0.755556 -2.379534 1.392878
v 0.755556 -2.073255 1.201137
v 0.755556 -1.766976 1.009397
v 1.062500 -2.840875 1.447618
v 1.062500 -2.916131 1.475403
v 1.062500 -2.953784 1.489231
v 1.062500 -2.991447 1.503016
v 1.062500 -3.029117 1.516756
v 1.062500 -3.066787 1.530452
v 1.062500 -3.104455 1.544103
v 1.062500 -3.142116 1.557707
v 1.062500 -3.148493 1.559665
v 1.062500 -3.155029 1.561009
v 1.062500 -3.161665 1.561742
v 1.062500 -3.168345 1.561866
v 1.062500 -3.175010 1.561382
v 1.062500 -3.181602 1.560292
v 1.062500 -3.188066 1.558599
v 1.062500 -3.194341 1.556304
v 1.062500 -3.200360 1.553409
v 1.062500 -3.206052 1.549942
v 1.062500 -3.216327 1.541475
v 1.062500 -3.231568 1.519738
v 1.062500 -3.238057 1.494110
v 1.062500 -3.234330 1.468012
v 1.062500 -3.221473 1.445037
v 1.062500 -3.212196 1.435698
v 1.062500 -3.201328 1.428313
v 1.062500 -3.108503 1.377980
v 1.062500 -3.015399 1.327488
v 1.062500 -2.921986 1.276915
v 1.062500 -2.491524 1.044209
v 1.062500 -2.061062 0.811504
v 0.566667 -1.585999 1.131177
v 0.566667 -1.815858 1.297709
v 0.566667 -2.045717 1.464240
v 0.566667 -2.094363 1.500326
v 0.566667 -2.140534 1.535764
v 0.566667 -2.184485 1.569928
v 0.566667 -2.189454 1.574669
v 0.566667 -2.193549 1.580425
v 0.566667 -2.198625 1.594143
v 0.566667 -2.198740 1.609405
v 0.566667 -2.193321 1.624290
v 0.566667 -2.183160 1.636969
v 0.566667 -2.176637 1.641977
v 0.566667 -2.173074 1.644060
v 0.566667 -2.169333 1.645828
v 0.566667 -2.165452 1.647267
v 0.566667 -2.161467 1.648377
v 0.566667 -2.157409 1.649156
v 0.566667 -2.153310 1.649603
v 0.566667 -2.149200 1.649717
v 0.566667 -2.145110 1.649497
v 0.566667 -2.141072 1.648942
v 0.566667 -2.137115 1.648051
v 0.566667 -2.113650 1.641510
v 0.566667 -2.090129 1.634603
v 0.566667 -2.066584 1.627332
v 0.566667 -2.043053 1.619704
v 0.566667 -2.019569 1.611722
v 0.566667 -1.996169 1.603392
v 0.566667 -1.949759 1.585707
v 0.247917 -1.376899 1.674479
v 0.247917 -1.404764 1.685672
v 0.247917 -1.419002 1.690466
v 0.247917 -1.433370 1.694717
v 0.247917 -1.447813 1.698416
v 0.247917 -1.462276 1.701556
v 0.247917 -1.476704 1.704130
v 0.247917 -1.491042 1.706129
v 0.247917 -1.493443 1.706335
v 0.247917 -1.495877 1.706382
v 0.247917 -1.498330 1.706273
v 0.247917 -1.500788 1.706006
v 0.247917 -1.503238 1.705583
v 0.247917 -1.505665 1.705003
v 0.247917 -1.508057 1.704268
v 0.247917 -1.510400 1.703379
v 0.247917 -1.512676 1.702335
v 0.247917 -1.514870 1.701142
v 0.247917 -1.518980 1.698358
v 0.247917 -1.525877 1.691502
v 0.247917 -1.530607 1.683523
v 0.247917 -1.532815 1.675226
v 0.247917 -1.532740 1.667460
v 0.247917 -1.531977 1.664008
v 0.247917 -1.530801 1.660966
v 0.247917 -1.518268 1.637196
v 0.247917 -1.502268 1.611437
v 0.247917 -1.482400 1.584664
v 0.247917 -1.381501 1.460673
v 0.991667 -2.713572 1.467345
v 0.991667 -2.784708 1.493687
v 0.991667 -2.820325 1.506730
v 0.991667 -2.855962 1.519685
v 0.991667 -2.891612 1.532553
v 0.991667 -2.927265 1.545331
v 0.991667 -2.962912 1.558018
v 0.991667 -2.998544 1.570613
v 0.991667 -3.004576 1.572419
v 0.991667 -3.010755 1.573650
v 0.991667 -3.017027 1.574310
v 0.991667 -3.023340 1.574400
v 0.991667 -3.029638 1.573921
v 0.991667 -3.035869 1.572876
v 0.991667 -3.041978 1.571266
v 0.991667 -3.047912 1.569093
v 0.991667 -3.053605 1.566359
v 0.991667 -3.058992 1.563090
v 0.991667 -3.068732 1.555117
v 0.991667 -3.083247 1.534674
v 0.991667 -3.089584 1.510581
v 0.991667 -3.086372 1.486031
v 0.991667 -3.074627 1.464378
v 0.991667 -3.066090 1.455551
v 0.991667 -3.056065 1.448544
v 0.991667 -2.970221 1.400521
v 0.991667 -2.883823 1.352179
v 0.991667 -2.796805 1.303675
v 0.991667 -2.395001 1.080423
v 0.920833 -1.925330 0.902839
v 0.920833 -2.653285 1.511971
v 0.920833 -2.686866 1.524229
v 0.920833 -2.720477 1.536355
v 0.920833 -2.754107 1.548349
v 0.920833 -2.787742 1.560209
v 0.920833 -2.821368 1.571933
v 0.920833 -2.854973 1.583520
v 0.920833 -2.860659 1.585172
v 0.920833 -2.866481 1.586291
v 0.920833 -2.872390 1.586878
v 0.920833 -2.878335 1.586934
v 0.920833 -2.884267 1.586460
v 0.920833 -2.890135 1.585460
v 0.920833 -2.895890 1.583933
v 0.920833 -2.901482 1.581882
v 0.920833 -2.906850 1.579309
v 0.920833 -2.911933 1.576237
v 0.920833 -2.921136 1.568759
v 0.920833 -2.934926 1.549610
v 0.920833 -2.941110 1.527052
v 0.920833 -2.938414 1.504050
v 0.920833 -2.927780 1.483720
v 0.920833 -2.919984 1.475404
v 0.920833 -2.910802 1.468774
v 0.920833 -2.831940 1.423061
v 0.920833 -2.752246 1.376870
v 0.920833 -2.671624 1.330436
v 0.920833 -2.298477 1.116638
v 0.661111 -2.171400 1.579014
v 0.661111 -2.197515 1.588391
v 0.661111 -2.223699 1.597477
v 0.661111 -2.249924 1.606270
v 0.661111 -2.276159 1.614764
v 0.661111 -2.302375 1.622957
v 0.661111 -2.328543 1.630842
v 0.661111 -2.332961 1.631937
v 0.661111 -2.337476 1.632642
v 0.661111 -2.342051 1.632960
v 0.661111 -2.346650 1.632891
v 0.661111 -2.351238 1.632437
v 0.661111 -2.355778 1.631599
v 0.661111 -2.360235 1.630378
v 0.661111 -2.364573 1.628776
v 0.661111 -2.368748 1.626793
v 0.661111 -2.372716 1.624446
v 0.661111 -2.379953 1.618780
v 0.661111 -2.391083 1.604375
v 0.661111 -2.396705 1.587444
v 0.661111 -2.395902 1.570118
v 0.661111 -2.389344 1.554637
v 0.661111 -2.384262 1.548199
v 0.661111 -2.378170 1.542954
v 0.661111 -2.324909 1.505710
v 0.661111 -2.269798 1.467405
v 0.661111 -2.212625 1.428559
v 0.661111 -1.944556 1.249423
v 3.400000 -0.065197 1.975606
v 3.400000 -0.056622 1.987652
v 3.400000 -0.045851 1.997791
v 3.400000 -0.033333 2.005673
v 3.400000 -0.019520 2.010949
v 3.400000 -0.009838 2.012886
v 3.400000 0.000015 2.013534
v 3.400000 0.009867 2.012882
v 3.400000 0.019548 2.010941
v 3.400000 0.033353 2.005663
v 3.400000 0.045862 1.997782
v 3.400000 0.056627 1.987647
v 3.400000 0.065197 1.975606
v 2.266667 2.194176 2.892705
v 2.266667 2.200442 2.905281
v 2.266667 2.204196 2.918819
v 2.266667 2.205436 2.932835
v 2.266667 2.204156 2.946846
v 2.266667 2.200351 2.960367
v 2.266667 2.194019 2.972914
v 2.266667 2.185324 2.983941
v 2.266667 2.174693 2.993123
v 2.266667 2.162559 3.000247
v 2.266667 2.149355 3.005096
v 2.266667 2.135512 3.007456
v 2.266667 2.121465 3.007113
v 2.266667 2.107732 3.004033
v 2.266667 2.094806 2.998450
v 2.266667 2.083120 2.990597
v 2.266667 2.073108 2.980704
v 2.266667 1.768230 2.614895
v 2.455556 1.242839 1.743020
v 2.455556 1.536114 2.596483
v 2.691667 0.970895 1.761654
v 2.762500 1.015688 2.394698
v 3.187500 0.399815 1.800787
v 3.022222 0.575328 2.223957
v 3.364583 0.195857 1.814763
v 3.329167 0.054901 2.022172
v 2.361111 1.696246 2.658571
v 2.361111 1.746628 2.719168
v 2.361111 1.771890 2.749409
v 2.361111 1.797193 2.779607
v 2.361111 1.822532 2.809758
v 2.361111 1.847904 2.839858
v 2.361111 1.873302 2.869903
v 2.361111 1.898722 2.899891
v 2.361111 1.903194 2.904672
v 2.361111 1.908099 2.909010
v 2.361111 1.913389 2.912879
v 2.361111 1.919013 2.916252
v 2.361111 1.924921 2.919104
v 2.361111 1.931064 2.921407
v 2.361111 1.937393 2.923134
v 2.361111 1.943857 2.924260
v 2.361111 1.950395 2.924752
v 2.361111 1.956938 2.924599
v 2.361111 1.969832 2.922452
v 2.361111 1.993470 2.911491
v 2.361111 2.011596 2.892952
v 2.361111 2.021298 2.869015
v 2.361111 2.021742 2.843257
v 2.361111 2.018501 2.830803
v 2.361111 2.012957 2.819225
v 2.361111 1.959356 2.731119
v 2.361111 1.905541 2.642644
v 2.361111 1.851423 2.553870
v 2.361111 1.601519 2.144718
v 2.361111 1.351616 1.735566
v 2.550000 1.134061 1.750473
v 2.550000 1.330358 2.099602
v 2.550000 1.526655 2.448731
v 2.550000 1.568763 2.524210
v 2.550000 1.609962 2.598790
v 2.550000 1.650519 2.672264
v 2.550000 1.654619 2.681847
v 2.550000 1.656832 2.692132
v 2.550000 1.655584 2.713355
v 2.550000 1.646752 2.733028
v 2.550000 1.631024 2.748226
v 2.550000 1.610786 2.757165
v 2.550000 1.599788 2.758884
v 2.550000 1.594212 2.758986
v 2.550000 1.588639 2.758556
v 2.550000 1.583128 2.757603
v 2.550000 1.577729 2.756155
v 2.550000 1.572481 2.754232
v 2.550000 1.567427 2.751857
v 2.550000 1.562605 2.749051
v 2.550000 1.558059 2.745836
v 2.550000 1.553827 2.742233
v 2.550000 1.549951 2.738265
v 2.550000 1.527872 2.713313
v 2.550000 1.505861 2.688188
v 2.550000 1.483930 2.662899
v 2.550000 1.462094 2.637459
v 2.550000 1.440367 2.611877
v 2.550000 1.418764 2.586165
v 2.550000 1.375983 2.534395
v 2.620833 1.255885 2.487830
v 2.620833 1.295815 2.536289
v 2.620833 1.316047 2.560303
v 2.620833 1.336432 2.584153
v 2.620833 1.356954 2.607827
v 2.620833 1.377594 2.631311
v 2.620833 1.398336 2.654592
v 2.620833 1.419162 2.677656
v 2.620833 1.422814 2.681319
v 2.620833 1.426793 2.684645
v 2.620833 1.431062 2.687615
v 2.620833 1.435582 2.690208
v 2.620833 1.440316 2.692405
v 2.620833 1.445228 2.694185
v 2.620833 1.450279 2.695529
v 2.620833 1.455433 2.696417
v 2.620833 1.460644 2.696824
v 2.620833 1.465857 2.696741
v 2.620833 1.476143 2.695182
v 2.620833 1.495106 2.687002
v 2.620833 1.509935 2.673056
v 2.620833 1.518440 2.654982
v 2.620833 1.519991 2.635460
v 2.620833 1.518164 2.625989
v 2.620833 1.514605 2.617154
v 2.620833 1.478939 2.549166
v 2.620833 1.442471 2.479797
v 2.620833 1.404866 2.409304
v 2.620833 1.228672 2.082684
v 2.620833 1.052478 1.756064
v 2.833333 0.807729 1.772835
v 2.833333 0.923616 2.031929
v 2.833333 1.039502 2.291023
v 2.833333 1.063595 2.346558
v 2.833333 1.085871 2.400296
v 2.833333 1.106862 2.451823
v 2.833333 1.108797 2.458414
v 2.833333 1.109468 2.465445
v 2.833333 1.107011 2.479864
v 2.833333 1.099485 2.493142
v 2.833333 1.087354 2.503328
v 2.833333 1.072216 2.509234
v 2.833333 1.064064 2.510313
v 2.833333 1.059938 2.510337
v 2.833333 1.055814 2.509999
v 2.833333 1.051732 2.509307
v 2.833333 1.047726 2.508277
v 2.833333 1.043822 2.506924
v 2.833333 1.040048 2.505264
v 2.833333 1.036430 2.503309
v 2.833333 1.032998 2.501075
v 2.833333 1.029777 2.498576
v 2.833333 1.026794 2.495827
v 2.833333 1.009728 2.478428
v 2.833333 0.992796 2.460683
v 2.833333 0.976026 2.442611
v 2.833333 0.959446 2.424236
v 2.833333 0.943084 2.405579
v 2.833333 0.926969 2.386661
v 2.833333 0.895590 2.348132
v 2.927778 0.735459 2.286044
v 2.927778 0.763037 2.320160
v 2.927778 0.777323 2.336813
v 2.927778 0.791896 2.353162
v 2.927778 0.806725 2.369182
v 2.927778 0.821775 2.384848
v 2.927778 0.837014 2.400133
v 2.927778 0.852409 2.415014
v 2.927778 0.855093 2.417357
v 2.927778 0.857977 2.419488
v 2.927778 0.861039 2.421395
v 2.927778 0.864255 2.423066
v 2.927778 0.867602 2.424489
v 2.927778 0.871058 2.425651
v 2.927778 0.874600 2.426541
v 2.927778 0.878205 2.427147
v 2.927778 0.881846 2.427453
v 2.927778 0.885490 2.427455
v 2.927778 0.892693 2.426590
v 2.927778 0.906131 2.421696
v 2.927778 0.917063 2.413180
v 2.927778 0.924154 2.402033
v 2.927778 0.927013 2.389883
v 2.927778 0.926857 2.383936
v 2.927778 0.925643 2.378343
v 2.927778 0.911174 2.334131
v 2.927778 0.895206 2.287341
v 2.927778 0.877118 2.238453
v 2.927778 0.788035 2.009371
v 2.927778 0.698952 1.780289
v 3.187500 0.295098 2.115303
v 3.187500 0.312224 2.137281
v 3.187500 0.321480 2.147706
v 3.187500 0.331136 2.157708
v 3.187500 0.341146 2.167252
v 3.187500 0.351466 2.176302
v 3.187500 0.362048 2.184822
v 3.187500 0.372848 2.192778
v 3.187500 0.374713 2.194004
v 3.187500 0.376671 2.195123
v 3.187500 0.378712 2.196131
v 3.187500 0.380824 2.197022
v 3.187500 0.382997 2.197790
v 3.187500 0.385222 2.198430
v 3.187500 0.387487 2.198936
v 3.187500 0.389782 2.199303
v 3.187500 0.392094 2.199525
v 3.187500 0.394409 2.199598
v 3.187500 0.399005 2.199320
v 3.187500 0.407767 2.197207
v 3.187500 0.415402 2.193285
v 3.187500 0.421296 2.188000
v 3.187500 0.425263 2.182086
v 3.187500 0.426520 2.179121
v 3.187500 0.427291 2.176272
v 3.187500 0.430757 2.152178
v 3.187500 0.432136 2.124493
v 3.187500 0.430561 2.093887
v 3.187500 0.415188 1.947337
v 3.116667 0.481398 1.795196
v 3.116667 0.516874 1.964255
v 3.116667 0.552350 2.133314
v 3.116667 0.558428 2.168906
v 3.116667 0.561780 2.201802
v 3.116667 0.563205 2.231382
v 3.116667 0.562975 2.234980
v 3.116667 0.562104 2.238758
v 3.116667 0.558439 2.246373
v 3.116667 0.552218 2.253256
v 3.116667 0.543684 2.258431
v 3.116667 0.533647 2.261303
v 3.116667 0.528340 2.261741
v 3.116667 0.525663 2.261687
v 3.116667 0.522988 2.261443
v 3.116667 0.520336 2.261010
v 3.116667 0.517722 2.260399
v 3.116667 0.515162 2.259617
v 3.116667 0.512669 2.258670
v 3.116667 0.510255 2.257567
v 3.116667 0.507937 2.256314
v 3.116667 0.505726 2.254918
v 3.116667 0.503637 2.253388
v 3.116667 0.491584 2.243543
v 3.116667 0.479732 2.233178
v 3.116667 0.468122 2.222324
v 3.116667 0.456798 2.211014
v 3.116667 0.445801 2.199280
v 3.116667 0.435173 2.187157
v 3.116667 0.415196 2.161869
v 3.364583 0.160974 1.905041
v 3.364583 0.126091 1.995320
v 3.364583 0.116407 2.013461
v 3.364583 0.103200 2.028120
v 3.364583 0.087505 2.038497
v 3.364583 0.085381 2.039475
v 3.364583 0.083160 2.040407
v 3.364583 0.078439 2.042068
v 3.364583 0.073360 2.043356
v 3.364583 0.067974 2.044146
v 3.364583 0.062399 2.044363
v 3.364583 0.059582 2.044241
v 3.364583 0.058172 2.044119
v 3.364583 0.056766 2.043955
v 3.364583 0.055364 2.043751
v 3.364583 0.053970 2.043506
v 3.364583 0.052585 2.043223
v 3.364583 0.051212 2.042901
v 3.364583 0.049852 2.042543
v 3.364583 0.048508 2.042148
v 3.364583 0.047182 2.041718
v 3.364583 0.045875 2.041254
v 3.364583 0.038208 2.038019
v 3.364583 0.030800 2.034111
v 3.364583 0.023706 2.029572
v 3.364583 0.016980 2.024444
v 3.364583 0.010678 2.018769
v 3.364583 0.004852 2.012591
v 3.364583 -0.005148 1.998889
v 3.258333 0.175000 2.068738
v 3.329167 0.066327 2.037529
v 3.329167 0.072838 2.044557
v 3.329167 0.079811 2.051097
v 3.329167 0.087194 2.057108
v 3.329167 0.094933 2.062549
v 3.329167 0.102976 2.067380
v 3.329167 0.111270 2.071559
v 3.329167 0.112688 2.072175
v 3.329167 0.114141 2.072743
v 3.329167 0.115624 2.073260
v 3.329167 0.117134 2.073725
v 3.329167 0.118667 2.074136
v 3.329167 0.120220 2.074491
v 3.329167 0.121788 2.074788
v 3.329167 0.123369 2.075025
v 3.329167 0.124957 2.075200
v 3.329167 0.126547 2.075312
v 3.329167 0.129720 2.075355
v 3.329167 0.135932 2.074758
v 3.329167 0.141768 2.073342
v 3.329167 0.147010 2.071255
v 3.329167 0.151581 2.068743
v 3.329167 0.153609 2.067404
v 3.329167 0.155463 2.066052
v 3.329167 0.168712 2.052931
v 3.329167 0.179552 2.035667
v 3.329167 0.186985 2.015033
v 3.329167 0.211817 1.913500
v 3.329167 0.236649 1.811968
v 3.258333 0.318232 1.806377
v 3.258333 0.313502 1.930419
v 3.258333 0.308773 2.054460
v 3.258333 0.305844 2.080080
v 3.258333 0.299734 2.102555
v 3.258333 0.291377 2.121162
v 3.258333 0.290064 2.123263
v 3.258333 0.288422 2.125415
v 3.258333 0.284153 2.129627
v 3.258333 0.278585 2.133313
v 3.258333 0.271850 2.135982
v 3.258333 0.264363 2.137337
v 3.258333 0.260478 2.137455
v 3.258333 0.258526 2.137362
v 3.258333 0.256575 2.137164
v 3.258333 0.254638 2.136862
v 3.258333 0.252721 2.136460
v 3.258333 0.250832 2.135963
v 3.258333 0.248979 2.135374
v 3.258333 0.247168 2.134696
v 3.258333 0.245406 2.133933
v 3.258333 0.243701 2.133090
v 3.258333 0.242059 2.132169
v 3.258333 0.232512 2.126101
v 3.258333 0.223199 2.119425
v 3.258333 0.214170 2.112180
v 3.258333 0.205474 2.104402
v 3.258333 0.197159 2.096131
v 3.258333 0.189275 2.087405
v 3.022222 0.590175 1.787743
v 3.022222 0.652454 1.986813
v 3.022222 0.714734 2.185884
v 3.022222 0.726817 2.228123
v 3.022222 0.736477 2.267966
v 3.022222 0.744424 2.304863
v 3.022222 0.744916 2.309458
v 3.022222 0.744559 2.314320
v 3.022222 0.741297 2.324203
v 3.022222 0.734641 2.333218
v 3.022222 0.724908 2.340064
v 3.022222 0.713170 2.343947
v 3.022222 0.706915 2.344598
v 3.022222 0.703754 2.344570
v 3.022222 0.700597 2.344295
v 3.022222 0.697468 2.343776
v 3.022222 0.694390 2.343025
v 3.022222 0.691382 2.342053
v 3.022222 0.688462 2.340868
v 3.022222 0.685647 2.339481
v 3.022222 0.682957 2.337901
v 3.022222 0.680410 2.336137
v 3.022222 0.678023 2.334201
v 3.022222 0.664299 2.321838
v 3.022222 0.650753 2.309013
v 3.022222 0.637423 2.295753
v 3.022222 0.624347 2.282088
v 3.022222 0.611562 2.268047
v 3.022222 0.599105 2.253658
v 2.762500 0.889312 1.767245
v 2.762500 1.025301 2.048847
v 2.762500 1.161290 2.330450
v 2.762500 1.189887 2.390971
v 2.762500 1.216894 2.449919
v 2.762500 1.242777 2.506934
v 2.762500 1.245253 2.514272
v 2.762500 1.246309 2.522117
v 2.762500 1.244154 2.538236
v 2.762500 1.236302 2.553113
v 2.762500 1.223271 2.564553
v 2.762500 1.206859 2.571217
v 2.762500 1.197995 2.572456
v 2.762500 1.193506 2.572499
v 2.762500 1.189020 2.572138
v 2.762500 1.184581 2.571381
v 2.762500 1.180226 2.570246
v 2.762500 1.175987 2.568751
v 2.762500 1.171892 2.566912
v 2.762500 1.167974 2.564744
v 2.762500 1.164263 2.562265
v 2.762500 1.160789 2.559490
v 2.762500 1.157583 2.556436
v 2.762500 1.139264 2.537150
v 2.762500 1.121062 2.517559
v 2.762500 1.103002 2.497683
v 2.762500 1.085108 2.477542
v 2.762500 1.067405 2.457153
v 2.762500 1.049917 2.436537
v 2.691667 1.126987 2.065766
v 2.691667 1.283078 2.369877
v 2.691667 1.316179 2.435384
v 2.691667 1.347917 2.499543
v 2.691667 1.378691 2.562044
v 2.691667 1.381708 2.570130
v 2.691667 1.383150 2.578789
v 2.691667 1.381297 2.596609
v 2.691667 1.373119 2.613085
v 2.691667 1.359189 2.625777
v 2.691667 1.341501 2.633199
v 2.691667 1.331926 2.634599
v 2.691667 1.327075 2.634661
v 2.691667 1.322227 2.634278
v 2.691667 1.317430 2.633455
v 2.691667 1.312727 2.632216
v 2.691667 1.308151 2.630578
v 2.691667 1.303737 2.628560
v 2.691667 1.299518 2.626180
v 2.691667 1.295528 2.623455
v 2.691667 1.291802 2.620405
v 2.691667 1.288373 2.617046
v 2.691667 1.268800 2.595871
v 2.691667 1.249328 2.574435
v 2.691667 1.229978 2.552755
v 2.691667 1.210770 2.530847
v 2.691667 1.191726 2.508728
v 2.691667 1.172866 2.486413
v 2.691667 1.135787 2.441264
v 2.455556 1.465939 2.122160
v 2.455556 1.689039 2.501301
v 2.455556 1.737152 2.583427
v 2.455556 1.784659 2.664954
v 2.455556 1.831738 2.745745
v 2.455556 1.836560 2.756325
v 2.455556 1.839287 2.767694
v 2.455556 1.838441 2.791185
v 2.455556 1.829174 2.812990
v 2.455556 1.812247 2.829858
v 2.455556 1.790309 2.839809
v 2.455556 1.778363 2.841742
v 2.455556 1.772304 2.841869
v 2.455556 1.766248 2.841408
v 2.455556 1.760260 2.840369
v 2.455556 1.754396 2.838781
v 2.455556 1.748701 2.836668
v 2.455556 1.743220 2.834055
v 2.455556 1.737997 2.830965
v 2.455556 1.733079 2.827423
v 2.455556 1.728510 2.823452
v 2.455556 1.724337 2.819078
v 2.455556 1.700587 2.791608
v 2.455556 1.676882 2.764023
v 2.455556 1.653231 2.736328
v 2.455556 1.629643 2.708533
v 2.455556 1.606129 2.680643
v 2.455556 1.582696 2.652667
v 1.133333 2.617000 1.770232
v 1.133333 2.980681 2.073089
v 1.133333 2.990577 2.083096
v 1.133333 2.998436 2.094779
v 1.133333 3.004023 2.107703
v 1.133333 3.007109 2.121435
v 1.133333 3.007458 2.135482
v 1.133333 3.005103 2.149326
v 1.133333 3.000260 2.162532
v 1.133333 2.993141 2.174669
v 1.133333 2.983963 2.185303
v 1.133333 2.972939 2.194002
v 1.133333 2.960395 2.200340
v 1.133333 2.946875 2.204150
v 1.133333 2.932865 2.205436
v 1.133333 2.918849 2.204202
v 1.133333 2.905309 2.200453
v 1.133333 2.892731 2.194192
v 1.133333 2.606249 2.013848
v 1.984426 1.564350 1.572059
v 1.984426 1.847624 1.951954
v 1.984426 2.130898 2.331849
v 1.984426 2.414171 2.711744
v 1.984426 2.421403 2.723789
v 1.984426 2.426208 2.736991
v 1.984426 2.428542 2.750867
v 1.984426 2.428364 2.764934
v 1.984426 2.425632 2.778712
v 1.984426 2.420302 2.791716
v 1.984426 2.412499 2.803391
v 1.984426 2.402621 2.813379
v 1.984426 2.391083 2.821431
v 1.984426 2.378300 2.827300
v 1.984426 2.364685 2.830738
v 1.984426 2.350654 2.831497
v 1.984426 2.336722 2.829504
v 1.984426 2.323398 2.824952
v 1.984426 2.311133 2.818039
v 1.984426 2.300376 2.808962
v 1.984426 1.969347 2.469809
v 1.984426 1.638319 2.130657
v 1.984426 1.307290 1.791504
v 1.417759 1.790383 1.308852
v 1.417759 2.129438 1.639919
v 1.417759 2.468493 1.970987
v 1.417759 2.807548 2.302055
v 1.417759 2.816570 2.312825
v 1.417759 2.823375 2.325116
v 1.417759 2.827845 2.338458
v 1.417759 2.829863 2.352381
v 1.417759 2.829312 2.366416
v 1.417759 2.826076 2.380093
v 1.417759 2.820189 2.392841
v 1.417759 2.811990 2.404247
v 1.417759 2.801849 2.414001
v 1.417759 2.790137 2.421792
v 1.417759 2.777225 2.427311
v 1.417759 2.763485 2.430249
v 1.417759 2.749412 2.430452
v 1.417759 2.735541 2.428034
v 1.417759 2.722348 2.423119
v 1.417759 2.710307 2.415830
v 1.417759 2.330435 2.132454
v 1.417759 1.950564 1.849078
v 1.417759 1.570692 1.565702
v 1.699996 1.443945 1.683347
v 1.699996 1.800587 1.995464
v 1.699996 2.157230 2.307581
v 1.699996 2.513872 2.619698
v 1.699996 2.525308 2.627903
v 1.699996 2.538079 2.633832
v 1.699996 2.551719 2.637323
v 1.699996 2.565765 2.638217
v 1.699996 2.579693 2.636359
v 1.699996 2.592996 2.631862
v 1.699996 2.605280 2.625007
v 1.699996 2.616150 2.616073
v 1.699996 2.625213 2.605341
v 1.699996 2.632076 2.593089
v 1.699996 2.636367 2.579706
v 1.699996 2.638010 2.565756
v 1.699996 2.637083 2.551718
v 1.699996 2.633666 2.538068
v 1.699996 2.627839 2.525285
v 1.699996 2.619684 2.513844
v 1.699996 2.307450 2.157360
v 1.699996 1.995217 1.800876
v 1.699996 1.682984 1.444392
v -0.000000 1.975606 -0.065197
v -0.000000 1.987647 -0.056627
v -0.000000 1.997782 -0.045862
v -0.000000 2.005663 -0.033353
v -0.000000 2.010941 -0.019548
v -0.000000 2.012882 -0.009867
v -0.000000 2.013534 -0.000015
v 0.000000 2.012886 0.009838
v 0.000000 2.010949 0.019520
v 0.000000 2.005673 0.033333
v 0.000000 1.997791 0.045851
v 0.000000 1.987652 0.056622
v 0.000000 1.975606 0.065197
v 0.070833 2.022173 0.054913
v 0.035417 1.814750 0.195870
v 0.354167 2.208441 0.535355
v 0.247917 1.797901 0.440692
v 0.354167 1.789477 0.563104
v 0.661111 2.410232 1.055834
v 0.661111 1.765140 0.916737
v 0.920833 2.580977 1.496239
v 0.991667 1.738930 1.297573
v 0.035417 1.905032 0.160981
v 0.035417 1.995314 0.126092
v 0.035417 2.013464 0.116401
v 0.035417 2.028128 0.103184
v 0.035417 2.038505 0.087478
v 0.035417 2.039483 0.085353
v 0.035417 2.040413 0.083132
v 0.035417 2.042073 0.078410
v 0.035417 2.043359 0.073331
v 0.035417 2.044146 0.067944
v 0.035417 2.044362 0.062369
v 0.035417 2.044238 0.059552
v 0.035417 2.044116 0.058143
v 0.035417 2.043952 0.056736
v 0.035417 2.043746 0.055334
v 0.035417 2.043501 0.053940
v 0.035417 2.043217 0.052556
v 0.035417 2.042895 0.051183
v 0.035417 2.042536 0.049823
v 0.035417 2.042141 0.048480
v 0.035417 2.041710 0.047153
v 0.035417 2.041246 0.045847
v 0.035417 2.038010 0.038185
v 0.035417 2.034101 0.030782
v 0.035417 2.029562 0.023693
v 0.035417 2.024435 0.016972
v 0.035417 2.018762 0.010673
v 0.035417 2.012585 0.004852
v 0.035417 1.998889 -0.005142
v 0.141667 2.068740 0.175024
v 0.070833 2.037524 0.066331
v 0.070833 2.044550 0.072837
v 0.070833 2.051088 0.079806
v 0.070833 2.057098 0.087183
v 0.070833 2.062539 0.094917
v 0.070833 2.067370 0.102954
v 0.070833 2.071550 0.111242
v 0.070833 2.072167 0.112660
v 0.070833 2.072735 0.114112
v 0.070833 2.073253 0.115595
v 0.070833 2.073719 0.117105
v 0.070833 2.074130 0.118638
v 0.070833 2.074486 0.120191
v 0.070833 2.074783 0.121759
v 0.070833 2.075021 0.123339
v 0.070833 2.075197 0.124927
v 0.070833 2.075310 0.126518
v 0.070833 2.075353 0.129691
v 0.070833 2.074759 0.135903
v 0.070833 2.073345 0.141740
v 0.070833 2.071260 0.146982
v 0.070833 2.068750 0.151554
v 0.070833 2.067412 0.153582
v 0.070833 2.066061 0.155437
v 0.070833 2.052938 0.168697
v 0.070833 2.035666 0.179548
v 0.070833 2.015021 0.186988
v 0.070833 1.913481 0.211831
v 0.070833 1.811942 0.236673
v 0.141667 1.806325 0.318281
v 0.141667 1.930381 0.313530
v 0.141667 2.054436 0.308778
v 0.141667 2.080071 0.305842
v 0.141667 2.102558 0.299722
v 0.141667 2.121172 0.291354
v 0.141667 2.123272 0.290040
v 0.141667 2.125423 0.288397
v 0.141667 2.129634 0.284127
v 0.141667 2.133318 0.278557
v 0.141667 2.135985 0.271821
v 0.141667 2.137337 0.264333
v 0.141667 2.137453 0.260449
v 0.141667 2.137359 0.258496
v 0.141667 2.137160 0.256546
v 0.141667 2.136857 0.254608
v 0.141667 2.136455 0.252692
v 0.141667 2.135957 0.250803
v 0.141667 2.135367 0.248950
v 0.141667 2.134688 0.247139
v 0.141667 2.133925 0.245378
v 0.141667 2.133081 0.243673
v 0.141667 2.132159 0.242031
v 0.141667 2.126091 0.232492
v 0.141667 2.119415 0.223186
v 0.141667 2.112170 0.214164
v 0.141667 2.104394 0.205474
v 0.141667 2.096125 0.197166
v 0.141667 2.087401 0.189289
v 0.212500 1.800709 0.399889
v 0.212500 1.947280 0.415229
v 0.212500 2.093851 0.430569
v 0.212500 2.124477 0.432137
v 0.212500 2.152178 0.430748
v 0.212500 2.176283 0.427271
v 0.212500 2.179132 0.426498
v 0.212500 2.182097 0.425240
v 0.212500 2.188009 0.421271
v 0.212500 2.193291 0.415375
v 0.212500 2.197210 0.407738
v 0.212500 2.199320 0.398975
v 0.212500 2.199596 0.394380
v 0.212500 2.199522 0.392064
v 0.212500 2.199300 0.389752
v 0.212500 2.198931 0.387457
v 0.212500 2.198424 0.385192
v 0.212500 2.197783 0.382968
v 0.212500 2.197014 0.380795
v 0.212500 2.196123 0.378683
v 0.212500 2.195114 0.376644
v 0.212500 2.193994 0.374686
v 0.212500 2.192768 0.372821
v 0.212500 2.184811 0.362030
v 0.212500 2.176291 0.351456
v 0.212500 2.167242 0.341145
v 0.212500 2.157700 0.331142
v 0.212500 2.147700 0.321494
v 0.212500 2.137278 0.312247
v 0.212500 2.115307 0.295134
v 0.354167 1.981079 0.618627
v 0.354167 2.172682 0.674150
v 0.354167 2.213287 0.684725
v 0.354167 2.251418 0.692798
v 0.354167 2.286506 0.699105
v 0.354167 2.290852 0.699414
v 0.354167 2.295443 0.698927
v 0.354167 2.304757 0.695560
v 0.354167 2.313237 0.689010
v 0.354167 2.319661 0.679574
v 0.354167 2.323287 0.668260
v 0.354167 2.323883 0.662241
v 0.354167 2.323847 0.659202
v 0.354167 2.323578 0.656165
v 0.354167 2.323079 0.653155
v 0.354167 2.322362 0.650194
v 0.354167 2.321436 0.647298
v 0.354167 2.320310 0.644485
v 0.354167 2.318993 0.641771
v 0.354167 2.317493 0.639175
v 0.354167 2.315821 0.636712
v 0.354167 2.313985 0.634401
v 0.354167 2.302253 0.621106
v 0.354167 2.290043 0.607995
v 0.354167 2.277387 0.595106
v 0.354167 2.264313 0.582479
v 0.354167 2.250851 0.570151
v 0.354167 2.237032 0.558163
v 0.425000 2.255008 0.655466
v 0.283333 2.161874 0.415245
v 0.283333 2.187155 0.435205
v 0.283333 2.199276 0.445823
v 0.283333 2.211006 0.456811
v 0.283333 2.222315 0.468125
v 0.283333 2.233167 0.479725
v 0.283333 2.243532 0.491568
v 0.283333 2.253376 0.503611
v 0.283333 2.254908 0.505699
v 0.283333 2.256304 0.507909
v 0.283333 2.257558 0.510227
v 0.283333 2.258662 0.512640
v 0.283333 2.259610 0.515133
v 0.283333 2.260393 0.517693
v 0.283333 2.261005 0.520306
v 0.283333 2.261439 0.522958
v 0.283333 2.261684 0.525633
v 0.283333 2.261739 0.528310
v 0.283333 2.261303 0.533618
v 0.283333 2.258435 0.543656
v 0.283333 2.253264 0.552192
v 0.283333 2.246383 0.558416
v 0.283333 2.238770 0.562083
v 0.283333 2.234992 0.562956
v 0.283333 2.231395 0.563188
v 0.283333 2.201798 0.561773
v 0.283333 2.168882 0.558431
v 0.283333 2.133267 0.552360
v 0.283333 1.964180 0.516928
v 0.283333 1.795093 0.481496
v 0.495833 1.778244 0.726319
v 0.495833 2.014878 0.822026
v 0.495833 2.251512 0.917732
v 0.495833 2.302097 0.937314
v 0.495833 2.350657 0.954849
v 0.495833 2.396729 0.970939
v 0.495833 2.402571 0.972330
v 0.495833 2.408790 0.972613
v 0.495833 2.421506 0.969849
v 0.495833 2.433183 0.962645
v 0.495833 2.442112 0.951409
v 0.495833 2.447253 0.937545
v 0.495833 2.448169 0.930103
v 0.495833 2.448172 0.926339
v 0.495833 2.447856 0.922578
v 0.495833 2.447227 0.918853
v 0.495833 2.446301 0.915196
v 0.495833 2.445089 0.911628
v 0.495833 2.443606 0.908175
v 0.495833 2.441862 0.904859
v 0.495833 2.439872 0.901706
v 0.495833 2.437648 0.898738
v 0.495833 2.435202 0.895980
v 0.495833 2.419694 0.880182
v 0.495833 2.403796 0.864534
v 0.495833 2.387531 0.849068
v 0.495833 2.370925 0.833815
v 0.495833 2.354002 0.818809
v 0.495833 2.336786 0.804079
v 0.495833 2.301575 0.775576
v 0.425000 2.286909 0.681121
v 0.425000 2.302426 0.694480
v 0.425000 2.317619 0.708147
v 0.425000 2.332459 0.722087
v 0.425000 2.346919 0.736264
v 0.425000 2.360973 0.750644
v 0.425000 2.374594 0.765191
v 0.425000 2.376735 0.767725
v 0.425000 2.378683 0.770440
v 0.425000 2.380427 0.773315
v 0.425000 2.381958 0.776330
v 0.425000 2.383263 0.779463
v 0.425000 2.384332 0.782695
v 0.425000 2.385153 0.786004
v 0.425000 2.385717 0.789371
v 0.425000 2.386009 0.792770
v 0.425000 2.386026 0.796172
v 0.425000 2.385270 0.802902
v 0.425000 2.380886 0.815492
v 0.425000 2.373210 0.825827
v 0.425000 2.363132 0.832705
v 0.425000 2.352116 0.835770
v 0.425000 2.346711 0.835872
v 0.425000 2.341617 0.835022
v 0.425000 2.301037 0.823824
v 0.425000 2.257692 0.811019
v 0.425000 2.212097 0.795941
v 0.425000 1.997979 0.720326
v 0.425000 1.783860 0.644712
v 0.850000 1.750163 1.134358
v 0.850000 2.099376 1.330521
v 0.850000 2.448588 1.526685
v 0.850000 2.524122 1.568785
v 0.850000 2.598757 1.609976
v 0.850000 2.672286 1.650524
v 0.850000 2.681870 1.654621
v 0.850000 2.692156 1.656829
v 0.850000 2.713378 1.655572
v 0.850000 2.733048 1.646732
v 0.850000 2.748239 1.630998
v 0.850000 2.757170 1.610756
v 0.850000 2.758885 1.599758
v 0.850000 2.758984 1.594182
v 0.850000 2.758552 1.588610
v 0.850000 2.757597 1.583099
v 0.850000 2.756147 1.577700
v 0.850000 2.754222 1.572453
v 0.850000 2.751844 1.567399
v 0.850000 2.749036 1.562579
v 0.850000 2.745820 1.558034
v 0.850000 2.742215 1.553804
v 0.850000 2.738246 1.549929
v 0.850000 2.713298 1.527872
v 0.850000 2.688176 1.505881
v 0.850000 2.662891 1.483971
v 0.850000 2.637455 1.462157
v 0.850000 2.611878 1.440451
v 0.850000 2.586171 1.418868
v 0.850000 2.534410 1.376129
v 0.755556 2.472321 1.215982
v 0.755556 2.519668 1.254925
v 0.755556 2.543111 1.274680
v 0.755556 2.566380 1.294599
v 0.755556 2.589462 1.314664
v 0.755556 2.612341 1.334855
v 0.755556 2.635003 1.355154
v 0.755556 2.657434 1.375543
v 0.755556 2.660997 1.379120
v 0.755556 2.664234 1.383013
v 0.755556 2.667123 1.387187
v 0.755556 2.669647 1.391606
v 0.755556 2.671786 1.396233
v 0.755556 2.673521 1.401032
v 0.755556 2.674832 1.405967
v 0.755556 2.675700 1.411001
v 0.755556 2.676101 1.416091
v 0.755556 2.676027 1.421184
v 0.755556 2.674526 1.431233
v 0.755556 2.666605 1.449774
v 0.755556 2.653084 1.464309
v 0.755556 2.635545 1.472712
v 0.755556 2.616591 1.474371
v 0.755556 2.607390 1.472676
v 0.755556 2.598804 1.469301
v 0.755556 2.532597 1.435276
v 0.755556 2.464916 1.400393
v 0.755556 2.396035 1.364298
v 0.755556 2.076843 1.194922
v 0.755556 1.757651 1.025547
v 1.062500 2.674111 1.736460
v 1.062500 2.735802 1.787742
v 1.062500 2.766604 1.813437
v 1.062500 2.797374 1.839161
v 1.062500 2.828108 1.864914
v 1.062500 2.858804 1.890690
v 1.062500 2.889460 1.916486
v 1.062500 2.920072 1.942299
v 1.062500 2.924956 1.946843
v 1.062500 2.929388 1.951831
v 1.062500 2.933341 1.957211
v 1.062500 2.936788 1.962934
v 1.062500 2.939701 1.968948
v 1.062500 2.942054 1.975202
v 1.062500 2.943819 1.981646
v 1.062500 2.944970 1.988229
v 1.062500 2.945472 1.994888
v 1.062500 2.945315 2.001551
v 1.062500 2.943120 2.014683
v 1.062500 2.931916 2.038751
v 1.062500 2.912966 2.057185
v 1.062500 2.888501 2.067005
v 1.062500 2.862175 2.067359
v 1.062500 2.849450 2.063995
v 1.062500 2.837620 2.058275
v 1.062500 2.747617 2.003052
v 1.062500 2.657338 1.947668
v 1.062500 2.566834 1.892057
v 1.062500 2.150074 1.635619
v 1.062500 1.733314 1.379180
v 0.566667 1.772628 0.807927
v 0.566667 2.031778 0.923725
v 0.566667 2.290927 1.039523
v 0.566667 2.346502 1.063608
v 0.566667 2.400277 1.085875
v 0.566667 2.451840 1.106856
v 0.566667 2.458431 1.108788
v 0.566667 2.465463 1.109456
v 0.566667 2.479880 1.106994
v 0.566667 2.493156 1.099462
v 0.566667 2.503337 1.087327
v 0.566667 2.509237 1.072187
v 0.566667 2.510312 1.064034
v 0.566667 2.510334 1.059908
v 0.566667 2.509995 1.055784
v 0.566667 2.509301 1.051703
v 0.566667 2.508270 1.047697
v 0.566667 2.506916 1.043793
v 0.566667 2.505253 1.040020
v 0.566667 2.503297 1.036403
v 0.566667 2.501062 1.032972
v 0.566667 2.498561 1.029751
v 0.566667 2.495811 1.026770
v 0.566667 2.478415 1.009720
v 0.566667 2.460672 0.992803
v 0.566667 2.442603 0.976048
v 0.566667 2.424231 0.959484
v 0.566667 2.405577 0.943137
v 0.566667 2.386663 0.927037
v 0.566667 2.348142 0.895687
v 0.247917 2.138591 0.355190
v 0.247917 2.162216 0.373726
v 0.247917 2.173488 0.383659
v 0.247917 2.184353 0.393976
v 0.247917 2.194778 0.404635
v 0.247917 2.204729 0.415590
v 0.247917 2.214172 0.426799
v 0.247917 2.223072 0.438216
v 0.247917 2.224451 0.440193
v 0.247917 2.225709 0.442276
v 0.247917 2.226840 0.444455
v 0.247917 2.227838 0.446718
v 0.247917 2.228697 0.449051
v 0.247917 2.229409 0.451443
v 0.247917 2.229968 0.453882
v 0.247917 2.230369 0.456355
v 0.247917 2.230603 0.458849
v 0.247917 2.230668 0.461345
v 0.247917 2.230312 0.466296
v 0.247917 2.227823 0.475697
v 0.247917 2.223277 0.483783
v 0.247917 2.217196 0.489843
v 0.247917 2.210433 0.493662
v 0.247917 2.207062 0.494727
v 0.247917 2.203839 0.495229
v 0.247917 2.176988 0.496260
v 0.247917 2.146679 0.495284
v 0.247917 2.113559 0.491464
v 0.247917 1.955730 0.466078
v 0.991667 2.627544 1.616350
v 0.991667 2.685925 1.664784
v 0.991667 2.715029 1.689108
v 0.991667 2.744067 1.713493
v 0.991667 2.773036 1.737933
v 0.991667 2.801928 1.762420
v 0.991667 2.830739 1.786948
v 0.991667 2.859463 1.811509
v 0.991667 2.864042 1.815830
v 0.991667 2.868198 1.820565
v 0.991667 2.871906 1.825667
v 0.991667 2.875140 1.831089
v 0.991667 2.877875 1.836783
v 0.991667 2.880085 1.842701
v 0.991667 2.881745 1.848797
v 0.991667 2.882831 1.855022
v 0.991667 2.883309 1.861320
v 0.991667 2.883171 1.867620
v 0.991667 2.881137 1.880041
v 0.991667 2.870690 1.902833
v 0.991667 2.852993 1.920367
v 0.991667 2.830127 1.929861
v 0.991667 2.805502 1.930515
v 0.991667 2.793590 1.927537
v 0.991667 2.782508 1.922358
v 0.991667 2.697997 1.872027
v 0.991667 2.612933 1.821374
v 0.991667 2.527418 1.770267
v 0.991667 2.133174 1.533920
v 0.920833 1.744547 1.215965
v 0.920833 2.636048 1.541826
v 0.920833 2.663453 1.564780
v 0.920833 2.690761 1.587825
v 0.920833 2.717964 1.610952
v 0.920833 2.745052 1.634151
v 0.920833 2.772018 1.657410
v 0.920833 2.798855 1.680719
v 0.920833 2.803129 1.684817
v 0.920833 2.807009 1.689300
v 0.920833 2.810471 1.694123
v 0.920833 2.813492 1.699244
v 0.920833 2.816048 1.704618
v 0.920833 2.818116 1.710201
v 0.920833 2.819671 1.715948
v 0.920833 2.820691 1.721816
v 0.920833 2.821147 1.727751
v 0.920833 2.821028 1.733689
v 0.920833 2.819153 1.745399
v 0.920833 2.809465 1.766916
v 0.920833 2.793020 1.783550
v 0.920833 2.771752 1.792716
v 0.920833 2.748829 1.793672
v 0.920833 2.737730 1.791079
v 0.920833 2.727397 1.786441
v 0.920833 2.648377 1.741001
v 0.920833 2.568528 1.695080
v 0.920833 2.488003 1.648476
v 0.920833 2.116275 1.432221
v 0.661111 2.453166 1.090981
v 0.661111 2.474344 1.108908
v 0.661111 2.495306 1.127041
v 0.661111 2.516032 1.145356
v 0.661111 2.536506 1.163829
v 0.661111 2.556709 1.182437
v 0.661111 2.576623 1.201157
v 0.661111 2.579779 1.204435
v 0.661111 2.582648 1.207992
v 0.661111 2.585210 1.211795
v 0.661111 2.587450 1.215813
v 0.661111 2.589351 1.220013
v 0.661111 2.590896 1.224364
v 0.661111 2.592067 1.228835
v 0.661111 2.592848 1.233392
v 0.661111 2.593218 1.237999
v 0.661111 2.593170 1.242609
v 0.661111 2.591881 1.251710
v 0.661111 2.584971 1.268551
v 0.661111 2.573120 1.281886
v 0.661111 2.557713 1.289853
v 0.661111 2.541027 1.291914
v 0.661111 2.532911 1.290732
v 0.661111 2.525322 1.288079
v 0.661111 2.466437 1.260575
v 0.661111 2.405709 1.232001
v 0.661111 2.343481 1.201910
v 0.661111 2.054310 1.059324
v 0.000000 -0.000000 1.400000
v 0.000000 0.322862 1.362263
v 0.000000 0.628319 1.251086
v 0.000000 0.899903 1.072462
v 0.000000 1.122972 0.836022
v 0.000000 1.285503 0.554512
v 0.000000 1.378731 0.243107
v -0.000000 1.397631 -0.081403
v -0.000000 1.341185 -0.401525
v -0.000000 1.212436 -0.700000
v -0.000000 1.018323 -0.960738
v -0.000000 0.769313 -1.169683
v -0.000000 0.478828 -1.315570
v -0.000000 0.162530 -1.390534
v -0.000000 -0.162530 -1.390534
v -0.000000 -0.478828 -1.315570
v -0.000000 -0.769313 -1.169683
v -0.000000 -1.018323 -0.960738
v -0.000000 -1.212436 -0.700000
v -0.000000 -1.341185 -0.401525
v -0.000000 -1.397631 -0.081403
v 0.000000 -1.378731 0.243107
v 0.000000 -1.285503 0.554512
v 0.000000 -1.122972 0.836022
v 0.000000 -0.899903 1.072462
v 0.000000 -0.628319 1.251086
v 0.000000 -0.322862 1.362263
vt -0.265630 0.071175 0.000000
vt -1.390534 0.162530 0.000000
vt -0.275000 0.000000 0.000000
vt -1.390534 -0.162530 0.000000
vt -0.265630 -0.071175 0.000000
vt -1.315570 -0.478828 0.000000
vt -0.238157 -0.137500 0.000000
vt -1.169683 -0.769313 0.000000
vt -0.194454 -0.194454 0.000000
vt -0.960738 -1.018323 0.000000
vt -0.137500 -0.238157 0.000000
vt -0.700000 -1.212436 0.000000
vt -0.401525 -1.341185 0.000000
vt -1.315570 0.478828 0.000000
vt -0.238157 0.137500 0.000000
vt -1.169683 0.769313 0.000000
vt -0.194454 0.194454 0.000000
vt -0.960738 1.018323 0.000000
vt -0.137500 0.238157 0.000000
vt -0.700000 1.212436 0.000000
vt -0.401525 1.341185 0.000000
vt -0.071175 0.265630 0.000000
vt -0.081403 1.397631 0.000000
vt 0.000000 0.275000 0.000000
vt 0.243107 1.378731 0.000000
vt 0.071175 0.265630 0.000000
vt 0.554512 1.285503 0.000000
vt 0.137500 0.238157 0.000000
vt 0.836022 1.122972 0.000000
vt 0.194454 0.194454 0.000000
vt 1.072462 0.899903 0.000000
vt 0.238157 0.137500 0.000000
vt 1.251086 0.628319 0.000000
vt 0.265630 0.071175 0.000000
vt 1.362263 0.322862 0.000000
vt 0.275000 0.000000 0.000000
vt 1.400000 -0.000000 0.000000
vt 1.362263 -0.322862 0.000000
vt 0.265630 -0.071175 0.000000
vt 1.251086 -0.628319 0.000000
vt 0.238157 -0.137500 0.000000
vt 1.072462 -0.899903 0.000000
vt 0.194454 -0.194454 0.000000
vt 0.836022 -1.122972 0.000000
vt 0.137500 -0.238157 0.000000
vt 0.554512 -1.285503 0.000000
vt 0.071175 -0.265630 0.000000
vt 0.243107 -1.378731 0.000000
vt 0.000000 -0.275000 0.000000
vt -0.081403 -1.397631 0.000000
vt -0.071175 -0.265630 0.000000
vt 1.000000 -0.791943 0.000000
vt -0.000000 -0.791943 0.000000
vt 1.000000 -0.863938 0.000000
vt -0.000000 -0.863938 0.000000
vt 1.000000 0.863938 0.000000
vt -0.000000 0.863938 0.000000
vt 1.000000 0.791943 0.000000
vt -0.000000 0.791943 0.000000
vt 1.000000 0.719948 0.000000
vt -0.000000 0.719948 0.000000
vt 1.000000 0.647953 0.000000
vt -0.000000 0.647953 0.000000
vt 1.000000 0.575959 0.000000
vt -0.000000 0.575959 0.000000
vt 1.000000 0.503964 0.000000
vt -0.000000 0.503964 0.000000
vt 1.000000 0.431969 0.000000
vt 0.000000 0.431969 0.000000
vt 1.000000 0.359974 0.000000
vt 0.000000 0.359974 0.000000
vt 1.000000 0.287979 0.000000
vt 0.000000 0.287979 0.000000
vt 1.000000 0.215984 0.000000
vt 0.000000 0.215984 0.000000
vt 1.000000 0.143990 0.000000
vt 0.000000 0.143990 0.000000
vt 1.000000 0.071995 0.000000
vt 0.000000 0.071995 0.000000
vt 1.000000 0.000000 0.000000
vt 0.000000 0.000000 0.000000
vt 1.000000 -0.071995 0.000000
vt 0.000000 -0.071995 0.000000
vt 1.000000 -0.143990 0.000000
vt 0.000000 -0.143990 0.000000
vt 1.000000 -0.215984 0.000000
vt 0.000000 -0.215984 0.000000
vt 1.000000 -0.287979 0.000000
vt 0.000000 -0.287979 0.000000
vt 1.000000 -0.359974 0.000000
vt 0.000000 -0.359974 0.000000
vt 1.000000 -0.431969 0.000000
vt 0.000000 -0.431969 0.000000
vt 1.000000 -0.503964 0.000000
vt -0.000000 -0.503964 0.000000
vt 1.000000 -0.575959 0.000000
vt -0.000000 -0.575959 0.000000
vt 1.000000 -0.647953 0.000000
vt -0.000000 -0.647953 0.000000
vt 1.000000 -0.719948 0.000000
vt -0.000000 -0.719948 0.000000
vt -0.813530 0.000000 0.000000
vt -0.000000 0.000000 0.000000
vt -0.892435 0.220071 0.000000
vt -0.051172 0.697193 0.000000
vt -0.892435 0.440143 0.000000
vt -0.892435 0.660214 0.000000
vt -0.940936 0.660214 0.000000
vt -0.940936 0.825268 0.000000
vt -0.965187 0.825268 0.000000
vt -0.965187 0.990321 0.000000
vt -0.989438 0.990321 0.000000
vt -0.989438 1.155375 0.000000
vt -1.013689 1.155375 0.000000
vt -1.013689 1.320428 0.000000
vt -1.037939 1.320428 0.000000
vt -1.037939 1.540500 0.000000
vt -1.062190 1.540500 0.000000
vt -1.062190 1.760571 0.000000
vt -1.086441 1.760571 0.000000
vt -1.086441 1.980642 0.000000
vt -1.090483 1.980642 0.000000
vt -1.090483 2.145696 0.000000
vt -1.094524 2.145696 0.000000
vt -1.094524 2.310749 0.000000
vt -1.098566 2.310749 0.000000
vt -1.098566 2.475803 0.000000
vt -1.102608 2.475803 0.000000
vt -1.102608 2.558330 0.000000
vt -1.106650 2.558330 0.000000
vt -1.118775 2.640856 0.000000
vt -1.110691 2.558330 0.000000
vt -1.114733 2.558330 0.000000
vt -1.110691 2.475803 0.000000
vt -1.114733 2.475803 0.000000
vt -1.110691 2.310749 0.000000
vt -1.114733 2.310749 0.000000
vt -1.110691 2.145696 0.000000
vt -1.114733 2.145696 0.000000
vt -1.110691 1.980642 0.000000
vt -1.114733 1.980642 0.000000
vt -1.110691 1.760571 0.000000
vt -1.114733 1.760571 0.000000
vt -1.110691 1.540500 0.000000
vt -1.114733 1.540500 0.000000
vt -1.110691 1.320428 0.000000
vt -1.114733 1.320428 0.000000
vt -1.110691 1.155375 0.000000
vt -1.114733 1.155375 0.000000
vt -1.110691 0.990321 0.000000
vt -1.114733 0.990321 0.000000
vt -1.110691 0.825268 0.000000
vt -1.114733 0.825268 0.000000
vt -1.110691 0.660214 0.000000
vt -1.114733 0.660214 0.000000
vt -1.110691 0.440143 0.000000
vt -1.114733 0.440143 0.000000
vt -1.110691 0.220071 0.000000
vt -1.114733 0.220071 0.000000
vt -1.110691 0.000000 0.000000
vt -1.118775 0.000000 0.000000
vt -1.118775 0.220071 0.000000
vt -1.122817 0.220071 0.000000
vt -1.122817 0.440143 0.000000
vt -1.126858 0.440143 0.000000
vt -1.126858 0.660214 0.000000
vt -1.134942 0.660214 0.000000
vt -1.134942 0.825268 0.000000
vt -1.151109 0.825268 0.000000
vt -1.151109 0.990321 0.000000
vt -1.167276 0.990321 0.000000
vt -1.167276 1.155375 0.000000
vt -1.183443 1.155375 0.000000
vt -1.183443 1.320428 0.000000
vt -1.199610 1.320428 0.000000
vt -1.199610 1.540500 0.000000
vt -1.207693 1.540500 0.000000
vt -1.207693 1.760571 0.000000
vt -1.215777 1.760571 0.000000
vt -1.215777 1.980642 0.000000
vt -1.280413 1.980642 0.000000
vt -1.280413 2.145696 0.000000
vt -1.345049 2.145696 0.000000
vt -1.345049 2.310749 0.000000
vt -1.409686 2.310749 0.000000
vt -1.409686 2.475803 0.000000
vt -1.707164 2.475803 0.000000
vt -1.707164 2.558330 0.000000
vt -2.004642 2.558330 0.000000
vt -2.302120 2.640856 0.000000
vt -2.234642 2.446936 0.000000
vt -0.892435 0.825268 0.000000
vt -0.096335 1.375834 0.000000
vt -0.892435 0.990321 0.000000
vt -0.892435 1.155375 0.000000
vt -0.940936 1.155375 0.000000
vt -0.940936 1.320428 0.000000
vt -0.965187 1.320428 0.000000
vt -0.965187 1.540500 0.000000
vt -0.989438 1.540500 0.000000
vt -0.989438 1.760571 0.000000
vt -1.013689 1.760571 0.000000
vt -1.013689 1.980642 0.000000
vt -1.037939 1.980642 0.000000
vt -1.037939 2.145696 0.000000
vt -1.062190 2.145696 0.000000
vt -1.062190 2.310749 0.000000
vt -1.086441 2.310749 0.000000
vt -1.086441 2.475803 0.000000
vt -1.090483 2.475803 0.000000
vt -1.090483 2.558330 0.000000
vt -1.094524 2.558330 0.000000
vt -1.086441 2.640856 0.000000
vt -1.098566 2.558330 0.000000
vt -0.114321 2.027579 0.000000
vt -0.892435 1.540500 0.000000
vt -0.892435 1.320428 0.000000
vt -0.000000 2.640856 0.000000
vt -0.892435 2.475803 0.000000
vt -0.892435 2.310749 0.000000
vt -0.892435 2.145696 0.000000
vt -0.940936 2.310749 0.000000
vt -0.940936 2.145696 0.000000
vt -0.965187 2.310749 0.000000
vt -0.965187 2.145696 0.000000
vt -0.989438 2.310749 0.000000
vt -0.989438 2.145696 0.000000
vt -1.013689 2.310749 0.000000
vt -1.013689 2.145696 0.000000
vt -1.037939 2.310749 0.000000
vt -0.892435 2.558330 0.000000
vt -0.892435 2.640856 0.000000
vt -0.940936 2.640856 0.000000
vt -0.989438 2.640856 0.000000
vt -0.965187 2.558330 0.000000
vt -0.940936 2.558330 0.000000
vt -1.037939 2.640856 0.000000
vt -1.013689 2.558330 0.000000
vt -0.989438 2.558330 0.000000
vt -0.965187 2.475803 0.000000
vt -0.940936 2.475803 0.000000
vt -1.062190 2.558330 0.000000
vt -1.037939 2.558330 0.000000
vt -1.013689 2.475803 0.000000
vt -0.989438 2.475803 0.000000
vt -1.151109 2.640856 0.000000
vt -1.126858 2.558330 0.000000
vt -1.122817 2.558330 0.000000
vt -1.118775 2.558330 0.000000
vt -1.118775 2.475803 0.000000
vt -1.183443 2.640856 0.000000
vt -1.151109 2.558330 0.000000
vt -1.134942 2.558330 0.000000
vt -1.126858 2.475803 0.000000
vt -1.122817 2.475803 0.000000
vt -1.122817 2.310749 0.000000
vt -1.118775 2.310749 0.000000
vt -1.118775 2.145696 0.000000
vt -1.215777 2.640856 0.000000
vt -1.183443 2.558330 0.000000
vt -1.167276 2.558330 0.000000
vt -1.151109 2.475803 0.000000
vt -1.134942 2.475803 0.000000
vt -1.134942 2.310749 0.000000
vt -1.126858 2.310749 0.000000
vt -1.126858 2.145696 0.000000
vt -1.122817 2.145696 0.000000
vt -1.122817 1.980642 0.000000
vt -1.118775 1.980642 0.000000
vt -1.118775 1.760571 0.000000
vt -1.264254 2.640856 0.000000
vt -1.215777 2.558330 0.000000
vt -1.207693 2.558330 0.000000
vt -1.199610 2.558330 0.000000
vt -1.199610 2.475803 0.000000
vt -1.183443 2.475803 0.000000
vt -1.183443 2.310749 0.000000
vt -1.167276 2.310749 0.000000
vt -1.167276 2.145696 0.000000
vt -1.151109 2.145696 0.000000
vt -1.151109 1.980642 0.000000
vt -1.134942 1.980642 0.000000
vt -1.134942 1.760571 0.000000
vt -1.126858 1.760571 0.000000
vt -1.126858 1.540500 0.000000
vt -1.122817 1.540500 0.000000
vt -1.122817 1.320428 0.000000
vt -1.118775 1.320428 0.000000
vt -1.118775 1.155375 0.000000
vt -1.312731 2.640856 0.000000
vt -1.280413 2.558330 0.000000
vt -1.215777 2.475803 0.000000
vt -1.280413 2.475803 0.000000
vt -1.215777 2.310749 0.000000
vt -1.280413 2.310749 0.000000
vt -1.215777 2.145696 0.000000
vt -1.361208 2.640856 0.000000
vt -1.345049 2.558330 0.000000
vt -1.345049 2.475803 0.000000
vt -1.409686 2.640856 0.000000
vt -1.409686 2.558330 0.000000
vt -2.201895 2.219110 0.000000
vt -2.004642 2.310749 0.000000
vt -2.004642 2.475803 0.000000
vt -2.004642 2.145696 0.000000
vt -2.191710 1.940837 0.000000
vt -2.004642 1.980642 0.000000
vt -2.004642 1.760571 0.000000
vt -1.707164 1.760571 0.000000
vt -1.707164 1.540500 0.000000
vt -1.409686 1.540500 0.000000
vt -1.409686 1.320428 0.000000
vt -1.345049 1.320428 0.000000
vt -1.345049 1.155375 0.000000
vt -1.280413 1.155375 0.000000
vt -1.280413 0.990321 0.000000
vt -1.215777 0.990321 0.000000
vt -1.215777 0.825268 0.000000
vt -1.207693 0.825268 0.000000
vt -1.207693 0.660214 0.000000
vt -1.199610 0.660214 0.000000
vt -1.199610 0.440143 0.000000
vt -1.183443 0.440143 0.000000
vt -1.183443 0.220071 0.000000
vt -1.167276 0.220071 0.000000
vt -1.175359 0.000000 0.000000
vt -1.167276 0.000000 0.000000
vt -2.198620 1.608475 0.000000
vt -2.004642 1.540500 0.000000
vt -1.707164 1.320428 0.000000
vt -1.409686 1.155375 0.000000
vt -1.345049 0.990321 0.000000
vt -1.280413 0.825268 0.000000
vt -1.215777 0.660214 0.000000
vt -1.207693 0.440143 0.000000
vt -1.199610 0.220071 0.000000
vt -1.191526 0.000000 0.000000
vt -1.183443 0.000000 0.000000
vt -2.243807 0.816917 0.000000
vt -2.004642 1.155375 0.000000
vt -2.004642 1.320428 0.000000
vt -2.302120 0.000000 0.000000
vt -2.004642 0.440143 0.000000
vt -2.004642 0.660214 0.000000
vt -2.004642 0.825268 0.000000
vt -1.707164 0.660214 0.000000
vt -1.707164 0.825268 0.000000
vt -1.409686 0.660214 0.000000
vt -1.409686 0.825268 0.000000
vt -1.345049 0.660214 0.000000
vt -1.345049 0.825268 0.000000
vt -1.280413 0.660214 0.000000
vt -1.215777 0.000000 0.000000
vt -1.707164 0.220071 0.000000
vt -2.004642 0.220071 0.000000
vt -1.707164 0.440143 0.000000
vt -1.409686 0.220071 0.000000
vt -1.409686 0.440143 0.000000
vt -1.345049 0.220071 0.000000
vt -1.345049 0.440143 0.000000
vt -1.280413 0.220071 0.000000
vt -1.280413 0.440143 0.000000
vt -1.215777 0.220071 0.000000
vt -1.215777 0.440143 0.000000
vt -1.207693 0.220071 0.000000
vt -1.207693 0.000000 0.000000
vt -1.199610 0.000000 0.000000
vt -1.159192 0.000000 0.000000
vt -1.151109 0.220071 0.000000
vt -1.167276 0.440143 0.000000
vt -1.151109 0.440143 0.000000
vt -1.167276 0.660214 0.000000
vt -1.151109 0.660214 0.000000
vt -1.167276 0.825268 0.000000
vt -1.151109 0.000000 0.000000
vt -1.143025 0.000000 0.000000
vt -1.134942 0.220071 0.000000
vt -1.134942 0.000000 0.000000
vt -1.126858 0.000000 0.000000
vt -1.126858 0.220071 0.000000
vt -1.134942 0.440143 0.000000
vt -1.106650 0.220071 0.000000
vt -1.102608 0.000000 0.000000
vt -1.102608 0.220071 0.000000
vt -1.098566 0.220071 0.000000
vt -1.102608 0.440143 0.000000
vt -1.098566 0.440143 0.000000
vt -1.102608 0.660214 0.000000
vt -1.098566 0.660214 0.000000
vt -1.102608 0.825268 0.000000
vt -1.098566 0.825268 0.000000
vt -1.102608 0.990321 0.000000
vt -1.098566 0.990321 0.000000
vt -1.102608 1.155375 0.000000
vt -1.098566 1.155375 0.000000
vt -1.102608 1.320428 0.000000
vt -1.098566 1.320428 0.000000
vt -1.102608 1.540500 0.000000
vt -1.098566 1.540500 0.000000
vt -1.102608 1.760571 0.000000
vt -1.098566 1.760571 0.000000
vt -1.102608 1.980642 0.000000
vt -1.098566 1.980642 0.000000
vt -1.102608 2.145696 0.000000
vt -1.098566 2.145696 0.000000
vt -1.102608 2.310749 0.000000
vt -1.094524 0.000000 0.000000
vt -1.094524 0.220071 0.000000
vt -1.094524 0.440143 0.000000
vt -1.094524 0.660214 0.000000
vt -1.094524 0.825268 0.000000
vt -1.094524 0.990321 0.000000
vt -1.094524 1.155375 0.000000
vt -1.094524 1.320428 0.000000
vt -1.094524 1.540500 0.000000
vt -1.094524 1.760571 0.000000
vt -1.094524 1.980642 0.000000
vt -1.090483 0.220071 0.000000
vt -1.086441 0.000000 0.000000
vt -1.086441 0.220071 0.000000
vt -1.062190 0.220071 0.000000
vt -1.086441 0.440143 0.000000
vt -1.062190 0.440143 0.000000
vt -1.086441 0.660214 0.000000
vt -1.062190 0.660214 0.000000
vt -1.086441 0.825268 0.000000
vt -1.062190 0.825268 0.000000
vt -1.086441 0.990321 0.000000
vt -1.062190 0.990321 0.000000
vt -1.086441 1.155375 0.000000
vt -1.062190 1.155375 0.000000
vt -1.086441 1.320428 0.000000
vt -1.062190 1.320428 0.000000
vt -1.086441 1.540500 0.000000
vt -0.989438 0.220071 0.000000
vt -1.013689 0.220071 0.000000
vt -1.037939 0.220071 0.000000
vt -1.037939 0.440143 0.000000
vt -2.004642 0.990321 0.000000
vt -1.707164 0.990321 0.000000
vt -1.409686 0.990321 0.000000
vt -0.892435 1.760571 0.000000
vt -0.892435 1.980642 0.000000
vt -0.940936 0.220071 0.000000
vt -0.965187 0.220071 0.000000
vt -0.989438 0.440143 0.000000
vt -1.013689 0.440143 0.000000
vt -1.013689 0.660214 0.000000
vt -1.037939 0.660214 0.000000
vt -1.037939 0.825268 0.000000
vt -0.940936 0.440143 0.000000
vt -0.965187 0.440143 0.000000
vt -0.965187 0.660214 0.000000
vt -1.090483 0.440143 0.000000
vt -1.090483 0.660214 0.000000
vt -1.090483 0.825268 0.000000
vt -1.090483 0.990321 0.000000
vt -1.090483 1.155375 0.000000
vt -1.090483 1.320428 0.000000
vt -1.090483 1.540500 0.000000
vt -1.090483 1.760571 0.000000
vt -1.106650 0.440143 0.000000
vt -1.106650 0.660214 0.000000
vt -1.106650 0.825268 0.000000
vt -1.106650 0.990321 0.000000
vt -1.106650 1.155375 0.000000
vt -1.106650 1.320428 0.000000
vt -1.106650 1.540500 0.000000
vt -1.106650 1.760571 0.000000
vt -1.106650 1.980642 0.000000
vt -1.106650 2.145696 0.000000
vt -1.106650 2.310749 0.000000
vt -1.106650 2.475803 0.000000
vt -1.118775 0.440143 0.000000
vt -1.118775 0.660214 0.000000
vt -1.118775 0.825268 0.000000
vt -1.118775 0.990321 0.000000
vt -1.183443 0.660214 0.000000
vt -1.199610 0.825268 0.000000
vt -1.183443 0.825268 0.000000
vt -1.199610 0.990321 0.000000
vt -1.183443 0.990321 0.000000
vt -1.199610 1.155375 0.000000
vt -1.122817 0.660214 0.000000
vt -1.126858 0.825268 0.000000
vt -1.122817 0.825268 0.000000
vt -1.126858 0.990321 0.000000
vt -1.122817 0.990321 0.000000
vt -1.126858 1.155375 0.000000
vt -1.122817 1.155375 0.000000
vt -1.126858 1.320428 0.000000
vt -0.989438 0.660214 0.000000
vt -1.013689 0.825268 0.000000
vt -0.989438 0.825268 0.000000
vt -1.013689 0.990321 0.000000
vt -0.940936 0.990321 0.000000
vt -0.965187 1.155375 0.000000
vt -0.989438 1.320428 0.000000
vt -1.013689 1.540500 0.000000
vt -1.037939 1.760571 0.000000
vt -1.062190 1.980642 0.000000
vt -1.086441 2.145696 0.000000
vt -1.090483 2.310749 0.000000
vt -1.094524 2.475803 0.000000
vt -1.037939 0.990321 0.000000
vt -1.134942 0.990321 0.000000
vt -1.151109 1.155375 0.000000
vt -1.167276 1.320428 0.000000
vt -1.183443 1.540500 0.000000
vt -1.199610 1.760571 0.000000
vt -1.207693 1.980642 0.000000
vt -1.207693 0.990321 0.000000
vt -1.215777 1.155375 0.000000
vt -1.280413 1.320428 0.000000
vt -1.345049 1.540500 0.000000
vt -1.409686 1.760571 0.000000
vt -1.707164 1.980642 0.000000
vt -1.707164 1.155375 0.000000
vt -1.215777 1.320428 0.000000
vt -1.280413 1.540500 0.000000
vt -1.215777 1.540500 0.000000
vt -1.280413 1.760571 0.000000
vt -1.207693 1.320428 0.000000
vt -1.207693 1.155375 0.000000
vt -1.151109 1.320428 0.000000
vt -1.167276 1.540500 0.000000
vt -1.151109 1.540500 0.000000
vt -1.167276 1.760571 0.000000
vt -1.151109 1.760571 0.000000
vt -1.167276 1.980642 0.000000
vt -1.134942 1.320428 0.000000
vt -1.134942 1.540500 0.000000
vt -1.134942 1.155375 0.000000
vt -1.118775 1.540500 0.000000
vt -1.037939 1.155375 0.000000
vt -0.940936 1.540500 0.000000
vt -0.940936 1.760571 0.000000
vt -0.940936 1.980642 0.000000
vt -0.965187 1.760571 0.000000
vt -0.989438 1.980642 0.000000
vt -1.122817 1.760571 0.000000
vt -1.126858 1.980642 0.000000
vt -1.134942 2.145696 0.000000
vt -1.151109 2.310749 0.000000
vt -1.167276 2.475803 0.000000
vt -1.183443 1.760571 0.000000
vt -1.199610 1.980642 0.000000
vt -1.207693 2.145696 0.000000
vt -1.345049 1.760571 0.000000
vt -1.409686 1.980642 0.000000
vt -1.707164 2.145696 0.000000
vt -0.965187 1.980642 0.000000
vt -1.183443 2.145696 0.000000
vt -1.183443 1.980642 0.000000
vt -1.199610 2.145696 0.000000
vt -1.199610 2.310749 0.000000
vt -1.207693 2.310749 0.000000
vt -1.409686 2.145696 0.000000
vt -1.345049 1.980642 0.000000
vt -1.707164 2.310749 0.000000
vt -1.207693 2.475803 0.000000
vt -1.086441 2.558330 0.000000
vt -1.062190 2.475803 0.000000
vt -1.037939 2.475803 0.000000
vt -0.813530 0.000000 0.000000
vt -0.000000 0.000000 0.000000
vt -0.892435 0.220071 0.000000
vt -0.051172 0.697193 0.000000
vt -0.892435 0.440143 0.000000
vt -0.892435 0.660214 0.000000
vt -0.940936 0.660214 0.000000
vt -0.940936 0.825268 0.000000
vt -0.965187 0.825268 0.000000
vt -0.965187 0.990321 0.000000
vt -0.989438 0.990321 0.000000
vt -0.989438 1.155375 0.000000
vt -1.013689 1.155375 0.000000
vt -1.013689 1.320428 0.000000
vt -1.037939 1.320428 0.000000
vt -1.037939 1.540500 0.000000
vt -1.062190 1.540500 0.000000
vt -1.062190 1.760571 0.000000
vt -1.086441 1.760571 0.000000
vt -1.086441 1.980642 0.000000
vt -1.090483 1.980642 0.000000
vt -1.090483 2.145696 0.000000
vt -1.094524 2.145696 0.000000
vt -1.094524 2.310749 0.000000
vt -1.098566 2.310749 0.000000
vt -1.098566 2.475803 0.000000
vt -1.102608 2.475803 0.000000
vt -1.102608 2.558330 0.000000
vt -1.106650 2.558330 0.000000
vt -1.118775 2.640856 0.000000
vt -1.110691 2.558330 0.000000
vt -1.114733 2.558330 0.000000
vt -1.110691 2.475803 0.000000
vt -1.114733 2.475803 0.000000
vt -1.110691 2.310749 0.000000
vt -1.114733 2.310749 0.000000
vt -1.110691 2.145696 0.000000
vt -1.114733 2.145696 0.000000
vt -1.110691 1.980642 0.000000
vt -1.114733 1.980642 0.000000
vt -1.110691 1.760571 0.000000
vt -1.114733 1.760571 0.000000
vt -1.110691 1.540500 0.000000
vt -1.114733 1.540500 0.000000
vt -1.110691 1.320428 0.000000
vt -1.114733 1.320428 0.000000
vt -1.110691 1.155375 0.000000
vt -1.114733 1.155375 0.000000
vt -1.110691 0.990321 0.000000
vt -1.114733 0.990321 0.000000
vt -1.110691 0.825268 0.000000
vt -1.114733 0.825268 0.000000
vt -1.110691 0.660214 0.000000
vt -1.114733 0.660214 0.000000
vt -1.110691 0.440143 0.000000
vt -1.114733 0.440143 0.000000
vt -1.110691 0.220071 0.000000
vt -1.114733 0.220071 0.000000
vt -1.110691 0.000000 0.000000
vt -1.118775 0.000000 0.000000
vt -1.118775 0.220071 0.000000
vt -1.122817 0.220071 0.000000
vt -1.122817 0.440143 0.000000
vt -1.126858 0.440143 0.000000
vt -1.126858 0.660214 0.000000
vt -1.134942 0.660214 0.000000
vt -1.134942 0.825268 0.000000
vt -1.151109 0.825268 0.000000
vt -1.151109 0.990321 0.000000
vt -1.167276 0.990321 0.000000
vt -1.167276 1.155375 0.000000
vt -1.183443 1.155375 0.000000
vt -1.183443 1.320428 0.000000
vt -1.199610 1.320428 0.000000
vt -1.199610 1.540500 0.000000
vt -1.207693 1.540500 0.000000
vt -1.207693 1.760571 0.000000
vt -1.215777 1.760571 0.000000
vt -1.215777 1.980642 0.000000
vt -1.280413 1.980642 0.000000
vt -1.280413 2.145696 0.000000
vt -1.345049 2.145696 0.000000
vt -1.345049 2.310749 0.000000
vt -1.409686 2.310749 0.000000
vt -1.409686 2.475803 0.000000
vt -1.707164 2.475803 0.000000
vt -1.707164 2.558330 0.000000
vt -2.004642 2.558330 0.000000
vt -2.302120 2.640856 0.000000
vt -2.234642 2.446936 0.000000
vt -0.892435 0.825268 0.000000
vt -0.096335 1.375834 0.000000
vt -0.892435 0.990321 0.000000
vt -0.892435 1.155375 0.000000
vt -0.940936 1.155375 0.000000
vt -0.940936 1.320428 0.000000
vt -0.965187 1.320428 0.000000
vt -0.965187 1.540500 0.000000
vt -0.989438 1.540500 0.000000
vt -0.989438 1.760571 0.000000
vt -1.013689 1.760571 0.000000
vt -1.013689 1.980642 0.000000
vt -1.037939 1.980642 0.000000
vt -1.037939 2.145696 0.000000
vt -1.062190 2.145696 0.000000
vt -1.062190 2.310749 0.000000
vt -1.086441 2.310749 0.000000
vt -1.086441 2.475803 0.000000
vt -1.090483 2.475803 0.000000
vt -1.090483 2.558330 0.000000
vt -1.094524 2.558330 0.000000
vt -1.086441 2.640856 0.000000
vt -1.098566 2.558330 0.000000
vt -0.114321 2.027579 0.000000
vt -0.892435 1.540500 0.000000
vt -0.892435 1.320428 0.000000
vt -0.000000 2.640856 0.000000
vt -0.892435 2.475803 0.000000
vt -0.892435 2.310749 0.000000
vt -0.892435 2.145696 0.000000
vt -0.940936 2.310749 0.000000
vt -0.940936 2.145696 0.000000
vt -0.965187 2.310749 0.000000
vt -0.965187 2.145696 0.000000
vt -0.989438 2.310749 0.000000
vt -0.989438 2.145696 0.000000
vt -1.013689 2.310749 0.000000
vt -1.013689 2.145696 0.000000
vt -1.037939 2.310749 0.000000
vt -0.892435 2.558330 0.000000
vt -0.892435 2.640856 0.000000
vt -0.940936 2.640856 0.000000
vt -0.989438 2.640856 0.000000
vt -0.965187 2.558330 0.000000
vt -0.940936 2.558330 0.000000
vt -1.037939 2.640856 0.000000
vt -1.013689 2.558330 0.000000
vt -0.989438 2.558330 0.000000
vt -0.965187 2.475803 0.000000
vt -0.940936 2.475803 0.000000
vt -1.062190 2.558330 0.000000
vt -1.037939 2.558330 0.000000
vt -1.013689 2.475803 0.000000
vt -0.989438 2.475803 0.000000
vt -1.151109 2.640856 0.000000
vt -1.126858 2.558330 0.000000
vt -1.122817 2.558330 0.000000
vt -1.118775 2.558330 0.000000
vt -1.118775 2.475803 0.000000
vt -1.183443 2.640856 0.000000
vt -1.151109 2.558330 0.000000
vt -1.134942 2.558330 0.000000
vt -1.126858 2.475803 0.000000
vt -1.122817 2.475803 0.000000
vt -1.122817 2.310749 0.000000
vt -1.118775 2.310749 0.000000
vt -1.118775 2.145696 0.000000
vt -1.215777 2.640856 0.000000
vt -1.183443 2.558330 0.000000
vt -1.167276 2.558330 0.000000
vt -1.151109 2.475803 0.000000
vt -1.134942 2.475803 0.000000
vt -1.134942 2.310749 0.000000
vt -1.126858 2.310749 0.000000
vt -1.126858 2.145696 0.000000
vt -1.122817 2.145696 0.000000
vt -1.122817 1.980642 0.000000
vt -1.118775 1.980642 0.000000
vt -1.118775 1.760571 0.000000
vt -1.264254 2.640856 0.000000
vt -1.215777 2.558330 0.000000
vt -1.207693 2.558330 0.000000
vt -1.199610 2.558330 0.000000
vt -1.199610 2.475803 0.000000
vt -1.183443 2.475803 0.000000
vt -1.183443 2.310749 0.000000
vt -1.167276 2.310749 0.000000
vt -1.167276 2.145696 0.000000
vt -1.151109 2.145696 0.000000
vt -1.151109 1.980642 0.000000
vt -1.134942 1.980642 0.000000
vt -1.134942 1.760571 0.000000
vt -1.126858 1.760571 0.000000
vt -1.126858 1.540500 0.000000
vt -1.122817 1.540500 0.000000
vt -1.122817 1.320428 0.000000
vt -1.118775 1.320428 0.000000
vt -1.118775 1.155375 0.000000
vt -1.312731 2.640856 0.000000
vt -1.280413 2.558330 0.000000
vt -1.215777 2.475803 0.000000
vt -1.280413 2.475803 0.000000
vt -1.215777 2.310749 0.000000
vt -1.280413 2.310749 0.000000
vt -1.215777 2.145696 0.000000
vt -1.361208 2.640856 0.000000
vt -1.345049 2.558330 0.000000
vt -1.345049 2.475803 0.000000
vt -1.409686 2.640856 0.000000
vt -1.409686 2.558330 0.000000
vt -2.201895 2.219110 0.000000
vt -2.004642 2.310749 0.000000
vt -2.004642 2.475803 0.000000
vt -2.004642 2.145696 0.000000
vt -2.191710 1.940837 0.000000
vt -2.004642 1.980642 0.000000
vt -2.004642 1.760571 0.000000
vt -1.707164 1.760571 0.000000
vt -1.707164 1.540500 0.000000
vt -1.409686 1.540500 0.000000
vt -1.409686 1.320428 0.000000
vt -1.345049 1.320428 0.000000
vt -1.345049 1.155375 0.000000
vt -1.280413 1.155375 0.000000
vt -1.280413 0.990321 0.000000
vt -1.215777 0.990321 0.000000
vt -1.215777 0.825268 0.000000
vt -1.207693 0.825268 0.000000
vt -1.207693 0.660214 0.000000
vt -1.199610 0.660214 0.000000
vt -1.199610 0.440143 0.000000
vt -1.183443 0.440143 0.000000
vt -1.183443 0.220071 0.000000
vt -1.167276 0.220071 0.000000
vt -1.175359 0.000000 0.000000
vt -1.167276 0.000000 0.000000
vt -2.198620 1.608475 0.000000
vt -2.004642 1.540500 0.000000
vt -1.707164 1.320428 0.000000
vt -1.409686 1.155375 0.000000
vt -1.345049 0.990321 0.000000
vt -1.280413 0.825268 0.000000
vt -1.215777 0.660214 0.000000
vt -1.207693 0.440143 0.000000
vt -1.199610 0.220071 0.000000
vt -1.191526 0.000000 0.000000
vt -1.183443 0.000000 0.000000
vt -2.243807 0.816917 0.000000
vt -2.004642 1.155375 0.000000
vt -2.004642 1.320428 0.000000
vt -2.302120 0.000000 0.000000
vt -2.004642 0.440143 0.000000
vt -2.004642 0.660214 0.000000
vt -2.004642 0.825268 0.000000
vt -1.707164 0.660214 0.000000
vt -1.707164 0.825268 0.000000
vt -1.409686 0.660214 0.000000
vt -1.409686 0.825268 0.000000
vt -1.345049 0.660214 0.000000
vt -1.345049 0.825268 0.000000
vt -1.280413 0.660214 0.000000
vt -1.215777 0.000000 0.000000
vt -1.707164 0.220071 0.000000
vt -2.004642 0.220071 0.000000
vt -1.707164 0.440143 0.000000
vt -1.409686 0.220071 0.000000
vt -1.409686 0.440143 0.000000
vt -1.345049 0.220071 0.000000
vt -1.345049 0.440143 0.000000
vt -1.280413 0.220071 0.000000
vt -1.280413 0.440143 0.000000
vt -1.215777 0.220071 0.000000
vt -1.215777 0.440143 0.000000
vt -1.207693 0.220071 0.000000
vt -1.207693 0.000000 0.000000
vt -1.199610 0.000000 0.000000
vt -1.159192 0.000000 0.000000
vt -1.151109 0.220071 0.000000
vt -1.167276 0.440143 0.000000
vt -1.151109 0.440143 0.000000
vt -1.167276 0.660214 0.000000
vt -1.151109 0.660214 0.000000
vt -1.167276 0.825268 0.000000
vt -1.151109 0.000000 0.000000
vt -1.143025 0.000000 0.000000
vt -1.134942 0.220071 0.000000
vt -1.134942 0.000000 0.000000
vt -1.126858 0.000000 0.000000
vt -1.126858 0.220071 0.000000
vt -1.134942 0.440143 0.000000
vt -1.106650 0.220071 0.000000
vt -1.102608 0.000000 0.000000
vt -1.102608 0.220071 0.000000
vt -1.098566 0.220071 0.000000
vt -1.102608 0.440143 0.000000
vt -1.098566 0.440143 0.000000
vt -1.102608 0.660214 0.000000
vt -1.098566 0.660214 0.000000
vt -1.102608 0.825268 0.000000
vt -1.098566 0.825268 0.000000
vt -1.102608 0.990321 0.000000
vt -1.098566 0.990321 0.000000
vt -1.102608 1.155375 0.000000
vt -1.098566 1.155375 0.000000
vt -1.102608 1.320428 0.000000
vt -1.098566 1.320428 0.000000
vt -1.102608 1.540500 0.000000
vt -1.098566 1.540500 0.000000
vt -1.102608 1.760571 0.000000
vt -1.098566 1.760571 0.000000
vt -1.102608 1.980642 0.000000
vt -1.098566 1.980642 0.000000
vt -1.102608 2.145696 0.000000
vt -1.098566 2.145696 0.000000
vt -1.102608 2.310749 0.000000
vt -1.094524 0.000000 0.000000
vt -1.094524 0.220071 0.000000
vt -1.094524 0.440143 0.000000
vt -1.094524 0.660214 0.000000
vt -1.094524 0.825268 0.000000
vt -1.094524 0.990321 0.000000
vt -1.094524 1.155375 0.000000
vt -1.094524 1.320428 0.000000
vt -1.094524 1.540500 0.000000
vt -1.094524 1.760571 0.000000
vt -1.094524 1.980642 0.000000
vt -1.090483 0.220071 0.000000
vt -1.086441 0.000000 0.000000
vt -1.086441 0.220071 0.000000
vt -1.062190 0.220071 0.000000
vt -1.086441 0.440143 0.000000
vt -1.062190 0.440143 0.000000
vt -1.086441 0.660214 0.000000
vt -1.062190 0.660214 0.000000
vt -1.086441 0.825268 0.000000
vt -1.062190 0.825268 0.000000
vt -1.086441 0.990321 0.000000
vt -1.062190 0.990321 0.000000
vt -1.086441 1.155375 0.000000
vt -1.062190 1.155375 0.000000
vt -1.086441 1.320428 0.000000
vt -1.062190 1.320428 0.000000
vt -1.086441 1.540500 0.000000
vt -0.989438 0.220071 0.000000
vt -1.013689 0.220071 0.000000
vt -1.037939 0.220071 0.000000
vt -1.037939 0.440143 0.000000
vt -2.004642 0.990321 0.000000
vt -1.707164 0.990321 0.000000
vt -1.409686 0.990321 0.000000
vt -0.892435 1.760571 0.000000
vt -0.892435 1.980642 0.000000
vt -0.940936 0.220071 0.000000
vt -0.965187 0.220071 0.000000
vt -0.989438 0.440143 0.000000
vt -1.013689 0.440143 0.000000
vt -1.013689 0.660214 0.000000
vt -1.037939 0.660214 0.000000
vt -1.037939 0.825268 0.000000
vt -0.940936 0.440143 0.000000
vt -0.965187 0.440143 0.000000
vt -0.965187 0.660214 0.000000
vt -1.090483 0.440143 0.000000
vt -1.090483 0.660214 0.000000
vt -1.090483 0.825268 0.000000
vt -1.090483 0.990321 0.000000
vt -1.090483 1.155375 0.000000
vt -1.090483 1.320428 0.000000
vt -1.090483 1.540500 0.000000
vt -1.090483 1.760571 0.000000
vt -1.106650 0.440143 0.000000
vt -1.106650 0.660214 0.000000
vt -1.106650 0.825268 0.000000
vt -1.106650 0.990321 0.000000
vt -1.106650 1.155375 0.000000
vt -1.106650 1.320428 0.000000
vt -1.106650 1.540500 0.000000
vt -1.106650 1.760571 0.000000
vt -1.106650 1.980642 0.000000
vt -1.106650 2.145696 0.000000
vt -1.106650 2.310749 0.000000
vt -1.106650 2.475803 0.000000
vt -1.118775 0.440143 0.000000
vt -1.118775 0.660214 0.000000
vt -1.118775 0.825268 0.000000
vt -1.118775 0.990321 0.000000
vt -1.183443 0.660214 0.000000
vt -1.199610 0.825268 0.000000
vt -1.183443 0.825268 0.000000
vt -1.199610 0.990321 0.000000
vt -1.183443 0.990321 0.000000
vt -1.199610 1.155375 0.000000
vt -1.122817 0.660214 0.000000
vt -1.126858 0.825268 0.000000
vt -1.122817 0.825268 0.000000
vt -1.126858 0.990321 0.000000
vt -1.122817 0.990321 0.000000
vt -1.126858 1.155375 0.000000
vt -1.122817 1.155375 0.000000
vt -1.126858 1.320428 0.000000
vt -0.989438 0.660214 0.000000
vt -1.013689 0.825268 0.000000
vt -0.989438 0.825268 0.000000
vt -1.013689 0.990321 0.000000
vt -0.940936 0.990321 0.000000
vt -0.965187 1.155375 0.000000
vt -0.989438 1.320428 0.000000
vt -1.013689 1.540500 0.000000
vt -1.037939 1.760571 0.000000
vt -1.062190 1.980642 0.000000
vt -1.086441 2.145696 0.000000
vt -1.090483 2.310749 0.000000
vt -1.094524 2.475803 0.000000
vt -1.037939 0.990321 0.000000
vt -1.134942 0.990321 0.000000
vt -1.151109 1.155375 0.000000
vt -1.167276 1.320428 0.000000
vt -1.183443 1.540500 0.000000
vt -1.199610 1.760571 0.000000
vt -1.207693 1.980642 0.000000
vt -1.207693 0.990321 0.000000
vt -1.215777 1.155375 0.000000
vt -1.280413 1.320428 0.000000
vt -1.345049 1.540500 0.000000
vt -1.409686 1.760571 0.000000
vt -1.707164 1.980642 0.000000
vt -1.707164 1.155375 0.000000
vt -1.215777 1.320428 0.000000
vt -1.280413 1.540500 0.000000
vt -1.215777 1.540500 0.000000
vt -1.280413 1.760571 0.000000
vt -1.207693 1.320428 0.000000
vt -1.207693 1.155375 0.000000
vt -1.151109 1.320428 0.000000
vt -1.167276 1.540500 0.000000
vt -1.151109 1.540500 0.000000
vt -1.167276 1.760571 0.000000
vt -1.151109 1.760571 0.000000
vt -1.167276 1.980642 0.000000
vt -1.134942 1.320428 0.000000
vt -1.134942 1.540500 0.000000
vt -1.134942 1.155375 0.000000
vt -1.118775 1.540500 0.000000
vt -1.037939 1.155375 0.000000
vt -0.940936 1.540500 0.000000
vt -0.940936 1.760571 0.000000
vt -0.940936 1.980642 0.000000
vt -0.965187 1.760571 0.000000
vt -0.989438 1.980642 0.000000
vt -1.122817 1.760571 0.000000
vt -1.126858 1.980642 0.000000
vt -1.134942 2.145696 0.000000
vt -1.151109 2.310749 0.000000
vt -1.167276 2.475803 0.000000
vt -1.183443 1.760571 0.000000
vt -1.199610 1.980642 0.000000
vt -1.207693 2.145696 0.000000
vt -1.345049 1.760571 0.000000
vt -1.409686 1.980642 0.000000
vt -1.707164 2.145696 0.000000
vt -0.965187 1.980642 0.000000
vt -1.183443 2.145696 0.000000
vt -1.183443 1.980642 0.000000
vt -1.199610 2.145696 0.000000
vt -1.199610 2.310749 0.000000
vt -1.207693 2.310749 0.000000
vt -1.409686 2.145696 0.000000
vt -1.345049 1.980642 0.000000
vt -1.707164 2.310749 0.000000
vt -1.207693 2.475803 0.000000
vt -1.086441 2.558330 0.000000
vt -1.062190 2.475803 0.000000
vt -1.037939 2.475803 0.000000
vt -2.617197 -2.794371 0.000000
vt -3.400000 -3.121139 0.000000
vt -2.266667 -3.132589 0.000000
vt -3.400000 -3.483841 0.000000
vt -1.699996 -3.407480 0.000000
vt -1.133333 -3.682368 0.000000
vt -3.400000 -3.846542 0.000000
vt -0.834142 -3.943058 0.000000
vt -3.400000 -4.209244 0.000000
vt -0.542949 -4.211822 0.000000
vt -0.263291 -4.492372 0.000000
vt -3.400000 -4.571946 0.000000
vt -0.000000 -4.781927 0.000000
vt -3.400000 -4.934647 0.000000
vt -0.000000 -5.144629 0.000000
vt -3.400000 -5.297349 0.000000
vt -0.000000 -5.507331 0.000000
vt -3.136730 -5.586690 0.000000
vt -0.000000 -5.870032 0.000000
vt -2.857055 -5.867074 0.000000
vt -2.565865 -6.135647 0.000000
vt -3.400000 -2.758437 0.000000
vt -2.956935 -2.458502 0.000000
vt -3.400000 -2.395735 0.000000
vt -3.099568 -2.314352 0.000000
vt -3.219008 -2.194431 0.000000
vt -3.316773 -2.101040 0.000000
vt -3.400000 -2.033034 0.000000
vt -0.000000 -6.232734 0.000000
vt -2.266667 -6.396132 0.000000
vt -0.000000 -6.595436 0.000000
vt -1.699996 -6.671023 0.000000
vt -1.133333 -6.945911 0.000000
vt -0.000000 -6.958138 0.000000
vt -0.782819 -7.284398 0.000000
vt -0.000000 -7.320839 0.000000
vt -0.443078 -7.620509 0.000000
vt -0.000000 -7.683541 0.000000
vt -0.300438 -7.764759 0.000000
vt -0.180991 -7.884759 0.000000
vt -0.083224 -7.978206 0.000000
vt -0.000000 -8.046243 0.000000
vt -2.617197 0.870821 0.000000
vt -3.400000 0.544053 0.000000
vt -2.266667 0.532603 0.000000
vt -3.400000 0.181351 0.000000
vt -1.699996 0.257711 0.000000
vt -1.133333 -0.017176 0.000000
vt -3.400000 -0.181351 0.000000
vt -0.834142 -0.277866 0.000000
vt -3.400000 -0.544053 0.000000
vt -0.542949 -0.546630 0.000000
vt -0.263291 -0.827181 0.000000
vt -3.400000 -0.906754 0.000000
vt -0.000000 -1.116736 0.000000
vt -3.400000 -1.269456 0.000000
vt -0.000000 -1.479438 0.000000
vt -3.400000 -1.632158 0.000000
vt -0.000000 -1.842139 0.000000
vt -3.136730 -1.921499 0.000000
vt -0.000000 -2.204841 0.000000
vt -2.857055 -2.201883 0.000000
vt -2.565865 -2.470456 0.000000
vt -3.400000 0.906754 0.000000
vt -2.956935 1.206690 0.000000
vt -3.400000 1.269456 0.000000
vt -3.099568 1.350840 0.000000
vt -3.219008 1.470760 0.000000
vt -3.316773 1.564152 0.000000
vt -3.400000 1.632158 0.000000
vt -0.000000 -2.567543 0.000000
vt -2.266667 -2.730941 0.000000
vt 0.000000 -2.930244 0.000000
vt -1.699996 -3.005832 0.000000
vt -1.133333 -3.280720 0.000000
vt -0.000000 -3.292946 0.000000
vt -0.782819 -3.619206 0.000000
vt -0.000000 -3.655648 0.000000
vt -0.443078 -3.955318 0.000000
vt -0.000000 -4.018350 0.000000
vt -0.300438 -4.099568 0.000000
vt -0.180991 -4.219568 0.000000
vt -0.083224 -4.313015 0.000000
vt -0.000000 -4.381051 0.000000
vt -3.136730 1.743693 0.000000
vt -0.000000 1.823052 0.000000
vt -3.400000 2.033034 0.000000
vt -0.000000 2.185754 0.000000
vt -3.400000 2.395735 0.000000
vt -0.000000 2.548456 0.000000
vt -3.400000 2.758437 0.000000
vt -0.263291 2.838010 0.000000
vt -3.400000 3.121139 0.000000
vt -0.542949 3.118561 0.000000
vt -0.834142 3.387325 0.000000
vt -0.000000 1.460350 0.000000
vt -2.857055 1.463308 0.000000
vt -2.565865 1.194736 0.000000
vt -0.000000 1.097649 0.000000
vt -2.266667 0.934251 0.000000
vt 0.000000 0.734947 0.000000
vt -1.699996 0.659359 0.000000
vt -1.133333 0.384472 0.000000
vt -0.000000 0.372245 0.000000
vt -0.782819 0.045985 0.000000
vt -0.000000 0.009544 0.000000
vt -0.443078 -0.290126 0.000000
vt -0.000000 -0.353158 0.000000
vt -0.300438 -0.434376 0.000000
vt -0.180991 -0.554376 0.000000
vt -0.083224 -0.647824 0.000000
vt -0.000000 -0.715860 0.000000
vt -3.400000 3.483841 0.000000
vt -1.133333 3.648015 0.000000
vt -3.400000 3.846542 0.000000
vt -1.699996 3.922903 0.000000
vt -2.266667 4.197794 0.000000
vt -3.400000 4.209244 0.000000
vt -2.617197 4.536012 0.000000
vt -3.400000 4.571946 0.000000
vt -2.956935 4.871881 0.000000
vt -3.400000 4.934647 0.000000
vt -3.099568 5.016031 0.000000
vt -3.219008 5.135952 0.000000
vt -3.316773 5.229343 0.000000
vt -3.400000 5.297349 0.000000
vt -4.016952 0.810012 0.000000
vt -3.543064 1.216589 0.000000
vt -4.016952 1.620036 0.000000
vt -3.069176 1.216589 0.000000
vt -2.121400 1.620036 0.000000
vt -2.595288 1.216589 0.000000
vt -2.121400 1.216589 0.000000
vt -2.121400 0.810012 0.000000
vt -2.107295 0.810012 0.000000
vt -2.107295 0.406571 0.000000
vt -2.093190 0.406571 0.000000
vt -2.093160 0.000000 0.000000
vt -2.079082 0.000000 0.000000
vt -4.016952 0.000000 0.000000
vt -3.543064 0.406571 0.000000
vt -3.543064 0.810012 0.000000
vt -3.069176 0.810012 0.000000
vt -2.595288 0.810012 0.000000
vt -2.594671 0.000000 0.000000
vt -3.069176 0.406571 0.000000
vt -2.121400 0.000000 0.000000
vt -2.121400 0.406571 0.000000
vt -2.595288 0.406571 0.000000
vt -2.107275 0.000000 0.000000
vt -2.079085 0.406571 0.000000
vt -2.065013 0.000000 0.000000
vt -2.064981 0.406571 0.000000
vt -2.050926 0.000004 0.000000
vt -2.050876 0.406571 0.000000
vt -2.036882 0.000108 0.000000
vt -2.036771 0.406571 0.000000
vt -2.022673 0.000050 0.000000
vt -2.022666 0.406571 0.000000
vt -2.008491 0.000000 0.000000
vt -2.008561 0.406571 0.000000
vt -1.994466 0.000052 0.000000
vt -1.994456 0.406571 0.000000
vt -1.980459 0.000105 0.000000
vt -1.980352 0.406571 0.000000
vt -1.966297 0.000005 0.000000
vt -1.966247 0.406571 0.000000
vt -1.952176 0.000000 0.000000
vt -1.952142 0.406571 0.000000
vt -1.938033 0.000000 0.000000
vt -1.938037 0.406571 0.000000
vt -1.923900 0.000000 0.000000
vt -1.923932 0.406571 0.000000
vt -1.909807 0.000000 0.000000
vt -1.909827 0.406571 0.000000
vt -1.895723 0.000000 0.000000
vt -1.895723 0.406571 0.000000
vt -1.557203 0.000000 0.000000
vt -1.421792 0.406571 0.000000
vt -0.947861 0.406571 0.000000
vt -1.421792 0.810012 0.000000
vt -0.947861 0.810012 0.000000
vt -1.421792 1.216589 0.000000
vt -0.947861 1.216589 0.000000
vt -1.419522 1.620036 0.000000
vt -0.473931 1.216589 0.000000
vt -0.000000 1.620036 0.000000
vt -0.000000 0.810012 0.000000
vt -0.473931 0.810012 0.000000
vt -0.473931 0.406571 0.000000
vt -0.000000 0.000000 0.000000
vt -1.895723 1.620036 0.000000
vt -1.895723 1.216589 0.000000
vt -1.895723 0.810012 0.000000
vt -1.909827 1.620036 0.000000
vt -1.909827 1.216589 0.000000
vt -1.909827 0.810012 0.000000
vt -1.923932 1.620036 0.000000
vt -1.923932 1.216589 0.000000
vt -1.923932 0.810012 0.000000
vt -1.938037 1.620036 0.000000
vt -1.938037 1.216589 0.000000
vt -1.938037 0.810012 0.000000
vt -1.952142 1.620036 0.000000
vt -1.952142 1.216589 0.000000
vt -1.952142 0.810012 0.000000
vt -1.966247 1.620036 0.000000
vt -1.966247 1.216589 0.000000
vt -1.966247 0.810012 0.000000
vt -1.980352 1.620036 0.000000
vt -1.980352 1.216589 0.000000
vt -1.980352 0.810012 0.000000
vt -1.994456 1.620036 0.000000
vt -1.994456 1.216589 0.000000
vt -1.994456 0.810012 0.000000
vt -2.008561 1.620036 0.000000
vt -2.008561 1.216589 0.000000
vt -2.008561 0.810012 0.000000
vt -2.022666 1.620036 0.000000
vt -2.022666 1.216589 0.000000
vt -2.022666 0.810012 0.000000
vt -2.036771 1.620036 0.000000
vt -2.036771 1.216589 0.000000
vt -2.036771 0.810012 0.000000
vt -2.050876 1.620036 0.000000
vt -2.050876 1.216589 0.000000
vt -2.050876 0.810012 0.000000
vt -2.064981 1.620036 0.000000
vt -2.064981 1.216589 0.000000
vt -2.064981 0.810012 0.000000
vt -2.079085 1.620036 0.000000
vt -2.079085 1.216589 0.000000
vt -2.079085 0.810012 0.000000
vt -2.093190 1.620036 0.000000
vt -2.093190 1.216589 0.000000
vt -2.093190 0.810012 0.000000
vt -2.107295 1.620036 0.000000
vt -2.107295 1.216589 0.000000
vt -4.016952 0.810012 0.000000
vt -3.543064 1.216589 0.000000
vt -4.016952 1.620036 0.000000
vt -3.069176 1.216589 0.000000
vt -2.121400 1.620036 0.000000
vt -2.595288 1.216589 0.000000
vt -2.121400 1.216589 0.000000
vt -2.121400 0.810012 0.000000
vt -2.107295 0.810012 0.000000
vt -2.107295 0.406571 0.000000
vt -2.093190 0.406571 0.000000
vt -2.093160 0.000000 0.000000
vt -2.079082 0.000000 0.000000
vt -4.016952 0.000000 0.000000
vt -3.543064 0.406571 0.000000
vt -3.543064 0.810012 0.000000
vt -3.069176 0.810012 0.000000
vt -2.595288 0.810012 0.000000
vt -2.594671 0.000000 0.000000
vt -3.069176 0.406571 0.000000
vt -2.121400 0.000000 0.000000
vt -2.121400 0.406571 0.000000
vt -2.595288 0.406571 0.000000
vt -2.107275 0.000000 0.000000
vt -2.079085 0.406571 0.000000
vt -2.065013 0.000000 0.000000
vt -2.064981 0.406571 0.000000
vt -2.050926 0.000004 0.000000
vt -2.050876 0.406571 0.000000
vt -2.036882 0.000108 0.000000
vt -2.036771 0.406571 0.000000
vt -2.022673 0.000050 0.000000
vt -2.022666 0.406571 0.000000
vt -2.008491 0.000000 0.000000
vt -2.008561 0.406571 0.000000
vt -1.994466 0.000052 0.000000
vt -1.994456 0.406571 0.000000
vt -1.980459 0.000105 0.000000
vt -1.980352 0.406571 0.000000
vt -1.966297 0.000005 0.000000
vt -1.966247 0.406571 0.000000
vt -1.952176 0.000000 0.000000
vt -1.952142 0.406571 0.000000
vt -1.938033 0.000000 0.000000
vt -1.938037 0.406571 0.000000
vt -1.923900 0.000000 0.000000
vt -1.923932 0.406571 0.000000
vt -1.909807 0.000000 0.000000
vt -1.909827 0.406571 0.000000
vt -1.895723 0.000000 0.000000
vt -1.895723 0.406571 0.000000
vt -1.557203 0.000000 0.000000
vt -1.421792 0.406571 0.000000
vt -0.947861 0.406571 0.000000
vt -1.421792 0.810012 0.000000
vt -0.947861 0.810012 0.000000
vt -1.421792 1.216589 0.000000
vt -0.947861 1.216589 0.000000
vt -1.419522 1.620036 0.000000
vt -0.473931 1.216589 0.000000
vt -0.000000 1.620036 0.000000
vt -0.000000 0.810012 0.000000
vt -0.473931 0.810012 0.000000
vt -0.473931 0.406571 0.000000
vt -0.000000 0.000000 0.000000
vt -1.895723 1.620036 0.000000
vt -1.895723 1.216589 0.000000
vt -1.895723 0.810012 0.000000
vt -1.909827 1.620036 0.000000
vt -1.909827 1.216589 0.000000
vt -1.909827 0.810012 0.000000
vt -1.923932 1.620036 0.000000
vt -1.923932 1.216589 0.000000
vt -1.923932 0.810012 0.000000
vt -1.938037 1.620036 0.000000
vt -1.938037 1.216589 0.000000
vt -1.938037 0.810012 0.000000
vt -1.952142 1.620036 0.000000
vt -1.952142 1.216589 0.000000
vt -1.952142 0.810012 0.000000
vt -1.966247 1.620036 0.000000
vt -1.966247 1.216589 0.000000
vt -1.966247 0.810012 0.000000
vt -1.980352 1.620036 0.000000
vt -1.980352 1.216589 0.000000
vt -1.980352 0.810012 0.000000
vt -1.994456 1.620036 0.000000
vt -1.994456 1.216589 0.000000
vt -1.994456 0.810012 0.000000
vt -2.008561 1.620036 0.000000
vt -2.008561 1.216589 0.000000
vt -2.008561 0.810012 0.000000
vt -2.022666 1.620036 0.000000
vt -2.022666 1.216589 0.000000
vt -2.022666 0.810012 0.000000
vt -2.036771 1.620036 0.000000
vt -2.036771 1.216589 0.000000
vt -2.036771 0.810012 0.000000
vt -2.050876 1.620036 0.000000
vt -2.050876 1.216589 0.000000
vt -2.050876 0.810012 0.000000
vt -2.064981 1.620036 0.000000
vt -2.064981 1.216589 0.000000
vt -2.064981 0.810012 0.000000
vt -2.079085 1.620036 0.000000
vt -2.079085 1.216589 0.000000
vt -2.079085 0.810012 0.000000
vt -2.093190 1.620036 0.000000
vt -2.093190 1.216589 0.000000
vt -2.093190 0.810012 0.000000
vt -2.107295 1.620036 0.000000
vt -2.107295 1.216589 0.000000
vt 2.234227 0.193918 0.000000
vt 2.004348 0.082529 0.000000
vt 2.301783 0.000000 0.000000
vt 1.706914 0.082529 0.000000
vt 1.409479 0.000000 0.000000
vt 1.409479 0.082529 0.000000
vt 1.344820 0.082529 0.000000
vt 1.344820 0.165057 0.000000
vt 1.280161 0.165057 0.000000
vt 1.280161 0.330115 0.000000
vt 1.215501 0.330115 0.000000
vt 1.215501 0.495172 0.000000
vt 1.207419 0.495172 0.000000
vt 1.207419 0.577701 0.000000
vt 1.199337 0.577701 0.000000
vt 1.199337 0.660230 0.000000
vt 1.183172 0.660230 0.000000
vt 1.183172 0.825287 0.000000
vt 1.167007 0.825287 0.000000
vt 1.167007 0.990345 0.000000
vt 1.150843 0.990345 0.000000
vt 1.150843 1.155402 0.000000
vt 1.134678 1.155402 0.000000
vt 1.134678 1.320460 0.000000
vt 1.126596 1.320460 0.000000
vt 1.126596 1.540536 0.000000
vt 1.122555 1.540536 0.000000
vt 1.122555 1.760613 0.000000
vt 1.118513 1.760613 0.000000
vt 1.118513 1.980689 0.000000
vt 1.114472 1.980689 0.000000
vt 1.114472 2.145747 0.000000
vt 1.110431 2.145747 0.000000
vt 1.110431 2.310804 0.000000
vt 1.106390 2.310804 0.000000
vt 1.106390 2.475862 0.000000
vt 1.102349 2.475862 0.000000
vt 1.102349 2.640919 0.000000
vt 1.098308 2.475862 0.000000
vt 1.094267 2.640919 0.000000
vt 1.094267 2.475862 0.000000
vt 1.090225 2.475862 0.000000
vt 1.094267 2.310804 0.000000
vt 1.090225 2.310804 0.000000
vt 1.094267 2.145747 0.000000
vt 1.090225 2.145747 0.000000
vt 1.094267 1.980689 0.000000
vt 1.090225 1.980689 0.000000
vt 1.094267 1.760613 0.000000
vt 1.090225 1.760613 0.000000
vt 1.094267 1.540536 0.000000
vt 1.090225 1.540536 0.000000
vt 1.094267 1.320460 0.000000
vt 1.090225 1.320460 0.000000
vt 1.094267 1.155402 0.000000
vt 1.090225 1.155402 0.000000
vt 1.094267 0.990345 0.000000
vt 1.090225 0.990345 0.000000
vt 1.094267 0.825287 0.000000
vt 1.090225 0.825287 0.000000
vt 1.094267 0.660230 0.000000
vt 1.090225 0.660230 0.000000
vt 1.094267 0.577701 0.000000
vt 1.090225 0.577701 0.000000
vt 1.094267 0.495172 0.000000
vt 1.090225 0.495172 0.000000
vt 1.094267 0.330115 0.000000
vt 1.090225 0.330115 0.000000
vt 1.094267 0.165057 0.000000
vt 1.090225 0.165057 0.000000
vt 1.094267 0.082529 0.000000
vt 1.090225 0.082529 0.000000
vt 1.086184 0.000000 0.000000
vt 1.086184 0.082529 0.000000
vt 1.061949 0.082529 0.000000
vt 1.061949 0.165057 0.000000
vt 1.037714 0.165057 0.000000
vt 1.037714 0.330115 0.000000
vt 1.013479 0.330115 0.000000
vt 1.013479 0.495172 0.000000
vt 0.989244 0.495172 0.000000
vt 0.989244 0.577701 0.000000
vt 0.965009 0.577701 0.000000
vt 0.965009 0.660230 0.000000
vt 0.940774 0.660230 0.000000
vt 0.940774 0.825287 0.000000
vt 0.892304 0.825287 0.000000
vt 0.892304 0.990345 0.000000
vt 0.114435 0.613341 0.000000
vt 0.096428 1.265066 0.000000
vt 0.892304 1.155402 0.000000
vt 0.892304 1.320460 0.000000
vt 0.940774 1.155402 0.000000
vt 0.940774 1.320460 0.000000
vt 0.965009 1.155402 0.000000
vt 0.965009 1.320460 0.000000
vt 0.989244 1.155402 0.000000
vt 0.989244 1.320460 0.000000
vt 1.013479 1.155402 0.000000
vt 1.013479 1.320460 0.000000
vt 1.037714 1.155402 0.000000
vt 1.037714 1.320460 0.000000
vt 1.061949 1.155402 0.000000
vt 1.061949 1.320460 0.000000
vt 1.086184 1.155402 0.000000
vt 1.086184 1.320460 0.000000
vt 2.201442 0.421756 0.000000
vt 2.004348 0.330115 0.000000
vt 2.004348 0.165057 0.000000
vt 1.706914 0.165057 0.000000
vt 1.409479 0.165057 0.000000
vt 2.191244 0.700050 0.000000
vt 2.004348 0.577701 0.000000
vt 2.004348 0.495172 0.000000
vt 1.706914 0.495172 0.000000
vt 1.706914 0.330115 0.000000
vt 1.409479 0.495172 0.000000
vt 1.409479 0.330115 0.000000
vt 1.344820 0.495172 0.000000
vt 1.344820 0.330115 0.000000
vt 1.280161 0.495172 0.000000
vt 2.198161 1.032435 0.000000
vt 2.004348 0.825287 0.000000
vt 2.004348 0.660230 0.000000
vt 1.706914 0.660230 0.000000
vt 1.706914 0.577701 0.000000
vt 1.409479 0.660230 0.000000
vt 1.409479 0.577701 0.000000
vt 1.344820 0.660230 0.000000
vt 1.344820 0.577701 0.000000
vt 1.280161 0.660230 0.000000
vt 1.280161 0.577701 0.000000
vt 1.215501 0.660230 0.000000
vt 1.215501 0.577701 0.000000
vt 1.207419 0.660230 0.000000
vt 2.243398 1.824019 0.000000
vt 2.004348 1.320460 0.000000
vt 2.004348 1.155402 0.000000
vt 2.004348 0.990345 0.000000
vt 1.706914 1.155402 0.000000
vt 1.706914 0.990345 0.000000
vt 1.409479 1.155402 0.000000
vt 1.409479 0.990345 0.000000
vt 1.344820 1.155402 0.000000
vt 1.344820 0.990345 0.000000
vt 1.280161 1.155402 0.000000
vt 1.280161 0.990345 0.000000
vt 1.215501 1.155402 0.000000
vt 1.215501 0.990345 0.000000
vt 1.207419 1.155402 0.000000
vt 1.207419 0.990345 0.000000
vt 1.199337 1.155402 0.000000
vt 1.199337 0.990345 0.000000
vt 1.183172 1.155402 0.000000
vt 1.183172 0.990345 0.000000
vt 1.167007 1.155402 0.000000
vt 2.301783 2.640919 0.000000
vt 2.004348 2.310804 0.000000
vt 2.004348 2.145747 0.000000
vt 2.004348 1.980689 0.000000
vt 1.706914 2.145747 0.000000
vt 1.706914 1.980689 0.000000
vt 1.409479 2.145747 0.000000
vt 1.409479 1.980689 0.000000
vt 1.344820 2.145747 0.000000
vt 1.344820 1.980689 0.000000
vt 1.280161 2.145747 0.000000
vt 1.280161 1.980689 0.000000
vt 1.215501 2.145747 0.000000
vt 1.215501 1.980689 0.000000
vt 1.207419 2.145747 0.000000
vt 1.207419 1.980689 0.000000
vt 1.199337 2.145747 0.000000
vt 1.199337 1.980689 0.000000
vt 1.183172 2.145747 0.000000
vt 1.183172 1.980689 0.000000
vt 1.167007 2.145747 0.000000
vt 1.167007 1.980689 0.000000
vt 1.150843 2.145747 0.000000
vt 1.150843 1.980689 0.000000
vt 1.134678 2.145747 0.000000
vt 1.134678 1.980689 0.000000
vt 1.126596 2.145747 0.000000
vt 1.126596 1.980689 0.000000
vt 1.122555 2.145747 0.000000
vt 1.122555 1.980689 0.000000
vt 1.118513 2.145747 0.000000
vt 2.004348 2.475862 0.000000
vt 1.409479 2.640919 0.000000
vt 1.706914 2.475862 0.000000
vt 1.409479 2.475862 0.000000
vt 1.706914 2.310804 0.000000
vt 1.409479 2.310804 0.000000
vt 1.344820 2.475862 0.000000
vt 1.215501 2.640919 0.000000
vt 1.280161 2.475862 0.000000
vt 1.215501 2.475862 0.000000
vt 1.280161 2.310804 0.000000
vt 1.215501 2.310804 0.000000
vt 1.207419 2.640919 0.000000
vt 1.207419 2.475862 0.000000
vt 1.207419 2.310804 0.000000
vt 1.199337 2.640919 0.000000
vt 1.199337 2.475862 0.000000
vt 1.199337 2.310804 0.000000
vt 1.191254 2.640919 0.000000
vt 1.183172 2.475862 0.000000
vt 1.183172 2.310804 0.000000
vt 1.183172 2.640919 0.000000
vt 1.175090 2.640919 0.000000
vt 1.167007 2.475862 0.000000
vt 1.167007 2.640919 0.000000
vt 1.158925 2.640919 0.000000
vt 1.150843 2.475862 0.000000
vt 1.150843 2.640919 0.000000
vt 1.142760 2.640919 0.000000
vt 1.134678 2.475862 0.000000
vt 1.134678 2.640919 0.000000
vt 1.126596 2.640919 0.000000
vt 1.118513 2.640919 0.000000
vt 1.122555 2.475862 0.000000
vt 1.126596 2.475862 0.000000
vt 1.134678 2.310804 0.000000
vt 1.150843 2.310804 0.000000
vt 1.110431 2.640919 0.000000
vt 1.114472 2.475862 0.000000
vt 1.118513 2.475862 0.000000
vt 1.122555 2.310804 0.000000
vt 1.126596 2.310804 0.000000
vt 1.110431 2.475862 0.000000
vt 1.114472 2.310804 0.000000
vt 1.118513 2.310804 0.000000
vt 1.086184 2.640919 0.000000
vt 1.086184 2.475862 0.000000
vt 1.086184 2.310804 0.000000
vt 1.086184 2.145747 0.000000
vt 1.086184 1.980689 0.000000
vt 1.086184 1.760613 0.000000
vt 1.086184 1.540536 0.000000
vt 0.814992 2.640919 0.000000
vt 0.989244 2.475862 0.000000
vt 1.013479 2.475862 0.000000
vt 1.037714 2.475862 0.000000
vt 1.037714 2.310804 0.000000
vt 1.061949 2.310804 0.000000
vt 1.061949 2.145747 0.000000
vt 0.000000 2.640919 0.000000
vt 0.892304 2.475862 0.000000
vt 0.940774 2.475862 0.000000
vt 0.965009 2.475862 0.000000
vt 0.965009 2.310804 0.000000
vt 0.989244 2.310804 0.000000
vt 0.989244 2.145747 0.000000
vt 1.013479 2.145747 0.000000
vt 1.013479 1.980689 0.000000
vt 1.037714 1.980689 0.000000
vt 1.037714 1.760613 0.000000
vt 1.061949 1.760613 0.000000
vt 1.061949 1.540536 0.000000
vt 0.051222 1.943725 0.000000
vt 0.892304 2.310804 0.000000
vt 0.940774 2.310804 0.000000
vt 0.940774 2.145747 0.000000
vt 0.965009 2.145747 0.000000
vt 0.965009 1.980689 0.000000
vt 0.989244 1.980689 0.000000
vt 0.989244 1.760613 0.000000
vt 1.013479 1.760613 0.000000
vt 1.013479 1.540536 0.000000
vt 1.037714 1.540536 0.000000
vt 0.892304 1.760613 0.000000
vt 0.892304 1.980689 0.000000
vt 0.892304 2.145747 0.000000
vt 0.940774 1.980689 0.000000
vt 0.000000 0.000000 0.000000
vt 0.892304 0.165057 0.000000
vt 0.892304 0.330115 0.000000
vt 0.892304 0.495172 0.000000
vt 0.940774 0.330115 0.000000
vt 0.940774 0.495172 0.000000
vt 0.965009 0.330115 0.000000
vt 0.965009 0.495172 0.000000
vt 0.989244 0.330115 0.000000
vt 0.892304 0.082529 0.000000
vt 0.892304 0.000000 0.000000
vt 0.940774 0.000000 0.000000
vt 0.989244 0.000000 0.000000
vt 0.965009 0.082529 0.000000
vt 0.940774 0.082529 0.000000
vt 1.037714 0.000000 0.000000
vt 1.013479 0.082529 0.000000
vt 0.989244 0.082529 0.000000
vt 0.965009 0.165057 0.000000
vt 0.940774 0.165057 0.000000
vt 1.037714 0.082529 0.000000
vt 1.013479 0.165057 0.000000
vt 0.989244 0.165057 0.000000
vt 1.118513 0.000000 0.000000
vt 1.102349 0.082529 0.000000
vt 1.098308 0.082529 0.000000
vt 1.150843 0.000000 0.000000
vt 1.126596 0.082529 0.000000
vt 1.122555 0.082529 0.000000
vt 1.118513 0.082529 0.000000
vt 1.118513 0.165057 0.000000
vt 1.114472 0.165057 0.000000
vt 1.114472 0.330115 0.000000
vt 1.110431 0.330115 0.000000
vt 1.110431 0.495172 0.000000
vt 1.106390 0.495172 0.000000
vt 1.106390 0.577701 0.000000
vt 1.102349 0.577701 0.000000
vt 1.102349 0.660230 0.000000
vt 1.098308 0.660230 0.000000
vt 1.098308 0.825287 0.000000
vt 1.183172 0.000000 0.000000
vt 1.150843 0.082529 0.000000
vt 1.134678 0.082529 0.000000
vt 1.126596 0.165057 0.000000
vt 1.122555 0.165057 0.000000
vt 1.122555 0.330115 0.000000
vt 1.118513 0.330115 0.000000
vt 1.118513 0.495172 0.000000
vt 1.114472 0.495172 0.000000
vt 1.114472 0.577701 0.000000
vt 1.110431 0.577701 0.000000
vt 1.110431 0.660230 0.000000
vt 1.106390 0.660230 0.000000
vt 1.106390 0.825287 0.000000
vt 1.102349 0.825287 0.000000
vt 1.102349 0.990345 0.000000
vt 1.098308 0.990345 0.000000
vt 1.098308 1.155402 0.000000
vt 1.215501 0.000000 0.000000
vt 1.183172 0.082529 0.000000
vt 1.167007 0.082529 0.000000
vt 1.150843 0.165057 0.000000
vt 1.134678 0.165057 0.000000
vt 1.134678 0.330115 0.000000
vt 1.126596 0.330115 0.000000
vt 1.126596 0.495172 0.000000
vt 1.122555 0.495172 0.000000
vt 1.122555 0.577701 0.000000
vt 1.118513 0.577701 0.000000
vt 1.118513 0.660230 0.000000
vt 1.114472 0.660230 0.000000
vt 1.114472 0.825287 0.000000
vt 1.110431 0.825287 0.000000
vt 1.110431 0.990345 0.000000
vt 1.106390 0.990345 0.000000
vt 1.106390 1.155402 0.000000
vt 1.102349 1.155402 0.000000
vt 1.102349 1.320460 0.000000
vt 1.098308 1.320460 0.000000
vt 1.098308 1.540536 0.000000
vt 1.263996 0.000000 0.000000
vt 1.215501 0.082529 0.000000
vt 1.207419 0.082529 0.000000
vt 1.199337 0.082529 0.000000
vt 1.199337 0.165057 0.000000
vt 1.183172 0.165057 0.000000
vt 1.183172 0.330115 0.000000
vt 1.167007 0.330115 0.000000
vt 1.167007 0.495172 0.000000
vt 1.150843 0.495172 0.000000
vt 1.150843 0.577701 0.000000
vt 1.134678 0.577701 0.000000
vt 1.134678 0.660230 0.000000
vt 1.126596 0.660230 0.000000
vt 1.126596 0.825287 0.000000
vt 1.122555 0.825287 0.000000
vt 1.122555 0.990345 0.000000
vt 1.118513 0.990345 0.000000
vt 1.118513 1.155402 0.000000
vt 1.114472 1.155402 0.000000
vt 1.114472 1.320460 0.000000
vt 1.110431 1.320460 0.000000
vt 1.110431 1.540536 0.000000
vt 1.106390 1.540536 0.000000
vt 1.106390 1.760613 0.000000
vt 1.102349 1.760613 0.000000
vt 1.102349 1.980689 0.000000
vt 1.098308 1.980689 0.000000
vt 1.098308 2.145747 0.000000
vt 1.312490 0.000000 0.000000
vt 1.280161 0.082529 0.000000
vt 1.215501 0.165057 0.000000
vt 1.360985 0.000000 0.000000
vt 0.892304 0.660230 0.000000
vt 0.892304 0.577701 0.000000
vt 0.940774 0.577701 0.000000
vt 1.706914 0.825287 0.000000
vt 1.409479 0.825287 0.000000
vt 1.344820 0.825287 0.000000
vt 1.280161 0.825287 0.000000
vt 1.215501 0.825287 0.000000
vt 1.207419 0.825287 0.000000
vt 1.199337 0.825287 0.000000
vt 0.892304 1.540536 0.000000
vt 0.940774 1.540536 0.000000
vt 0.965009 1.540536 0.000000
vt 0.989244 1.540536 0.000000
vt 2.004348 1.540536 0.000000
vt 2.004348 1.760613 0.000000
vt 1.207419 0.165057 0.000000
vt 1.207419 0.330115 0.000000
vt 1.167007 0.165057 0.000000
vt 1.114472 0.082529 0.000000
vt 1.110431 0.082529 0.000000
vt 1.106390 0.082529 0.000000
vt 1.106390 0.165057 0.000000
vt 1.102349 0.165057 0.000000
vt 1.102349 0.330115 0.000000
vt 1.098308 0.330115 0.000000
vt 1.098308 0.495172 0.000000
vt 1.110431 0.165057 0.000000
vt 1.098308 0.165057 0.000000
vt 1.086184 0.165057 0.000000
vt 1.086184 0.330115 0.000000
vt 1.086184 0.495172 0.000000
vt 1.086184 0.577701 0.000000
vt 1.086184 0.660230 0.000000
vt 1.086184 0.825287 0.000000
vt 1.086184 0.990345 0.000000
vt 1.061949 0.330115 0.000000
vt 1.061949 0.495172 0.000000
vt 1.061949 0.577701 0.000000
vt 1.061949 0.660230 0.000000
vt 1.061949 0.825287 0.000000
vt 1.061949 0.990345 0.000000
vt 1.106390 0.330115 0.000000
vt 1.150843 0.330115 0.000000
vt 1.199337 0.330115 0.000000
vt 1.199337 0.495172 0.000000
vt 1.183172 0.495172 0.000000
vt 1.167007 0.577701 0.000000
vt 1.150843 0.660230 0.000000
vt 1.134678 0.825287 0.000000
vt 1.126596 0.990345 0.000000
vt 1.122555 1.155402 0.000000
vt 1.118513 1.320460 0.000000
vt 1.114472 1.540536 0.000000
vt 1.110431 1.760613 0.000000
vt 1.106390 1.980689 0.000000
vt 1.102349 2.145747 0.000000
vt 1.098308 2.310804 0.000000
vt 1.134678 0.495172 0.000000
vt 1.126596 0.577701 0.000000
vt 1.122555 0.660230 0.000000
vt 1.118513 0.825287 0.000000
vt 1.114472 0.990345 0.000000
vt 1.110431 1.155402 0.000000
vt 1.106390 1.320460 0.000000
vt 1.102349 1.540536 0.000000
vt 1.098308 1.760613 0.000000
vt 1.102349 0.495172 0.000000
vt 1.098308 0.577701 0.000000
vt 1.037714 0.495172 0.000000
vt 1.013479 0.577701 0.000000
vt 0.989244 0.660230 0.000000
vt 0.965009 0.825287 0.000000
vt 0.940774 0.990345 0.000000
vt 1.183172 0.577701 0.000000
vt 1.037714 0.577701 0.000000
vt 1.037714 0.660230 0.000000
vt 1.037714 0.825287 0.000000
vt 1.037714 0.990345 0.000000
vt 1.150843 0.825287 0.000000
vt 1.167007 0.660230 0.000000
vt 1.134678 0.990345 0.000000
vt 1.126596 1.155402 0.000000
vt 1.122555 1.320460 0.000000
vt 1.118513 1.540536 0.000000
vt 1.114472 1.760613 0.000000
vt 1.110431 1.980689 0.000000
vt 1.106390 2.145747 0.000000
vt 1.102349 2.310804 0.000000
vt 1.013479 0.825287 0.000000
vt 1.013479 0.660230 0.000000
vt 0.989244 0.825287 0.000000
vt 1.013479 0.990345 0.000000
vt 0.965009 0.990345 0.000000
vt 0.989244 0.990345 0.000000
vt 1.706914 1.320460 0.000000
vt 1.706914 1.540536 0.000000
vt 1.706914 1.760613 0.000000
vt 1.409479 1.320460 0.000000
vt 1.409479 1.540536 0.000000
vt 1.409479 1.760613 0.000000
vt 1.344820 1.320460 0.000000
vt 1.344820 1.540536 0.000000
vt 1.344820 1.760613 0.000000
vt 1.280161 1.320460 0.000000
vt 1.280161 1.540536 0.000000
vt 1.280161 1.760613 0.000000
vt 1.215501 1.320460 0.000000
vt 1.215501 1.540536 0.000000
vt 1.215501 1.760613 0.000000
vt 1.207419 1.320460 0.000000
vt 1.207419 1.540536 0.000000
vt 1.207419 1.760613 0.000000
vt 1.199337 1.320460 0.000000
vt 1.199337 1.540536 0.000000
vt 1.199337 1.760613 0.000000
vt 1.183172 1.320460 0.000000
vt 1.183172 1.540536 0.000000
vt 1.183172 1.760613 0.000000
vt 1.167007 1.320460 0.000000
vt 1.167007 1.540536 0.000000
vt 1.167007 1.760613 0.000000
vt 1.150843 1.320460 0.000000
vt 1.150843 1.540536 0.000000
vt 1.150843 1.760613 0.000000
vt 1.134678 1.760613 0.000000
vt 1.134678 1.540536 0.000000
vt 1.126596 1.760613 0.000000
vt 1.061949 1.980689 0.000000
vt 1.037714 2.145747 0.000000
vt 1.013479 2.310804 0.000000
vt 0.965009 1.760613 0.000000
vt 0.940774 1.760613 0.000000
vt 1.061949 2.475862 0.000000
vt 1.167007 2.310804 0.000000
vt 1.344820 2.310804 0.000000
vt 2.234227 0.193918 0.000000
vt 2.004348 0.082529 0.000000
vt 2.301783 0.000000 0.000000
vt 1.706914 0.082529 0.000000
vt 1.409479 0.000000 0.000000
vt 1.409479 0.082529 0.000000
vt 1.344820 0.082529 0.000000
vt 1.344820 0.165057 0.000000
vt 1.280161 0.165057 0.000000
vt 1.280161 0.330115 0.000000
vt 1.215501 0.330115 0.000000
vt 1.215501 0.495172 0.000000
vt 1.207419 0.495172 0.000000
vt 1.207419 0.577701 0.000000
vt 1.199337 0.577701 0.000000
vt 1.199337 0.660230 0.000000
vt 1.183172 0.660230 0.000000
vt 1.183172 0.825287 0.000000
vt 1.167007 0.825287 0.000000
vt 1.167007 0.990345 0.000000
vt 1.150843 0.990345 0.000000
vt 1.150843 1.155402 0.000000
vt 1.134678 1.155402 0.000000
vt 1.134678 1.320460 0.000000
vt 1.126596 1.320460 0.000000
vt 1.126596 1.540536 0.000000
vt 1.122555 1.540536 0.000000
vt 1.122555 1.760613 0.000000
vt 1.118513 1.760613 0.000000
vt 1.118513 1.980689 0.000000
vt 1.114472 1.980689 0.000000
vt 1.114472 2.145747 0.000000
vt 1.110431 2.145747 0.000000
vt 1.110431 2.310804 0.000000
vt 1.106390 2.310804 0.000000
vt 1.106390 2.475862 0.000000
vt 1.102349 2.475862 0.000000
vt 1.102349 2.640919 0.000000
vt 1.098308 2.475862 0.000000
vt 1.094267 2.640919 0.000000
vt 1.094267 2.475862 0.000000
vt 1.090225 2.475862 0.000000
vt 1.094267 2.310804 0.000000
vt 1.090225 2.310804 0.000000
vt 1.094267 2.145747 0.000000
vt 1.090225 2.145747 0.000000
vt 1.094267 1.980689 0.000000
vt 1.090225 1.980689 0.000000
vt 1.094267 1.760613 0.000000
vt 1.090225 1.760613 0.000000
vt 1.094267 1.540536 0.000000
vt 1.090225 1.540536 0.000000
vt 1.094267 1.320460 0.000000
vt 1.090225 1.320460 0.000000
vt 1.094267 1.155402 0.000000
vt 1.090225 1.155402 0.000000
vt 1.094267 0.990345 0.000000
vt 1.090225 0.990345 0.000000
vt 1.094267 0.825287 0.000000
vt 1.090225 0.825287 0.000000
vt 1.094267 0.660230 0.000000
vt 1.090225 0.660230 0.000000
vt 1.094267 0.577701 0.000000
vt 1.090225 0.577701 0.000000
vt 1.094267 0.495172 0.000000
vt 1.090225 0.495172 0.000000
vt 1.094267 0.330115 0.000000
vt 1.090225 0.330115 0.000000
vt 1.094267 0.165057 0.000000
vt 1.090225 0.165057 0.000000
vt 1.094267 0.082529 0.000000
vt 1.090225 0.082529 0.000000
vt 1.086184 0.000000 0.000000
vt 1.086184 0.082529 0.000000
vt 1.061949 0.082529 0.000000
vt 1.061949 0.165057 0.000000
vt 1.037714 0.165057 0.000000
vt 1.037714 0.330115 0.000000
vt 1.013479 0.330115 0.000000
vt 1.013479 0.495172 0.000000
vt 0.989244 0.495172 0.000000
vt 0.989244 0.577701 0.000000
vt 0.965009 0.577701 0.000000
vt 0.965009 0.660230 0.000000
vt 0.940774 0.660230 0.000000
vt 0.940774 0.825287 0.000000
vt 0.892304 0.825287 0.000000
vt 0.892304 0.990345 0.000000
vt 0.114435 0.613341 0.000000
vt 0.096428 1.265066 0.000000
vt 0.892304 1.155402 0.000000
vt 0.892304 1.320460 0.000000
vt 0.940774 1.155402 0.000000
vt 0.940774 1.320460 0.000000
vt 0.965009 1.155402 0.000000
vt 0.965009 1.320460 0.000000
vt 0.989244 1.155402 0.000000
vt 0.989244 1.320460 0.000000
vt 1.013479 1.155402 0.000000
vt 1.013479 1.320460 0.000000
vt 1.037714 1.155402 0.000000
vt 1.037714 1.320460 0.000000
vt 1.061949 1.155402 0.000000
vt 1.061949 1.320460 0.000000
vt 1.086184 1.155402 0.000000
vt 1.086184 1.320460 0.000000
vt 2.201442 0.421756 0.000000
vt 2.004348 0.330115 0.000000
vt 2.004348 0.165057 0.000000
vt 1.706914 0.165057 0.000000
vt 1.409479 0.165057 0.000000
vt 2.191244 0.700050 0.000000
vt 2.004348 0.577701 0.000000
vt 2.004348 0.495172 0.000000
vt 1.706914 0.495172 0.000000
vt 1.706914 0.330115 0.000000
vt 1.409479 0.495172 0.000000
vt 1.409479 0.330115 0.000000
vt 1.344820 0.495172 0.000000
vt 1.344820 0.330115 0.000000
vt 1.280161 0.495172 0.000000
vt 2.198161 1.032435 0.000000
vt 2.004348 0.825287 0.000000
vt 2.004348 0.660230 0.000000
vt 1.706914 0.660230 0.000000
vt 1.706914 0.577701 0.000000
vt 1.409479 0.660230 0.000000
vt 1.409479 0.577701 0.000000
vt 1.344820 0.660230 0.000000
vt 1.344820 0.577701 0.000000
vt 1.280161 0.660230 0.000000
vt 1.280161 0.577701 0.000000
vt 1.215501 0.660230 0.000000
vt 1.215501 0.577701 0.000000
vt 1.207419 0.660230 0.000000
vt 2.243398 1.824019 0.000000
vt 2.004348 1.320460 0.000000
vt 2.004348 1.155402 0.000000
vt 2.004348 0.990345 0.000000
vt 1.706914 1.155402 0.000000
vt 1.706914 0.990345 0.000000
vt 1.409479 1.155402 0.000000
vt 1.409479 0.990345 0.000000
vt 1.344820 1.155402 0.000000
vt 1.344820 0.990345 0.000000
vt 1.280161 1.155402 0.000000
vt 1.280161 0.990345 0.000000
vt 1.215501 1.155402 0.000000
vt 1.215501 0.990345 0.000000
vt 1.207419 1.155402 0.000000
vt 1.207419 0.990345 0.000000
vt 1.199337 1.155402 0.000000
vt 1.199337 0.990345 0.000000
vt 1.183172 1.155402 0.000000
vt 1.183172 0.990345 0.000000
vt 1.167007 1.155402 0.000000
vt 2.301783 2.640919 0.000000
vt 2.004348 2.310804 0.000000
vt 2.004348 2.145747 0.000000
vt 2.004348 1.980689 0.000000
vt 1.706914 2.145747 0.000000
vt 1.706914 1.980689 0.000000
vt 1.409479 2.145747 0.000000
vt 1.409479 1.980689 0.000000
vt 1.344820 2.145747 0.000000
vt 1.344820 1.980689 0.000000
vt 1.280161 2.145747 0.000000
vt 1.280161 1.980689 0.000000
vt 1.215501 2.145747 0.000000
vt 1.215501 1.980689 0.000000
vt 1.207419 2.145747 0.000000
vt 1.207419 1.980689 0.000000
vt 1.199337 2.145747 0.000000
vt 1.199337 1.980689 0.000000
vt 1.183172 2.145747 0.000000
vt 1.183172 1.980689 0.000000
vt 1.167007 2.145747 0.000000
vt 1.167007 1.980689 0.000000
vt 1.150843 2.145747 0.000000
vt 1.150843 1.980689 0.000000
vt 1.134678 2.145747 0.000000
vt 1.134678 1.980689 0.000000
vt 1.126596 2.145747 0.000000
vt 1.126596 1.980689 0.000000
vt 1.122555 2.145747 0.000000
vt 1.122555 1.980689 0.000000
vt 1.118513 2.145747 0.000000
vt 2.004348 2.475862 0.000000
vt 1.409479 2.640919 0.000000
vt 1.706914 2.475862 0.000000
vt 1.409479 2.475862 0.000000
vt 1.706914 2.310804 0.000000
vt 1.409479 2.310804 0.000000
vt 1.344820 2.475862 0.000000
vt 1.215501 2.640919 0.000000
vt 1.280161 2.475862 0.000000
vt 1.215501 2.475862 0.000000
vt 1.280161 2.310804 0.000000
vt 1.215501 2.310804 0.000000
vt 1.207419 2.640919 0.000000
vt 1.207419 2.475862 0.000000
vt 1.207419 2.310804 0.000000
vt 1.199337 2.640919 0.000000
vt 1.199337 2.475862 0.000000
vt 1.199337 2.310804 0.000000
vt 1.191254 2.640919 0.000000
vt 1.183172 2.475862 0.000000
vt 1.183172 2.310804 0.000000
vt 1.183172 2.640919 0.000000
vt 1.175090 2.640919 0.000000
vt 1.167007 2.475862 0.000000
vt 1.167007 2.640919 0.000000
vt 1.158925 2.640919 0.000000
vt 1.150843 2.475862 0.000000
vt 1.150843 2.640919 0.000000
vt 1.142760 2.640919 0.000000
vt 1.134678 2.475862 0.000000
vt 1.134678 2.640919 0.000000
vt 1.126596 2.640919 0.000000
vt 1.118513 2.640919 0.000000
vt 1.122555 2.475862 0.000000
vt 1.126596 2.475862 0.000000
vt 1.134678 2.310804 0.000000
vt 1.150843 2.310804 0.000000
vt 1.110431 2.640919 0.000000
vt 1.114472 2.475862 0.000000
vt 1.118513 2.475862 0.000000
vt 1.122555 2.310804 0.000000
vt 1.126596 2.310804 0.000000
vt 1.110431 2.475862 0.000000
vt 1.114472 2.310804 0.000000
vt 1.118513 2.310804 0.000000
vt 1.086184 2.640919 0.000000
vt 1.086184 2.475862 0.000000
vt 1.086184 2.310804 0.000000
vt 1.086184 2.145747 0.000000
vt 1.086184 1.980689 0.000000
vt 1.086184 1.760613 0.000000
vt 1.086184 1.540536 0.000000
vt 0.814992 2.640919 0.000000
vt 0.989244 2.475862 0.000000
vt 1.013479 2.475862 0.000000
vt 1.037714 2.475862 0.000000
vt 1.037714 2.310804 0.000000
vt 1.061949 2.310804 0.000000
vt 1.061949 2.145747 0.000000
vt 0.000000 2.640919 0.000000
vt 0.892304 2.475862 0.000000
vt 0.940774 2.475862 0.000000
vt 0.965009 2.475862 0.000000
vt 0.965009 2.310804 0.000000
vt 0.989244 2.310804 0.000000
vt 0.989244 2.145747 0.000000
vt 1.013479 2.145747 0.000000
vt 1.013479 1.980689 0.000000
vt 1.037714 1.980689 0.000000
vt 1.037714 1.760613 0.000000
vt 1.061949 1.760613 0.000000
vt 1.061949 1.540536 0.000000
vt 0.051222 1.943725 0.000000
vt 0.892304 2.310804 0.000000
vt 0.940774 2.310804 0.000000
vt 0.940774 2.145747 0.000000
vt 0.965009 2.145747 0.000000
vt 0.965009 1.980689 0.000000
vt 0.989244 1.980689 0.000000
vt 0.989244 1.760613 0.000000
vt 1.013479 1.760613 0.000000
vt 1.013479 1.540536 0.000000
vt 1.037714 1.540536 0.000000
vt 0.892304 1.760613 0.000000
vt 0.892304 1.980689 0.000000
vt 0.892304 2.145747 0.000000
vt 0.940774 1.980689 0.000000
vt 0.000000 0.000000 0.000000
vt 0.892304 0.165057 0.000000
vt 0.892304 0.330115 0.000000
vt 0.892304 0.495172 0.000000
vt 0.940774 0.330115 0.000000
vt 0.940774 0.495172 0.000000
vt 0.965009 0.330115 0.000000
vt 0.965009 0.495172 0.000000
vt 0.989244 0.330115 0.000000
vt 0.892304 0.082529 0.000000
vt 0.892304 0.000000 0.000000
vt 0.940774 0.000000 0.000000
vt 0.989244 0.000000 0.000000
vt 0.965009 0.082529 0.000000
vt 0.940774 0.082529 0.000000
vt 1.037714 0.000000 0.000000
vt 1.013479 0.082529 0.000000
vt 0.989244 0.082529 0.000000
vt 0.965009 0.165057 0.000000
vt 0.940774 0.165057 0.000000
vt 1.037714 0.082529 0.000000
vt 1.013479 0.165057 0.000000
vt 0.989244 0.165057 0.000000
vt 1.118513 0.000000 0.000000
vt 1.102349 0.082529 0.000000
vt 1.098308 0.082529 0.000000
vt 1.150843 0.000000 0.000000
vt 1.126596 0.082529 0.000000
vt 1.122555 0.082529 0.000000
vt 1.118513 0.082529 0.000000
vt 1.118513 0.165057 0.000000
vt 1.114472 0.165057 0.000000
vt 1.114472 0.330115 0.000000
vt 1.110431 0.330115 0.000000
vt 1.110431 0.495172 0.000000
vt 1.106390 0.495172 0.000000
vt 1.106390 0.577701 0.000000
vt 1.102349 0.577701 0.000000
vt 1.102349 0.660230 0.000000
vt 1.098308 0.660230 0.000000
vt 1.098308 0.825287 0.000000
vt 1.183172 0.000000 0.000000
vt 1.150843 0.082529 0.000000
vt 1.134678 0.082529 0.000000
vt 1.126596 0.165057 0.000000
vt 1.122555 0.165057 0.000000
vt 1.122555 0.330115 0.000000
vt 1.118513 0.330115 0.000000
vt 1.118513 0.495172 0.000000
vt 1.114472 0.495172 0.000000
vt 1.114472 0.577701 0.000000
vt 1.110431 0.577701 0.000000
vt 1.110431 0.660230 0.000000
vt 1.106390 0.660230 0.000000
vt 1.106390 0.825287 0.000000
vt 1.102349 0.825287 0.000000
vt 1.102349 0.990345 0.000000
vt 1.098308 0.990345 0.000000
vt 1.098308 1.155402 0.000000
vt 1.215501 0.000000 0.000000
vt 1.183172 0.082529 0.000000
vt 1.167007 0.082529 0.000000
vt 1.150843 0.165057 0.000000
vt 1.134678 0.165057 0.000000
vt 1.134678 0.330115 0.000000
vt 1.126596 0.330115 0.000000
vt 1.126596 0.495172 0.000000
vt 1.122555 0.495172 0.000000
vt 1.122555 0.577701 0.000000
vt 1.118513 0.577701 0.000000
vt 1.118513 0.660230 0.000000
vt 1.114472 0.660230 0.000000
vt 1.114472 0.825287 0.000000
vt 1.110431 0.825287 0.000000
vt 1.110431 0.990345 0.000000
vt 1.106390 0.990345 0.000000
vt 1.106390 1.155402 0.000000
vt 1.102349 1.155402 0.000000
vt 1.102349 1.320460 0.000000
vt 1.098308 1.320460 0.000000
vt 1.098308 1.540536 0.000000
vt 1.263996 0.000000 0.000000
vt 1.215501 0.082529 0.000000
vt 1.207419 0.082529 0.000000
vt 1.199337 0.082529 0.000000
vt 1.199337 0.165057 0.000000
vt 1.183172 0.165057 0.000000
vt 1.183172 0.330115 0.000000
vt 1.167007 0.330115 0.000000
vt 1.167007 0.495172 0.000000
vt 1.150843 0.495172 0.000000
vt 1.150843 0.577701 0.000000
vt 1.134678 0.577701 0.000000
vt 1.134678 0.660230 0.000000
vt 1.126596 0.660230 0.000000
vt 1.126596 0.825287 0.000000
vt 1.122555 0.825287 0.000000
vt 1.122555 0.990345 0.000000
vt 1.118513 0.990345 0.000000
vt 1.118513 1.155402 0.000000
vt 1.114472 1.155402 0.000000
vt 1.114472 1.320460 0.000000
vt 1.110431 1.320460 0.000000
vt 1.110431 1.540536 0.000000
vt 1.106390 1.540536 0.000000
vt 1.106390 1.760613 0.000000
vt 1.102349 1.760613 0.000000
vt 1.102349 1.980689 0.000000
vt 1.098308 1.980689 0.000000
vt 1.098308 2.145747 0.000000
vt 1.312490 0.000000 0.000000
vt 1.280161 0.082529 0.000000
vt 1.215501 0.165057 0.000000
vt 1.360985 0.000000 0.000000
vt 0.892304 0.660230 0.000000
vt 0.892304 0.577701 0.000000
vt 0.940774 0.577701 0.000000
vt 1.706914 0.825287 0.000000
vt 1.409479 0.825287 0.000000
vt 1.344820 0.825287 0.000000
vt 1.280161 0.825287 0.000000
vt 1.215501 0.825287 0.000000
vt 1.207419 0.825287 0.000000
vt 1.199337 0.825287 0.000000
vt 0.892304 1.540536 0.000000
vt 0.940774 1.540536 0.000000
vt 0.965009 1.540536 0.000000
vt 0.989244 1.540536 0.000000
vt 2.004348 1.540536 0.000000
vt 2.004348 1.760613 0.000000
vt 1.207419 0.165057 0.000000
vt 1.207419 0.330115 0.000000
vt 1.167007 0.165057 0.000000
vt 1.114472 0.082529 0.000000
vt 1.110431 0.082529 0.000000
vt 1.106390 0.082529 0.000000
vt 1.106390 0.165057 0.000000
vt 1.102349 0.165057 0.000000
vt 1.102349 0.330115 0.000000
vt 1.098308 0.330115 0.000000
vt 1.098308 0.495172 0.000000
vt 1.110431 0.165057 0.000000
vt 1.098308 0.165057 0.000000
vt 1.086184 0.165057 0.000000
vt 1.086184 0.330115 0.000000
vt 1.086184 0.495172 0.000000
vt 1.086184 0.577701 0.000000
vt 1.086184 0.660230 0.000000
vt 1.086184 0.825287 0.000000
vt 1.086184 0.990345 0.000000
vt 1.061949 0.330115 0.000000
vt 1.061949 0.495172 0.000000
vt 1.061949 0.577701 0.000000
vt 1.061949 0.660230 0.000000
vt 1.061949 0.825287 0.000000
vt 1.061949 0.990345 0.000000
vt 1.106390 0.330115 0.000000
vt 1.150843 0.330115 0.000000
vt 1.199337 0.330115 0.000000
vt 1.199337 0.495172 0.000000
vt 1.183172 0.495172 0.000000
vt 1.167007 0.577701 0.000000
vt 1.150843 0.660230 0.000000
vt 1.134678 0.825287 0.000000
vt 1.126596 0.990345 0.000000
vt 1.122555 1.155402 0.000000
vt 1.118513 1.320460 0.000000
vt 1.114472 1.540536 0.000000
vt 1.110431 1.760613 0.000000
vt 1.106390 1.980689 0.000000
vt 1.102349 2.145747 0.000000
vt 1.098308 2.310804 0.000000
vt 1.134678 0.495172 0.000000
vt 1.126596 0.577701 0.000000
vt 1.122555 0.660230 0.000000
vt 1.118513 0.825287 0.000000
vt 1.114472 0.990345 0.000000
vt 1.110431 1.155402 0.000000
vt 1.106390 1.320460 0.000000
vt 1.102349 1.540536 0.000000
vt 1.098308 1.760613 0.000000
vt 1.102349 0.495172 0.000000
vt 1.098308 0.577701 0.000000
vt 1.037714 0.495172 0.000000
vt 1.013479 0.577701 0.000000
vt 0.989244 0.660230 0.000000
vt 0.965009 0.825287 0.000000
vt 0.940774 0.990345 0.000000
vt 1.183172 0.577701 0.000000
vt 1.037714 0.577701 0.000000
vt 1.037714 0.660230 0.000000
vt 1.037714 0.825287 0.000000
vt 1.037714 0.990345 0.000000
vt 1.150843 0.825287 0.000000
vt 1.167007 0.660230 0.000000
vt 1.134678 0.990345 0.000000
vt 1.126596 1.155402 0.000000
vt 1.122555 1.320460 0.000000
vt 1.118513 1.540536 0.000000
vt 1.114472 1.760613 0.000000
vt 1.110431 1.980689 0.000000
vt 1.106390 2.145747 0.000000
vt 1.102349 2.310804 0.000000
vt 1.013479 0.825287 0.000000
vt 1.013479 0.660230 0.000000
vt 0.989244 0.825287 0.000000
vt 1.013479 0.990345 0.000000
vt 0.965009 0.990345 0.000000
vt 0.989244 0.990345 0.000000
vt 1.706914 1.320460 0.000000
vt 1.706914 1.540536 0.000000
vt 1.706914 1.760613 0.000000
vt 1.409479 1.320460 0.000000
vt 1.409479 1.540536 0.000000
vt 1.409479 1.760613 0.000000
vt 1.344820 1.320460 0.000000
vt 1.344820 1.540536 0.000000
vt 1.344820 1.760613 0.000000
vt 1.280161 1.320460 0.000000
vt 1.280161 1.540536 0.000000
vt 1.280161 1.760613 0.000000
vt 1.215501 1.320460 0.000000
vt 1.215501 1.540536 0.000000
vt 1.215501 1.760613 0.000000
vt 1.207419 1.320460 0.000000
vt 1.207419 1.540536 0.000000
vt 1.207419 1.760613 0.000000
vt 1.199337 1.320460 0.000000
vt 1.199337 1.540536 0.000000
vt 1.199337 1.760613 0.000000
vt 1.183172 1.320460 0.000000
vt 1.183172 1.540536 0.000000
vt 1.183172 1.760613 0.000000
vt 1.167007 1.320460 0.000000
vt 1.167007 1.540536 0.000000
vt 1.167007 1.760613 0.000000
vt 1.150843 1.320460 0.000000
vt 1.150843 1.540536 0.000000
vt 1.150843 1.760613 0.000000
vt 1.134678 1.760613 0.000000
vt 1.134678 1.540536 0.000000
vt 1.126596 1.760613 0.000000
vt 1.061949 1.980689 0.000000
vt 1.037714 2.145747 0.000000
vt 1.013479 2.310804 0.000000
vt 0.965009 1.760613 0.000000
vt 0.940774 1.760613 0.000000
vt 1.061949 2.475862 0.000000
vt 1.167007 2.310804 0.000000
vt 1.344820 2.310804 0.000000
vt -0.813530 0.000000 0.000000
vt -0.000000 0.000000 0.000000
vt -0.892435 0.220071 0.000000
vt -0.051172 0.697193 0.000000
vt -0.892435 0.440143 0.000000
vt -0.892435 0.660214 0.000000
vt -0.940936 0.660214 0.000000
vt -0.940936 0.825268 0.000000
vt -0.965187 0.825268 0.000000
vt -0.965187 0.990321 0.000000
vt -0.989438 0.990321 0.000000
vt -0.989438 1.155375 0.000000
vt -1.013689 1.155375 0.000000
vt -1.013689 1.320428 0.000000
vt -1.037939 1.320428 0.000000
vt -1.037939 1.540500 0.000000
vt -1.062190 1.540500 0.000000
vt -1.062190 1.760571 0.000000
vt -1.086441 1.760571 0.000000
vt -1.086441 1.980642 0.000000
vt -1.090483 1.980642 0.000000
vt -1.090483 2.145696 0.000000
vt -1.094524 2.145696 0.000000
vt -1.094524 2.310749 0.000000
vt -1.098566 2.310749 0.000000
vt -1.098566 2.475803 0.000000
vt -1.102608 2.475803 0.000000
vt -1.102608 2.558330 0.000000
vt -1.106650 2.558330 0.000000
vt -1.118775 2.640856 0.000000
vt -1.110691 2.558330 0.000000
vt -1.114733 2.558330 0.000000
vt -1.110691 2.475803 0.000000
vt -1.114733 2.475803 0.000000
vt -1.110691 2.310749 0.000000
vt -1.114733 2.310749 0.000000
vt -1.110691 2.145696 0.000000
vt -1.114733 2.145696 0.000000
vt -1.110691 1.980642 0.000000
vt -1.114733 1.980642 0.000000
vt -1.110691 1.760571 0.000000
vt -1.114733 1.760571 0.000000
vt -1.110691 1.540500 0.000000
vt -1.114733 1.540500 0.000000
vt -1.110691 1.320428 0.000000
vt -1.114733 1.320428 0.000000
vt -1.110691 1.155375 0.000000
vt -1.114733 1.155375 0.000000
vt -1.110691 0.990321 0.000000
vt -1.114733 0.990321 0.000000
vt -1.110691 0.825268 0.000000
vt -1.114733 0.825268 0.000000
vt -1.110691 0.660214 0.000000
vt -1.114733 0.660214 0.000000
vt -1.110691 0.440143 0.000000
vt -1.114733 0.440143 0.000000
vt -1.110691 0.220071 0.000000
vt -1.114733 0.220071 0.000000
vt -1.110691 0.000000 0.000000
vt -1.118775 0.000000 0.000000
vt -1.118775 0.220071 0.000000
vt -1.122817 0.220071 0.000000
vt -1.122817 0.440143 0.000000
vt -1.126858 0.440143 0.000000
vt -1.126858 0.660214 0.000000
vt -1.134942 0.660214 0.000000
vt -1.134942 0.825268 0.000000
vt -1.151109 0.825268 0.000000
vt -1.151109 0.990321 0.000000
vt -1.167276 0.990321 0.000000
vt -1.167276 1.155375 0.000000
vt -1.183443 1.155375 0.000000
vt -1.183443 1.320428 0.000000
vt -1.199610 1.320428 0.000000
vt -1.199610 1.540500 0.000000
vt -1.207693 1.540500 0.000000
vt -1.207693 1.760571 0.000000
vt -1.215777 1.760571 0.000000
vt -1.215777 1.980642 0.000000
vt -1.280413 1.980642 0.000000
vt -1.280413 2.145696 0.000000
vt -1.345049 2.145696 0.000000
vt -1.345049 2.310749 0.000000
vt -1.409686 2.310749 0.000000
vt -1.409686 2.475803 0.000000
vt -1.707164 2.475803 0.000000
vt -1.707164 2.558330 0.000000
vt -2.004642 2.558330 0.000000
vt -2.302120 2.640856 0.000000
vt -2.234642 2.446936 0.000000
vt -0.892435 0.825268 0.000000
vt -0.096335 1.375834 0.000000
vt -0.892435 0.990321 0.000000
vt -0.892435 1.155375 0.000000
vt -0.940936 1.155375 0.000000
vt -0.940936 1.320428 0.000000
vt -0.965187 1.320428 0.000000
vt -0.965187 1.540500 0.000000
vt -0.989438 1.540500 0.000000
vt -0.989438 1.760571 0.000000
vt -1.013689 1.760571 0.000000
vt -1.013689 1.980642 0.000000
vt -1.037939 1.980642 0.000000
vt -1.037939 2.145696 0.000000
vt -1.062190 2.145696 0.000000
vt -1.062190 2.310749 0.000000
vt -1.086441 2.310749 0.000000
vt -1.086441 2.475803 0.000000
vt -1.090483 2.475803 0.000000
vt -1.090483 2.558330 0.000000
vt -1.094524 2.558330 0.000000
vt -1.086441 2.640856 0.000000
vt -1.098566 2.558330 0.000000
vt -0.114321 2.027579 0.000000
vt -0.892435 1.540500 0.000000
vt -0.892435 1.320428 0.000000
vt -0.000000 2.640856 0.000000
vt -0.892435 2.475803 0.000000
vt -0.892435 2.310749 0.000000
vt -0.892435 2.145696 0.000000
vt -0.940936 2.310749 0.000000
vt -0.940936 2.145696 0.000000
vt -0.965187 2.310749 0.000000
vt -0.965187 2.145696 0.000000
vt -0.989438 2.310749 0.000000
vt -0.989438 2.145696 0.000000
vt -1.013689 2.310749 0.000000
vt -1.013689 2.145696 0.000000
vt -1.037939 2.310749 0.000000
vt -0.892435 2.558330 0.000000
vt -0.892435 2.640856 0.000000
vt -0.940936 2.640856 0.000000
vt -0.989438 2.640856 0.000000
vt -0.965187 2.558330 0.000000
vt -0.940936 2.558330 0.000000
vt -1.037939 2.640856 0.000000
vt -1.013689 2.558330 0.000000
vt -0.989438 2.558330 0.000000
vt -0.965187 2.475803 0.000000
vt -0.940936 2.475803 0.000000
vt -1.062190 2.558330 0.000000
vt -1.037939 2.558330 0.000000
vt -1.013689 2.475803 0.000000
vt -0.989438 2.475803 0.000000
vt -1.151109 2.640856 0.000000
vt -1.126858 2.558330 0.000000
vt -1.122817 2.558330 0.000000
vt -1.118775 2.558330 0.000000
vt -1.118775 2.475803 0.000000
vt -1.183443 2.640856 0.000000
vt -1.151109 2.558330 0.000000
vt -1.134942 2.558330 0.000000
vt -1.126858 2.475803 0.000000
vt -1.122817 2.475803 0.000000
vt -1.122817 2.310749 0.000000
vt -1.118775 2.310749 0.000000
vt -1.118775 2.145696 0.000000
vt -1.215777 2.640856 0.000000
vt -1.183443 2.558330 0.000000
vt -1.167276 2.558330 0.000000
vt -1.151109 2.475803 0.000000
vt -1.134942 2.475803 0.000000
vt -1.134942 2.310749 0.000000
vt -1.126858 2.310749 0.000000
vt -1.126858 2.145696 0.000000
vt -1.122817 2.145696 0.000000
vt -1.122817 1.980642 0.000000
vt -1.118775 1.980642 0.000000
vt -1.118775 1.760571 0.000000
vt -1.264254 2.640856 0.000000
vt -1.215777 2.558330 0.000000
vt -1.207693 2.558330 0.000000
vt -1.199610 2.558330 0.000000
vt -1.199610 2.475803 0.000000
vt -1.183443 2.475803 0.000000
vt -1.183443 2.310749 0.000000
vt -1.167276 2.310749 0.000000
vt -1.167276 2.145696 0.000000
vt -1.151109 2.145696 0.000000
vt -1.151109 1.980642 0.000000
vt -1.134942 1.980642 0.000000
vt -1.134942 1.760571 0.000000
vt -1.126858 1.760571 0.000000
vt -1.126858 1.540500 0.000000
vt -1.122817 1.540500 0.000000
vt -1.122817 1.320428 0.000000
vt -1.118775 1.320428 0.000000
vt -1.118775 1.155375 0.000000
vt -1.312731 2.640856 0.000000
vt -1.280413 2.558330 0.000000
vt -1.215777 2.475803 0.000000
vt -1.280413 2.475803 0.000000
vt -1.215777 2.310749 0.000000
vt -1.280413 2.310749 0.000000
vt -1.215777 2.145696 0.000000
vt -1.361208 2.640856 0.000000
vt -1.345049 2.558330 0.000000
vt -1.345049 2.475803 0.000000
vt -1.409686 2.640856 0.000000
vt -1.409686 2.558330 0.000000
vt -2.201895 2.219110 0.000000
vt -2.004642 2.310749 0.000000
vt -2.004642 2.475803 0.000000
vt -2.004642 2.145696 0.000000
vt -2.191710 1.940837 0.000000
vt -2.004642 1.980642 0.000000
vt -2.004642 1.760571 0.000000
vt -1.707164 1.760571 0.000000
vt -1.707164 1.540500 0.000000
vt -1.409686 1.540500 0.000000
vt -1.409686 1.320428 0.000000
vt -1.345049 1.320428 0.000000
vt -1.345049 1.155375 0.000000
vt -1.280413 1.155375 0.000000
vt -1.280413 0.990321 0.000000
vt -1.215777 0.990321 0.000000
vt -1.215777 0.825268 0.000000
vt -1.207693 0.825268 0.000000
vt -1.207693 0.660214 0.000000
vt -1.199610 0.660214 0.000000
vt -1.199610 0.440143 0.000000
vt -1.183443 0.440143 0.000000
vt -1.183443 0.220071 0.000000
vt -1.167276 0.220071 0.000000
vt -1.175359 0.000000 0.000000
vt -1.167276 0.000000 0.000000
vt -2.198620 1.608475 0.000000
vt -2.004642 1.540500 0.000000
vt -1.707164 1.320428 0.000000
vt -1.409686 1.155375 0.000000
vt -1.345049 0.990321 0.000000
vt -1.280413 0.825268 0.000000
vt -1.215777 0.660214 0.000000
vt -1.207693 0.440143 0.000000
vt -1.199610 0.220071 0.000000
vt -1.191526 0.000000 0.000000
vt -1.183443 0.000000 0.000000
vt -2.243807 0.816917 0.000000
vt -2.004642 1.155375 0.000000
vt -2.004642 1.320428 0.000000
vt -2.302120 0.000000 0.000000
vt -2.004642 0.440143 0.000000
vt -2.004642 0.660214 0.000000
vt -2.004642 0.825268 0.000000
vt -1.707164 0.660214 0.000000
vt -1.707164 0.825268 0.000000
vt -1.409686 0.660214 0.000000
vt -1.409686 0.825268 0.000000
vt -1.345049 0.660214 0.000000
vt -1.345049 0.825268 0.000000
vt -1.280413 0.660214 0.000000
vt -1.215777 0.000000 0.000000
vt -1.707164 0.220071 0.000000
vt -2.004642 0.220071 0.000000
vt -1.707164 0.440143 0.000000
vt -1.409686 0.220071 0.000000
vt -1.409686 0.440143 0.000000
vt -1.345049 0.220071 0.000000
vt -1.345049 0.440143 0.000000
vt -1.280413 0.220071 0.000000
vt -1.280413 0.440143 0.000000
vt -1.215777 0.220071 0.000000
vt -1.215777 0.440143 0.000000
vt -1.207693 0.220071 0.000000
vt -1.207693 0.000000 0.000000
vt -1.199610 0.000000 0.000000
vt -1.159192 0.000000 0.000000
vt -1.151109 0.220071 0.000000
vt -1.167276 0.440143 0.000000
vt -1.151109 0.440143 0.000000
vt -1.167276 0.660214 0.000000
vt -1.151109 0.660214 0.000000
vt -1.167276 0.825268 0.000000
vt -1.151109 0.000000 0.000000
vt -1.143025 0.000000 0.000000
vt -1.134942 0.220071 0.000000
vt -1.134942 0.000000 0.000000
vt -1.126858 0.000000 0.000000
vt -1.126858 0.220071 0.000000
vt -1.134942 0.440143 0.000000
vt -1.106650 0.220071 0.000000
vt -1.102608 0.000000 0.000000
vt -1.102608 0.220071 0.000000
vt -1.098566 0.220071 0.000000
vt -1.102608 0.440143 0.000000
vt -1.098566 0.440143 0.000000
vt -1.102608 0.660214 0.000000
vt -1.098566 0.660214 0.000000
vt -1.102608 0.825268 0.000000
vt -1.098566 0.825268 0.000000
vt -1.102608 0.990321 0.000000
vt -1.098566 0.990321 0.000000
vt -1.102608 1.155375 0.000000
vt -1.098566 1.155375 0.000000
vt -1.102608 1.320428 0.000000
vt -1.098566 1.320428 0.000000
vt -1.102608 1.540500 0.000000
vt -1.098566 1.540500 0.000000
vt -1.102608 1.760571 0.000000
vt -1.098566 1.760571 0.000000
vt -1.102608 1.980642 0.000000
vt -1.098566 1.980642 0.000000
vt -1.102608 2.145696 0.000000
vt -1.098566 2.145696 0.000000
vt -1.102608 2.310749 0.000000
vt -1.094524 0.000000 0.000000
vt -1.094524 0.220071 0.000000
vt -1.094524 0.440143 0.000000
vt -1.094524 0.660214 0.000000
vt -1.094524 0.825268 0.000000
vt -1.094524 0.990321 0.000000
vt -1.094524 1.155375 0.000000
vt -1.094524 1.320428 0.000000
vt -1.094524 1.540500 0.000000
vt -1.094524 1.760571 0.000000
vt -1.094524 1.980642 0.000000
vt -1.090483 0.220071 0.000000
vt -1.086441 0.000000 0.000000
vt -1.086441 0.220071 0.000000
vt -1.062190 0.220071 0.000000
vt -1.086441 0.440143 0.000000
vt -1.062190 0.440143 0.000000
vt -1.086441 0.660214 0.000000
vt -1.062190 0.660214 0.000000
vt -1.086441 0.825268 0.000000
vt -1.062190 0.825268 0.000000
vt -1.086441 0.990321 0.000000
vt -1.062190 0.990321 0.000000
vt -1.086441 1.155375 0.000000
vt -1.062190 1.155375 0.000000
vt -1.086441 1.320428 0.000000
vt -1.062190 1.320428 0.000000
vt -1.086441 1.540500 0.000000
vt -0.989438 0.220071 0.000000
vt -1.013689 0.220071 0.000000
vt -1.037939 0.220071 0.000000
vt -1.037939 0.440143 0.000000
vt -2.004642 0.990321 0.000000
vt -1.707164 0.990321 0.000000
vt -1.409686 0.990321 0.000000
vt -0.892435 1.760571 0.000000
vt -0.892435 1.980642 0.000000
vt -0.940936 0.220071 0.000000
vt -0.965187 0.220071 0.000000
vt -0.989438 0.440143 0.000000
vt -1.013689 0.440143 0.000000
vt -1.013689 0.660214 0.000000
vt -1.037939 0.660214 0.000000
vt -1.037939 0.825268 0.000000
vt -0.940936 0.440143 0.000000
vt -0.965187 0.440143 0.000000
vt -0.965187 0.660214 0.000000
vt -1.090483 0.440143 0.000000
vt -1.090483 0.660214 0.000000
vt -1.090483 0.825268 0.000000
vt -1.090483 0.990321 0.000000
vt -1.090483 1.155375 0.000000
vt -1.090483 1.320428 0.000000
vt -1.090483 1.540500 0.000000
vt -1.090483 1.760571 0.000000
vt -1.106650 0.440143 0.000000
vt -1.106650 0.660214 0.000000
vt -1.106650 0.825268 0.000000
vt -1.106650 0.990321 0.000000
vt -1.106650 1.155375 0.000000
vt -1.106650 1.320428 0.000000
vt -1.106650 1.540500 0.000000
vt -1.106650 1.760571 0.000000
vt -1.106650 1.980642 0.000000
vt -1.106650 2.145696 0.000000
vt -1.106650 2.310749 0.000000
vt -1.106650 2.475803 0.000000
vt -1.118775 0.440143 0.000000
vt -1.118775 0.660214 0.000000
vt -1.118775 0.825268 0.000000
vt -1.118775 0.990321 0.000000
vt -1.183443 0.660214 0.000000
vt -1.199610 0.825268 0.000000
vt -1.183443 0.825268 0.000000
vt -1.199610 0.990321 0.000000
vt -1.183443 0.990321 0.000000
vt -1.199610 1.155375 0.000000
vt -1.122817 0.660214 0.000000
vt -1.126858 0.825268 0.000000
vt -1.122817 0.825268 0.000000
vt -1.126858 0.990321 0.000000
vt -1.122817 0.990321 0.000000
vt -1.126858 1.155375 0.000000
vt -1.122817 1.155375 0.000000
vt -1.126858 1.320428 0.000000
vt -0.989438 0.660214 0.000000
vt -1.013689 0.825268 0.000000
vt -0.989438 0.825268 0.000000
vt -1.013689 0.990321 0.000000
vt -0.940936 0.990321 0.000000
vt -0.965187 1.155375 0.000000
vt -0.989438 1.320428 0.000000
vt -1.013689 1.540500 0.000000
vt -1.037939 1.760571 0.000000
vt -1.062190 1.980642 0.000000
vt -1.086441 2.145696 0.000000
vt -1.090483 2.310749 0.000000
vt -1.094524 2.475803 0.000000
vt -1.037939 0.990321 0.000000
vt -1.134942 0.990321 0.000000
vt -1.151109 1.155375 0.000000
vt -1.167276 1.320428 0.000000
vt -1.183443 1.540500 0.000000
vt -1.199610 1.760571 0.000000
vt -1.207693 1.980642 0.000000
vt -1.207693 0.990321 0.000000
vt -1.215777 1.155375 0.000000
vt -1.280413 1.320428 0.000000
vt -1.345049 1.540500 0.000000
vt -1.409686 1.760571 0.000000
vt -1.707164 1.980642 0.000000
vt -1.707164 1.155375 0.000000
vt -1.215777 1.320428 0.000000
vt -1.280413 1.540500 0.000000
vt -1.215777 1.540500 0.000000
vt -1.280413 1.760571 0.000000
vt -1.207693 1.320428 0.000000
vt -1.207693 1.155375 0.000000
vt -1.151109 1.320428 0.000000
vt -1.167276 1.540500 0.000000
vt -1.151109 1.540500 0.000000
vt -1.167276 1.760571 0.000000
vt -1.151109 1.760571 0.000000
vt -1.167276 1.980642 0.000000
vt -1.134942 1.320428 0.000000
vt -1.134942 1.540500 0.000000
vt -1.134942 1.155375 0.000000
vt -1.118775 1.540500 0.000000
vt -1.037939 1.155375 0.000000
vt -0.940936 1.540500 0.000000
vt -0.940936 1.760571 0.000000
vt -0.940936 1.980642 0.000000
vt -0.965187 1.760571 0.000000
vt -0.989438 1.980642 0.000000
vt -1.122817 1.760571 0.000000
vt -1.126858 1.980642 0.000000
vt -1.134942 2.145696 0.000000
vt -1.151109 2.310749 0.000000
vt -1.167276 2.475803 0.000000
vt -1.183443 1.760571 0.000000
vt -1.199610 1.980642 0.000000
vt -1.207693 2.145696 0.000000
vt -1.345049 1.760571 0.000000
vt -1.409686 1.980642 0.000000
vt -1.707164 2.145696 0.000000
vt -0.965187 1.980642 0.000000
vt -1.183443 2.145696 0.000000
vt -1.183443 1.980642 0.000000
vt -1.199610 2.145696 0.000000
vt -1.199610 2.310749 0.000000
vt -1.207693 2.310749 0.000000
vt -1.409686 2.145696 0.000000
vt -1.345049 1.980642 0.000000
vt -1.707164 2.310749 0.000000
vt -1.207693 2.475803 0.000000
vt -1.086441 2.558330 0.000000
vt -1.062190 2.475803 0.000000
vt -1.037939 2.475803 0.000000
vt -4.016952 0.810012 0.000000
vt -3.543064 1.216589 0.000000
vt -4.016952 1.620036 0.000000
vt -3.069176 1.216589 0.000000
vt -2.121400 1.620036 0.000000
vt -2.595288 1.216589 0.000000
vt -2.121400 1.216589 0.000000
vt -2.121400 0.810012 0.000000
vt -2.107295 0.810012 0.000000
vt -2.107295 0.406571 0.000000
vt -2.093190 0.406571 0.000000
vt -2.093160 0.000000 0.000000
vt -2.079082 0.000000 0.000000
vt -4.016952 0.000000 0.000000
vt -3.543064 0.406571 0.000000
vt -3.543064 0.810012 0.000000
vt -3.069176 0.810012 0.000000
vt -2.595288 0.810012 0.000000
vt -2.594671 0.000000 0.000000
vt -3.069176 0.406571 0.000000
vt -2.121400 0.000000 0.000000
vt -2.121400 0.406571 0.000000
vt -2.595288 0.406571 0.000000
vt -2.107275 0.000000 0.000000
vt -2.079085 0.406571 0.000000
vt -2.065013 0.000000 0.000000
vt -2.064981 0.406571 0.000000
vt -2.050926 0.000004 0.000000
vt -2.050876 0.406571 0.000000
vt -2.036882 0.000108 0.000000
vt -2.036771 0.406571 0.000000
vt -2.022673 0.000050 0.000000
vt -2.022666 0.406571 0.000000
vt -2.008491 0.000000 0.000000
vt -2.008561 0.406571 0.000000
vt -1.994466 0.000052 0.000000
vt -1.994456 0.406571 0.000000
vt -1.980459 0.000105 0.000000
vt -1.980352 0.406571 0.000000
vt -1.966297 0.000005 0.000000
vt -1.966247 0.406571 0.000000
vt -1.952176 0.000000 0.000000
vt -1.952142 0.406571 0.000000
vt -1.938033 0.000000 0.000000
vt -1.938037 0.406571 0.000000
vt -1.923900 0.000000 0.000000
vt -1.923932 0.406571 0.000000
vt -1.909807 0.000000 0.000000
vt -1.909827 0.406571 0.000000
vt -1.895723 0.000000 0.000000
vt -1.895723 0.406571 0.000000
vt -1.557203 0.000000 0.000000
vt -1.421792 0.406571 0.000000
vt -0.947861 0.406571 0.000000
vt -1.421792 0.810012 0.000000
vt -0.947861 0.810012 0.000000
vt -1.421792 1.216589 0.000000
vt -0.947861 1.216589 0.000000
vt -1.419522 1.620036 0.000000
vt -0.473931 1.216589 0.000000
vt -0.000000 1.620036 0.000000
vt -0.000000 0.810012 0.000000
vt -0.473931 0.810012 0.000000
vt -0.473931 0.406571 0.000000
vt -0.000000 0.000000 0.000000
vt -1.895723 1.620036 0.000000
vt -1.895723 1.216589 0.000000
vt -1.895723 0.810012 0.000000
vt -1.909827 1.620036 0.000000
vt -1.909827 1.216589 0.000000
vt -1.909827 0.810012 0.000000
vt -1.923932 1.620036 0.000000
vt -1.923932 1.216589 0.000000
vt -1.923932 0.810012 0.000000
vt -1.938037 1.620036 0.000000
vt -1.938037 1.216589 0.000000
vt -1.938037 0.810012 0.000000
vt -1.952142 1.620036 0.000000
vt -1.952142 1.216589 0.000000
vt -1.952142 0.810012 0.000000
vt -1.966247 1.620036 0.000000
vt -1.966247 1.216589 0.000000
vt -1.966247 0.810012 0.000000
vt -1.980352 1.620036 0.000000
vt -1.980352 1.216589 0.000000
vt -1.980352 0.810012 0.000000
vt -1.994456 1.620036 0.000000
vt -1.994456 1.216589 0.000000
vt -1.994456 0.810012 0.000000
vt -2.008561 1.620036 0.000000
vt -2.008561 1.216589 0.000000
vt -2.008561 0.810012 0.000000
vt -2.022666 1.620036 0.000000
vt -2.022666 1.216589 0.000000
vt -2.022666 0.810012 0.000000
vt -2.036771 1.620036 0.000000
vt -2.036771 1.216589 0.000000
vt -2.036771 0.810012 0.000000
vt -2.050876 1.620036 0.000000
vt -2.050876 1.216589 0.000000
vt -2.050876 0.810012 0.000000
vt -2.064981 1.620036 0.000000
vt -2.064981 1.216589 0.000000
vt -2.064981 0.810012 0.000000
vt -2.079085 1.620036 0.000000
vt -2.079085 1.216589 0.000000
vt -2.079085 0.810012 0.000000
vt -2.093190 1.620036 0.000000
vt -2.093190 1.216589 0.000000
vt -2.093190 0.810012 0.000000
vt -2.107295 1.620036 0.000000
vt -2.107295 1.216589 0.000000
vt 2.234227 0.193918 0.000000
vt 2.004348 0.082529 0.000000
vt 2.301783 0.000000 0.000000
vt 1.706914 0.082529 0.000000
vt 1.409479 0.000000 0.000000
vt 1.409479 0.082529 0.000000
vt 1.344820 0.082529 0.000000
vt 1.344820 0.165057 0.000000
vt 1.280161 0.165057 0.000000
vt 1.280161 0.330115 0.000000
vt 1.215501 0.330115 0.000000
vt 1.215501 0.495172 0.000000
vt 1.207419 0.495172 0.000000
vt 1.207419 0.577701 0.000000
vt 1.199337 0.577701 0.000000
vt 1.199337 0.660230 0.000000
vt 1.183172 0.660230 0.000000
vt 1.183172 0.825287 0.000000
vt 1.167007 0.825287 0.000000
vt 1.167007 0.990345 0.000000
vt 1.150843 0.990345 0.000000
vt 1.150843 1.155402 0.000000
vt 1.134678 1.155402 0.000000
vt 1.134678 1.320460 0.000000
vt 1.126596 1.320460 0.000000
vt 1.126596 1.540536 0.000000
vt 1.122555 1.540536 0.000000
vt 1.122555 1.760613 0.000000
vt 1.118513 1.760613 0.000000
vt 1.118513 1.980689 0.000000
vt 1.114472 1.980689 0.000000
vt 1.114472 2.145747 0.000000
vt 1.110431 2.145747 0.000000
vt 1.110431 2.310804 0.000000
vt 1.106390 2.310804 0.000000
vt 1.106390 2.475862 0.000000
vt 1.102349 2.475862 0.000000
vt 1.102349 2.640919 0.000000
vt 1.098308 2.475862 0.000000
vt 1.094267 2.640919 0.000000
vt 1.094267 2.475862 0.000000
vt 1.090225 2.475862 0.000000
vt 1.094267 2.310804 0.000000
vt 1.090225 2.310804 0.000000
vt 1.094267 2.145747 0.000000
vt 1.090225 2.145747 0.000000
vt 1.094267 1.980689 0.000000
vt 1.090225 1.980689 0.000000
vt 1.094267 1.760613 0.000000
vt 1.090225 1.760613 0.000000
vt 1.094267 1.540536 0.000000
vt 1.090225 1.540536 0.000000
vt 1.094267 1.320460 0.000000
vt 1.090225 1.320460 0.000000
vt 1.094267 1.155402 0.000000
vt 1.090225 1.155402 0.000000
vt 1.094267 0.990345 0.000000
vt 1.090225 0.990345 0.000000
vt 1.094267 0.825287 0.000000
vt 1.090225 0.825287 0.000000
vt 1.094267 0.660230 0.000000
vt 1.090225 0.660230 0.000000
vt 1.094267 0.577701 0.000000
vt 1.090225 0.577701 0.000000
vt 1.094267 0.495172 0.000000
vt 1.090225 0.495172 0.000000
vt 1.094267 0.330115 0.000000
vt 1.090225 0.330115 0.000000
vt 1.094267 0.165057 0.000000
vt 1.090225 0.165057 0.000000
vt 1.094267 0.082529 0.000000
vt 1.090225 0.082529 0.000000
vt 1.086184 0.000000 0.000000
vt 1.086184 0.082529 0.000000
vt 1.061949 0.082529 0.000000
vt 1.061949 0.165057 0.000000
vt 1.037714 0.165057 0.000000
vt 1.037714 0.330115 0.000000
vt 1.013479 0.330115 0.000000
vt 1.013479 0.495172 0.000000
vt 0.989244 0.495172 0.000000
vt 0.989244 0.577701 0.000000
vt 0.965009 0.577701 0.000000
vt 0.965009 0.660230 0.000000
vt 0.940774 0.660230 0.000000
vt 0.940774 0.825287 0.000000
vt 0.892304 0.825287 0.000000
vt 0.892304 0.990345 0.000000
vt 0.114435 0.613341 0.000000
vt 0.096428 1.265066 0.000000
vt 0.892304 1.155402 0.000000
vt 0.892304 1.320460 0.000000
vt 0.940774 1.155402 0.000000
vt 0.940774 1.320460 0.000000
vt 0.965009 1.155402 0.000000
vt 0.965009 1.320460 0.000000
vt 0.989244 1.155402 0.000000
vt 0.989244 1.320460 0.000000
vt 1.013479 1.155402 0.000000
vt 1.013479 1.320460 0.000000
vt 1.037714 1.155402 0.000000
vt 1.037714 1.320460 0.000000
vt 1.061949 1.155402 0.000000
vt 1.061949 1.320460 0.000000
vt 1.086184 1.155402 0.000000
vt 1.086184 1.320460 0.000000
vt 2.201442 0.421756 0.000000
vt 2.004348 0.330115 0.000000
vt 2.004348 0.165057 0.000000
vt 1.706914 0.165057 0.000000
vt 1.409479 0.165057 0.000000
vt 2.191244 0.700050 0.000000
vt 2.004348 0.577701 0.000000
vt 2.004348 0.495172 0.000000
vt 1.706914 0.495172 0.000000
vt 1.706914 0.330115 0.000000
vt 1.409479 0.495172 0.000000
vt 1.409479 0.330115 0.000000
vt 1.344820 0.495172 0.000000
vt 1.344820 0.330115 0.000000
vt 1.280161 0.495172 0.000000
vt 2.198161 1.032435 0.000000
vt 2.004348 0.825287 0.000000
vt 2.004348 0.660230 0.000000
vt 1.706914 0.660230 0.000000
vt 1.706914 0.577701 0.000000
vt 1.409479 0.660230 0.000000
vt 1.409479 0.577701 0.000000
vt 1.344820 0.660230 0.000000
vt 1.344820 0.577701 0.000000
vt 1.280161 0.660230 0.000000
vt 1.280161 0.577701 0.000000
vt 1.215501 0.660230 0.000000
vt 1.215501 0.577701 0.000000
vt 1.207419 0.660230 0.000000
vt 2.243398 1.824019 0.000000
vt 2.004348 1.320460 0.000000
vt 2.004348 1.155402 0.000000
vt 2.004348 0.990345 0.000000
vt 1.706914 1.155402 0.000000
vt 1.706914 0.990345 0.000000
vt 1.409479 1.155402 0.000000
vt 1.409479 0.990345 0.000000
vt 1.344820 1.155402 0.000000
vt 1.344820 0.990345 0.000000
vt 1.280161 1.155402 0.000000
vt 1.280161 0.990345 0.000000
vt 1.215501 1.155402 0.000000
vt 1.215501 0.990345 0.000000
vt 1.207419 1.155402 0.000000
vt 1.207419 0.990345 0.000000
vt 1.199337 1.155402 0.000000
vt 1.199337 0.990345 0.000000
vt 1.183172 1.155402 0.000000
vt 1.183172 0.990345 0.000000
vt 1.167007 1.155402 0.000000
vt 2.301783 2.640919 0.000000
vt 2.004348 2.310804 0.000000
vt 2.004348 2.145747 0.000000
vt 2.004348 1.980689 0.000000
vt 1.706914 2.145747 0.000000
vt 1.706914 1.980689 0.000000
vt 1.409479 2.145747 0.000000
vt 1.409479 1.980689 0.000000
vt 1.344820 2.145747 0.000000
vt 1.344820 1.980689 0.000000
vt 1.280161 2.145747 0.000000
vt 1.280161 1.980689 0.000000
vt 1.215501 2.145747 0.000000
vt 1.215501 1.980689 0.000000
vt 1.207419 2.145747 0.000000
vt 1.207419 1.980689 0.000000
vt 1.199337 2.145747 0.000000
vt 1.199337 1.980689 0.000000
vt 1.183172 2.145747 0.000000
vt 1.183172 1.980689 0.000000
vt 1.167007 2.145747 0.000000
vt 1.167007 1.980689 0.000000
vt 1.150843 2.145747 0.000000
vt 1.150843 1.980689 0.000000
vt 1.134678 2.145747 0.000000
vt 1.134678 1.980689 0.000000
vt 1.126596 2.145747 0.000000
vt 1.126596 1.980689 0.000000
vt 1.122555 2.145747 0.000000
vt 1.122555 1.980689 0.000000
vt 1.118513 2.145747 0.000000
vt 2.004348 2.475862 0.000000
vt 1.409479 2.640919 0.000000
vt 1.706914 2.475862 0.000000
vt 1.409479 2.475862 0.000000
vt 1.706914 2.310804 0.000000
vt 1.409479 2.310804 0.000000
vt 1.344820 2.475862 0.000000
vt 1.215501 2.640919 0.000000
vt 1.280161 2.475862 0.000000
vt 1.215501 2.475862 0.000000
vt 1.280161 2.310804 0.000000
vt 1.215501 2.310804 0.000000
vt 1.207419 2.640919 0.000000
vt 1.207419 2.475862 0.000000
vt 1.207419 2.310804 0.000000
vt 1.199337 2.640919 0.000000
vt 1.199337 2.475862 0.000000
vt 1.199337 2.310804 0.000000
vt 1.191254 2.640919 0.000000
vt 1.183172 2.475862 0.000000
vt 1.183172 2.310804 0.000000
vt 1.183172 2.640919 0.000000
vt 1.175090 2.640919 0.000000
vt 1.167007 2.475862 0.000000
vt 1.167007 2.640919 0.000000
vt 1.158925 2.640919 0.000000
vt 1.150843 2.475862 0.000000
vt 1.150843 2.640919 0.000000
vt 1.142760 2.640919 0.000000
vt 1.134678 2.475862 0.000000
vt 1.134678 2.640919 0.000000
vt 1.126596 2.640919 0.000000
vt 1.118513 2.640919 0.000000
vt 1.122555 2.475862 0.000000
vt 1.126596 2.475862 0.000000
vt 1.134678 2.310804 0.000000
vt 1.150843 2.310804 0.000000
vt 1.110431 2.640919 0.000000
vt 1.114472 2.475862 0.000000
vt 1.118513 2.475862 0.000000
vt 1.122555 2.310804 0.000000
vt 1.126596 2.310804 0.000000
vt 1.110431 2.475862 0.000000
vt 1.114472 2.310804 0.000000
vt 1.118513 2.310804 0.000000
vt 1.086184 2.640919 0.000000
vt 1.086184 2.475862 0.000000
vt 1.086184 2.310804 0.000000
vt 1.086184 2.145747 0.000000
vt 1.086184 1.980689 0.000000
vt 1.086184 1.760613 0.000000
vt 1.086184 1.540536 0.000000
vt 0.814992 2.640919 0.000000
vt 0.989244 2.475862 0.000000
vt 1.013479 2.475862 0.000000
vt 1.037714 2.475862 0.000000
vt 1.037714 2.310804 0.000000
vt 1.061949 2.310804 0.000000
vt 1.061949 2.145747 0.000000
vt 0.000000 2.640919 0.000000
vt 0.892304 2.475862 0.000000
vt 0.940774 2.475862 0.000000
vt 0.965009 2.475862 0.000000
vt 0.965009 2.310804 0.000000
vt 0.989244 2.310804 0.000000
vt 0.989244 2.145747 0.000000
vt 1.013479 2.145747 0.000000
vt 1.013479 1.980689 0.000000
vt 1.037714 1.980689 0.000000
vt 1.037714 1.760613 0.000000
vt 1.061949 1.760613 0.000000
vt 1.061949 1.540536 0.000000
vt 0.051222 1.943725 0.000000
vt 0.892304 2.310804 0.000000
vt 0.940774 2.310804 0.000000
vt 0.940774 2.145747 0.000000
vt 0.965009 2.145747 0.000000
vt 0.965009 1.980689 0.000000
vt 0.989244 1.980689 0.000000
vt 0.989244 1.760613 0.000000
vt 1.013479 1.760613 0.000000
vt 1.013479 1.540536 0.000000
vt 1.037714 1.540536 0.000000
vt 0.892304 1.760613 0.000000
vt 0.892304 1.980689 0.000000
vt 0.892304 2.145747 0.000000
vt 0.940774 1.980689 0.000000
vt 0.000000 0.000000 0.000000
vt 0.892304 0.165057 0.000000
vt 0.892304 0.330115 0.000000
vt 0.892304 0.495172 0.000000
vt 0.940774 0.330115 0.000000
vt 0.940774 0.495172 0.000000
vt 0.965009 0.330115 0.000000
vt 0.965009 0.495172 0.000000
vt 0.989244 0.330115 0.000000
vt 0.892304 0.082529 0.000000
vt 0.892304 0.000000 0.000000
vt 0.940774 0.000000 0.000000
vt 0.989244 0.000000 0.000000
vt 0.965009 0.082529 0.000000
vt 0.940774 0.082529 0.000000
vt 1.037714 0.000000 0.000000
vt 1.013479 0.082529 0.000000
vt 0.989244 0.082529 0.000000
vt 0.965009 0.165057 0.000000
vt 0.940774 0.165057 0.000000
vt 1.037714 0.082529 0.000000
vt 1.013479 0.165057 0.000000
vt 0.989244 0.165057 0.000000
vt 1.118513 0.000000 0.000000
vt 1.102349 0.082529 0.000000
vt 1.098308 0.082529 0.000000
vt 1.150843 0.000000 0.000000
vt 1.126596 0.082529 0.000000
vt 1.122555 0.082529 0.000000
vt 1.118513 0.082529 0.000000
vt 1.118513 0.165057 0.000000
vt 1.114472 0.165057 0.000000
vt 1.114472 0.330115 0.000000
vt 1.110431 0.330115 0.000000
vt 1.110431 0.495172 0.000000
vt 1.106390 0.495172 0.000000
vt 1.106390 0.577701 0.000000
vt 1.102349 0.577701 0.000000
vt 1.102349 0.660230 0.000000
vt 1.098308 0.660230 0.000000
vt 1.098308 0.825287 0.000000
vt 1.183172 0.000000 0.000000
vt 1.150843 0.082529 0.000000
vt 1.134678 0.082529 0.000000
vt 1.126596 0.165057 0.000000
vt 1.122555 0.165057 0.000000
vt 1.122555 0.330115 0.000000
vt 1.118513 0.330115 0.000000
vt 1.118513 0.495172 0.000000
vt 1.114472 0.495172 0.000000
vt 1.114472 0.577701 0.000000
vt 1.110431 0.577701 0.000000
vt 1.110431 0.660230 0.000000
vt 1.106390 0.660230 0.000000
vt 1.106390 0.825287 0.000000
vt 1.102349 0.825287 0.000000
vt 1.102349 0.990345 0.000000
vt 1.098308 0.990345 0.000000
vt 1.098308 1.155402 0.000000
vt 1.215501 0.000000 0.000000
vt 1.183172 0.082529 0.000000
vt 1.167007 0.082529 0.000000
vt 1.150843 0.165057 0.000000
vt 1.134678 0.165057 0.000000
vt 1.134678 0.330115 0.000000
vt 1.126596 0.330115 0.000000
vt 1.126596 0.495172 0.000000
vt 1.122555 0.495172 0.000000
vt 1.122555 0.577701 0.000000
vt 1.118513 0.577701 0.000000
vt 1.118513 0.660230 0.000000
vt 1.114472 0.660230 0.000000
vt 1.114472 0.825287 0.000000
vt 1.110431 0.825287 0.000000
vt 1.110431 0.990345 0.000000
vt 1.106390 0.990345 0.000000
vt 1.106390 1.155402 0.000000
vt 1.102349 1.155402 0.000000
vt 1.102349 1.320460 0.000000
vt 1.098308 1.320460 0.000000
vt 1.098308 1.540536 0.000000
vt 1.263996 0.000000 0.000000
vt 1.215501 0.082529 0.000000
vt 1.207419 0.082529 0.000000
vt 1.199337 0.082529 0.000000
vt 1.199337 0.165057 0.000000
vt 1.183172 0.165057 0.000000
vt 1.183172 0.330115 0.000000
vt 1.167007 0.330115 0.000000
vt 1.167007 0.495172 0.000000
vt 1.150843 0.495172 0.000000
vt 1.150843 0.577701 0.000000
vt 1.134678 0.577701 0.000000
vt 1.134678 0.660230 0.000000
vt 1.126596 0.660230 0.000000
vt 1.126596 0.825287 0.000000
vt 1.122555 0.825287 0.000000
vt 1.122555 0.990345 0.000000
vt 1.118513 0.990345 0.000000
vt 1.118513 1.155402 0.000000
vt 1.114472 1.155402 0.000000
vt 1.114472 1.320460 0.000000
vt 1.110431 1.320460 0.000000
vt 1.110431 1.540536 0.000000
vt 1.106390 1.540536 0.000000
vt 1.106390 1.760613 0.000000
vt 1.102349 1.760613 0.000000
vt 1.102349 1.980689 0.000000
vt 1.098308 1.980689 0.000000
vt 1.098308 2.145747 0.000000
vt 1.312490 0.000000 0.000000
vt 1.280161 0.082529 0.000000
vt 1.215501 0.165057 0.000000
vt 1.360985 0.000000 0.000000
vt 0.892304 0.660230 0.000000
vt 0.892304 0.577701 0.000000
vt 0.940774 0.577701 0.000000
vt 1.706914 0.825287 0.000000
vt 1.409479 0.825287 0.000000
vt 1.344820 0.825287 0.000000
vt 1.280161 0.825287 0.000000
vt 1.215501 0.825287 0.000000
vt 1.207419 0.825287 0.000000
vt 1.199337 0.825287 0.000000
vt 0.892304 1.540536 0.000000
vt 0.940774 1.540536 0.000000
vt 0.965009 1.540536 0.000000
vt 0.989244 1.540536 0.000000
vt 2.004348 1.540536 0.000000
vt 2.004348 1.760613 0.000000
vt 1.207419 0.165057 0.000000
vt 1.207419 0.330115 0.000000
vt 1.167007 0.165057 0.000000
vt 1.114472 0.082529 0.000000
vt 1.110431 0.082529 0.000000
vt 1.106390 0.082529 0.000000
vt 1.106390 0.165057 0.000000
vt 1.102349 0.165057 0.000000
vt 1.102349 0.330115 0.000000
vt 1.098308 0.330115 0.000000
vt 1.098308 0.495172 0.000000
vt 1.110431 0.165057 0.000000
vt 1.098308 0.165057 0.000000
vt 1.086184 0.165057 0.000000
vt 1.086184 0.330115 0.000000
vt 1.086184 0.495172 0.000000
vt 1.086184 0.577701 0.000000
vt 1.086184 0.660230 0.000000
vt 1.086184 0.825287 0.000000
vt 1.086184 0.990345 0.000000
vt 1.061949 0.330115 0.000000
vt 1.061949 0.495172 0.000000
vt 1.061949 0.577701 0.000000
vt 1.061949 0.660230 0.000000
vt 1.061949 0.825287 0.000000
vt 1.061949 0.990345 0.000000
vt 1.106390 0.330115 0.000000
vt 1.150843 0.330115 0.000000
vt 1.199337 0.330115 0.000000
vt 1.199337 0.495172 0.000000
vt 1.183172 0.495172 0.000000
vt 1.167007 0.577701 0.000000
vt 1.150843 0.660230 0.000000
vt 1.134678 0.825287 0.000000
vt 1.126596 0.990345 0.000000
vt 1.122555 1.155402 0.000000
vt 1.118513 1.320460 0.000000
vt 1.114472 1.540536 0.000000
vt 1.110431 1.760613 0.000000
vt 1.106390 1.980689 0.000000
vt 1.102349 2.145747 0.000000
vt 1.098308 2.310804 0.000000
vt 1.134678 0.495172 0.000000
vt 1.126596 0.577701 0.000000
vt 1.122555 0.660230 0.000000
vt 1.118513 0.825287 0.000000
vt 1.114472 0.990345 0.000000
vt 1.110431 1.155402 0.000000
vt 1.106390 1.320460 0.000000
vt 1.102349 1.540536 0.000000
vt 1.098308 1.760613 0.000000
vt 1.102349 0.495172 0.000000
vt 1.098308 0.577701 0.000000
vt 1.037714 0.495172 0.000000
vt 1.013479 0.577701 0.000000
vt 0.989244 0.660230 0.000000
vt 0.965009 0.825287 0.000000
vt 0.940774 0.990345 0.000000
vt 1.183172 0.577701 0.000000
vt 1.037714 0.577701 0.000000
vt 1.037714 0.660230 0.000000
vt 1.037714 0.825287 0.000000
vt 1.037714 0.990345 0.000000
vt 1.150843 0.825287 0.000000
vt 1.167007 0.660230 0.000000
vt 1.134678 0.990345 0.000000
vt 1.126596 1.155402 0.000000
vt 1.122555 1.320460 0.000000
vt 1.118513 1.540536 0.000000
vt 1.114472 1.760613 0.000000
vt 1.110431 1.980689 0.000000
vt 1.106390 2.145747 0.000000
vt 1.102349 2.310804 0.000000
vt 1.013479 0.825287 0.000000
vt 1.013479 0.660230 0.000000
vt 0.989244 0.825287 0.000000
vt 1.013479 0.990345 0.000000
vt 0.965009 0.990345 0.000000
vt 0.989244 0.990345 0.000000
vt 1.706914 1.320460 0.000000
vt 1.706914 1.540536 0.000000
vt 1.706914 1.760613 0.000000
vt 1.409479 1.320460 0.000000
vt 1.409479 1.540536 0.000000
vt 1.409479 1.760613 0.000000
vt 1.344820 1.320460 0.000000
vt 1.344820 1.540536 0.000000
vt 1.344820 1.760613 0.000000
vt 1.280161 1.320460 0.000000
vt 1.280161 1.540536 0.000000
vt 1.280161 1.760613 0.000000
vt 1.215501 1.320460 0.000000
vt 1.215501 1.540536 0.000000
vt 1.215501 1.760613 0.000000
vt 1.207419 1.320460 0.000000
vt 1.207419 1.540536 0.000000
vt 1.207419 1.760613 0.000000
vt 1.199337 1.320460 0.000000
vt 1.199337 1.540536 0.000000
vt 1.199337 1.760613 0.000000
vt 1.183172 1.320460 0.000000
vt 1.183172 1.540536 0.000000
vt 1.183172 1.760613 0.000000
vt 1.167007 1.320460 0.000000
vt 1.167007 1.540536 0.000000
vt 1.167007 1.760613 0.000000
vt 1.150843 1.320460 0.000000
vt 1.150843 1.540536 0.000000
vt 1.150843 1.760613 0.000000
vt 1.134678 1.760613 0.000000
vt 1.134678 1.540536 0.000000
vt 1.126596 1.760613 0.000000
vt 1.061949 1.980689 0.000000
vt 1.037714 2.145747 0.000000
vt 1.013479 2.310804 0.000000
vt 0.965009 1.760613 0.000000
vt 0.940774 1.760613 0.000000
vt 1.061949 2.475862 0.000000
vt 1.167007 2.310804 0.000000
vt 1.344820 2.310804 0.000000
vt 2.400000 -4.072435 0.000000
vt 0.000000 -4.072435 0.000000
vt 2.400000 -4.398230 0.000000
vt 0.000000 -4.398230 0.000000
vt 2.400000 4.398230 0.000000
vt 0.000000 4.398230 0.000000
vt 2.400000 4.072435 0.000000
vt 0.000000 4.072435 0.000000
vt 2.400000 3.746640 0.000000
vt 0.000000 3.746640 0.000000
vt 2.400000 3.420845 0.000000
vt 0.000000 3.420845 0.000000
vt 2.400000 3.095051 0.000000
vt 0.000000 3.095051 0.000000
vt 2.400000 2.769256 0.000000
vt 0.000000 2.769256 0.000000
vt 2.400000 2.443461 0.000000
vt 0.000000 2.443461 0.000000
vt 2.400000 2.117666 0.000000
vt 0.000000 2.117666 0.000000
vt 2.400000 1.791871 0.000000
vt -0.000000 1.791871 0.000000
vt 2.400000 1.466077 0.000000
vt 0.000000 1.466077 0.000000
vt 2.400000 1.140282 0.000000
vt 0.000000 1.140282 0.000000
vt 2.400000 0.814487 0.000000
vt -0.000000 0.814487 0.000000
vt 2.400000 0.488692 0.000000
vt 0.000000 0.488692 0.000000
vt 2.400000 0.162897 0.000000
vt 0.000000 0.162897 0.000000
vt 2.400000 -0.162897 0.000000
vt 0.000000 -0.162897 0.000000
vt 2.400000 -0.488692 0.000000
vt 0.000000 -0.488692 0.000000
vt 2.400000 -0.814487 0.000000
vt -0.000000 -0.814487 0.000000
vt 2.400000 -1.140282 0.000000
vt 0.000000 -1.140282 0.000000
vt 2.400000 -1.466077 0.000000
vt 0.000000 -1.466077 0.000000
vt 2.400000 -1.791871 0.000000
vt -0.000000 -1.791871 0.000000
vt 2.400000 -2.117666 0.000000
vt 0.000000 -2.117666 0.000000
vt 2.400000 -2.443461 0.000000
vt 0.000000 -2.443461 0.000000
vt 2.400000 -2.769256 0.000000
vt 0.000000 -2.769256 0.000000
vt 2.400000 -3.095051 0.000000
vt 0.000000 -3.095051 0.000000
vt 2.400000 -3.420845 0.000000
vt 0.000000 -3.420845 0.000000
vt 2.400000 -3.746640 0.000000
vt 0.000000 -3.746640 0.000000
vt 0.265630 -0.071175 0.000000
vt 1.740612 -0.181026 0.000000
vt 0.275000 0.000000 0.000000
vt 1.740612 0.181026 0.000000
vt 0.265630 0.071175 0.000000
vt 1.666109 0.535331 0.000000
vt 0.238157 0.137500 0.000000
vt 1.520294 0.866722 0.000000
vt 0.194454 0.194454 0.000000
vt 1.309406 1.161015 0.000000
vt 0.137500 0.238157 0.000000
vt 1.042472 1.405614 0.000000
vt 0.696062 1.605614 0.000000
vt 1.044265 1.678326 0.000000
vt 0.931341 1.743523 0.000000
vt 1.042864 1.693039 0.000000
vt 1.038609 1.707199 0.000000
vt 1.666109 -0.535331 0.000000
vt 0.238157 -0.137500 0.000000
vt 1.520294 -0.866722 0.000000
vt 0.194454 -0.194454 0.000000
vt 1.309406 -1.161015 0.000000
vt 0.137500 -0.238157 0.000000
vt 1.042472 -1.405614 0.000000
vt 0.696062 -1.605614 0.000000
vt 1.044265 -1.678326 0.000000
vt 0.931341 -1.743523 0.000000
vt 1.042863 -1.693046 0.000000
vt 1.038603 -1.707212 0.000000
vt 1.031703 -1.720297 0.000000
vt 1.022379 -1.731773 0.000000
vt 1.014963 -1.738292 0.000000
vt 1.006754 -1.743779 0.000000
vt 0.997896 -1.748140 0.000000
vt 0.988541 -1.751301 0.000000
vt 0.944783 -1.749666 0.000000
vt 0.959173 -1.753061 0.000000
vt 0.071175 -0.265630 0.000000
vt 0.350766 -1.714486 0.000000
vt -0.000000 -0.275000 0.000000
vt -0.009543 -1.749974 0.000000
vt -0.369444 -1.710559 0.000000
vt -0.071175 -0.265630 0.000000
vt -0.713532 -1.597927 0.000000
vt -0.137500 -0.238157 0.000000
vt -1.027079 -1.416901 0.000000
vt -1.296665 -1.175228 0.000000
vt -0.194454 -0.194454 0.000000
vt -1.510750 -0.883252 0.000000
vt -0.238157 -0.137500 0.000000
vt -1.660172 -0.553471 0.000000
vt -0.265630 -0.071175 0.000000
vt -1.738534 -0.200000 0.000000
vt -0.275000 0.000000 0.000000
vt -1.738534 0.200000 0.000000
vt -0.265630 0.071175 0.000000
vt -1.660172 0.553471 0.000000
vt -0.238157 0.137500 0.000000
vt -1.510750 0.883252 0.000000
vt -0.194454 0.194454 0.000000
vt -1.296665 1.175228 0.000000
vt -0.137500 0.238157 0.000000
vt -1.027079 1.416901 0.000000
vt -0.713532 1.597927 0.000000
vt -0.071175 0.265630 0.000000
vt -0.369444 1.710559 0.000000
vt -0.000000 0.275000 0.000000
vt -0.009543 1.749974 0.000000
vt 0.350766 1.714486 0.000000
vt 0.071175 0.265630 0.000000
vt 0.973947 -1.753632 0.000000
vt 1.031716 1.720279 0.000000
vt 1.022400 1.731752 0.000000
vt 1.014986 1.738273 0.000000
vt 1.006780 1.743764 0.000000
vt 0.997923 1.748129 0.000000
vt 0.988570 1.751293 0.000000
vt 0.973969 1.753630 0.000000
vt 0.959188 1.753063 0.000000
vt 0.944790 1.749669 0.000000
vt -1.975606 -0.065197 0.000000
vt -1.975606 0.065197 0.000000
vt -1.987652 -0.056622 0.000000
vt -1.997791 -0.045851 0.000000
vt -2.005673 -0.033333 0.000000
vt -2.010949 -0.019520 0.000000
vt -2.012886 -0.009838 0.000000
vt -2.013534 0.000015 0.000000
vt -2.012882 0.009867 0.000000
vt -2.010941 0.019548 0.000000
vt -2.005663 0.033353 0.000000
vt -1.997782 0.045862 0.000000
vt -1.987647 0.056627 0.000000
vt 1.362263 -0.322862 0.000000
vt 1.714486 -0.350766 0.000000
vt 1.400000 -0.000000 0.000000
vt 1.749974 0.009543 0.000000
vt 1.710559 0.369444 0.000000
vt 1.605614 -0.696062 0.000000
vt 1.251086 -0.628319 0.000000
vt 1.405614 -1.042472 0.000000
vt 1.072462 -0.899903 0.000000
vt 1.161015 -1.309406 0.000000
vt 0.836022 -1.122972 0.000000
vt 0.866722 -1.520294 0.000000
vt 0.554512 -1.285503 0.000000
vt 0.535331 -1.666109 0.000000
vt 0.243107 -1.378731 0.000000
vt 0.181026 -1.740612 0.000000
vt -0.081403 -1.397631 0.000000
vt -0.181026 -1.740612 0.000000
vt -0.401525 -1.341185 0.000000
vt -0.535331 -1.666109 0.000000
vt -0.700000 -1.212436 0.000000
vt -0.866722 -1.520294 0.000000
vt -1.161015 -1.309406 0.000000
vt -0.960738 -1.018323 0.000000
vt -1.405614 -1.042472 0.000000
vt -1.169683 -0.769313 0.000000
vt -1.605614 -0.696062 0.000000
vt -1.315570 -0.478828 0.000000
vt -1.714486 -0.350766 0.000000
vt -1.390534 -0.162530 0.000000
vt -1.749974 0.009544 0.000000
vt -1.390534 0.162530 0.000000
vt -1.710559 0.369445 0.000000
vt -1.315570 0.478828 0.000000
vt -1.597927 0.713532 0.000000
vt -1.169683 0.769313 0.000000
vt -1.416901 1.027079 0.000000
vt -0.960738 1.018323 0.000000
vt -1.175228 1.296665 0.000000
vt -0.883252 1.510750 0.000000
vt -0.700000 1.212436 0.000000
vt -0.553471 1.660172 0.000000
vt -0.401525 1.341185 0.000000
vt -0.200000 1.738534 0.000000
vt -0.081403 1.397631 0.000000
vt 0.200000 1.738534 0.000000
vt 0.243107 1.378731 0.000000
vt 0.553471 1.660172 0.000000
vt 0.554512 1.285503 0.000000
vt 0.883252 1.510750 0.000000
vt 0.836022 1.122972 0.000000
vt 1.175228 1.296665 0.000000
vt 1.072462 0.899903 0.000000
vt 1.416901 1.027079 0.000000
vt 1.251086 0.628319 0.000000
vt 1.597927 0.713532 0.000000
vt 1.362263 0.322862 0.000000
vt 0.065197 1.975606 0.000000
vt -0.065197 1.975606 0.000000
vt -0.056627 1.987647 0.000000
vt -0.045862 1.997782 0.000000
vt 0.056622 1.987652 0.000000
vt 0.045851 1.997791 0.000000
vt 0.033333 2.005673 0.000000
vt 0.019520 2.010949 0.000000
vt 0.009838 2.012886 0.000000
vt -0.000015 2.013534 0.000000
vt -0.009867 2.012882 0.000000
vt -0.019548 2.010941 0.000000
vt -0.033353 2.005663 0.000000
vt -1.678326 -1.044265 0.000000
vt -1.743523 -0.931341 0.000000
vt -1.693039 -1.042864 0.000000
vt -1.707199 -1.038609 0.000000
vt -1.720279 -1.031716 0.000000
vt -1.731752 -1.022400 0.000000
vt -1.738273 -1.014986 0.000000
vt -1.743764 -1.006780 0.000000
vt -1.748129 -0.997923 0.000000
vt -1.751293 -0.988570 0.000000
vt -1.753630 -0.973969 0.000000
vt -1.753063 -0.959188 0.000000
vt -1.749669 -0.944790 0.000000
vt 1.678326 -1.044265 0.000000
vt 1.743523 -0.931341 0.000000
vt 1.693046 -1.042863 0.000000
vt 1.707212 -1.038603 0.000000
vt 1.720297 -1.031703 0.000000
vt 1.731773 -1.022379 0.000000
vt 1.738291 -1.014962 0.000000
vt 1.743779 -1.006754 0.000000
vt 1.748140 -0.997896 0.000000
vt 1.751301 -0.988541 0.000000
vt 1.753632 -0.973947 0.000000
vt 1.753061 -0.959173 0.000000
vt 1.749666 -0.944783 0.000000
vn -1.000000 -0.000000 0.000000
vn -1.000000 -0.000000 0.000000
vn -1.000000 -0.000000 0.000000
vn -1.000000 -0.000000 0.000000
vn -1.000000 -0.000000 0.000000
vn -1.000000 -0.000000 0.000000
vn -1.000000 -0.000000 0.000000
vn -1.000000 -0.000000 0.000000
vn -1.000000 -0.000000 0.000000
vn -1.000000 -0.000000 0.000000
vn -1.000000 -0.000000 0.000000
vn -1.000000 -0.000000 0.000000
vn -1.000000 -0.000000 0.000000
vn -1.000000 -0.000000 0.000000
vn -1.000000 -0.000000 0.000000
vn -1.000000 -0.000000 0.000000
vn -1.000000 -0.000000 0.000000
vn -1.000000 -0.000000 0.000000
vn -1.000000 -0.000000 0.000000
vn -1.000000 -0.000000 0.000000
vn -1.000000 -0.000000 0.000000
vn -1.000000 -0.000000 0.000000
vn -1.000000 -0.000000 0.000000
vn -1.000000 -0.000000 0.000000
vn -1.000000 -0.000000 0.000000
vn -1.000000 -0.000000 0.000000
vn -1.000000 -0.000000 0.000000
vn -1.000000 -0.000000 0.000000
vn -1.000000 -0.000000 0.000000
vn -1.000000 -0.000000 0.000000
vn -1.000000 -0.000000 0.000000
vn -1.000000 -0.000000 0.000000
vn -1.000000 -0.000000 0.000000
vn -1.000000 -0.000000 0.000000
vn -1.000000 -0.000000 0.000000
vn -1.000000 -0.000000 0.000000
vn -1.000000 -0.000000 0.000000
vn -1.000000 -0.000000 0.000000
vn -1.000000 -0.000000 0.000000
vn -1.000000 -0.000000 0.000000
vn -1.000000 -0.000000 0.000000
vn -1.000000 -0.000000 0.000000
vn -1.000000 -0.000000 0.000000
vn -1.000000 -0.000000 0.000000
vn -1.000000 -0.000000 0.000000
vn -1.000000 -0.000000 0.000000
vn -1.000000 -0.000000 0.000000
vn -1.000000 -0.000000 0.000000
vn -1.000000 -0.000000 0.000000
vn -1.000000 -0.000000 0.000000
vn -1.000000 -0.000000 0.000000
vn 0.000000 0.258819 0.965926
vn 0.000000 0.258819 0.965926
vn 0.000000 0.000000 1.000000
vn 0.000000 0.000000 1.000000
vn 0.000000 -0.258819 0.965926
vn 0.000000 -0.258819 0.965926
vn 0.000000 -0.500000 0.866025
vn 0.000000 -0.500000 0.866025
vn 0.000000 -0.707107 0.707107
vn 0.000000 -0.707107 0.707107
vn 0.000000 -0.866025 0.500000
vn 0.000000 -0.866025 0.500000
vn 0.000000 -0.965926 0.258819
vn 0.000000 -0.965926 0.258819
vn -0.000000 -1.000000 -0.000000
vn -0.000000 -1.000000 -0.000000
vn -0.000000 -0.965926 -0.258819
vn -0.000000 -0.965926 -0.258819
vn -0.000000 -0.866025 -0.500000
vn -0.000000 -0.866025 -0.500000
vn -0.000000 -0.707107 -0.707107
vn -0.000000 -0.707107 -0.707107
vn -0.000000 -0.500000 -0.866025
vn -0.000000 -0.500000 -0.866025
vn -0.000000 -0.258819 -0.965926
vn -0.000000 -0.258819 -0.965926
vn -0.000000 0.000000 -1.000000
vn -0.000000 0.000000 -1.000000
vn -0.000000 0.258819 -0.965926
vn -0.000000 0.258819 -0.965926
vn -0.000000 0.500000 -0.866025
vn -0.000000 0.500000 -0.866025
vn -0.000000 0.707107 -0.707107
vn -0.000000 0.707107 -0.707107
vn -0.000000 0.866025 -0.500000
vn -0.000000 0.866025 -0.500000
vn -0.000000 0.965926 -0.258819
vn -0.000000 0.965926 -0.258819
vn -0.000000 1.000000 -0.000000
vn -0.000000 1.000000 -0.000000
vn 0.000000 0.965926 0.258819
vn 0.000000 0.965926 0.258819
vn 0.000000 0.866025 0.500000
vn 0.000000 0.866025 0.500000
vn 0.000000 0.707107 0.707107
vn 0.000000 0.707107 0.707107
vn 0.000000 0.500000 0.866025
vn 0.000000 0.500000 0.866025
vn -0.659699 0.705346 0.259391
vn -0.642751 0.718998 0.264411
vn -0.663145 0.701775 0.260288
vn -0.646246 0.713438 0.270873
vn -0.665277 0.699161 0.261879
vn -0.667753 0.696097 0.263732
vn -0.660803 0.704772 0.258139
vn -0.660497 0.705138 0.257923
vn -0.655105 0.711401 0.254450
vn -0.653217 0.713595 0.253160
vn -0.645686 0.721943 0.248772
vn -0.641509 0.726597 0.246016
vn -0.631181 0.737426 0.240447
vn -0.623530 0.745460 0.235583
vn -0.609326 0.759316 0.228386
vn -0.590942 0.776931 0.217175
vn -0.569242 0.795777 0.206645
vn -0.534112 0.824648 0.186226
vn -0.498840 0.849915 0.169715
vn -0.426439 0.895136 0.129930
vn -0.312851 0.947216 0.070044
vn -0.227761 0.973374 0.025846
vn -0.107187 0.993643 -0.034431
vn 0.004802 0.995965 -0.089617
vn 0.109226 0.984249 -0.139009
vn 0.237849 0.950681 -0.199083
vn 0.305981 0.924003 -0.229334
vn 0.367275 0.893993 -0.256681
vn 0.412295 0.868305 -0.275788
vn 0.528779 0.784363 -0.324295
vn 0.454388 0.841073 -0.293476
vn 0.493623 0.812625 -0.309802
vn 0.428158 0.858502 -0.282231
vn 0.481999 0.821399 -0.304927
vn 0.388012 0.882790 -0.264816
vn 0.464692 0.833956 -0.297624
vn 0.358902 0.898702 -0.252041
vn 0.452438 0.842490 -0.292422
vn 0.336912 0.909821 -0.242313
vn 0.443314 0.848659 -0.288533
vn 0.314842 0.920231 -0.232485
vn 0.434251 0.854633 -0.284657
vn 0.298267 0.927569 -0.225062
vn 0.427495 0.858987 -0.281759
vn 0.285376 0.932997 -0.219265
vn 0.422267 0.862301 -0.279511
vn 0.277448 0.936216 -0.215690
vn 0.419062 0.864309 -0.278131
vn 0.270658 0.938902 -0.212621
vn 0.416321 0.866011 -0.276950
vn 0.264778 0.941175 -0.209959
vn 0.413951 0.867472 -0.275927
vn 0.259638 0.943122 -0.207629
vn 0.411882 0.868740 -0.275034
vn 0.253712 0.945320 -0.204939
vn 0.409499 0.870191 -0.274004
vn 0.248639 0.947164 -0.202632
vn 0.407461 0.871424 -0.273123
vn 0.244246 0.948731 -0.200632
vn 0.537172 0.777200 -0.327730
vn 0.537042 0.777312 -0.327677
vn 0.638533 0.675991 -0.367848
vn 0.637086 0.677653 -0.367297
vn 0.708744 0.585381 -0.393715
vn 0.706368 0.588806 -0.392877
vn 0.794435 0.437115 -0.421666
vn 0.792211 0.441745 -0.421027
vn 0.870812 0.222667 -0.438298
vn 0.869050 0.229703 -0.438165
vn 0.898865 0.054275 -0.434852
vn 0.897923 0.063971 -0.435479
vn 0.902409 -0.093242 -0.420670
vn 0.902855 -0.079096 -0.422606
vn 0.887661 -0.232355 -0.397579
vn 0.892368 -0.201266 -0.403944
vn 0.876498 -0.287917 -0.385818
vn 0.886431 -0.237061 -0.397545
vn 0.864532 -0.334640 -0.374967
vn 0.884683 -0.243627 -0.397469
vn 0.873546 -0.272999 -0.402976
vn 0.885884 -0.191360 -0.422601
vn 0.872299 -0.243812 -0.423852
vn 0.881786 -0.153958 -0.445815
vn 0.866930 -0.232589 -0.440835
vn 0.874429 -0.135817 -0.465756
vn 0.823433 -0.158846 -0.544726
vn 0.818587 -0.088603 -0.567507
vn 0.722790 -0.106603 -0.682796
vn 0.487558 -0.005741 -0.873072
vn 0.647450 -0.242755 -0.722412
vn -0.669891 0.693429 0.265335
vn -0.651868 0.704023 0.281814
vn -0.672323 0.690366 0.267163
vn -0.675116 0.686814 0.269267
vn -0.659733 0.706049 0.257385
vn -0.659250 0.706624 0.257044
vn -0.648377 0.719149 0.249863
vn -0.643998 0.724093 0.246891
vn -0.628066 0.741128 0.237199
vn -0.616622 0.752987 0.229757
vn -0.592414 0.776129 0.216030
vn -0.566003 0.799850 0.199700
vn -0.526360 0.831295 0.178590
vn -0.482259 0.862589 0.152863
vn -0.417576 0.900625 0.120438
vn -0.319419 0.945247 0.066930
vn -0.205939 0.978470 0.013652
vn 0.010700 0.995443 -0.094756
vn 0.089469 0.987268 -0.131519
vn 0.214686 0.957915 -0.190547
vn 0.268408 0.939219 -0.214067
vn 0.326663 0.913300 -0.243257
vn 0.319303 0.917767 -0.236114
vn -0.661332 0.685655 0.304166
vn -0.683574 0.675816 0.275678
vn -0.678355 0.682646 0.271716
vn -0.671404 0.639354 0.374758
vn -0.733330 0.602653 0.314701
vn -0.718444 0.626237 0.302764
vn -0.707393 0.642749 0.294056
vn -0.652484 0.714572 0.252292
vn -0.654514 0.712209 0.253715
vn -0.609119 0.760920 0.223550
vn -0.621385 0.748464 0.231693
vn -0.556524 0.808458 0.191512
vn -0.582516 0.785784 0.207891
vn -0.492445 0.856373 0.155314
vn -0.536649 0.823987 0.181806
vn -0.414285 0.902973 0.114047
vn -0.742858 0.586658 0.322482
vn -0.754307 0.566393 0.331992
vn -0.644682 0.723500 0.246845
vn -0.440347 0.889666 0.120780
vn -0.576611 0.791583 0.202275
vn -0.647412 0.720405 0.248747
vn -0.093247 0.993915 -0.058639
vn -0.363787 0.927970 0.080811
vn -0.483884 0.862722 0.146857
vn -0.590316 0.779054 0.211192
vn -0.649500 0.718017 0.250204
vn -0.034493 0.996145 -0.080662
vn -0.212967 0.977051 0.003940
vn -0.419770 0.900594 0.112796
vn -0.515114 0.840919 0.165868
vn 0.654055 0.655044 -0.378325
vn 0.594517 0.723410 -0.351037
vn 0.564110 0.753024 -0.338725
vn 0.530096 0.783250 -0.324835
vn 0.531110 0.782390 -0.325251
vn 0.731151 0.540785 -0.415897
vn 0.720366 0.565913 -0.401017
vn 0.645778 0.667012 -0.371573
vn 0.614846 0.702233 -0.358935
vn 0.576013 0.741776 -0.343477
vn 0.592519 0.725543 -0.350012
vn 0.532571 0.781147 -0.325849
vn 0.533572 0.780293 -0.326258
vn 0.781175 0.440621 -0.442289
vn 0.804191 0.405667 -0.434409
vn 0.771255 0.477482 -0.420923
vn 0.760692 0.500232 -0.413661
vn 0.677174 0.628254 -0.383058
vn 0.716160 0.574185 -0.396770
vn 0.641982 0.671923 -0.369296
vn 0.659182 0.651380 -0.375744
vn 0.603404 0.714413 -0.354284
vn 0.611115 0.706316 -0.357291
vn 0.534301 0.779669 -0.326556
vn 0.535011 0.779060 -0.326847
vn 0.828626 0.307831 -0.467567
vn 0.837392 0.308403 -0.451289
vn 0.831801 0.327950 -0.447834
vn 0.824669 0.350459 -0.443958
vn 0.862215 0.237838 -0.447235
vn 0.844532 0.303396 -0.441267
vn 0.881239 0.166914 -0.442219
vn 0.854727 0.277656 -0.438577
vn 0.873363 0.209170 -0.439870
vn 0.827885 0.358390 -0.431466
vn 0.841404 0.321693 -0.434227
vn 0.753990 0.513752 -0.409339
vn 0.767254 0.490219 -0.413530
vn 0.682033 0.622302 -0.384150
vn 0.689789 0.611927 -0.386958
vn 0.623748 0.692649 -0.362182
vn 0.627731 0.688234 -0.363715
vn 0.535932 0.778268 -0.327223
vn 0.536175 0.778059 -0.327322
vn 0.853251 0.197528 -0.482643
vn 0.867021 0.163326 -0.470743
vn 0.872220 0.188067 -0.451513
vn 0.883197 0.069777 -0.463783
vn 0.899162 -0.006384 -0.437570
vn 0.892398 -0.080847 -0.443948
vn 0.897129 -0.145104 -0.417259
vn 0.865904 0.096775 -0.490759
vn 0.876340 0.042777 -0.479790
vn 0.882600 -0.032826 -0.468977
vn 0.870626 -0.003235 -0.491934
vn 0.874662 -0.074774 -0.478931
vn 0.698517 -0.386562 -0.602199
vn 0.754016 -0.306517 -0.580953
vn 0.739951 -0.188309 -0.645765
vn 0.755650 -0.384879 -0.529963
vn 0.710986 -0.479699 -0.514187
vn 0.752737 -0.439231 -0.490371
vn 0.746759 -0.489357 -0.450423
vn 0.792343 -0.448876 -0.413162
vn 0.781208 -0.486856 -0.390750
vn 0.813877 -0.453139 -0.363689
vn 0.801915 -0.483937 -0.350340
vn 0.813476 -0.463804 -0.350917
vn 0.804355 -0.485953 -0.341851
vn 0.812620 -0.474055 -0.339000
vn 0.803632 -0.494547 -0.331056
vn 0.808842 -0.489196 -0.326286
vn 0.800486 -0.506939 -0.319741
vn 0.852029 -0.378493 -0.361648
vn 0.847916 -0.391040 -0.357948
vn 0.876664 -0.288703 -0.384852
vn 0.873906 -0.300675 -0.381945
vn 0.900203 -0.132450 -0.414839
vn 0.899592 -0.140265 -0.413594
vn 0.901197 0.024822 -0.432698
vn 0.903346 -0.066147 -0.423782
vn 0.901547 0.019285 -0.432250
vn 0.709240 -0.541486 -0.451411
vn 0.740565 -0.524067 -0.420616
vn 0.771582 -0.515277 -0.373029
vn 0.794030 -0.502624 -0.341886
vn 0.796167 -0.504575 -0.333950
vn 0.795596 -0.511831 -0.324123
vn 0.793077 -0.521926 -0.314041
vn 0.843092 -0.405081 -0.353702
vn 0.871494 -0.310646 -0.379468
vn 0.888499 -0.228888 -0.397719
vn 0.899029 -0.146882 -0.412519
vn 0.696808 -0.610901 -0.375844
vn 0.731071 -0.564160 -0.383743
vn 0.734889 -0.549345 -0.397692
vn 0.687151 -0.642744 -0.338679
vn 0.718382 -0.605307 -0.342828
vn 0.721708 -0.595475 -0.352911
vn 0.724513 -0.586712 -0.361732
vn 0.750111 -0.568906 -0.337164
vn 0.754620 -0.558537 -0.344361
vn 0.774894 -0.543768 -0.322266
vn 0.780615 -0.532022 -0.328013
vn 0.782181 -0.534062 -0.320890
vn 0.788809 -0.520424 -0.327016
vn 0.788395 -0.526583 -0.318030
vn 0.770479 -0.563962 -0.297167
vn 0.740128 -0.590503 -0.321740
vn 0.715461 -0.613498 -0.334269
vn 0.744788 -0.580641 -0.328858
vn 0.762132 -0.568512 -0.309758
vn 0.768105 -0.557167 -0.315562
vn 0.767428 -0.562523 -0.307608
vn 0.774327 -0.549519 -0.313762
vn 0.772498 -0.557016 -0.304927
vn 0.779908 -0.543171 -0.310980
vn 0.776977 -0.552390 -0.301947
vn 0.784439 -0.538606 -0.307505
vn 0.838903 -0.416752 -0.350085
vn 0.835238 -0.426603 -0.346970
vn 0.869372 -0.319078 -0.377334
vn 0.892838 0.107661 -0.437320
vn 0.875219 0.204149 -0.438538
vn 0.900749 0.031352 -0.433208
vn 0.873898 0.209849 -0.438481
vn 0.900160 0.039168 -0.433794
vn 0.872282 0.216645 -0.438394
vn 0.899590 0.046120 -0.434294
vn 0.876317 0.199302 -0.438574
vn 0.848515 0.301264 -0.435042
vn 0.799013 0.427408 -0.422966
vn 0.800775 0.423605 -0.423460
vn 0.712455 0.579972 -0.395019
vn 0.710745 0.582473 -0.394419
vn 0.796932 0.431852 -0.422378
vn 0.068392 0.990564 -0.118764
vn -0.126823 0.991641 -0.023760
vn -0.117460 0.992671 -0.028422
vn -0.290830 0.954926 0.059457
vn -0.106547 0.993731 -0.033845
vn -0.278816 0.958868 0.053231
vn -0.093670 0.994790 -0.040227
vn -0.264502 0.963295 0.045836
vn -0.082386 0.995547 -0.045804
vn -0.251836 0.966971 0.039314
vn -0.069356 0.996224 -0.052228
vn -0.237069 0.970974 0.031734
vn -0.054151 0.996746 -0.059701
vn -0.219648 0.975312 0.022826
vn -0.036192 0.996995 -0.068495
vn -0.198814 0.979961 0.012219
vn -0.006550 0.996533 -0.082935
vn -0.163831 0.986473 -0.005479
vn 0.032278 0.994291 -0.101708
vn -0.116935 0.992716 -0.028988
vn 0.084979 0.988265 -0.126931
vn -0.051492 0.996785 -0.061391
vn 0.138262 0.978642 -0.152127
vn 0.016494 0.995382 -0.094563
vn 0.209222 0.960171 -0.185194
vn -0.448861 0.882071 0.143093
vn -0.439029 0.887849 0.137760
vn -0.427368 0.894470 0.131455
vn -0.413330 0.902114 0.123893
vn -0.400778 0.908653 0.117157
vn -0.385988 0.916012 0.109251
vn -0.368325 0.924320 0.099851
vn -0.346898 0.933717 0.088508
vn -0.310183 0.948154 0.069218
vn -0.259544 0.964778 0.042899
vn -0.186270 0.982484 0.005373
vn -0.557848 0.804669 0.203258
vn -0.656613 0.707878 0.260322
vn -0.649376 0.716078 0.256014
vn -0.652112 0.713520 0.256202
vn -0.640666 0.725686 0.250854
vn -0.644953 0.721537 0.251831
vn -0.629994 0.737086 0.244564
vn -0.636251 0.731027 0.246544
vn -0.620278 0.747126 0.238868
vn -0.628391 0.739366 0.241791
vn -0.608614 0.758772 0.232066
vn -0.619031 0.749019 0.236158
vn -0.594374 0.772416 0.223814
vn -0.607708 0.760313 0.229381
vn -0.576637 0.788581 0.213611
vn -0.593751 0.773681 0.221082
vn -0.545032 0.815275 0.195618
vn -0.658585 0.707137 0.257338
vn -0.656716 0.709046 0.256861
vn -0.654559 0.711174 0.256484
vn -0.648883 0.717625 0.252914
vn 0.727622 -0.576416 -0.371901
vn 0.759648 -0.546466 -0.352577
vn 0.786963 -0.518455 -0.334504
vn -0.690202 0.666937 0.280742
vn -0.698887 0.654934 0.287435
vn -0.661453 0.703993 0.258598
vn -0.660165 0.705451 0.257916
vn -0.655697 0.710510 0.255413
vn -0.652462 0.713949 0.254107
vn -0.647366 0.719727 0.250818
vn -0.642035 0.725242 0.248626
vn -0.635897 0.731921 0.244797
vn -0.661154 0.704352 0.258387
vn -0.658594 0.707311 0.256838
vn -0.656736 0.709495 0.255566
vn -0.547478 0.813205 0.197398
vn -0.534874 0.823221 0.190306
vn -0.523494 0.831939 0.183933
vn -0.509950 0.841927 0.176382
vn -0.493584 0.853454 0.167305
vn -0.473451 0.866858 0.156209
vn -0.438242 0.888359 0.136974
vn -0.388209 0.914984 0.109990
vn 0.076751 0.989466 -0.122742
vn 0.086544 0.988069 -0.127393
vn 0.095064 0.986757 -0.131432
vn 0.104838 0.985139 -0.136054
vn 0.116157 0.983115 -0.141395
vn 0.129414 0.980539 -0.147633
vn 0.151052 0.975854 -0.157772
vn 0.178992 0.968914 -0.170787
vn 0.216317 0.958045 -0.188036
vn 0.253534 0.945339 -0.205075
vn 0.302625 0.925611 -0.227293
vn 0.369479 0.892977 -0.257054
vn 0.536891 0.777442 -0.327615
vn 0.536714 0.777595 -0.327543
vn 0.536559 0.777729 -0.327479
vn 0.536381 0.777882 -0.327407
vn 0.900861 -0.123080 -0.416295
vn 0.878997 -0.278025 -0.387384
vn 0.901377 -0.114732 -0.417559
vn 0.881590 -0.265467 -0.390289
vn 0.901902 -0.104924 -0.419004
vn 0.884472 -0.250495 -0.393651
vn 0.635379 0.679606 -0.366645
vn 0.704272 0.591803 -0.392135
vn 0.633882 0.681310 -0.366073
vn 0.701836 0.595259 -0.391271
vn 0.632152 0.683271 -0.365411
vn 0.698968 0.599291 -0.390250
vn 0.630129 0.685550 -0.364635
vn 0.695542 0.604053 -0.389026
vn -0.652262 0.714479 0.253128
vn -0.642832 0.724785 0.247901
vn -0.649225 0.717947 0.251114
vn -0.637510 0.730620 0.244489
vn -0.660144 0.705559 0.257674
vn -0.651004 0.716146 0.251651
vn -0.636506 0.732083 0.242725
vn -0.610458 0.758725 0.227325
vn -0.565090 0.800023 0.201587
vn -0.480255 0.863239 0.155480
vn -0.340696 0.936421 0.083916
vn -0.101276 0.994123 -0.038246
vn 0.165471 0.972074 -0.166407
vn -0.628643 0.739640 0.240291
vn 0.789596 0.447115 -0.420268
vn 0.866900 0.238032 -0.437978
vn 0.896670 0.075688 -0.436181
vn 0.903191 -0.054863 -0.425718
vn 0.897336 -0.158229 -0.412009
vn 0.896317 -0.162869 -0.412419
vn 0.856641 -0.363715 -0.365892
vn 0.818296 -0.467896 -0.333863
vn 0.822679 -0.449420 -0.348168
vn 0.827241 -0.426929 -0.365245
vn 0.827662 -0.412934 -0.380080
vn 0.804798 -0.396015 -0.442123
vn 0.765273 -0.532248 -0.362036
vn 0.829016 -0.441909 -0.342709
vn 0.837918 -0.407801 -0.362756
vn 0.845517 -0.397052 -0.357003
vn 0.855197 -0.351657 -0.380757
vn 0.867651 -0.324656 -0.376537
vn 0.861825 -0.346069 -0.370803
vn 0.864226 0.248043 -0.437708
vn 0.894237 0.095708 -0.437241
vn 0.859461 0.265017 -0.437142
vn 0.890266 0.123363 -0.438415
vn 0.852478 0.288203 -0.436143
vn 0.883149 0.163924 -0.439519
vn 0.782707 0.460919 -0.418238
vn 0.776237 0.473454 -0.416291
vn 0.786481 0.453418 -0.419356
vn 0.535533 0.778612 -0.327060
vn -0.619943 0.748657 0.234913
vn -0.658454 0.707569 0.256484
vn -0.657411 0.708804 0.255750
vn -0.655983 0.710486 0.254746
vn -0.638164 0.730565 0.242946
vn -0.600255 0.769183 0.219207
vn 0.618462 0.698429 -0.360141
vn 0.671021 0.636582 -0.380123
vn 0.739062 0.538686 -0.404480
vn 0.805050 0.412779 -0.426038
vn 0.813177 0.390792 -0.431306
vn 0.902766 -0.021275 -0.429605
vn 0.901446 -0.095205 -0.422293
vn 0.901131 -0.081663 -0.425787
vn 0.842879 -0.378168 -0.382810
vn 0.843192 -0.358695 -0.400457
vn 0.814284 -0.341096 -0.469676
vn -0.630005 0.739397 0.237457
vn 0.894828 0.083398 -0.438553
vn 0.900266 0.028151 -0.434428
vn 0.901706 -0.025531 -0.431595
vn 0.893947 0.077490 -0.441422
vn 0.897316 0.035959 -0.439921
vn 0.855463 -0.304309 -0.419022
vn 0.859877 -0.311468 -0.404473
vn 0.822040 -0.265721 -0.503630
vn 0.867941 0.211255 -0.449499
vn 0.158309 0.973404 -0.165600
vn -0.155700 0.987618 -0.019167
vn -0.300467 0.952428 0.050989
vn -0.659699 -0.128034 -0.740543
vn -0.642751 -0.130512 -0.754876
vn -0.663145 -0.125471 -0.737899
vn -0.646246 -0.122136 -0.753292
vn -0.665277 -0.122786 -0.736431
vn -0.667753 -0.119650 -0.734704
vn -0.660803 -0.128831 -0.739420
vn -0.660497 -0.129201 -0.739629
vn -0.655105 -0.135340 -0.743317
vn -0.653217 -0.137554 -0.744571
vn -0.645686 -0.145529 -0.749607
vn -0.641509 -0.150243 -0.752259
vn -0.631181 -0.160480 -0.758853
vn -0.623530 -0.168710 -0.763379
vn -0.609326 -0.181870 -0.771780
vn -0.590942 -0.200387 -0.781430
vn -0.569242 -0.218929 -0.792486
vn -0.534112 -0.251047 -0.807279
vn -0.498840 -0.277980 -0.820906
vn -0.426439 -0.335045 -0.840175
vn -0.312851 -0.412948 -0.855335
vn -0.227761 -0.464304 -0.855890
vn -0.107187 -0.526640 -0.843304
vn 0.004802 -0.575593 -0.817722
vn 0.109226 -0.612510 -0.782880
vn 0.237849 -0.647752 -0.723772
vn 0.305981 -0.660610 -0.685543
vn 0.367275 -0.669289 -0.645880
vn 0.412295 -0.672992 -0.614081
vn 0.528779 -0.673030 -0.517131
vn 0.454388 -0.674694 -0.581653
vn 0.493623 -0.674609 -0.548853
vn 0.428158 -0.673671 -0.602369
vn 0.481999 -0.674774 -0.558889
vn 0.388012 -0.670733 -0.632111
vn 0.464692 -0.674727 -0.573415
vn 0.358902 -0.667625 -0.652278
vn 0.452438 -0.674490 -0.583406
vn 0.336912 -0.664760 -0.666772
vn 0.443314 -0.674206 -0.590693
vn 0.314842 -0.661453 -0.680701
vn 0.434251 -0.673836 -0.597805
vn 0.298267 -0.658694 -0.690767
vn 0.427495 -0.673504 -0.603026
vn 0.285376 -0.656388 -0.698367
vn 0.422267 -0.673215 -0.607019
vn 0.277448 -0.654901 -0.702942
vn 0.419062 -0.673023 -0.609448
vn 0.270658 -0.653586 -0.706802
vn 0.416321 -0.672851 -0.611513
vn 0.264778 -0.652418 -0.710101
vn 0.413951 -0.672696 -0.613289
vn 0.259638 -0.651373 -0.712953
vn 0.411882 -0.672557 -0.614834
vn 0.253712 -0.650142 -0.716202
vn 0.409499 -0.672390 -0.616605
vn 0.248639 -0.649066 -0.718952
vn 0.407461 -0.672243 -0.618114
vn 0.244246 -0.648118 -0.721309
vn 0.537172 -0.672422 -0.509210
vn 0.537042 -0.672432 -0.509334
vn 0.638533 -0.656561 -0.401501
vn 0.637086 -0.656915 -0.403217
vn 0.708744 -0.633658 -0.310097
vn 0.706368 -0.634644 -0.313483
vn 0.794435 -0.583731 -0.167720
vn 0.792211 -0.585492 -0.172049
vn 0.870812 -0.490911 0.026314
vn 0.869050 -0.494314 0.020154
vn 0.898865 -0.403731 0.170423
vn 0.897923 -0.409121 0.162339
vn 0.902409 -0.317690 0.291085
vn 0.902855 -0.326439 0.279803
vn 0.887661 -0.228136 0.400014
vn 0.892368 -0.249193 0.376274
vn 0.876498 -0.190170 0.442252
vn 0.886431 -0.225753 0.404073
vn 0.864532 -0.157411 0.477290
vn 0.884683 -0.222404 0.409722
vn 0.873546 -0.212488 0.437912
vn 0.885884 -0.270303 0.377023
vn 0.872299 -0.245161 0.423073
vn 0.881786 -0.309108 0.356239
vn 0.866930 -0.265479 0.421845
vn 0.874429 -0.335448 0.350499
vn 0.823433 -0.392324 0.409927
vn 0.818587 -0.447174 0.360486
vn 0.722790 -0.538017 0.433719
vn 0.487558 -0.753232 0.441508
vn 0.647450 -0.504249 0.571438
vn -0.669891 -0.116928 -0.733195
vn -0.651868 -0.107953 -0.750609
vn -0.672323 -0.113814 -0.731456
vn -0.675116 -0.110215 -0.729432
vn -0.659733 -0.130122 -0.740149
vn -0.659250 -0.130705 -0.740477
vn -0.648377 -0.143187 -0.747733
vn -0.643998 -0.148233 -0.750529
vn -0.628066 -0.165143 -0.760435
vn -0.616622 -0.177518 -0.766984
vn -0.592414 -0.200977 -0.780163
vn -0.566003 -0.226980 -0.792541
vn -0.526360 -0.260984 -0.809217
vn -0.482259 -0.298911 -0.823455
vn -0.417576 -0.346010 -0.840183
vn -0.319419 -0.414661 -0.852073
vn -0.205939 -0.477412 -0.854206
vn 0.010700 -0.579782 -0.814701
vn 0.089469 -0.607533 -0.789240
vn 0.214686 -0.643977 -0.734305
vn 0.268408 -0.654997 -0.706354
vn 0.326663 -0.667317 -0.669312
vn 0.319303 -0.663364 -0.676752
vn -0.661332 -0.079412 -0.745878
vn -0.683574 -0.099164 -0.723113
vn -0.678355 -0.106010 -0.727046
vn -0.671404 0.004873 -0.741076
vn -0.733330 -0.028787 -0.679263
vn -0.718444 -0.050917 -0.693719
vn -0.707393 -0.066714 -0.703665
vn -0.652484 -0.138795 -0.744984
vn -0.654514 -0.136381 -0.743648
vn -0.609119 -0.186860 -0.770751
vn -0.621385 -0.173580 -0.764036
vn -0.556524 -0.238375 -0.795901
vn -0.582516 -0.212853 -0.784454
vn -0.492445 -0.293681 -0.819298
vn -0.536649 -0.254545 -0.804497
vn -0.414285 -0.352719 -0.839022
vn -0.742858 -0.014051 -0.669301
vn -0.754307 0.004317 -0.656507
vn -0.644682 -0.147976 -0.749992
vn -0.440347 -0.340235 -0.830864
vn -0.576611 -0.220616 -0.786669
vn -0.647412 -0.144782 -0.748262
vn -0.093247 -0.547740 -0.831436
vn -0.363787 -0.394000 -0.844052
vn -0.483884 -0.304179 -0.820568
vn -0.590316 -0.206629 -0.780277
vn -0.649500 -0.142325 -0.746923
vn -0.034493 -0.567927 -0.822356
vn -0.212967 -0.485113 -0.848122
vn -0.419770 -0.352613 -0.836336
vn -0.515114 -0.276814 -0.811191
vn 0.654055 -0.655161 -0.378122
vn 0.594517 -0.665712 -0.450973
vn 0.564110 -0.669856 -0.482776
vn 0.530096 -0.672941 -0.515897
vn 0.531110 -0.672870 -0.514944
vn 0.731151 -0.630570 -0.260385
vn 0.720366 -0.630248 -0.289587
vn 0.645778 -0.655297 -0.391863
vn 0.614846 -0.661963 -0.428684
vn 0.576013 -0.668348 -0.470659
vn 0.592519 -0.665891 -0.453333
vn 0.532571 -0.672767 -0.513569
vn 0.533572 -0.672694 -0.512624
vn 0.781175 -0.603344 -0.160444
vn 0.804191 -0.579043 -0.134114
vn 0.771255 -0.603271 -0.203050
vn 0.760692 -0.608357 -0.226383
vn 0.677174 -0.645865 -0.352555
vn 0.716160 -0.630706 -0.298874
vn 0.641982 -0.655781 -0.397254
vn 0.659182 -0.651093 -0.376240
vn 0.603404 -0.664025 -0.441558
vn 0.611115 -0.662581 -0.433042
vn 0.534301 -0.672641 -0.511935
vn 0.535011 -0.672588 -0.511262
vn 0.828626 -0.558840 -0.032806
vn 0.837392 -0.545029 -0.041441
vn 0.831801 -0.551811 -0.060096
vn 0.824669 -0.559709 -0.081528
vn 0.862215 -0.506236 0.017644
vn 0.844532 -0.533846 -0.042115
vn 0.881239 -0.466430 0.076557
vn 0.854727 -0.518647 -0.021169
vn 0.873363 -0.485523 0.038789
vn 0.827885 -0.552856 -0.094642
vn 0.841404 -0.536898 -0.061481
vn 0.753990 -0.611374 -0.240252
vn 0.767254 -0.603237 -0.217777
vn 0.682033 -0.643835 -0.346854
vn 0.689789 -0.641079 -0.336465
vn 0.623748 -0.659984 -0.418761
vn 0.627731 -0.659103 -0.414170
vn 0.535932 -0.672518 -0.510389
vn 0.536175 -0.672499 -0.510158
vn 0.853251 -0.516745 0.070257
vn 0.867021 -0.489339 0.093927
vn 0.872220 -0.485055 0.062886
vn 0.883197 -0.436536 0.171463
vn 0.899162 -0.375755 0.224313
vn 0.892398 -0.344047 0.291990
vn 0.897129 -0.288805 0.334293
vn 0.865904 -0.473397 0.161570
vn 0.876340 -0.436899 0.202849
vn 0.882600 -0.389733 0.262916
vn 0.870626 -0.424410 0.248768
vn 0.874662 -0.377380 0.304222
vn 0.698517 -0.328239 0.635872
vn 0.754016 -0.349862 0.555929
vn 0.739951 -0.465094 0.485963
vn 0.755650 -0.266522 0.598296
vn 0.710986 -0.205450 0.672525
vn 0.752737 -0.205058 0.625571
vn 0.746759 -0.145399 0.649007
vn 0.792343 -0.133371 0.595319
vn 0.781208 -0.094972 0.617004
vn 0.813877 -0.088395 0.574275
vn 0.801915 -0.061435 0.594271
vn 0.813476 -0.072001 0.577124
vn 0.804355 -0.053075 0.591774
vn 0.812620 -0.056555 0.580043
vn 0.803632 -0.039429 0.593819
vn 0.808842 -0.037974 0.586799
vn 0.800486 -0.023434 0.598893
vn 0.852029 -0.123949 0.508609
vn 0.847916 -0.114473 0.517625
vn 0.876664 -0.188940 0.442450
vn 0.873906 -0.180437 0.451365
vn 0.900203 -0.293036 0.322124
vn 0.899592 -0.288050 0.328270
vn 0.901197 -0.387138 0.194853
vn 0.903346 -0.333932 0.269176
vn 0.901547 -0.383982 0.199424
vn 0.709240 -0.120191 0.694646
vn 0.740565 -0.102231 0.664163
vn 0.771582 -0.065414 0.632758
vn 0.794030 -0.044770 0.606228
vn 0.796167 -0.036922 0.603950
vn 0.795596 -0.024784 0.605320
vn 0.793077 -0.011004 0.609021
vn 0.843092 -0.103775 0.527661
vn 0.871494 -0.173306 0.458762
vn 0.888499 -0.229991 0.397083
vn 0.899029 -0.283811 0.333463
vn 0.696808 -0.020040 0.716978
vn 0.731071 -0.050251 0.680449
vn 0.734889 -0.069739 0.674592
vn 0.687151 0.028068 0.725972
vn 0.718382 0.005756 0.695625
vn 0.721708 -0.007892 0.692152
vn 0.724513 -0.019913 0.688973
vn 0.750111 -0.007540 0.661269
vn 0.754620 -0.018957 0.655888
vn 0.774894 -0.007207 0.632050
vn 0.780615 -0.018057 0.624751
vn 0.782181 -0.010868 0.622956
vn 0.788809 -0.022992 0.614209
vn 0.788395 -0.012131 0.615050
vn 0.770479 0.024627 0.636989
vn 0.740128 0.016616 0.672261
vn 0.715461 0.017263 0.698440
vn 0.744788 0.005522 0.667279
vn 0.762132 0.015998 0.647224
vn 0.768105 0.005298 0.640302
vn 0.767428 0.014865 0.640963
vn 0.774327 0.003034 0.632778
vn 0.772498 0.014433 0.634853
vn 0.779908 0.002269 0.625890
vn 0.776977 0.014702 0.629357
vn 0.784439 0.002996 0.620199
vn 0.838903 -0.094806 0.535961
vn 0.835238 -0.087183 0.542934
vn 0.869372 -0.167242 0.464997
vn 0.892838 -0.432561 0.125423
vn 0.875219 -0.481860 0.042470
vn 0.900749 -0.390845 0.189453
vn 0.873898 -0.484660 0.037506
vn 0.900160 -0.395261 0.182976
vn 0.872282 -0.487983 0.031577
vn 0.899590 -0.399169 0.177205
vn 0.876317 -0.479468 0.046687
vn 0.848515 -0.527390 -0.043382
vn 0.799013 -0.580003 -0.158663
vn 0.800775 -0.578530 -0.155123
vn 0.712455 -0.632083 -0.304761
vn 0.710745 -0.632813 -0.307227
vn 0.796932 -0.581716 -0.162806
vn 0.068392 -0.598135 -0.798472
vn -0.126823 -0.516397 -0.846906
vn -0.117460 -0.520950 -0.845467
vn -0.290830 -0.425971 -0.856718
vn -0.106547 -0.526176 -0.843674
vn -0.278816 -0.433335 -0.857020
vn -0.093670 -0.532233 -0.841400
vn -0.264502 -0.441953 -0.857156
vn -0.082386 -0.537441 -0.839267
vn -0.251836 -0.449439 -0.857078
vn -0.069356 -0.543343 -0.836641
vn -0.237069 -0.458004 -0.856756
vn -0.054151 -0.550076 -0.833357
vn -0.219648 -0.467889 -0.856058
vn -0.036192 -0.557816 -0.829175
vn -0.198814 -0.479399 -0.854781
vn -0.006550 -0.570090 -0.821556
vn -0.163831 -0.497982 -0.851571
vn 0.032278 -0.585227 -0.810227
vn -0.116935 -0.521463 -0.845224
vn 0.084979 -0.604058 -0.792397
vn -0.051492 -0.551558 -0.832545
vn 0.138262 -0.621067 -0.771465
vn 0.016494 -0.579585 -0.814745
vn 0.209222 -0.640469 -0.738936
vn -0.448861 -0.317113 -0.835442
vn -0.439029 -0.324621 -0.837780
vn -0.427368 -0.333391 -0.840361
vn -0.413330 -0.343762 -0.843200
vn -0.400778 -0.352866 -0.845496
vn -0.385988 -0.363392 -0.847915
vn -0.368325 -0.375686 -0.850410
vn -0.346898 -0.390208 -0.852877
vn -0.310183 -0.414133 -0.855734
vn -0.259544 -0.445237 -0.856972
vn -0.186270 -0.486589 -0.853543
vn -0.557848 -0.226308 -0.798493
vn -0.656613 -0.128494 -0.743202
vn -0.649376 -0.136324 -0.748149
vn -0.652112 -0.134882 -0.746027
vn -0.640666 -0.145597 -0.753889
vn -0.644953 -0.142676 -0.750786
vn -0.629994 -0.156745 -0.760617
vn -0.636251 -0.152000 -0.756360
vn -0.620278 -0.166698 -0.766464
vn -0.628391 -0.160286 -0.761205
vn -0.608614 -0.178410 -0.773149
vn -0.619031 -0.169991 -0.766749
vn -0.594374 -0.192379 -0.780839
vn -0.607708 -0.181507 -0.773141
vn -0.576637 -0.209298 -0.789737
vn -0.593751 -0.195378 -0.780568
vn -0.545032 -0.238227 -0.803858
vn -0.658585 -0.130707 -0.741067
vn -0.656716 -0.132074 -0.742482
vn -0.654559 -0.133466 -0.744137
vn -0.648883 -0.139782 -0.747939
vn 0.727622 -0.033868 0.685142
vn 0.759648 -0.032108 0.649542
vn 0.786963 -0.030462 0.616247
vn -0.690202 -0.090339 -0.717956
vn -0.698887 -0.078541 -0.710906
vn -0.661453 -0.128044 -0.738975
vn -0.660165 -0.129364 -0.739897
vn -0.655697 -0.134061 -0.743027
vn -0.652462 -0.136912 -0.745351
vn -0.647366 -0.142649 -0.748711
vn -0.642035 -0.147305 -0.752391
vn -0.635897 -0.153960 -0.756261
vn -0.661154 -0.128406 -0.739180
vn -0.658594 -0.131227 -0.740968
vn -0.656736 -0.133421 -0.742224
vn -0.547478 -0.235651 -0.802955
vn -0.534874 -0.246800 -0.808084
vn -0.523494 -0.256679 -0.812447
vn -0.509950 -0.268212 -0.817321
vn -0.493584 -0.281837 -0.822766
vn -0.473451 -0.298148 -0.828825
vn -0.438242 -0.325557 -0.837829
vn -0.388209 -0.362238 -0.847394
vn 0.076751 -0.601031 -0.795532
vn 0.086544 -0.604360 -0.791997
vn 0.095064 -0.607202 -0.788840
vn 0.104838 -0.610396 -0.785128
vn 0.116157 -0.614009 -0.780705
vn 0.129414 -0.618123 -0.775355
vn 0.151052 -0.624561 -0.766229
vn 0.178992 -0.632363 -0.753710
vn 0.216317 -0.641867 -0.735673
vn 0.253534 -0.650269 -0.716150
vn 0.302625 -0.659647 -0.687956
vn 0.369479 -0.669104 -0.644814
vn 0.536891 -0.672444 -0.509477
vn 0.536714 -0.672458 -0.509646
vn 0.536559 -0.672470 -0.509793
vn 0.536381 -0.672483 -0.509962
vn 0.900861 -0.298982 0.314737
vn 0.878997 -0.196472 0.434469
vn 0.901377 -0.304251 0.308140
vn 0.881590 -0.205267 0.425046
vn 0.901902 -0.310406 0.300369
vn 0.884472 -0.215664 0.413761
vn 0.635379 -0.657327 -0.405234
vn 0.704272 -0.635501 -0.316448
vn 0.633882 -0.657684 -0.406995
vn 0.701836 -0.636480 -0.319874
vn 0.632152 -0.658090 -0.409024
vn 0.698968 -0.637612 -0.323876
vn 0.630129 -0.658559 -0.411386
vn 0.695542 -0.638933 -0.328612
vn -0.652262 -0.138024 -0.745321
vn -0.642832 -0.147704 -0.751632
vn -0.649225 -0.141503 -0.747318
vn -0.637510 -0.153576 -0.754980
vn -0.660144 -0.129627 -0.739869
vn -0.651004 -0.140137 -0.746026
vn -0.636506 -0.155836 -0.755365
vn -0.610458 -0.182494 -0.770738
vn -0.565090 -0.225432 -0.793633
vn -0.480255 -0.296970 -0.825327
vn -0.340696 -0.395537 -0.852923
vn -0.101276 -0.530184 -0.841813
vn 0.165471 -0.630150 -0.758637
vn -0.628643 -0.161722 -0.760693
vn 0.789596 -0.587521 -0.177079
vn 0.866900 -0.498316 0.012847
vn 0.896670 -0.415588 0.152543
vn 0.903191 -0.341251 0.260372
vn 0.897336 -0.277696 0.343035
vn 0.896317 -0.275731 0.347258
vn 0.856641 -0.135014 0.497933
vn 0.818296 -0.055186 0.572141
vn 0.822679 -0.076812 0.563293
vn 0.827241 -0.102847 0.552354
vn 0.827662 -0.122692 0.547651
vn 0.804798 -0.184882 0.564020
vn 0.765273 -0.047409 0.641958
vn 0.829016 -0.075840 0.554059
vn 0.837918 -0.110256 0.534544
vn 0.845517 -0.110648 0.522358
vn 0.855197 -0.153917 0.494922
vn 0.867651 -0.163763 0.469429
vn 0.861825 -0.148090 0.485106
vn 0.864226 -0.503088 0.004043
vn 0.894237 -0.426516 0.135735
vn 0.859461 -0.511085 -0.010941
vn 0.890266 -0.441360 0.112372
vn 0.852478 -0.521812 -0.031520
vn 0.883149 -0.462597 0.077797
vn 0.782707 -0.592664 -0.190048
vn 0.776237 -0.597246 -0.201877
vn 0.786481 -0.589882 -0.182994
vn 0.535533 -0.672548 -0.510767
vn -0.619943 -0.170888 -0.765812
vn -0.658454 -0.131663 -0.741015
vn -0.657411 -0.132916 -0.741717
vn -0.655983 -0.134626 -0.742672
vn -0.638164 -0.154885 -0.754160
vn -0.600255 -0.194752 -0.775736
vn 0.618462 -0.661106 -0.424786
vn 0.671021 -0.647487 -0.361235
vn 0.739062 -0.619633 -0.264276
vn 0.805050 -0.575349 -0.144458
vn 0.813177 -0.568918 -0.122783
vn 0.902766 -0.361411 0.233228
vn 0.901446 -0.318114 0.293596
vn 0.901131 -0.327911 0.283616
vn 0.842879 -0.142439 0.518908
vn 0.843192 -0.167459 0.510867
vn 0.814284 -0.236203 0.530236
vn -0.630005 -0.164055 -0.759065
vn 0.894828 -0.421497 0.147052
vn 0.900266 -0.390302 0.192834
vn 0.901706 -0.361007 0.237908
vn 0.893947 -0.421028 0.153603
vn 0.897316 -0.398962 0.188819
vn 0.855463 -0.210729 0.473050
vn 0.859877 -0.194550 0.471976
vn 0.822040 -0.303296 0.481936
vn 0.867941 -0.494905 0.041797
vn 0.158309 -0.630116 -0.760193
vn -0.155700 -0.510408 -0.845719
vn -0.300467 -0.432056 -0.850322
vn 0.000000 -0.999662 0.025984
vn 0.000000 -0.977462 0.211111
vn 0.000000 -0.976060 0.217502
vn 0.000000 -0.913101 0.407733
vn 0.000000 -0.930018 0.367515
vn 0.000000 -0.861076 0.508476
vn 0.000000 -0.809658 0.586903
vn 0.000000 -0.776074 0.630641
vn 0.000000 -0.671559 0.740951
vn 0.000000 -0.670467 0.741940
vn 0.000000 -0.543434 0.839452
vn 0.000000 -0.504715 0.863286
vn 0.000000 -0.397750 0.917494
vn 0.000000 -0.316269 0.948670
vn 0.000000 -0.200438 0.979706
vn 0.000000 -0.114286 0.993448
vn 0.000000 0.005453 0.999985
vn 0.000000 0.050780 0.998710
vn 0.000000 0.211111 0.977462
vn 0.000000 0.209459 0.977818
vn 0.000000 0.356474 0.934305
vn 0.000000 -0.999985 0.005453
vn -0.000000 -0.986264 -0.165178
vn -0.000000 -0.979706 -0.200438
vn -0.000000 -0.969329 -0.245766
vn -0.000000 -0.950226 -0.311561
vn -0.000000 -0.932254 -0.361804
vn -0.000000 -0.917494 -0.397750
vn 0.000000 0.407733 0.913101
vn 0.000000 0.491090 0.871109
vn 0.000000 0.586903 0.809658
vn 0.000000 0.621316 0.783560
vn 0.000000 0.736241 0.676719
vn 0.000000 0.740951 0.671559
vn 0.000000 0.852589 0.522581
vn 0.000000 0.863286 0.504715
vn 0.000000 0.936665 0.350226
vn 0.000000 0.948670 0.316269
vn 0.000000 0.962321 0.271916
vn 0.000000 0.978690 0.205341
vn 0.000000 0.988255 0.152813
vn 0.000000 0.993448 0.114286
vn -0.000000 0.477328 -0.878725
vn -0.000000 0.305903 -0.952063
vn -0.000000 0.299668 -0.954044
vn -0.000000 0.103444 -0.994635
vn -0.000000 0.146732 -0.989176
vn -0.000000 -0.009815 -0.999952
vn -0.000000 -0.103444 -0.994635
vn -0.000000 -0.158114 -0.987421
vn -0.000000 -0.305903 -0.952063
vn -0.000000 -0.307305 -0.951611
vn -0.000000 -0.455270 -0.890354
vn -0.000000 -0.495270 -0.868739
vn -0.000000 -0.595698 -0.803208
vn -0.000000 -0.663437 -0.748232
vn -0.000000 -0.748232 -0.663437
vn -0.000000 -0.803208 -0.595698
vn -0.000000 -0.868739 -0.495270
vn -0.000000 -0.890298 -0.455378
vn -0.000000 -0.952063 -0.305903
vn -0.000000 -0.951544 -0.307512
vn -0.000000 -0.987369 -0.158437
vn -0.000000 0.495270 -0.868739
vn -0.000000 0.636180 -0.771541
vn -0.000000 0.663437 -0.748232
vn -0.000000 0.697504 -0.716581
vn -0.000000 0.744933 -0.667139
vn -0.000000 0.779459 -0.626454
vn -0.000000 0.803208 -0.595698
vn -0.000000 -0.994635 -0.103444
vn -0.000000 -0.999947 -0.010259
vn 0.000000 -0.994635 0.103444
vn 0.000000 -0.989241 0.146295
vn 0.000000 -0.954177 0.299244
vn 0.000000 -0.952063 0.305903
vn 0.000000 -0.878864 0.477073
vn 0.000000 -0.868739 0.495270
vn 0.000000 -0.771637 0.636063
vn 0.000000 -0.748232 0.663437
vn 0.000000 -0.716647 0.697436
vn 0.000000 -0.667176 0.744900
vn 0.000000 -0.626467 0.779448
vn 0.000000 -0.595698 0.803208
vn -0.000000 0.839518 -0.543332
vn -0.000000 0.863286 -0.504715
vn -0.000000 0.917494 -0.397750
vn -0.000000 0.948670 -0.316269
vn -0.000000 0.979706 -0.200438
vn -0.000000 0.993448 -0.114286
vn 0.000000 0.999985 0.005453
vn 0.000000 0.998704 0.050902
vn 0.000000 0.977462 0.211111
vn 0.000000 0.977772 0.209671
vn 0.000000 0.934189 0.356779
vn -0.000000 0.740951 -0.671559
vn -0.000000 0.742085 -0.670305
vn -0.000000 0.630895 -0.775868
vn -0.000000 0.586903 -0.809658
vn -0.000000 0.508858 -0.860851
vn -0.000000 0.407733 -0.913101
vn -0.000000 0.367925 -0.929855
vn -0.000000 0.217935 -0.975963
vn -0.000000 0.211111 -0.977462
vn -0.000000 0.026274 -0.999655
vn -0.000000 0.005453 -0.999985
vn -0.000000 -0.165028 -0.986289
vn -0.000000 -0.200438 -0.979706
vn -0.000000 -0.245674 -0.969353
vn -0.000000 -0.311515 -0.950241
vn -0.000000 -0.361788 -0.932260
vn -0.000000 -0.397750 -0.917494
vn 0.000000 0.913101 0.407733
vn 0.000000 0.870891 0.491476
vn 0.000000 0.809658 0.586903
vn 0.000000 0.783286 0.621662
vn 0.000000 0.676392 0.736542
vn 0.000000 0.671559 0.740951
vn 0.000000 0.522334 0.852741
vn 0.000000 0.504715 0.863286
vn 0.000000 0.350084 0.936718
vn 0.000000 0.316269 0.948670
vn 0.000000 0.271825 0.962347
vn 0.000000 0.205293 0.978701
vn 0.000000 0.152796 0.988258
vn 0.000000 0.114286 0.993448
vn 0.429240 -0.855076 -0.290856
vn 0.519501 -0.784847 -0.337837
vn 0.433475 -0.797257 -0.420096
vn 0.594432 -0.738623 -0.317940
vn 0.710876 -0.622222 -0.327865
vn 0.656554 -0.692820 -0.298224
vn 0.707696 -0.648949 -0.279340
vn 0.706589 -0.669928 -0.227878
vn 0.694721 -0.622144 -0.360970
vn 0.695796 -0.647441 -0.310948
vn 0.670435 -0.597874 -0.439390
vn 0.673969 -0.627837 -0.389342
vn 0.633764 -0.574101 -0.518412
vn 0.433598 -0.887995 -0.153159
vn 0.519456 -0.827958 -0.211307
vn 0.518308 -0.809637 -0.275400
vn 0.593225 -0.762151 -0.259248
vn 0.655382 -0.715062 -0.243230
vn 0.660058 -0.740284 -0.127682
vn 0.594392 -0.779199 -0.198863
vn 0.710934 -0.693026 -0.119531
vn 0.707665 -0.684605 -0.174721
vn 0.656518 -0.730883 -0.186532
vn 0.699180 -0.666840 -0.257820
vn 0.629951 -0.533511 -0.564382
vn 0.573359 -0.500152 -0.648927
vn 0.569163 -0.448630 -0.689046
vn 0.482900 -0.396337 -0.780849
vn 0.478413 -0.333787 -0.812224
vn 0.349292 -0.250972 -0.902778
vn 0.344305 -0.177763 -0.921876
vn 0.176863 -0.071643 -0.981625
vn 0.174059 0.006212 -0.984716
vn -0.007847 0.113027 -0.993561
vn -0.008103 0.190284 -0.981696
vn -0.183822 0.282395 -0.941521
vn -0.183464 0.356023 -0.916290
vn -0.339355 0.426049 -0.838642
vn -0.338650 0.492199 -0.801908
vn -0.469179 0.540060 -0.698718
vn -0.466965 0.594814 -0.654325
vn -0.568808 0.621749 -0.538410
vn -0.565981 0.664141 -0.488449
vn -0.633941 0.670190 -0.385960
vn -0.630786 0.700894 -0.332951
vn -0.675082 0.696075 -0.244427
vn -0.671853 0.715974 -0.189722
vn -0.699646 0.706136 -0.108940
vn -0.696460 0.715618 -0.053234
vn -0.710866 0.702813 0.026889
vn -0.707670 0.701686 0.082704
vn -0.675504 0.736817 0.028189
vn -0.656520 0.749123 0.088295
vn -0.594388 0.798650 0.094133
vn -0.655366 0.740950 0.146590
vn -0.593199 0.789748 0.156244
vn -0.656520 0.726187 0.204046
vn -0.594384 0.774200 0.217537
vn -0.519436 0.822652 0.231151
vn -0.433543 0.845756 0.311026
vn -0.429185 0.886043 0.175295
vn -0.518269 0.838956 0.165980
vn -0.519444 0.848630 0.100024
vn -0.433420 0.900533 0.034453
vn -0.710925 0.660050 0.242733
vn -0.707672 0.680200 0.191125
vn -0.706579 0.694179 0.137337
vn -0.699815 0.705106 0.114385
vn -0.696427 0.715196 0.059026
vn -0.695335 0.718680 0.002690
vn -0.675359 0.737278 -0.017665
vn -0.671782 0.736866 -0.075746
vn -0.670679 0.729626 -0.133551
vn -0.634470 0.756222 -0.159922
vn -0.630667 0.744337 -0.219595
vn -0.629553 0.725640 -0.277686
vn -0.569812 0.757207 -0.319299
vn -0.565795 0.732305 -0.378954
vn -0.564700 0.700925 -0.435681
vn -0.470753 0.729195 -0.496655
vn -0.466690 0.689695 -0.553643
vn -0.465700 0.644473 -0.606447
vn -0.341982 0.664586 -0.664359
vn -0.338279 0.611326 -0.715435
vn -0.337540 0.553418 -0.761443
vn -0.185787 0.559402 -0.807807
vn -0.183011 0.494612 -0.849627
vn -0.182691 0.426397 -0.885895
vn -0.008917 0.413701 -0.910369
vn -0.007609 0.341059 -0.940011
vn -0.007831 0.266195 -0.963887
vn 0.174919 0.235361 -0.956038
vn 0.174532 0.159696 -0.971615
vn 0.173775 0.082922 -0.981288
vn 0.346528 0.041809 -0.937107
vn 0.344701 -0.031810 -0.938174
vn 0.343567 -0.105425 -0.933192
vn 0.481382 -0.135176 -0.866024
vn 0.478713 -0.202992 -0.854183
vn 0.477425 -0.269652 -0.836273
vn 0.572396 -0.275047 -0.772472
vn 0.569382 -0.335616 -0.750444
vn 0.568085 -0.393935 -0.722561
vn 0.633229 -0.386052 -0.670809
vn 0.630108 -0.438892 -0.640576
vn 0.628856 -0.488472 -0.604925
vn 0.673682 -0.477186 -0.564310
vn 0.670543 -0.521963 -0.527187
vn 0.669349 -0.562563 -0.485278
vn 0.699007 -0.554785 -0.451224
vn 0.695863 -0.590970 -0.408079
vn 0.429240 0.175649 0.885946
vn 0.519501 0.099848 0.848616
vn 0.433475 0.034815 0.900493
vn 0.594432 0.093968 0.798637
vn 0.710876 0.027171 0.702793
vn 0.656554 0.088140 0.749111
vn 0.707696 0.082559 0.701677
vn 0.706589 0.137616 0.694114
vn 0.694721 -0.001537 0.719278
vn 0.695796 0.054432 0.716174
vn 0.670435 -0.081586 0.737469
vn 0.673969 -0.023262 0.738394
vn 0.633764 -0.161908 0.756392
vn 0.433598 0.311358 0.845606
vn 0.519456 0.230982 0.822686
vn 0.518308 0.166315 0.838866
vn 0.593225 0.156560 0.789666
vn 0.655382 0.146887 0.740877
vn 0.660058 0.259566 0.704946
vn 0.594392 0.217379 0.774238
vn 0.710934 0.242996 0.659944
vn 0.707665 0.190989 0.680246
vn 0.656518 0.203900 0.726229
vn 0.699180 0.110142 0.706411
vn 0.629951 -0.222013 0.744225
vn 0.573359 -0.311911 0.757608
vn 0.569163 -0.372417 0.733048
vn 0.482900 -0.478066 0.733663
vn 0.478413 -0.536513 0.695180
vn 0.349292 -0.656343 0.668737
vn 0.344305 -0.709486 0.614885
vn 0.176863 -0.814290 0.552857
vn 0.174059 -0.855895 0.486978
vn -0.007847 -0.916962 0.398896
vn -0.008103 -0.945315 0.326057
vn -0.183822 -0.956579 0.226199
vn -0.183464 -0.971542 0.149820
vn -0.339355 -0.939310 0.050352
vn -0.338650 -0.940572 -0.025303
vn -0.469179 -0.875137 -0.118347
vn -0.466965 -0.864069 -0.187961
vn -0.568808 -0.777151 -0.269245
vn -0.565981 -0.755080 -0.330938
vn -0.633941 -0.669346 -0.387421
vn -0.630786 -0.638791 -0.440516
vn -0.675082 -0.559718 -0.480605
vn -0.671853 -0.522291 -0.525191
vn -0.699646 -0.447412 -0.557062
vn -0.696460 -0.403911 -0.593127
vn -0.710866 -0.328120 -0.622098
vn -0.707670 -0.279219 -0.649030
vn -0.675504 -0.343996 -0.652197
vn -0.656520 -0.298096 -0.692907
vn -0.594388 -0.317804 -0.738718
vn -0.655366 -0.243524 -0.714977
vn -0.593199 -0.259563 -0.762064
vn -0.656520 -0.186384 -0.730919
vn -0.594384 -0.198707 -0.779245
vn -0.519436 -0.211143 -0.828013
vn -0.433543 -0.153521 -0.887959
vn -0.429185 -0.291211 -0.854983
vn -0.518269 -0.275736 -0.809547
vn -0.519444 -0.337692 -0.784947
vn -0.433420 -0.420430 -0.797111
vn -0.710925 -0.119812 -0.692987
vn -0.707672 -0.174581 -0.684633
vn -0.706579 -0.228152 -0.669845
vn -0.699815 -0.253492 -0.667832
vn -0.696427 -0.306480 -0.648890
vn -0.695335 -0.357011 -0.623740
vn -0.675359 -0.383937 -0.629668
vn -0.671782 -0.434031 -0.600272
vn -0.670679 -0.480472 -0.565099
vn -0.634470 -0.516608 -0.574947
vn -0.630667 -0.562343 -0.534817
vn -0.629553 -0.603303 -0.489579
vn -0.569812 -0.655125 -0.496111
vn -0.565795 -0.694336 -0.444718
vn -0.564700 -0.727773 -0.389178
vn -0.470753 -0.794713 -0.383174
vn -0.466690 -0.824317 -0.320472
vn -0.465700 -0.847435 -0.254907
vn -0.341982 -0.907645 -0.243369
vn -0.338279 -0.925248 -0.171707
vn -0.337540 -0.936138 -0.098553
vn -0.185787 -0.979283 -0.080553
vn -0.183011 -0.983105 -0.003533
vn -0.182691 -0.980406 0.073677
vn -0.008917 -0.995253 0.096910
vn -0.007609 -0.984603 0.174639
vn -0.007831 -0.967849 0.251412
vn 0.174919 -0.945634 0.274190
vn 0.174532 -0.921291 0.347507
vn 0.173775 -0.891281 0.418831
vn 0.346528 -0.832463 0.432346
vn 0.344701 -0.796577 0.496635
vn 0.343567 -0.755456 0.557896
vn 0.481382 -0.682411 0.550078
vn 0.478713 -0.638248 0.602888
vn 0.477425 -0.589408 0.651662
vn 0.572396 -0.531457 0.624433
vn 0.569382 -0.482095 0.665874
vn 0.568085 -0.428789 0.702438
vn 0.633229 -0.387911 0.669736
vn 0.630108 -0.335310 0.700380
vn 0.628856 -0.279644 0.725492
vn 0.673682 -0.250113 0.695410
vn 0.670543 -0.195576 0.715627
vn 0.669349 -0.138982 0.729833
vn 0.699007 -0.113379 0.706070
vn 0.695863 -0.057922 0.715835
vn -0.647634 0.571264 -0.504210
vn -0.722847 0.433660 -0.537988
vn -0.487698 0.441468 -0.753164
vn -0.818601 0.360456 -0.447174
vn -0.870620 0.248774 -0.424419
vn -0.874659 0.304211 -0.377397
vn -0.876327 0.202791 -0.436951
vn -0.882594 0.262851 -0.389791
vn -0.883179 0.171354 -0.436615
vn -0.892400 0.291877 -0.344135
vn -0.899157 0.224168 -0.375853
vn -0.897146 0.334150 -0.288916
vn -0.901138 0.283475 -0.328014
vn -0.899293 0.318257 -0.299974
vn -0.902121 0.268265 -0.337951
vn -0.901455 0.293456 -0.318218
vn -0.900256 0.192687 -0.390398
vn -0.902417 0.224541 -0.367729
vn -0.888851 0.104876 -0.446033
vn -0.892487 0.124928 -0.433427
vn -0.856260 -0.020565 -0.516135
vn -0.860750 -0.006975 -0.508980
vn -0.777878 -0.198910 -0.596104
vn -0.782547 -0.190348 -0.592780
vn -0.695269 -0.328990 -0.639036
vn -0.699710 -0.322845 -0.637320
vn -0.630481 -0.410976 -0.658477
vn -0.632978 -0.408057 -0.657897
vn -0.536025 -0.510301 -0.672511
vn -0.536236 -0.510100 -0.672495
vn -0.411265 -0.615293 -0.672515
vn -0.409440 -0.616648 -0.672387
vn -0.254356 -0.715849 -0.650279
vn -0.250328 -0.718038 -0.649428
vn -0.071584 -0.797356 -0.599249
vn -0.065661 -0.799415 -0.597180
vn 0.120749 -0.845981 -0.519361
vn 0.127637 -0.847025 -0.516002
vn 0.294258 -0.856599 -0.423852
vn 0.449439 -0.835298 -0.316673
vn 0.442226 -0.837034 -0.322196
vn 0.560607 -0.797266 -0.223801
vn 0.434051 -0.838905 -0.328388
vn 0.553361 -0.800449 -0.230375
vn 0.424711 -0.840918 -0.335375
vn 0.545029 -0.803975 -0.237840
vn 0.413945 -0.843079 -0.343317
vn 0.535353 -0.807893 -0.246387
vn 0.396756 -0.846182 -0.355755
vn 0.519745 -0.813828 -0.259901
vn 0.375232 -0.849482 -0.370918
vn 0.499924 -0.820711 -0.276604
vn 0.347575 -0.852806 -0.389761
vn 0.474001 -0.828667 -0.297715
vn 0.321128 -0.855057 -0.407129
vn 0.448736 -0.835348 -0.317537
vn 0.287752 -0.856657 -0.428180
vn 0.416186 -0.842492 -0.342048
vn 0.244566 -0.856759 -0.454038
vn 0.372976 -0.849600 -0.372919
vn 0.187056 -0.853608 -0.486172
vn 0.313555 -0.855292 -0.412504
vn 0.150818 -0.849768 -0.505121
vn 0.275044 -0.856628 -0.436509
vn 0.108002 -0.843440 -0.526255
vn 0.228523 -0.855919 -0.463876
vn -0.003973 -0.817955 -0.575268
vn 0.102091 -0.841954 -0.529803
vn -0.164680 -0.758990 -0.629932
vn -0.088652 -0.789540 -0.607263
vn -0.267677 -0.706764 -0.654854
vn -0.213921 -0.734688 -0.643795
vn -0.325978 -0.669745 -0.667218
vn -0.157517 -0.760541 -0.629894
vn 0.035216 -0.822534 -0.567624
vn 0.156411 -0.845806 -0.510047
vn 0.301038 -0.850300 -0.431701
vn 0.414805 -0.838924 -0.352340
vn 0.492862 -0.819169 -0.293343
vn 0.537047 -0.804340 -0.254199
vn 0.582849 -0.784291 -0.212544
vn 0.592487 -0.779642 -0.202775
vn 0.626326 -0.761205 -0.168172
vn 0.630294 -0.758888 -0.163765
vn 0.656236 -0.742496 -0.134364
vn 0.657363 -0.741742 -0.133014
vn 0.692364 -0.716225 -0.087486
vn 0.686914 -0.720530 -0.094794
vn 0.661654 -0.745615 -0.079195
vn 0.652223 -0.750344 -0.107656
vn 0.682406 -0.723995 -0.100762
vn 0.678617 -0.726843 -0.105725
vn 0.658956 -0.740668 -0.131099
vn 0.659541 -0.740272 -0.130395
vn 0.645510 -0.749564 -0.146529
vn 0.648684 -0.747528 -0.142864
vn 0.630734 -0.758849 -0.162244
vn 0.636831 -0.755159 -0.155500
vn 0.614457 -0.768531 -0.178333
vn 0.623877 -0.763173 -0.168360
vn 0.596483 -0.778606 -0.194886
vn 0.609697 -0.771573 -0.181506
vn 0.576577 -0.789061 -0.211995
vn 0.594148 -0.780361 -0.194999
vn 0.554464 -0.799864 -0.229756
vn 0.577064 -0.789529 -0.208904
vn -0.698714 0.635631 -0.328286
vn -0.754105 0.555782 -0.349904
vn -0.740019 0.485869 -0.465085
vn -0.823454 0.409871 -0.392338
vn -0.874429 0.350469 -0.335477
vn -0.711200 0.672259 -0.205578
vn -0.754628 0.613134 -0.233674
vn -0.755761 0.598116 -0.266613
vn -0.814345 0.530101 -0.236295
vn -0.822079 0.481835 -0.303349
vn -0.855495 0.472952 -0.210820
vn -0.866944 0.421778 -0.265539
vn -0.872325 0.422960 -0.245264
vn -0.881794 0.356151 -0.309186
vn -0.885905 0.376895 -0.270412
vn -0.709473 0.694375 -0.120382
vn -0.748477 0.643910 -0.158628
vn -0.752868 0.625370 -0.205188
vn -0.804880 0.563862 -0.185007
vn -0.809678 0.548397 -0.209002
vn -0.843242 0.510744 -0.167579
vn -0.849361 0.493207 -0.187968
vn -0.859922 0.471841 -0.194679
vn -0.866283 0.449226 -0.218517
vn -0.873586 0.437767 -0.212620
vn -0.880114 0.409773 -0.239761
vn -0.884721 0.409569 -0.222535
vn -0.891585 0.375278 -0.253460
vn -0.896338 0.347114 -0.275844
vn -0.697069 0.716716 -0.020307
vn -0.735080 0.674361 -0.069963
vn -0.739266 0.666894 -0.093479
vn -0.743787 0.657118 -0.122378
vn -0.778798 0.621202 -0.087074
vn -0.786705 0.606894 -0.113025
vn -0.810822 0.579626 -0.081247
vn -0.820622 0.561812 -0.104629
vn -0.823718 0.559049 -0.094619
vn -0.834917 0.536792 -0.121522
vn -0.834001 0.542390 -0.101268
vn -0.846405 0.516244 -0.130735
vn -0.841238 0.531111 -0.101196
vn -0.854817 0.501759 -0.132383
vn -0.874222 0.449718 -0.183001
vn -0.881403 0.424743 -0.206691
vn -0.891179 0.382778 -0.243476
vn -0.894881 0.361010 -0.262412
vn -0.903155 0.265670 -0.337238
vn -0.903126 0.247879 -0.350600
vn -0.894932 0.140275 -0.423580
vn -0.687429 0.725721 0.027765
vn -0.717111 0.696865 0.011463
vn -0.719403 0.694589 0.002291
vn -0.721933 0.691915 -0.008160
vn -0.746248 0.665664 0.002196
vn -0.750300 0.661051 -0.007796
vn -0.769889 0.638175 0.002105
vn -0.775054 0.631851 -0.007452
vn -0.776360 0.630290 -0.000480
vn -0.782338 0.622755 -0.011113
vn -0.782084 0.623171 -0.001350
vn -0.788549 0.614847 -0.012374
vn -0.786640 0.617412 -0.000514
vn -0.793230 0.608818 -0.011246
vn -0.844322 0.525155 -0.106453
vn -0.848000 0.517447 -0.114652
vn -0.874613 0.449135 -0.182566
vn -0.876713 0.442292 -0.189083
vn -0.900378 0.320266 -0.294531
vn -0.900874 0.314597 -0.299089
vn -0.900605 0.187798 -0.391972
vn -0.900148 0.182828 -0.395358
vn -0.873476 0.035936 -0.485539
vn -0.872231 0.031386 -0.488086
vn -0.796208 -0.164240 -0.582304
vn -0.794290 -0.168007 -0.583847
vn -0.707931 -0.311260 -0.633996
vn -0.706108 -0.313853 -0.634751
vn -0.636335 -0.404106 -0.657097
vn -0.635026 -0.405651 -0.657411
vn -0.536371 -0.509971 -0.672484
vn -0.715026 0.698824 0.019576
vn -0.757032 0.652901 0.024979
vn -0.739263 0.673153 0.018857
vn -0.760933 0.648576 0.018168
vn -0.742586 0.669660 0.011016
vn -0.765202 0.643704 0.010589
vn -0.766014 0.642592 0.017287
vn -0.770661 0.636779 0.024362
vn -0.770969 0.636647 0.016921
vn -0.775445 0.631184 0.017073
vn -0.776251 0.630368 0.008341
vn -0.780744 0.624788 0.008844
vn -0.835337 0.542749 -0.087378
vn -0.838037 0.537632 -0.092978
vn -0.841018 0.531817 -0.099289
vn -0.869430 0.464833 -0.167395
vn -0.870995 0.460256 -0.171851
vn -0.872715 0.455066 -0.176870
vn -0.888533 0.396933 -0.230118
vn -0.899463 0.329507 -0.287038
vn -0.899907 0.325191 -0.290547
vn -0.899047 0.333321 -0.283922
vn -0.903350 0.269036 -0.334033
vn -0.901283 0.195919 -0.386399
vn -0.901539 0.199278 -0.384079
vn -0.892814 0.125262 -0.432658
vn -0.875465 0.043401 -0.481329
vn -0.876271 0.046501 -0.479570
vn -0.848436 -0.043605 -0.527499
vn -0.799341 -0.158009 -0.579730
vn -0.800637 -0.155403 -0.578645
vn -0.712203 -0.305127 -0.632190
vn -0.536694 -0.509664 -0.672459
vn -0.638511 -0.401527 -0.656566
vn -0.710944 -0.306943 -0.632728
vn -0.797877 -0.160934 -0.580942
vn -0.874542 0.039906 -0.483305
vn -0.243489 -0.721712 -0.647955
vn -0.406374 -0.618915 -0.672164
vn -0.536598 -0.509756 -0.672467
vn -0.637488 -0.402742 -0.656817
vn -0.709530 -0.308973 -0.633327
vn -0.246727 -0.719979 -0.648657
vn -0.407821 -0.617847 -0.672270
vn -0.536491 -0.509857 -0.672475
vn 0.656937 -0.742975 -0.128146
vn 0.651639 -0.746618 -0.133894
vn 0.645570 -0.750684 -0.140402
vn 0.638554 -0.755246 -0.147828
vn 0.630353 -0.760395 -0.156380
vn 0.617009 -0.768372 -0.170012
vn 0.599854 -0.777937 -0.187051
vn 0.659556 -0.740398 -0.129603
vn 0.657993 -0.741606 -0.130635
vn 0.656153 -0.743048 -0.131694
vn 0.652176 -0.745743 -0.136143
vn 0.649032 -0.748092 -0.138260
vn 0.643280 -0.751873 -0.144492
vn 0.643136 -0.754610 -0.130153
vn 0.662975 -0.738007 -0.125742
vn 0.661838 -0.738704 -0.127619
vn 0.660838 -0.739429 -0.128598
vn 0.659727 -0.740190 -0.129917
vn 0.657521 -0.741788 -0.131973
vn 0.655216 -0.743346 -0.134645
vn 0.651602 -0.745920 -0.137905
vn 0.647696 -0.748492 -0.142301
vn 0.642373 -0.752171 -0.146952
vn 0.633964 -0.757454 -0.156055
vn 0.625818 -0.762751 -0.162982
vn 0.612113 -0.770691 -0.177066
vn 0.646619 -0.753026 -0.121800
vn 0.664484 -0.736970 -0.123843
vn 0.661624 -0.738851 -0.127879
vn 0.661383 -0.739016 -0.128169
vn 0.658475 -0.741043 -0.131402
vn 0.657051 -0.742006 -0.133084
vn 0.652583 -0.745103 -0.137682
vn 0.648430 -0.747831 -0.142437
vn 0.641489 -0.752481 -0.149213
vn 0.633759 -0.757285 -0.157699
vn 0.623386 -0.763808 -0.167294
vn 0.670954 -0.732428 -0.115625
vn 0.668052 -0.734485 -0.119327
vn 0.666166 -0.735804 -0.121719
vn 0.661111 -0.739202 -0.128498
vn 0.671683 -0.740823 0.004872
vn 0.733423 -0.679166 -0.028708
vn 0.718579 -0.693588 -0.050782
vn 0.707562 -0.703512 -0.066537
vn 0.652696 -0.744838 -0.138584
vn 0.654749 -0.743485 -0.136140
vn 0.609384 -0.770602 -0.186608
vn 0.621665 -0.763871 -0.173306
vn 0.556856 -0.795757 -0.238080
vn 0.742926 -0.669226 -0.014008
vn 0.754347 -0.656462 0.004317
vn 0.644800 -0.749910 -0.147878
vn 0.440650 -0.830794 -0.340013
vn 0.576832 -0.786561 -0.220423
vn 0.647563 -0.748158 -0.144644
vn 0.093841 -0.831550 -0.547466
vn 0.364232 -0.844000 -0.393700
vn 0.484202 -0.820473 -0.303929
vn 0.590556 -0.780152 -0.206412
vn 0.649676 -0.746801 -0.142157
vn 0.213558 -0.848159 -0.484788
vn 0.420207 -0.836250 -0.352294
vn 0.515441 -0.811076 -0.276544
vn -0.528298 -0.517581 -0.673061
vn -0.366623 -0.646325 -0.669217
vn -0.318610 -0.677183 -0.663258
vn -0.653732 -0.378522 -0.655253
vn -0.594116 -0.451404 -0.665778
vn -0.563671 -0.483218 -0.669907
vn -0.529615 -0.516348 -0.672973
vn -0.530630 -0.515395 -0.672904
vn -0.481462 -0.559347 -0.674778
vn -0.464134 -0.573874 -0.674721
vn -0.387376 -0.632563 -0.670674
vn -0.358238 -0.652724 -0.667546
vn -0.252787 -0.716555 -0.650114
vn -0.232952 -0.727137 -0.645759
vn -0.108991 -0.783326 -0.611981
vn -0.084157 -0.792694 -0.603782
vn 0.052320 -0.832731 -0.551201
vn 0.103477 -0.842974 -0.527908
vn -0.730930 -0.260725 -0.630685
vn -0.720128 -0.289941 -0.630357
vn -0.645442 -0.392269 -0.655385
vn -0.614470 -0.429107 -0.662038
vn -0.575588 -0.471097 -0.668405
vn -0.592113 -0.453767 -0.665956
vn -0.532091 -0.514021 -0.672801
vn -0.533093 -0.513077 -0.672729
vn -0.451866 -0.583866 -0.674475
vn -0.446987 -0.587775 -0.674332
vn -0.346512 -0.660520 -0.666065
vn -0.336228 -0.667212 -0.664665
vn -0.215547 -0.736058 -0.641683
vn -0.186499 -0.750202 -0.634361
vn -0.043081 -0.806800 -0.589251
vn -0.010646 -0.816725 -0.576929
vn 0.143008 -0.849036 -0.508612
vn 0.174300 -0.852668 -0.492522
vn -0.781021 -0.160733 -0.603466
vn -0.804062 -0.134383 -0.579159
vn -0.771084 -0.203357 -0.603387
vn -0.760506 -0.226702 -0.608471
vn -0.676878 -0.352942 -0.645962
vn -0.715915 -0.299233 -0.630813
vn -0.641640 -0.397665 -0.655867
vn -0.658862 -0.376641 -0.651186
vn -0.603012 -0.441988 -0.664095
vn -0.607176 -0.437412 -0.663331
vn -0.533484 -0.512707 -0.672701
vn -0.533822 -0.512388 -0.672676
vn -0.442732 -0.591153 -0.674186
vn -0.435669 -0.596700 -0.673900
vn -0.319052 -0.678090 -0.662118
vn -0.305292 -0.686541 -0.659893
vn -0.163281 -0.760850 -0.628050
vn -0.144335 -0.769113 -0.622602
vn 0.015520 -0.823954 -0.566445
vn 0.037024 -0.829374 -0.557465
vn 0.199595 -0.854835 -0.478977
vn 0.226558 -0.856373 -0.464001
vn -0.828555 -0.032976 -0.558936
vn -0.837307 -0.041667 -0.545143
vn -0.831708 -0.060331 -0.551925
vn -0.824567 -0.081772 -0.559824
vn -0.862156 0.017446 -0.506342
vn -0.844451 -0.042338 -0.533956
vn -0.881201 0.076382 -0.466530
vn -0.854656 -0.021381 -0.518754
vn -0.873314 0.038601 -0.485626
vn -0.827782 -0.094889 -0.552968
vn -0.835337 -0.076774 -0.544350
vn -0.747039 -0.251599 -0.615330
vn -0.753793 -0.240580 -0.611488
vn -0.670716 -0.361629 -0.647584
vn -0.679359 -0.350386 -0.644748
vn -0.616484 -0.427024 -0.661512
vn -0.620934 -0.421979 -0.660587
vn -0.534812 -0.511451 -0.672602
vn -0.535164 -0.511117 -0.672576
vn -0.425466 -0.604580 -0.673396
vn -0.421662 -0.607479 -0.673180
vn -0.284649 -0.698788 -0.656255
vn -0.274336 -0.704717 -0.654304
vn -0.111372 -0.782589 -0.612496
vn -0.097348 -0.787980 -0.607956
vn 0.079083 -0.838616 -0.538952
vn 0.094493 -0.841549 -0.531852
vn 0.265244 -0.857153 -0.441514
vn 0.276212 -0.857060 -0.434919
vn -0.853216 0.070162 -0.516816
vn -0.866989 0.093808 -0.489419
vn -0.872175 0.062703 -0.485159
vn -0.865888 0.161529 -0.473441
vn 0.699082 -0.710738 -0.078332
vn 0.703062 -0.707389 -0.072831
vn 0.655548 -0.742955 -0.135187
vn -0.795457 0.588418 -0.144957
vn -0.831465 0.539449 -0.132894
vn -0.847108 0.508539 -0.154261
vn -0.859821 0.482484 -0.167086
vn -0.869637 0.462839 -0.171787
vn -0.889029 0.391889 -0.236751
vn -0.898543 0.332426 -0.286555
vn 0.674417 -0.729933 -0.111175
vn 0.660175 -0.739841 -0.129630
vn 0.652093 -0.745306 -0.138901
vn 0.643306 -0.751119 -0.148246
vn -0.730086 0.681891 -0.044725
vn -0.725729 0.687541 -0.024585
vn -0.867891 0.041608 -0.495010
vn -0.897304 0.188670 -0.399059
vn -0.813057 -0.123045 -0.569032
vn -0.493100 -0.549309 -0.674620
vn -0.453822 -0.582110 -0.674681
vn -0.411685 -0.614534 -0.672951
vn -0.368828 -0.645261 -0.669033
vn -0.305276 -0.685970 -0.660494
vn -0.208451 -0.739316 -0.640281
vn -0.108412 -0.783195 -0.612252
vn -0.015664 -0.814987 -0.579267
vn -0.427563 -0.602825 -0.673640
vn -0.237096 -0.724167 -0.647586
vn -0.009873 -0.814939 -0.579462
vn 0.206712 -0.854254 -0.476991
vn 0.341375 -0.852857 -0.395092
vn 0.388756 -0.847025 -0.362517
vn 0.427038 -0.840047 -0.334603
vn 0.484396 -0.825436 -0.289855
vn 0.524782 -0.811827 -0.256011
vn 0.320059 -0.852032 -0.414251
vn 0.418146 -0.840071 -0.345594
vn 0.452687 -0.832618 -0.319094
vn 0.480769 -0.825175 -0.296558
vn 0.523337 -0.811314 -0.260552
vn 0.553819 -0.799294 -0.233268
vn -0.301915 -0.688382 -0.659528
vn -0.804919 -0.144731 -0.575464
vn -0.893928 0.153448 -0.421125
vn -0.901704 0.237765 -0.361106
vn -0.894807 0.146896 -0.421594
vn -0.878917 0.060001 -0.473186
vn -0.841317 -0.061712 -0.537008
vn -0.764256 -0.222960 -0.605146
vn -0.685935 -0.341657 -0.642467
vn -0.624478 -0.417923 -0.659824
vn -0.535454 -0.510842 -0.672554
vn -0.417491 -0.610632 -0.672926
vn -0.265907 -0.709470 -0.652645
vn -0.085718 -0.792297 -0.604085
vn 0.104352 -0.843297 -0.527220
vn 0.285803 -0.856863 -0.429071
vn -0.738847 -0.264617 -0.619745
vn -0.665291 -0.368556 -0.649272
vn -0.610732 -0.433469 -0.662654
vn -0.534376 -0.511863 -0.672635
vn -0.430047 -0.601061 -0.673636
vn -0.294031 -0.693285 -0.657952
vn -0.128602 -0.775686 -0.617877
vn 0.060323 -0.834717 -0.547366
vn 0.247925 -0.857015 -0.451728
vn -0.137456 -0.771801 -0.620829
vn 0.020852 -0.825101 -0.564600
vn 0.482735 -0.823315 -0.298529
vn 0.553078 -0.798022 -0.239302
vn 0.600587 -0.775559 -0.194433
vn 0.636684 -0.755058 -0.156592
vn 0.658246 -0.741148 -0.131954
vn -0.898135 0.172028 -0.404673
vn 0.506938 -0.815917 -0.278017
vn 0.526803 -0.809051 -0.260604
vn 0.557338 -0.796998 -0.232744
vn 0.579599 -0.786969 -0.211529
vn -0.850127 -0.038139 -0.525195
vn -0.883112 0.077623 -0.462696
vn -0.771968 -0.209509 -0.600143
vn -0.691102 -0.334685 -0.640596
vn -0.627368 -0.414591 -0.659184
vn -0.535769 -0.510543 -0.672530
vn -0.414091 -0.613185 -0.672706
vn -0.258891 -0.713363 -0.651221
vn -0.078224 -0.795005 -0.601538
vn 0.113039 -0.844753 -0.523081
vn 0.587156 -0.782752 -0.206270
vn 0.566386 -0.792367 -0.226631
vn 0.613428 -0.768742 -0.180949
vn 0.602578 -0.774951 -0.190661
vn 0.641605 -0.752024 -0.151004
vn 0.623139 -0.763293 -0.170530
vn -0.771731 0.632554 -0.065626
vn -0.763491 0.644434 -0.042269
vn -0.756413 0.653677 -0.023374
vn -0.802030 0.594094 -0.061636
vn -0.791721 0.609573 -0.039982
vn -0.782804 0.621871 -0.022237
vn -0.813588 0.576942 -0.072205
vn -0.801656 0.595885 -0.047633
vn -0.791319 0.610778 -0.027650
vn -0.822788 0.563107 -0.077015
vn -0.809637 0.584733 -0.050755
vn -0.798318 0.601506 -0.029656
vn -0.829123 0.553871 -0.076042
vn -0.815137 0.577164 -0.049327
vn -0.803299 0.594906 -0.028253
vn -0.867711 0.469264 -0.163917
vn -0.860098 0.489488 -0.143640
vn -0.853585 0.505081 -0.127615
vn -0.887696 0.399864 -0.228264
vn -0.883518 0.417609 -0.212128
vn -0.879876 0.431350 -0.199387
vn -0.902862 0.279662 -0.326542
vn -0.902254 0.294233 -0.315222
vn -0.901564 0.305554 -0.306299
vn -0.896652 0.152388 -0.415684
vn -0.898250 0.165048 -0.407315
vn -0.899354 0.174919 -0.400706
vn -0.864165 0.003841 -0.503193
vn -0.867611 0.015232 -0.497010
vn -0.870208 0.024177 -0.492091
vn -0.791238 -0.173931 -0.586251
vn -0.787430 -0.181205 -0.589168
vn -0.703238 -0.317907 -0.635918
vn 0.636599 -0.756139 -0.151641
vn 0.647626 -0.748763 -0.141186
vn 0.655004 -0.743640 -0.134047
vn 0.654820 -0.743501 -0.135709
vn 0.660688 -0.739491 -0.129010
vn 0.654034 -0.744720 -0.132780
vn -0.900977 0.192122 -0.389010
vn -0.770941 0.636844 0.008920
vn -0.647634 -0.722291 -0.242624
vn -0.722847 -0.682741 -0.106566
vn -0.487698 -0.872994 -0.005741
vn -0.818601 -0.567492 -0.088577
vn -0.870620 -0.491945 -0.003235
vn -0.874659 -0.478941 -0.074756
vn -0.876327 -0.479806 0.042854
vn -0.882594 -0.468994 -0.032741
vn -0.883179 -0.463796 0.069910
vn -0.892400 -0.443969 -0.080706
vn -0.899157 -0.437582 -0.006209
vn -0.897146 -0.417283 -0.144925
vn -0.901138 -0.425806 -0.081490
vn -0.899293 -0.418913 -0.125632
vn -0.902121 -0.426807 -0.063349
vn -0.901455 -0.422313 -0.095031
vn -0.900256 -0.434438 0.028327
vn -0.902417 -0.430733 -0.010594
vn -0.888851 -0.438714 0.132191
vn -0.892487 -0.437823 0.108523
vn -0.856260 -0.436704 0.275877
vn -0.860750 -0.437302 0.260530
vn -0.777878 -0.416786 0.470313
vn -0.782547 -0.418188 0.461236
vn -0.695269 -0.388926 0.604432
vn -0.699710 -0.390513 0.598252
vn -0.630481 -0.364770 0.685154
vn -0.632978 -0.365726 0.682336
vn -0.536025 -0.327261 0.778189
vn -0.536236 -0.327347 0.778007
vn -0.411265 -0.274768 0.869117
vn -0.409440 -0.273980 0.870226
vn -0.254356 -0.205233 0.945083
vn -0.250328 -0.203402 0.946553
vn -0.071584 -0.120287 0.990155
vn -0.065661 -0.117465 0.990904
vn 0.120749 -0.026790 0.992322
vn 0.127637 -0.023358 0.991546
vn 0.294258 0.061232 0.953762
vn 0.449439 0.143402 0.881726
vn 0.442226 0.139487 0.885991
vn 0.560607 0.204815 0.802353
vn 0.434051 0.135060 0.890707
vn 0.553361 0.200714 0.808397
vn 0.424711 0.130016 0.895944
vn 0.545029 0.196012 0.815183
vn 0.413945 0.124218 0.901787
vn 0.535353 0.190570 0.822849
vn 0.396756 0.114998 0.910692
vn 0.519745 0.181833 0.834747
vn 0.375232 0.103516 0.921133
vn 0.499924 0.170810 0.849058
vn 0.347575 0.088860 0.933432
vn 0.474001 0.156505 0.866504
vn 0.321128 0.074944 0.944066
vn 0.448736 0.142679 0.882201
vn 0.287752 0.057514 0.955976
vn 0.416186 0.125024 0.900643
vn 0.244566 0.035171 0.968994
vn 0.372976 0.101843 0.922235
vn 0.187056 0.005766 0.982332
vn 0.313555 0.070406 0.946956
vn 0.150818 -0.012564 0.988482
vn 0.275044 0.050286 0.960116
vn 0.108002 -0.034030 0.993568
vn 0.228523 0.026231 0.973185
vn -0.003973 -0.089220 0.996004
vn 0.102091 -0.037845 0.994055
vn -0.164680 -0.166042 0.972271
vn -0.088652 -0.131135 0.987393
vn -0.267677 -0.213738 0.939503
vn -0.213921 -0.190199 0.958156
vn -0.325978 -0.242956 0.913625
vn -0.157517 -0.165234 0.973595
vn 0.035216 -0.080310 0.996148
vn 0.156411 -0.018811 0.987513
vn 0.301038 0.051286 0.952232
vn 0.414805 0.114326 0.902700
vn 0.492862 0.155542 0.856092
vn 0.537047 0.182027 0.823679
vn 0.582849 0.208077 0.785488
vn 0.592487 0.214212 0.776577
vn 0.626326 0.234962 0.743309
vn 0.630294 0.237619 0.739099
vn 0.656236 0.254886 0.710202
vn 0.657363 0.255678 0.708875
vn 0.692364 0.282347 0.664012
vn 0.686914 0.278171 0.671395
vn 0.661654 0.304223 0.685319
vn 0.652223 0.281939 0.703645
vn 0.682406 0.274735 0.677379
vn 0.678617 0.271861 0.682327
vn 0.658956 0.256799 0.706987
vn 0.659541 0.257211 0.706292
vn 0.645510 0.247884 0.722405
vn 0.648684 0.250040 0.718811
vn 0.630734 0.238917 0.738305
vn 0.636831 0.242913 0.731737
vn 0.614457 0.229824 0.754734
vn 0.623877 0.235782 0.745107
vn 0.596483 0.220527 0.771736
vn 0.609697 0.228598 0.758955
vn 0.576577 0.210937 0.789344
vn 0.594148 0.221307 0.773312
vn 0.554464 0.200957 0.807580
vn 0.577064 0.213849 0.788204
vn -0.698714 -0.602120 -0.386329
vn -0.754105 -0.580917 -0.306369
vn -0.740019 -0.645710 -0.188232
vn -0.823454 -0.544711 -0.158790
vn -0.874429 -0.465766 -0.135776
vn -0.711200 -0.514165 -0.479404
vn -0.754628 -0.508934 -0.414153
vn -0.755761 -0.529952 -0.384677
vn -0.814345 -0.469688 -0.340934
vn -0.822079 -0.503626 -0.265607
vn -0.855495 -0.419052 -0.304178
vn -0.866944 -0.440853 -0.232501
vn -0.872325 -0.423885 -0.243662
vn -0.881794 -0.445838 -0.153843
vn -0.885905 -0.422631 -0.191195
vn -0.709473 -0.451442 -0.541155
vn -0.748477 -0.459330 -0.478328
vn -0.752868 -0.490383 -0.438992
vn -0.804880 -0.442152 -0.395815
vn -0.809678 -0.455199 -0.370425
vn -0.843242 -0.400500 -0.358528
vn -0.849361 -0.409389 -0.333146
vn -0.859922 -0.404518 -0.311287
vn -0.866283 -0.413854 -0.279782
vn -0.873586 -0.403018 -0.272808
vn -0.880114 -0.412525 -0.234993
vn -0.884721 -0.397506 -0.243430
vn -0.891585 -0.407142 -0.198270
vn -0.896338 -0.412445 -0.162688
vn -0.697069 -0.375944 -0.610541
vn -0.735080 -0.397771 -0.549032
vn -0.739266 -0.414402 -0.530808
vn -0.743787 -0.434542 -0.507892
vn -0.778798 -0.386010 -0.494440
vn -0.786705 -0.401329 -0.469073
vn -0.810822 -0.360175 -0.461348
vn -0.820622 -0.371517 -0.434229
vn -0.823718 -0.361467 -0.436841
vn -0.834917 -0.373637 -0.404114
vn -0.834001 -0.358896 -0.419090
vn -0.846405 -0.371342 -0.381712
vn -0.841238 -0.353194 -0.409358
vn -0.854817 -0.365527 -0.368345
vn -0.874222 -0.383342 -0.297967
vn -0.881403 -0.391372 -0.264493
vn -0.891179 -0.402245 -0.209758
vn -0.894881 -0.407761 -0.181438
vn -0.903155 -0.424892 -0.061458
vn -0.903126 -0.427568 -0.039369
vn -0.894932 -0.436969 0.090308
vn -0.687429 -0.338815 -0.642375
vn -0.717111 -0.338505 -0.609235
vn -0.719403 -0.345310 -0.602677
vn -0.721933 -0.353025 -0.595136
vn -0.746248 -0.330931 -0.577580
vn -0.750300 -0.337277 -0.568589
vn -0.769889 -0.317264 -0.553728
vn -0.775054 -0.322379 -0.543473
vn -0.776360 -0.315561 -0.545607
vn -0.782338 -0.321001 -0.533765
vn -0.782084 -0.312755 -0.539007
vn -0.788549 -0.318140 -0.526286
vn -0.786640 -0.309151 -0.534437
vn -0.793230 -0.314148 -0.521629
vn -0.844322 -0.354768 -0.401571
vn -0.848000 -0.358015 -0.390796
vn -0.874613 -0.382674 -0.297679
vn -0.876713 -0.384897 -0.288494
vn -0.900378 -0.415204 -0.130094
vn -0.900874 -0.416317 -0.122904
vn -0.900605 -0.433357 0.033348
vn -0.900148 -0.433804 0.039345
vn -0.873476 -0.438457 0.211648
vn -0.872231 -0.438388 0.216862
vn -0.796208 -0.422170 0.433388
vn -0.794290 -0.421622 0.437422
vn -0.707931 -0.393427 0.586557
vn -0.706108 -0.392783 0.589180
vn -0.636335 -0.367009 0.678515
vn -0.635026 -0.366509 0.680010
vn -0.536371 -0.327403 0.777890
vn -0.715026 -0.332458 -0.614987
vn -0.757032 -0.304818 -0.577918
vn -0.739263 -0.320246 -0.592396
vn -0.760933 -0.308554 -0.570768
vn -0.742586 -0.325290 -0.585451
vn -0.765202 -0.312682 -0.562758
vn -0.766014 -0.306325 -0.565144
vn -0.770661 -0.297291 -0.563648
vn -0.770969 -0.303670 -0.559813
vn -0.775445 -0.300806 -0.555158
vn -0.776251 -0.307961 -0.550085
vn -0.780744 -0.304735 -0.545505
vn -0.835337 -0.347046 -0.426346
vn -0.838037 -0.349338 -0.419114
vn -0.841018 -0.351896 -0.410923
vn -0.869430 -0.377385 -0.318860
vn -0.870995 -0.378955 -0.312668
vn -0.872715 -0.380707 -0.305664
vn -0.888533 -0.397754 -0.228695
vn -0.899463 -0.413335 -0.141843
vn -0.899907 -0.414217 -0.136350
vn -0.899047 -0.412544 -0.146703
vn -0.903350 -0.423799 -0.065975
vn -0.901283 -0.432591 0.023529
vn -0.901539 -0.432261 0.019460
vn -0.892814 -0.437324 0.107849
vn -0.875465 -0.438544 0.203078
vn -0.876271 -0.438570 0.199513
vn -0.848436 -0.435025 0.301512
vn -0.799341 -0.423056 0.426705
vn -0.800637 -0.423419 0.423906
vn -0.712203 -0.394929 0.580343
vn -0.536694 -0.327535 0.777612
vn -0.638511 -0.367839 0.676016
vn -0.710944 -0.394487 0.582184
vn -0.797877 -0.422643 0.429844
vn -0.874542 -0.438508 0.207093
vn -0.243489 -0.200289 0.948998
vn -0.406374 -0.272654 0.872078
vn -0.536598 -0.327495 0.777695
vn -0.637488 -0.367449 0.677193
vn -0.709530 -0.393990 0.584242
vn -0.246727 -0.201764 0.947849
vn -0.407821 -0.273280 0.871206
vn -0.536491 -0.327452 0.777787
vn 0.656937 0.260510 0.707508
vn 0.651639 0.257354 0.713537
vn 0.645570 0.253751 0.720312
vn 0.638554 0.249600 0.727976
vn 0.630353 0.244769 0.736711
vn 0.617009 0.236951 0.750436
vn 0.599854 0.226977 0.767239
vn 0.659556 0.257960 0.706005
vn 0.657993 0.257670 0.707567
vn 0.656153 0.257474 0.709345
vn 0.652176 0.254968 0.713903
vn 0.649032 0.254309 0.716997
vn 0.643280 0.250802 0.723387
vn 0.643136 0.264589 0.718588
vn 0.662975 0.260107 0.702003
vn 0.661838 0.258831 0.703546
vn 0.660838 0.258346 0.704663
vn 0.659727 0.257583 0.705982
vn 0.657521 0.256602 0.708394
vn 0.655216 0.255066 0.711079
vn 0.651602 0.253531 0.714938
vn 0.647696 0.251010 0.719364
vn 0.642373 0.248822 0.724875
vn 0.633964 0.243579 0.734002
vn 0.625818 0.240229 0.742052
vn 0.612113 0.232002 0.755972
vn 0.646619 0.271031 0.713040
vn 0.664484 0.261233 0.700156
vn 0.661624 0.258680 0.703803
vn 0.661383 0.258510 0.704091
vn 0.658475 0.256724 0.707463
vn 0.657051 0.255749 0.709138
vn 0.652583 0.253316 0.714119
vn 0.648430 0.250561 0.718859
vn 0.641489 0.247018 0.726274
vn 0.633759 0.242071 0.734677
vn 0.623386 0.237023 0.745124
vn 0.670954 0.266080 0.692114
vn 0.668052 0.263902 0.695746
vn 0.666166 0.262490 0.698085
vn 0.661111 0.258318 0.704417
vn 0.671683 0.374630 0.639136
vn 0.733423 0.314721 0.602529
vn 0.718579 0.302816 0.626056
vn 0.707562 0.294133 0.642528
vn 0.652696 0.252402 0.714340
vn 0.654749 0.253841 0.711947
vn 0.609384 0.223694 0.760665
vn 0.621665 0.231848 0.748184
vn 0.556856 0.191695 0.808186
vn 0.742926 0.322482 0.586571
vn 0.754347 0.331969 0.566354
vn 0.644800 0.246889 0.723380
vn 0.440650 0.120937 0.889495
vn 0.576832 0.202388 0.791393
vn 0.647563 0.248814 0.720246
vn 0.093841 -0.058345 0.993876
vn 0.364232 0.081045 0.927775
vn 0.484202 0.147026 0.862515
vn 0.590556 0.211318 0.778837
vn 0.649676 0.250289 0.717828
vn 0.213558 0.004241 0.976921
vn 0.420207 0.113030 0.900361
vn 0.515441 0.166044 0.840684
vn -0.528298 -0.324098 0.784769
vn -0.366623 -0.256396 0.894343
vn -0.318610 -0.235807 0.918087
vn -0.653732 -0.378204 0.655436
vn -0.594116 -0.350878 0.723817
vn -0.563671 -0.338548 0.753432
vn -0.529615 -0.324638 0.783657
vn -0.530630 -0.325054 0.782797
vn -0.481462 -0.304702 0.821798
vn -0.464134 -0.297388 0.834350
vn -0.387376 -0.264540 0.883152
vn -0.358238 -0.251750 0.899048
vn -0.252787 -0.204737 0.945611
vn -0.232952 -0.195675 0.952599
vn -0.108991 -0.138328 0.984371
vn -0.084157 -0.126544 0.988385
vn 0.052320 -0.060988 0.996766
vn 0.103477 -0.035694 0.993991
vn -0.730930 -0.415826 0.541137
vn -0.720128 -0.400935 0.566275
vn -0.645442 -0.371445 0.667408
vn -0.614470 -0.358788 0.702637
vn -0.575588 -0.343307 0.742185
vn -0.592113 -0.349851 0.725952
vn -0.532091 -0.325652 0.781556
vn -0.533093 -0.326062 0.780702
vn -0.451866 -0.292180 0.842881
vn -0.446987 -0.290101 0.846194
vn -0.346512 -0.246569 0.905060
vn -0.336228 -0.242011 0.910155
vn -0.215547 -0.187685 0.958287
vn -0.186499 -0.174272 0.966875
vn -0.043081 -0.106906 0.993335
vn -0.010646 -0.091273 0.995769
vn 0.143008 -0.015952 0.989593
vn 0.174300 -0.000202 0.984693
vn -0.781021 -0.442250 0.440932
vn -0.804062 -0.434375 0.405959
vn -0.771084 -0.420870 0.477805
vn -0.760506 -0.413601 0.500565
vn -0.676878 -0.382949 0.628638
vn -0.715915 -0.396684 0.574550
vn -0.641640 -0.369165 0.672321
vn -0.658862 -0.375623 0.651774
vn -0.603012 -0.354129 0.714821
vn -0.607176 -0.355756 0.710475
vn -0.533484 -0.326222 0.780368
vn -0.533822 -0.326360 0.780079
vn -0.442732 -0.288285 0.849047
vn -0.435669 -0.285265 0.853707
vn -0.319052 -0.234366 0.918302
vn -0.305292 -0.228214 0.924508
vn -0.163281 -0.163482 0.972940
vn -0.144335 -0.154633 0.977372
vn 0.015520 -0.078579 0.996787
vn 0.037024 -0.068092 0.996992
vn 0.199595 0.012611 0.979797
vn 0.226558 0.026350 0.973641
vn -0.828555 -0.467565 0.308026
vn -0.837307 -0.451274 0.308656
vn -0.831708 -0.447816 0.328210
vn -0.824567 -0.443936 0.350728
vn -0.862156 -0.447228 0.238062
vn -0.844451 -0.441251 0.303644
vn -0.881201 -0.442218 0.167116
vn -0.854656 -0.438563 0.277893
vn -0.873314 -0.439865 0.209383
vn -0.827782 -0.431440 0.358660
vn -0.835337 -0.433034 0.338664
vn -0.747039 -0.407092 0.525556
vn -0.753793 -0.409274 0.514092
vn -0.670716 -0.380009 0.636972
vn -0.679359 -0.383175 0.625817
vn -0.616484 -0.359374 0.700570
vn -0.620934 -0.361096 0.695738
vn -0.534812 -0.326765 0.779230
vn -0.535164 -0.326909 0.778929
vn -0.425466 -0.280888 0.860280
vn -0.421662 -0.279251 0.862682
vn -0.284649 -0.218939 0.933296
vn -0.274336 -0.214286 0.937455
vn -0.111372 -0.139142 0.983990
vn -0.097348 -0.132516 0.986389
vn 0.079083 -0.047439 0.995739
vn 0.094493 -0.039823 0.994729
vn 0.265244 0.046214 0.963073
vn 0.276212 0.051879 0.959696
vn -0.853216 -0.482657 0.197646
vn -0.866989 -0.470753 0.163469
vn -0.872175 -0.451511 0.188277
vn -0.865888 -0.490776 0.096832
vn 0.699082 0.287531 0.654683
vn 0.703062 0.290621 0.649032
vn 0.655548 0.254402 0.711011
vn -0.795457 -0.419745 -0.437106
vn -0.831465 -0.384814 -0.400730
vn -0.847108 -0.387863 -0.363277
vn -0.859821 -0.385943 -0.334301
vn -0.869637 -0.380192 -0.314937
vn -0.889029 -0.400977 -0.221010
vn -0.898543 -0.414377 -0.144612
vn 0.674417 0.268686 0.687728
vn 0.660175 0.257658 0.705536
vn 0.652093 0.252362 0.714905
vn 0.643306 0.247175 0.724611
vn -0.730086 -0.379679 -0.568172
vn -0.725729 -0.365062 -0.583136
vn -0.867891 -0.449495 0.211471
vn -0.897304 -0.439930 0.036136
vn -0.813057 -0.431273 0.391076
vn -0.493100 -0.309584 0.813025
vn -0.453822 -0.293236 0.841462
vn -0.411685 -0.275525 0.868678
vn -0.368828 -0.256769 0.893328
vn -0.305276 -0.229020 0.924314
vn -0.208451 -0.184841 0.960407
vn -0.108412 -0.138628 0.984393
vn -0.015664 -0.094166 0.995433
vn -0.427563 -0.281977 0.858882
vn -0.237096 -0.198742 0.950940
vn -0.009873 -0.094360 0.995489
vn 0.206712 0.014041 0.978301
vn 0.341375 0.084269 0.936142
vn 0.388756 0.109563 0.914803
vn 0.427038 0.130249 0.894804
vn 0.484396 0.161696 0.859776
vn 0.524782 0.184201 0.831068
vn 0.320059 0.067264 0.945007
vn 0.418146 0.120743 0.900320
vn 0.452687 0.139965 0.880616
vn 0.480769 0.155760 0.862902
vn 0.523337 0.180013 0.832895
vn 0.553819 0.197631 0.808843
vn -0.301915 -0.226977 0.925921
vn -0.804919 -0.426000 0.413073
vn -0.893928 -0.441429 0.077673
vn -0.901704 -0.431609 -0.025358
vn -0.894807 -0.438559 0.083581
vn -0.878917 -0.439792 0.184630
vn -0.841317 -0.434207 0.321948
vn -0.764256 -0.412592 0.495662
vn -0.685935 -0.385565 0.617117
vn -0.624478 -0.362463 0.691843
vn -0.535454 -0.327028 0.778680
vn -0.417491 -0.277455 0.865286
vn -0.265907 -0.210473 0.940741
vn -0.085718 -0.127004 0.988191
vn 0.104352 -0.034938 0.993927
vn 0.285803 0.056845 0.956601
vn -0.738847 -0.404407 0.539037
vn -0.665291 -0.378008 0.643815
vn -0.610732 -0.357141 0.706723
vn -0.534376 -0.326587 0.779604
vn -0.430047 -0.282855 0.857352
vn -0.294031 -0.223161 0.929379
vn -0.128602 -0.147254 0.980703
vn 0.060323 -0.056674 0.996569
vn 0.247925 0.037299 0.968061
vn -0.137456 -0.151753 0.978814
vn 0.020852 -0.076407 0.996859
vn 0.482735 0.153124 0.862276
vn 0.553078 0.191770 0.810758
vn 0.600587 0.219395 0.768870
vn 0.636684 0.241916 0.732195
vn 0.658246 0.256299 0.707830
vn -0.898135 -0.436471 0.053356
vn 0.506938 0.167188 0.845613
vn 0.526803 0.178836 0.830961
vn 0.557338 0.196936 0.806592
vn 0.579599 0.210295 0.787300
vn -0.850127 -0.435763 0.295627
vn -0.883112 -0.439518 0.164125
vn -0.771968 -0.414985 0.481511
vn -0.691102 -0.387430 0.610144
vn -0.627368 -0.363575 0.688638
vn -0.535769 -0.327157 0.778409
vn -0.414091 -0.275988 0.867386
vn -0.258891 -0.207292 0.943401
vn -0.078224 -0.123445 0.989264
vn 0.113039 -0.030625 0.993118
vn 0.587156 0.212741 0.781018
vn 0.566386 0.199915 0.799525
vn 0.613428 0.227665 0.756224
vn 0.602578 0.222358 0.766458
vn 0.641605 0.245239 0.726774
vn 0.623139 0.233963 0.746297
vn -0.771731 -0.373111 -0.514995
vn -0.763491 -0.358823 -0.536962
vn -0.756413 -0.347081 -0.554414
vn -0.802030 -0.350425 -0.483683
vn -0.791721 -0.339412 -0.507915
vn -0.782804 -0.330193 -0.527437
vn -0.813588 -0.351002 -0.463544
vn -0.801656 -0.339194 -0.492235
vn -0.791319 -0.329334 -0.515124
vn -0.822788 -0.348251 -0.449157
vn -0.809637 -0.336321 -0.481016
vn -0.798318 -0.326436 -0.506091
vn -0.829123 -0.342790 -0.441646
vn -0.815137 -0.331300 -0.475175
vn -0.803299 -0.321920 -0.501077
vn -0.867711 -0.376589 -0.324436
vn -0.860098 -0.369140 -0.352089
vn -0.853585 -0.363059 -0.373605
vn -0.887696 -0.397614 -0.232160
vn -0.883518 -0.392513 -0.255596
vn -0.879876 -0.388349 -0.273866
vn -0.902862 -0.422625 -0.078924
vn -0.902254 -0.420107 -0.097202
vn -0.901564 -0.418040 -0.111468
vn -0.896652 -0.436187 0.075870
vn -0.898250 -0.435270 0.060722
vn -0.899354 -0.434481 0.048869
vn -0.864165 -0.437699 0.248270
vn -0.867611 -0.438040 0.235314
vn -0.870208 -0.438252 0.225107
vn -0.791238 -0.420743 0.443754
vn -0.787430 -0.419632 0.451512
vn -0.703238 -0.391767 0.593274
vn 0.636599 0.246744 0.730656
vn 0.647626 0.252111 0.719041
vn 0.655004 0.255732 0.711035
vn 0.654820 0.254223 0.711745
vn 0.660688 0.258020 0.704923
vn 0.654034 0.257369 0.711337
vn -0.900977 -0.432954 0.028122
vn -0.770941 -0.310697 -0.555983
vn -0.659699 -0.577312 0.481152
vn -0.642751 -0.588486 0.490465
vn -0.663145 -0.576304 0.477611
vn -0.646246 -0.591302 0.482419
vn -0.665277 -0.576375 0.474552
vn -0.667753 -0.576447 0.470972
vn -0.660803 -0.575941 0.481281
vn -0.660497 -0.575937 0.481706
vn -0.655105 -0.576061 0.488867
vn -0.653217 -0.576041 0.491411
vn -0.645686 -0.576415 0.500835
vn -0.641509 -0.576354 0.506244
vn -0.631181 -0.576946 0.518406
vn -0.623530 -0.576751 0.527796
vn -0.609326 -0.577446 0.543394
vn -0.590942 -0.576544 0.564255
vn -0.569242 -0.576848 0.585841
vn -0.534112 -0.573601 0.621053
vn -0.498840 -0.571935 0.651190
vn -0.426439 -0.560091 0.710245
vn -0.312851 -0.534268 0.785291
vn -0.227761 -0.509070 0.830044
vn -0.107187 -0.467003 0.877735
vn 0.004802 -0.420371 0.907339
vn 0.109226 -0.371739 0.921889
vn 0.237849 -0.302929 0.922855
vn 0.305981 -0.263393 0.914877
vn 0.367275 -0.224704 0.902561
vn 0.412295 -0.195313 0.889868
vn 0.528779 -0.111334 0.841426
vn 0.454388 -0.166379 0.875128
vn 0.493623 -0.138016 0.858655
vn 0.428158 -0.184832 0.884601
vn 0.481999 -0.146625 0.863816
vn 0.388012 -0.212058 0.896927
vn 0.464692 -0.159228 0.871039
vn 0.358902 -0.231077 0.904319
vn 0.452438 -0.168000 0.875829
vn 0.336912 -0.245062 0.909085
vn 0.443314 -0.174452 0.879226
vn 0.314842 -0.258778 0.913186
vn 0.434251 -0.180796 0.882462
vn 0.298267 -0.268875 0.915829
vn 0.427495 -0.185483 0.884784
vn 0.285376 -0.276609 0.917632
vn 0.422267 -0.189087 0.886531
vn 0.277448 -0.281315 0.918632
vn 0.419062 -0.191286 0.887579
vn 0.270658 -0.285315 0.919423
vn 0.416321 -0.193160 0.888463
vn 0.264778 -0.288757 0.920061
vn 0.413951 -0.194776 0.889217
vn 0.259638 -0.291749 0.920582
vn 0.411882 -0.196184 0.889868
vn 0.253712 -0.295178 0.921141
vn 0.409499 -0.197801 0.890610
vn 0.248639 -0.298097 0.921584
vn 0.407461 -0.199180 0.891237
vn 0.244246 -0.300613 0.921941
vn 0.537172 -0.104778 0.836940
vn 0.537042 -0.104880 0.837010
vn 0.638533 -0.019429 0.769349
vn 0.637086 -0.020738 0.770513
vn 0.708744 0.048277 0.703812
vn 0.706368 0.045838 0.706359
vn 0.794435 0.146616 0.589386
vn 0.792211 0.143747 0.593076
vn 0.870812 0.268244 0.411985
vn 0.869050 0.264611 0.418012
vn 0.898865 0.349456 0.264430
vn 0.897923 0.345150 0.273140
vn 0.902409 0.410932 0.129585
vn 0.902855 0.405536 0.142804
vn 0.887661 0.460491 -0.002435
vn 0.892368 0.450459 0.027670
vn 0.876498 0.478087 -0.056434
vn 0.886431 0.462814 -0.006528
vn 0.864532 0.492051 -0.102323
vn 0.884683 0.466032 -0.012253
vn 0.873546 0.485487 -0.034936
vn 0.885884 0.461663 0.045577
vn 0.872299 0.488973 0.000779
vn 0.881786 0.463066 0.089576
vn 0.866930 0.498069 0.018989
vn 0.874429 0.471265 0.115257
vn 0.823433 0.551169 0.134799
vn 0.818587 0.535777 0.207021
vn 0.722790 0.644620 0.249077
vn 0.487558 0.758973 0.431564
vn 0.647450 0.747004 0.150974
vn -0.669891 -0.576501 0.467860
vn -0.651868 -0.596070 0.468795
vn -0.672323 -0.576553 0.464294
vn -0.675116 -0.576599 0.460165
vn -0.659733 -0.575926 0.482764
vn -0.659250 -0.575919 0.483432
vn -0.648377 -0.575962 0.497870
vn -0.643998 -0.575860 0.503638
vn -0.628066 -0.575984 0.523236
vn -0.616622 -0.575469 0.537227
vn -0.592414 -0.575152 0.564133
vn -0.566003 -0.572870 0.592840
vn -0.526360 -0.570311 0.630628
vn -0.482259 -0.563678 0.670592
vn -0.417576 -0.554615 0.719745
vn -0.319419 -0.530586 0.785143
vn -0.205939 -0.501058 0.840553
vn 0.010700 -0.415661 0.909457
vn 0.089469 -0.379735 0.920759
vn 0.214686 -0.313939 0.924853
vn 0.268408 -0.284222 0.920421
vn 0.326663 -0.245983 0.912570
vn 0.319303 -0.254403 0.912866
vn -0.661332 -0.606243 0.441712
vn -0.683574 -0.576652 0.447435
vn -0.678355 -0.576635 0.455330
vn -0.671404 -0.644227 0.366318
vn -0.733330 -0.573866 0.364562
vn -0.718444 -0.575319 0.390955
vn -0.707393 -0.576034 0.409609
vn -0.652484 -0.575777 0.492692
vn -0.654514 -0.575828 0.489933
vn -0.609119 -0.574060 0.547201
vn -0.621385 -0.574884 0.532343
vn -0.556524 -0.570083 0.604389
vn -0.582516 -0.572931 0.576564
vn -0.492445 -0.562693 0.663984
vn -0.536649 -0.569442 0.622691
vn -0.414285 -0.550255 0.724974
vn -0.742858 -0.572606 0.346819
vn -0.754307 -0.570711 0.324515
vn -0.644682 -0.575524 0.503147
vn -0.440347 -0.549432 0.710084
vn -0.576611 -0.570967 0.584394
vn -0.647412 -0.575623 0.499516
vn -0.093247 -0.446175 0.890075
vn -0.363787 -0.533970 0.763240
vn -0.483884 -0.558543 0.673711
vn -0.590316 -0.572425 0.569085
vn -0.649500 -0.575692 0.496718
vn -0.034493 -0.428217 0.903017
vn -0.212967 -0.491938 0.844181
vn -0.419770 -0.547981 0.723540
vn -0.515114 -0.564105 0.645323
vn 0.654055 0.000117 0.756447
vn 0.594517 -0.057698 0.802010
vn 0.564110 -0.083168 0.821501
vn 0.530096 -0.110310 0.840732
vn 0.531110 -0.109520 0.840195
vn 0.731151 0.089785 0.676282
vn 0.720366 0.064334 0.690604
vn 0.645778 -0.011714 0.763436
vn 0.614846 -0.040270 0.787619
vn 0.576013 -0.073428 0.814136
vn 0.592519 -0.059653 0.803345
vn 0.532571 -0.108380 0.839418
vn 0.533572 -0.107598 0.838882
vn 0.781175 0.162723 0.602733
vn 0.804191 0.173376 0.568523
vn 0.771255 0.125789 0.623973
vn 0.760692 0.108125 0.640044
vn 0.677174 0.017611 0.735612
vn 0.716160 0.056521 0.695644
vn 0.641982 -0.016142 0.766550
vn 0.659182 -0.000287 0.751983
vn 0.603404 -0.050388 0.795842
vn 0.611115 -0.043735 0.790333
vn 0.534301 -0.107028 0.838491
vn 0.535011 -0.106472 0.838109
vn 0.828626 0.251009 0.500373
vn 0.837392 0.236626 0.492729
vn 0.831801 0.223861 0.507931
vn 0.824669 0.209249 0.525486
vn 0.862215 0.268398 0.429591
vn 0.844532 0.230451 0.483382
vn 0.881239 0.299515 0.365661
vn 0.854727 0.240990 0.459746
vn 0.873363 0.276354 0.401081
vn 0.827885 0.194465 0.526108
vn 0.841404 0.215205 0.495708
vn 0.753990 0.097623 0.649592
vn 0.767254 0.113018 0.631307
vn 0.682033 0.021533 0.731005
vn 0.689789 0.029152 0.723424
vn 0.623748 -0.032666 0.780943
vn 0.627731 -0.029130 0.777885
vn 0.535932 -0.105751 0.837612
vn 0.536175 -0.105560 0.837480
vn 0.853251 0.319217 0.412386
vn 0.867021 0.326012 0.376816
vn 0.872220 0.296988 0.388627
vn 0.883197 0.366759 0.292320
vn 0.899162 0.382138 0.213256
vn 0.892398 0.424894 0.151959
vn 0.897129 0.433909 0.082966
vn 0.865904 0.376622 0.329189
vn 0.876340 0.394121 0.276941
vn 0.882600 0.422559 0.206061
vn 0.870626 0.427645 0.243166
vn 0.874662 0.452154 0.174709
vn 0.698517 0.714801 -0.033673
vn 0.754016 0.656379 0.025025
vn 0.739951 0.653403 0.159802
vn 0.755650 0.651401 -0.068333
vn 0.710986 0.685148 -0.158338
vn 0.752737 0.644289 -0.135200
vn 0.746759 0.634756 -0.198584
vn 0.792343 0.582247 -0.182156
vn 0.781208 0.581827 -0.226254
vn 0.813877 0.541534 -0.210585
vn 0.801915 0.545372 -0.243931
vn 0.813476 0.535805 -0.226207
vn 0.804355 0.539029 -0.249922
vn 0.812620 0.530610 -0.241043
vn 0.803632 0.533977 -0.262763
vn 0.808842 0.527170 -0.260513
vn 0.800486 0.530373 -0.279152
vn 0.852029 0.502443 -0.146961
vn 0.847916 0.505512 -0.159676
vn 0.876664 0.477643 -0.057598
vn 0.873906 0.481112 -0.069419
vn 0.900203 0.425486 0.092714
vn 0.899592 0.428316 0.085324
vn 0.901197 0.362316 0.237845
vn 0.903346 0.400079 0.154606
vn 0.901547 0.364697 0.232826
vn 0.709240 0.661676 -0.243235
vn 0.740565 0.626297 -0.243547
vn 0.771582 0.580691 -0.259729
vn 0.794030 0.547394 -0.264342
vn 0.796167 0.541497 -0.270000
vn 0.795596 0.536614 -0.281197
vn 0.793077 0.532930 -0.294981
vn 0.843092 0.508855 -0.173959
vn 0.871494 0.483952 -0.079294
vn 0.888499 0.458879 0.000636
vn 0.899029 0.430693 0.079056
vn 0.696808 0.630941 -0.341134
vn 0.731071 0.614411 -0.296706
vn 0.734889 0.619083 -0.276901
vn 0.687151 0.614677 -0.387293
vn 0.718382 0.599551 -0.352797
vn 0.721708 0.603368 -0.339241
vn 0.724513 0.606625 -0.327242
vn 0.750111 0.576446 -0.324105
vn 0.754620 0.577494 -0.311527
vn 0.774894 0.550975 -0.309784
vn 0.780615 0.550079 -0.296738
vn 0.782181 0.544930 -0.302066
vn 0.788809 0.543416 -0.287193
vn 0.788395 0.538714 -0.297019
vn 0.770479 0.539335 -0.339822
vn 0.740128 0.573887 -0.350520
vn 0.715461 0.596235 -0.364170
vn 0.744788 0.575119 -0.338421
vn 0.762132 0.552514 -0.337466
vn 0.768105 0.551868 -0.324739
vn 0.767428 0.547658 -0.333355
vn 0.774327 0.546485 -0.319016
vn 0.772498 0.542583 -0.329926
vn 0.779908 0.540902 -0.314910
vn 0.776977 0.537689 -0.327411
vn 0.784439 0.535610 -0.312694
vn 0.838903 0.511559 -0.185876
vn 0.835238 0.513786 -0.195964
vn 0.869372 0.486320 -0.087662
vn 0.892838 0.324900 0.311897
vn 0.875219 0.277710 0.396068
vn 0.900749 0.359493 0.243755
vn 0.873898 0.274812 0.400975
vn 0.900160 0.356093 0.250818
vn 0.872282 0.271338 0.406817
vn 0.899590 0.353049 0.257088
vn 0.876317 0.280166 0.391888
vn 0.848515 0.226125 0.478424
vn 0.799013 0.152595 0.581629
vn 0.800775 0.154925 0.578583
vn 0.712455 0.052110 0.699780
vn 0.710745 0.050341 0.701646
vn 0.796932 0.149864 0.585184
vn 0.068392 -0.392429 0.917236
vn -0.126823 -0.475244 0.870666
vn -0.117460 -0.471721 0.873889
vn -0.290830 -0.528954 0.797261
vn -0.106547 -0.467555 0.877519
vn -0.278816 -0.525533 0.803788
vn -0.093670 -0.462557 0.881627
vn -0.264502 -0.521343 0.811320
vn -0.082386 -0.458106 0.885071
vn -0.251836 -0.517532 0.817764
vn -0.069356 -0.452881 0.888869
vn -0.237069 -0.512970 0.825021
vn -0.054151 -0.446671 0.893058
vn -0.219648 -0.507424 0.833232
vn -0.036192 -0.439179 0.897670
vn -0.198814 -0.500562 0.842562
vn -0.006550 -0.426443 0.904491
vn -0.163831 -0.488491 0.857051
vn 0.032278 -0.409064 0.911935
vn -0.116935 -0.471254 0.874212
vn 0.084979 -0.384207 0.919328
vn -0.051492 -0.445226 0.893936
vn 0.138262 -0.357575 0.923593
vn 0.016494 -0.415797 0.909308
vn 0.209222 -0.319703 0.924130
vn -0.448861 -0.564958 0.692349
vn -0.439029 -0.563228 0.700020
vn -0.427368 -0.561078 0.708906
vn -0.413330 -0.558351 0.719307
vn -0.400778 -0.555788 0.728338
vn -0.385988 -0.552620 0.738664
vn -0.368325 -0.548634 0.750559
vn -0.346898 -0.543509 0.764369
vn -0.310183 -0.534021 0.786516
vn -0.259544 -0.519541 0.814073
vn -0.186270 -0.495895 0.848169
vn -0.557848 -0.578361 0.595235
vn -0.656613 -0.579385 0.482880
vn -0.649376 -0.579754 0.492135
vn -0.652112 -0.578637 0.489825
vn -0.640666 -0.580088 0.503035
vn -0.644953 -0.578861 0.498954
vn -0.629994 -0.580342 0.516053
vn -0.636251 -0.579027 0.509816
vn -0.620278 -0.580429 0.527597
vn -0.628391 -0.579080 0.519414
vn -0.608614 -0.580361 0.541082
vn -0.619031 -0.579028 0.530591
vn -0.594374 -0.580037 0.557025
vn -0.607708 -0.578806 0.543760
vn -0.576637 -0.579283 0.576126
vn -0.593751 -0.578303 0.559486
vn -0.545032 -0.577048 0.608240
vn -0.658585 -0.576429 0.483730
vn -0.656716 -0.576971 0.485621
vn -0.654559 -0.577709 0.487653
vn -0.648883 -0.577843 0.495024
vn 0.727622 0.610284 -0.313241
vn 0.759648 0.578573 -0.296965
vn 0.786963 0.548917 -0.281743
vn -0.690202 -0.576598 0.437214
vn -0.698887 -0.576393 0.423472
vn -0.661453 -0.575949 0.480377
vn -0.660165 -0.576087 0.481981
vn -0.655697 -0.576449 0.487614
vn -0.652462 -0.577037 0.491245
vn -0.647366 -0.577078 0.497893
vn -0.642035 -0.577937 0.503765
vn -0.635897 -0.577961 0.511464
vn -0.661154 -0.575945 0.480793
vn -0.658594 -0.576084 0.484130
vn -0.656736 -0.576074 0.486658
vn -0.547478 -0.577554 0.605557
vn -0.534874 -0.576421 0.617777
vn -0.523494 -0.575260 0.628514
vn -0.509950 -0.573715 0.640939
vn -0.493584 -0.571618 0.655460
vn -0.473451 -0.568710 0.672616
vn -0.438242 -0.562803 0.700855
vn -0.388209 -0.552746 0.737405
vn 0.076751 -0.388435 0.918274
vn 0.086544 -0.383709 0.919390
vn 0.095064 -0.379555 0.920272
vn 0.104838 -0.374743 0.921182
vn 0.116157 -0.369106 0.922100
vn 0.129414 -0.362416 0.922988
vn 0.151052 -0.351293 0.924000
vn 0.178992 -0.336551 0.924497
vn 0.216317 -0.316178 0.923709
vn 0.253534 -0.295069 0.921225
vn 0.302625 -0.265964 0.915249
vn 0.369479 -0.223874 0.901868
vn 0.536891 -0.104998 0.837092
vn 0.536714 -0.105137 0.837189
vn 0.536559 -0.105259 0.837272
vn 0.536381 -0.105398 0.837369
vn 0.900861 0.422062 0.101557
vn 0.878997 0.474497 -0.047084
vn 0.901377 0.418982 0.109419
vn 0.881590 0.470734 -0.034757
vn 0.901902 0.415330 0.118635
vn 0.884472 0.466160 -0.020110
vn 0.635379 -0.022279 0.771879
vn 0.704272 0.043698 0.708584
vn 0.633882 -0.023626 0.773068
vn 0.701836 0.041221 0.711145
vn 0.632152 -0.025180 0.774435
vn 0.698968 0.038321 0.714126
vn 0.630129 -0.026992 0.776022
vn 0.695542 0.034880 0.717638
vn -0.652262 -0.576455 0.492193
vn -0.642832 -0.577081 0.503732
vn -0.649225 -0.576445 0.496204
vn -0.637510 -0.577044 0.510491
vn -0.660144 -0.575932 0.482195
vn -0.651004 -0.576009 0.494375
vn -0.636506 -0.576247 0.512640
vn -0.610458 -0.576232 0.543413
vn -0.565090 -0.574591 0.592046
vn -0.480255 -0.566269 0.669847
vn -0.340696 -0.540884 0.769006
vn -0.101276 -0.463939 0.880059
vn 0.165471 -0.341924 0.925044
vn -0.628643 -0.577919 0.520402
vn 0.789596 0.140406 0.597347
vn 0.866900 0.260284 0.425131
vn 0.896670 0.339900 0.283638
vn 0.903191 0.396114 0.165347
vn 0.897336 0.435925 0.068974
vn 0.896317 0.438600 0.065161
vn 0.856641 0.498729 -0.132041
vn 0.818296 0.523082 -0.238278
vn 0.822679 0.526232 -0.215126
vn 0.827241 0.529776 -0.187109
vn 0.827662 0.535626 -0.167571
vn 0.804798 0.580897 -0.121898
vn 0.765273 0.579656 -0.279922
vn 0.829016 0.517749 -0.211350
vn 0.837918 0.518057 -0.171788
vn 0.845517 0.507699 -0.165355
vn 0.855197 0.505574 -0.114165
vn 0.867651 0.488419 -0.092892
vn 0.861825 0.494159 -0.114303
vn 0.864226 0.255045 0.433666
vn 0.894237 0.330808 0.301506
vn 0.859461 0.246068 0.448083
vn 0.890266 0.317997 0.326043
vn 0.852478 0.233609 0.467662
vn 0.883149 0.298673 0.361722
vn 0.782707 0.131745 0.608287
vn 0.776237 0.123792 0.618168
vn 0.786481 0.136464 0.602350
vn 0.535533 -0.106063 0.837828
vn -0.619943 -0.577769 0.530899
vn -0.658454 -0.575906 0.484531
vn -0.657411 -0.575888 0.485968
vn -0.655983 -0.575860 0.487925
vn -0.638164 -0.575679 0.511215
vn -0.600255 -0.574431 0.556528
vn 0.618462 -0.037323 0.784927
vn 0.671021 0.010905 0.741358
vn 0.739062 0.080947 0.668756
vn 0.805050 0.162570 0.570496
vn 0.813177 0.178125 0.554089
vn 0.902766 0.382687 0.196378
vn 0.901446 0.413319 0.128696
vn 0.901131 0.409574 0.142171
vn 0.842879 0.520607 -0.136098
vn 0.843192 0.526153 -0.110410
vn 0.814284 0.577299 -0.060560
vn -0.630005 -0.575342 0.521608
vn 0.894828 0.338099 0.291501
vn 0.900266 0.362150 0.241594
vn 0.901706 0.386538 0.193687
vn 0.893947 0.343538 0.287819
vn 0.897316 0.363003 0.251102
vn 0.855463 0.515038 -0.054029
vn 0.859877 0.506018 -0.067502
vn 0.822040 0.569017 0.021694
vn 0.867941 0.283650 0.407702
vn 0.158309 -0.343288 0.925792
vn -0.155700 -0.477210 0.864886
vn -0.300467 -0.520372 0.799332
vn 0.429240 0.679427 -0.595090
vn 0.519501 0.684999 -0.510779
vn 0.433475 0.762442 -0.480397
vn 0.594432 0.644656 -0.480697
vn 0.710876 0.595051 -0.374927
vn 0.656554 0.604679 -0.450888
vn 0.707696 0.566390 -0.422337
vn 0.706589 0.532312 -0.466236
vn 0.694721 0.623682 -0.358308
vn 0.695796 0.593009 -0.405226
vn 0.670435 0.679460 -0.298079
vn 0.673969 0.651099 -0.349052
vn 0.633764 0.736009 -0.237980
vn 0.433598 0.576637 -0.692447
vn 0.519456 0.596976 -0.611379
vn 0.518308 0.643322 -0.563466
vn 0.593225 0.605591 -0.530418
vn 0.655382 0.568174 -0.497646
vn 0.660058 0.480718 -0.577264
vn 0.594392 0.561820 -0.575375
vn 0.710934 0.450030 -0.540412
vn 0.707665 0.493615 -0.505524
vn 0.656518 0.526983 -0.539697
vn 0.699180 0.556699 -0.448591
vn 0.629951 0.755525 -0.179843
vn 0.573359 0.812064 -0.108681
vn 0.569163 0.821047 -0.044001
vn 0.482900 0.874404 0.047186
vn 0.478413 0.870300 0.117044
vn 0.349292 0.907315 0.234041
vn 0.344305 0.887249 0.306990
vn 0.176863 0.885933 0.428768
vn 0.174059 0.849683 0.497738
vn -0.007847 0.803936 0.594664
vn -0.008103 0.755031 0.655638
vn -0.183822 0.674184 0.715322
vn -0.183464 0.615519 0.766470
vn -0.339355 0.513261 0.788290
vn -0.338650 0.448373 0.827211
vn -0.469179 0.335077 0.817064
vn -0.466965 0.269255 0.842286
vn -0.568808 0.155402 0.807655
vn -0.565981 0.090939 0.819387
vn -0.633941 -0.000844 0.773381
vn -0.630786 -0.062103 0.773467
vn -0.675082 -0.136357 0.725032
vn -0.671853 -0.193683 0.714913
vn -0.699646 -0.258724 0.666002
vn -0.696460 -0.311707 0.646361
vn -0.710866 -0.374693 0.595210
vn -0.707670 -0.422467 0.566326
vn -0.675504 -0.392821 0.624008
vn -0.656520 -0.451028 0.604612
vn -0.594388 -0.480846 0.644585
vn -0.655366 -0.497426 0.568387
vn -0.593199 -0.530186 0.605820
vn -0.656520 -0.539803 0.526873
vn -0.594384 -0.575492 0.561708
vn -0.519436 -0.611509 0.596862
vn -0.433543 -0.692235 0.576933
vn -0.429185 -0.594831 0.679688
vn -0.518269 -0.563221 0.643568
vn -0.519444 -0.510938 0.684923
vn -0.433420 -0.480104 0.762658
vn -0.710925 -0.540238 0.450254
vn -0.707672 -0.505619 0.493508
vn -0.706579 -0.466026 0.532508
vn -0.699815 -0.451613 0.553447
vn -0.696427 -0.408716 0.589865
vn -0.695335 -0.361669 0.621051
vn -0.675359 -0.353340 0.647334
vn -0.671782 -0.302835 0.676017
vn -0.670679 -0.249154 0.698650
vn -0.634470 -0.239615 0.734869
vn -0.630667 -0.181993 0.754412
vn -0.629553 -0.122337 0.767266
vn -0.569812 -0.102082 0.815410
vn -0.565795 -0.037969 0.823671
vn -0.564700 0.026848 0.824859
vn -0.470753 0.065518 0.879829
vn -0.466690 0.134622 0.874115
vn -0.465700 0.202962 0.861353
vn -0.341982 0.243059 0.907728
vn -0.338279 0.313922 0.887142
vn -0.337540 0.382720 0.859996
vn -0.185787 0.419880 0.888360
vn -0.183011 0.488493 0.853160
vn -0.182691 0.554009 0.812218
vn -0.008917 0.581553 0.813460
vn -0.007609 0.643544 0.765372
vn -0.007831 0.701653 0.712476
vn 0.174919 0.710272 0.681848
vn 0.174532 0.761595 0.624108
vn 0.173775 0.808359 0.562457
vn 0.346528 0.790654 0.504762
vn 0.344701 0.828387 0.441539
vn 0.343567 0.860880 0.375296
vn 0.481382 0.817587 0.315947
vn 0.478713 0.841240 0.251295
vn 0.477425 0.859060 0.184611
vn 0.572396 0.806503 0.148038
vn 0.569382 0.817712 0.084570
vn 0.568085 0.822724 0.020123
vn 0.633229 0.773964 0.001073
vn 0.630108 0.774201 -0.059803
vn 0.628856 0.768117 -0.120567
vn 0.673682 0.727300 -0.131101
vn 0.670543 0.717539 -0.188440
vn 0.669349 0.701545 -0.244555
vn 0.699007 0.668164 -0.254846
vn 0.695863 0.648892 -0.307756
vn -0.647634 0.151027 0.746834
vn -0.722847 0.249082 0.644554
vn -0.487698 0.431525 0.758905
vn -0.818601 0.207036 0.535751
vn -0.870620 0.243171 0.427654
vn -0.874659 0.174730 0.452153
vn -0.876327 0.277015 0.394098
vn -0.882594 0.206143 0.422531
vn -0.883179 0.292442 0.366704
vn -0.892400 0.152091 0.424841
vn -0.899157 0.213414 0.382062
vn -0.897146 0.083133 0.433840
vn -0.901138 0.142331 0.409503
vn -0.899293 0.100656 0.425606
vn -0.902121 0.158541 0.401300
vn -0.901455 0.128857 0.413249
vn -0.900256 0.241751 0.362071
vn -0.902417 0.206192 0.378323
vn -0.888851 0.333838 0.313842
vn -0.892487 0.312895 0.324904
vn -0.856260 0.457269 0.240258
vn -0.860750 0.444277 0.248450
vn -0.777878 0.615697 0.125791
vn -0.782547 0.608536 0.131543
vn -0.695269 0.717917 0.034604
vn -0.699710 0.713358 0.039068
vn -0.630481 0.775746 -0.026677
vn -0.632978 0.773784 -0.024440
vn -0.536025 0.837562 -0.105678
vn -0.536236 0.837448 -0.105513
vn -0.411265 0.890061 -0.196602
vn -0.409440 0.890628 -0.197840
vn -0.254356 0.921083 -0.294804
vn -0.250328 0.921440 -0.297125
vn -0.071584 0.917643 -0.390906
vn -0.065661 0.916881 -0.393724
vn 0.120749 0.872770 -0.472960
vn 0.127637 0.870383 -0.475544
vn 0.294258 0.795366 -0.529910
vn 0.449439 0.691896 -0.565053
vn 0.442226 0.697547 -0.563795
vn 0.560607 0.592451 -0.578552
vn 0.434051 0.703844 -0.562319
vn 0.553361 0.599735 -0.578022
vn 0.424711 0.710902 -0.560569
vn 0.545029 0.607963 -0.577342
vn 0.413945 0.718861 -0.558469
vn 0.535353 0.617324 -0.576463
vn 0.396756 0.731183 -0.554938
vn 0.519745 0.631995 -0.574846
vn 0.375232 0.745966 -0.550214
vn 0.499924 0.649901 -0.572455
vn 0.347575 0.763946 -0.543671
vn 0.474001 0.672162 -0.568789
vn 0.321128 0.780113 -0.536936
vn 0.448736 0.692669 -0.564664
vn 0.287752 0.799143 -0.527797
vn 0.416186 0.717468 -0.558595
vn 0.244566 0.821588 -0.514956
vn 0.372976 0.747757 -0.549316
vn 0.187056 0.847842 -0.496160
vn 0.313555 0.784885 -0.534452
vn 0.150818 0.862332 -0.483360
vn 0.275044 0.806342 -0.523607
vn 0.108002 0.877470 -0.467313
vn 0.228523 0.829688 -0.509309
vn -0.003973 0.907175 -0.420736
vn 0.102091 0.879800 -0.464252
vn -0.164680 0.925032 -0.342339
vn -0.088652 0.920675 -0.380130
vn -0.267677 0.920502 -0.284649
vn -0.213921 0.924887 -0.314361
vn -0.325978 0.912701 -0.246407
vn -0.157517 0.925774 -0.343701
vn 0.035216 0.902844 -0.428524
vn 0.156411 0.864617 -0.477466
vn 0.301038 0.799014 -0.520531
vn 0.414805 0.724598 -0.550359
vn 0.492862 0.663626 -0.562750
vn 0.537047 0.622313 -0.569479
vn 0.582849 0.576214 -0.572944
vn 0.592487 0.565429 -0.573802
vn 0.626326 0.526244 -0.575137
vn 0.630294 0.521268 -0.575334
vn 0.656236 0.487610 -0.575839
vn 0.657363 0.486065 -0.575861
vn 0.692364 0.433878 -0.576526
vn 0.686914 0.442359 -0.576600
vn 0.661654 0.441393 -0.606124
vn 0.652223 0.468405 -0.595989
vn 0.682406 0.449260 -0.576617
vn 0.678617 0.454982 -0.576602
vn 0.658956 0.483869 -0.575888
vn 0.659541 0.483062 -0.575897
vn 0.645510 0.501679 -0.575877
vn 0.648684 0.497488 -0.575946
vn 0.630734 0.519932 -0.576060
vn 0.636831 0.512246 -0.576237
vn 0.614457 0.538706 -0.576400
vn 0.623877 0.527390 -0.576747
vn 0.596483 0.558079 -0.576850
vn 0.609697 0.542975 -0.577449
vn 0.576577 0.578124 -0.577349
vn 0.594148 0.559054 -0.578313
vn 0.554464 0.598907 -0.577824
vn 0.577064 0.575680 -0.579301
vn -0.698714 -0.033511 0.714616
vn -0.754105 0.025135 0.656273
vn -0.740019 0.159841 0.653317
vn -0.823454 0.134839 0.551128
vn -0.874429 0.115297 0.471253
vn -0.711200 -0.158093 0.684982
vn -0.754628 -0.104200 0.647826
vn -0.755761 -0.068164 0.651290
vn -0.814345 -0.060413 0.577229
vn -0.822079 0.021791 0.568956
vn -0.855495 -0.053900 0.514999
vn -0.866944 0.019075 0.498041
vn -0.872325 0.000925 0.488926
vn -0.881794 0.089687 0.463028
vn -0.885905 0.045736 0.461607
vn -0.709473 -0.242934 0.661538
vn -0.748477 -0.184579 0.636956
vn -0.752868 -0.134986 0.644180
vn -0.804880 -0.121710 0.580823
vn -0.809678 -0.093198 0.579427
vn -0.843242 -0.110245 0.526107
vn -0.849361 -0.083819 0.521114
vn -0.859922 -0.067324 0.505966
vn -0.866283 -0.035372 0.498300
vn -0.873586 -0.034750 0.485427
vn -0.880114 0.002753 0.474754
vn -0.884721 -0.012064 0.465965
vn -0.891585 0.031864 0.451731
vn -0.896338 0.065331 0.438532
vn -0.697069 -0.340772 0.630848
vn -0.735080 -0.276590 0.618995
vn -0.739266 -0.252492 0.624287
vn -0.743787 -0.222577 0.630270
vn -0.778798 -0.235192 0.581514
vn -0.786705 -0.205565 0.582098
vn -0.810822 -0.219452 0.542594
vn -0.820622 -0.190295 0.538858
vn -0.823718 -0.197582 0.531460
vn -0.834917 -0.163155 0.525636
vn -0.834001 -0.183494 0.520358
vn -0.846405 -0.144902 0.512448
vn -0.841238 -0.177917 0.510553
vn -0.854817 -0.136232 0.500728
vn -0.874222 -0.066376 0.480967
vn -0.881403 -0.033372 0.471184
vn -0.891179 0.019467 0.453234
vn -0.894881 0.046751 0.443850
vn -0.903155 0.159222 0.398696
vn -0.903126 0.179689 0.389969
vn -0.894932 0.296693 0.333272
vn -0.687429 -0.386906 0.614610
vn -0.717111 -0.358360 0.597771
vn -0.719403 -0.349279 0.600386
vn -0.721933 -0.338891 0.603296
vn -0.746248 -0.334733 0.575384
vn -0.750300 -0.323774 0.576385
vn -0.769889 -0.320910 0.551623
vn -0.775054 -0.309472 0.550925
vn -0.776360 -0.314729 0.546087
vn -0.782338 -0.301754 0.544878
vn -0.782084 -0.310417 0.540357
vn -0.788549 -0.296707 0.538660
vn -0.786640 -0.308261 0.534951
vn -0.793230 -0.294670 0.532875
vn -0.844322 -0.170386 0.508024
vn -0.848000 -0.159432 0.505448
vn -0.874613 -0.066461 0.480245
vn -0.876713 -0.057395 0.477578
vn -0.900378 0.094938 0.424624
vn -0.900874 0.101721 0.421993
vn -0.900605 0.245558 0.358624
vn -0.900148 0.250976 0.356012
vn -0.873476 0.402522 0.273891
vn -0.872231 0.407002 0.271224
vn -0.796208 0.586410 0.148916
vn -0.794290 0.589630 0.146425
vn -0.707931 0.704687 0.047439
vn -0.706108 0.706637 0.045570
vn -0.636335 0.771116 -0.021418
vn -0.635026 0.772160 -0.022598
vn -0.536371 0.837374 -0.105406
vn -0.715026 -0.366365 0.595411
vn -0.757032 -0.348083 0.552939
vn -0.739263 -0.352907 0.573539
vn -0.760933 -0.340023 0.552599
vn -0.742586 -0.344370 0.574435
vn -0.765202 -0.331022 0.552169
vn -0.766014 -0.336267 0.547857
vn -0.770661 -0.339488 0.539286
vn -0.770969 -0.332978 0.542892
vn -0.775445 -0.330378 0.538085
vn -0.776251 -0.322407 0.541745
vn -0.780744 -0.320054 0.536660
vn -0.835337 -0.195703 0.513723
vn -0.838037 -0.188294 0.512092
vn -0.841018 -0.179922 0.510212
vn -0.869430 -0.087448 0.486255
vn -0.870995 -0.081301 0.484518
vn -0.872715 -0.074359 0.482534
vn -0.888533 0.000821 0.458813
vn -0.899463 0.083828 0.428880
vn -0.899907 0.089026 0.426897
vn -0.899047 0.079223 0.430625
vn -0.903350 0.154764 0.400008
vn -0.901283 0.236672 0.362870
vn -0.901539 0.232983 0.364619
vn -0.892814 0.312062 0.324809
vn -0.875465 0.395143 0.278251
vn -0.876271 0.392069 0.280056
vn -0.848436 0.478630 0.225987
vn -0.799341 0.581065 0.153025
vn -0.800637 0.578823 0.154739
vn -0.712203 0.700056 0.051847
vn -0.536694 0.837199 -0.105153
vn -0.638511 0.769366 -0.019450
vn -0.710944 0.701430 0.050544
vn -0.797877 0.583577 0.151098
vn -0.874542 0.398601 0.276212
vn -0.243489 0.922001 -0.301043
vn -0.406374 0.891569 -0.199914
vn -0.536598 0.837251 -0.105228
vn -0.637488 0.770191 -0.020376
vn -0.709530 0.702964 0.049085
vn -0.246727 0.921743 -0.299191
vn -0.407821 0.891127 -0.198936
vn -0.536491 0.837309 -0.105312
vn 0.656937 0.482465 -0.579362
vn 0.651639 0.489265 -0.579644
vn 0.645570 0.496933 -0.579911
vn 0.638554 0.505646 -0.580148
vn 0.630353 0.515626 -0.580332
vn 0.617009 0.531421 -0.580424
vn 0.599854 0.550960 -0.580188
vn 0.659556 0.482438 -0.576402
vn 0.657993 0.483936 -0.576932
vn 0.656153 0.485574 -0.577651
vn 0.652176 0.490774 -0.577761
vn 0.649032 0.493783 -0.578736
vn 0.643280 0.501070 -0.578895
vn 0.643136 0.490021 -0.588435
vn 0.662975 0.477899 -0.576261
vn 0.661838 0.479874 -0.575927
vn 0.660838 0.481084 -0.576066
vn 0.659727 0.482607 -0.576065
vn 0.657521 0.485186 -0.576421
vn 0.655216 0.488279 -0.576433
vn 0.651602 0.492390 -0.577033
vn 0.647696 0.497483 -0.577063
vn 0.642373 0.503349 -0.577924
vn 0.633964 0.513875 -0.577947
vn 0.625818 0.522522 -0.579070
vn 0.612113 0.538690 -0.578905
vn 0.646619 0.481995 -0.591240
vn 0.664484 0.475736 -0.576313
vn 0.661624 0.480172 -0.575925
vn 0.661383 0.480506 -0.575922
vn 0.658475 0.484319 -0.576061
vn 0.657051 0.486257 -0.576054
vn 0.652583 0.491788 -0.576438
vn 0.648430 0.497269 -0.576422
vn 0.641489 0.505463 -0.577061
vn 0.633759 0.515214 -0.576979
vn 0.623386 0.526785 -0.577830
vn 0.670954 0.466348 -0.576489
vn 0.668052 0.470583 -0.576419
vn 0.666166 0.473314 -0.576366
vn 0.661111 0.480884 -0.575919
vn 0.671683 0.366193 -0.644007
vn 0.733423 0.364445 -0.573821
vn 0.718579 0.390772 -0.575274
vn 0.707562 0.409379 -0.575991
vn 0.652696 0.492436 -0.575756
vn 0.654749 0.489643 -0.575807
vn 0.609384 0.546908 -0.574057
vn 0.621665 0.532022 -0.574879
vn 0.556856 0.604062 -0.570106
vn 0.742926 0.346745 -0.572563
vn 0.754347 0.324492 -0.570671
vn 0.644800 0.503021 -0.575502
vn 0.440650 0.709857 -0.549482
vn 0.576832 0.584173 -0.570970
vn 0.647563 0.499344 -0.575602
vn 0.093841 0.889894 -0.446410
vn 0.364232 0.762954 -0.534075
vn 0.484202 0.673446 -0.558586
vn 0.590556 0.568834 -0.572426
vn 0.649676 0.496512 -0.575670
vn 0.213558 0.843918 -0.492134
vn 0.420207 0.723221 -0.548067
vn 0.515441 0.645032 -0.564140
vn -0.528298 0.841679 -0.111707
vn -0.366623 0.902722 -0.225126
vn -0.318610 0.912990 -0.254829
vn -0.653732 0.756726 -0.000183
vn -0.594116 0.802283 -0.058039
vn -0.563671 0.821766 -0.083525
vn -0.529615 0.840986 -0.110684
vn -0.530630 0.840449 -0.109894
vn -0.481462 0.864048 -0.147019
vn -0.464134 0.871262 -0.159629
vn -0.387376 0.897102 -0.212478
vn -0.358238 0.904473 -0.231503
vn -0.252787 0.921292 -0.295498
vn -0.232952 0.922812 -0.306840
vn -0.108991 0.921654 -0.372390
vn -0.084157 0.919238 -0.384602
vn 0.052320 0.893719 -0.445566
vn 0.103477 0.878669 -0.466083
vn -0.730930 0.676551 0.089548
vn -0.720128 0.690875 0.064082
vn -0.645442 0.763715 -0.012023
vn -0.614470 0.787895 -0.040599
vn -0.575588 0.814405 -0.073780
vn -0.592113 0.803618 -0.059996
vn -0.532091 0.839673 -0.108755
vn -0.533093 0.839139 -0.107973
vn -0.451866 0.876046 -0.168405
vn -0.446987 0.877876 -0.171862
vn -0.346512 0.907089 -0.238995
vn -0.336228 0.909223 -0.245490
vn -0.215547 0.923743 -0.316604
vn -0.186499 0.924474 -0.332514
vn -0.043081 0.913707 -0.404084
vn -0.010646 0.907998 -0.418840
vn 0.143008 0.864989 -0.480981
vn 0.174300 0.852870 -0.492171
vn -0.781021 0.602983 0.162534
vn -0.804062 0.568758 0.173200
vn -0.771084 0.624227 0.125581
vn -0.760506 0.640302 0.107906
vn -0.676878 0.735891 0.017324
vn -0.715915 0.695917 0.056263
vn -0.641640 0.766830 -0.016455
vn -0.658862 0.752264 -0.000588
vn -0.603012 0.796118 -0.050726
vn -0.607176 0.793168 -0.047144
vn -0.533484 0.838930 -0.107667
vn -0.533822 0.838748 -0.107403
vn -0.442732 0.879439 -0.174861
vn -0.435669 0.881965 -0.179807
vn -0.319052 0.912456 -0.256184
vn -0.305292 0.914754 -0.264615
vn -0.163281 0.924332 -0.344891
vn -0.144335 0.923745 -0.354770
vn 0.015520 0.902532 -0.430342
vn 0.037024 0.897466 -0.439527
vn 0.199595 0.842224 -0.500820
vn 0.226558 0.830023 -0.509641
vn -0.828555 0.500541 0.250910
vn -0.837307 0.492941 0.236487
vn -0.831708 0.508147 0.223715
vn -0.824567 0.525707 0.209095
vn -0.862156 0.429782 0.268280
vn -0.844451 0.483588 0.230313
vn -0.881201 0.365836 0.299414
vn -0.854656 0.459945 0.240860
vn -0.873314 0.401264 0.276242
vn -0.827782 0.526329 0.194307
vn -0.835337 0.509808 0.205687
vn -0.747039 0.658691 0.089774
vn -0.753793 0.649854 0.097395
vn -0.670716 0.741638 0.010612
vn -0.679359 0.733561 0.018931
vn -0.616484 0.786398 -0.039058
vn -0.620934 0.783074 -0.035151
vn -0.534812 0.838216 -0.106628
vn -0.535164 0.838027 -0.106353
vn -0.425466 0.885468 -0.186884
vn -0.421662 0.886730 -0.189502
vn -0.284649 0.917727 -0.277041
vn -0.274336 0.919002 -0.283150
vn -0.111372 0.921731 -0.371494
vn -0.097348 0.920496 -0.378433
vn 0.079083 0.886054 -0.456786
vn 0.094493 0.881372 -0.462876
vn 0.265244 0.810939 -0.521559
vn 0.276212 0.805181 -0.524776
vn -0.853216 0.412495 0.319170
vn -0.866989 0.376945 0.325950
vn -0.872175 0.388808 0.296882
vn -0.865888 0.329247 0.376609
vn 0.699082 0.423206 -0.576351
vn 0.703062 0.416768 -0.576202
vn 0.655548 0.488553 -0.575824
vn -0.795457 -0.168672 0.582063
vn -0.831465 -0.154635 0.533624
vn -0.847108 -0.120676 0.517538
vn -0.859821 -0.096542 0.501386
vn -0.869637 -0.082648 0.486724
vn -0.889029 0.009088 0.457761
vn -0.898543 0.081951 0.431167
vn 0.674417 0.461247 -0.576553
vn 0.660175 0.482183 -0.575906
vn 0.652093 0.492945 -0.576004
vn 0.643306 0.503944 -0.576365
vn -0.730086 -0.302212 0.612897
vn -0.725729 -0.322480 0.607721
vn -0.867891 0.407887 0.283538
vn -0.897304 0.251260 0.362923
vn -0.813057 0.554319 0.177956
vn -0.493100 0.858893 -0.138405
vn -0.453822 0.875345 -0.166781
vn -0.411685 0.890060 -0.195727
vn -0.368828 0.902030 -0.224296
vn -0.305276 0.914989 -0.263820
vn -0.208451 0.924158 -0.320126
vn -0.108412 0.921823 -0.372141
vn -0.015664 0.909154 -0.416166
vn -0.427563 0.884802 -0.185242
vn -0.237096 0.922909 -0.303354
vn -0.009873 0.909299 -0.416027
vn 0.206712 0.840213 -0.501311
vn 0.341375 0.768588 -0.541050
vn 0.388756 0.737461 -0.552286
vn 0.427038 0.709798 -0.560200
vn 0.484396 0.663740 -0.569921
vn 0.524782 0.627625 -0.575057
vn 0.320059 0.784768 -0.530755
vn 0.418146 0.719328 -0.554726
vn 0.452687 0.692653 -0.561522
vn 0.480769 0.669415 -0.566343
vn 0.523337 0.631302 -0.572343
vn 0.553819 0.601663 -0.575575
vn -0.301915 0.915359 -0.266393
vn -0.804919 0.570732 0.162391
vn -0.893928 0.287981 0.343452
vn -0.901704 0.193844 0.386464
vn -0.894807 0.291663 0.338013
vn -0.878917 0.379790 0.288556
vn -0.841317 0.495918 0.215060
vn -0.764256 0.635552 0.109484
vn -0.685935 0.727221 0.025350
vn -0.624478 0.780385 -0.032020
vn -0.535454 0.837870 -0.106125
vn -0.417491 0.888087 -0.192360
vn -0.265907 0.919942 -0.288096
vn -0.085718 0.919301 -0.384107
vn 0.104352 0.878235 -0.466706
vn 0.285803 0.800018 -0.527530
vn -0.738847 0.669023 0.080708
vn -0.665291 0.746564 0.005457
vn -0.610732 0.790610 -0.044068
vn -0.534376 0.838451 -0.106969
vn -0.430047 0.883916 -0.183716
vn -0.294031 0.916446 -0.271426
vn -0.128602 0.922940 -0.362826
vn 0.060323 0.891391 -0.449203
vn 0.247925 0.819716 -0.516333
vn -0.137456 0.923554 -0.357985
vn 0.020852 0.901509 -0.432259
vn 0.482735 0.670191 -0.563747
vn 0.553078 0.606252 -0.571456
vn 0.600587 0.556163 -0.574437
vn 0.636684 0.513141 -0.575603
vn 0.658246 0.484850 -0.575876
vn -0.898135 0.264443 0.351317
vn 0.506938 0.648729 -0.567596
vn 0.526803 0.630216 -0.570357
vn 0.557338 0.600061 -0.573848
vn 0.579599 0.576674 -0.575771
vn -0.850127 0.473902 0.229568
vn -0.883112 0.361895 0.298572
vn -0.771968 0.624493 0.118632
vn -0.691102 0.722115 0.030452
vn -0.627368 0.778166 -0.029454
vn -0.535769 0.837700 -0.105878
vn -0.414091 0.889173 -0.194680
vn -0.258891 0.920655 -0.292180
vn -0.078224 0.918450 -0.387725
vn 0.113039 0.875378 -0.470037
vn 0.587156 0.570011 -0.574748
vn 0.566386 0.592451 -0.572894
vn 0.613428 0.541077 -0.575275
vn 0.602578 0.552593 -0.575796
vn 0.641605 0.506785 -0.575770
vn 0.623139 0.529330 -0.575766
vn -0.771731 -0.259443 0.580621
vn -0.763491 -0.285611 0.579231
vn -0.756413 -0.306596 0.577788
vn -0.802030 -0.243669 0.545319
vn -0.791721 -0.270161 0.547897
vn -0.782804 -0.291678 0.549674
vn -0.813588 -0.225940 0.535749
vn -0.801656 -0.256691 0.539869
vn -0.791319 -0.281444 0.542774
vn -0.822788 -0.214856 0.526172
vn -0.809637 -0.248412 0.531771
vn -0.798318 -0.275070 0.535747
vn -0.829123 -0.211081 0.517687
vn -0.815137 -0.245864 0.524502
vn -0.803299 -0.272985 0.529330
vn -0.867711 -0.092675 0.488353
vn -0.860098 -0.120348 0.495729
vn -0.853585 -0.142022 0.501221
vn -0.887696 -0.002250 0.460424
vn -0.883518 -0.025096 0.467724
vn -0.879876 -0.043000 0.473253
vn -0.902862 0.142962 0.405466
vn -0.902254 0.125874 0.412425
vn -0.901564 0.112486 0.417767
vn -0.896652 0.283799 0.339814
vn -0.898250 0.270221 0.346594
vn -0.899354 0.259562 0.351838
vn -0.864165 0.433858 0.254923
vn -0.867611 0.422807 0.261697
vn -0.870208 0.414074 0.266984
vn -0.791238 0.594674 0.142497
vn -0.787430 0.600837 0.137656
vn -0.703238 0.709674 0.042643
vn 0.636599 0.509395 -0.579015
vn 0.647626 0.496652 -0.577855
vn 0.655004 0.487909 -0.576987
vn 0.654820 0.489278 -0.576036
vn 0.660688 0.481472 -0.575913
vn 0.654034 0.487351 -0.578556
vn -0.900977 0.240832 0.360888
vn -0.770941 -0.326147 0.547063
vn -0.000000 0.230616 -0.973045
vn -0.000000 0.230616 -0.973045
vn -0.000000 0.000000 -1.000000
vn -0.000000 0.000000 -1.000000
vn -0.000000 -0.230616 -0.973045
vn -0.000000 -0.230616 -0.973045
vn -0.000000 -0.448799 -0.893633
vn -0.000000 -0.448799 -0.893633
vn -0.000000 -0.642788 -0.766044
vn -0.000000 -0.642788 -0.766044
vn -0.000000 -0.802123 -0.597159
vn -0.000000 -0.802123 -0.597159
vn -0.000000 -0.918216 -0.396080
vn -0.000000 -0.918216 -0.396080
vn -0.000000 -0.984808 -0.173648
vn -0.000000 -0.984808 -0.173648
vn 0.000000 -0.998308 0.058145
vn 0.000000 -0.998308 0.058145
vn 0.000000 -0.957990 0.286803
vn 0.000000 -0.957990 0.286803
vn 0.000000 -0.866025 0.500000
vn 0.000000 -0.866025 0.500000
vn 0.000000 -0.727374 0.686242
vn 0.000000 -0.727374 0.686242
vn 0.000000 -0.549509 0.835488
vn 0.000000 -0.549509 0.835488
vn 0.000000 -0.342020 0.939693
vn 0.000000 -0.342020 0.939693
vn 0.000000 -0.116093 0.993238
vn 0.000000 -0.116093 0.993238
vn 0.000000 0.116093 0.993238
vn 0.000000 0.116093 0.993238
vn 0.000000 0.342020 0.939693
vn 0.000000 0.342020 0.939693
vn 0.000000 0.549509 0.835488
vn 0.000000 0.549509 0.835488
vn 0.000000 0.727374 0.686242
vn 0.000000 0.727374 0.686242
vn 0.000000 0.866025 0.500000
vn 0.000000 0.866025 0.500000
vn 0.000000 0.957990 0.286803
vn 0.000000 0.957990 0.286803
vn 0.000000 0.998308 0.058145
vn 0.000000 0.998308 0.058145
vn -0.000000 0.984808 -0.173648
vn -0.000000 0.984808 -0.173648
vn -0.000000 0.918216 -0.396080
vn -0.000000 0.918216 -0.396080
vn -0.000000 0.802123 -0.597159
vn -0.000000 0.802123 -0.597159
vn -0.000000 0.642788 -0.766044
vn -0.000000 0.642788 -0.766044
vn -0.000000 0.448799 -0.893633
vn -0.000000 0.448799 -0.893633
vn 1.000000 0.000000 -0.000000
vn 1.000000 0.000000 -0.000000
vn 1.000000 0.000000 -0.000000
vn 1.000000 0.000000 -0.000000
vn 1.000000 0.000000 -0.000000
vn 1.000000 0.000000 -0.000000
vn 1.000000 0.000000 -0.000000
vn 1.000000 0.000000 -0.000000
vn 1.000000 0.000000 -0.000000
vn 1.000000 0.000000 -0.000000
vn 1.000000 0.000000 -0.000000
vn 1.000000 0.000000 -0.000000
vn 1.000000 0.000000 -0.000000
vn 1.000000 0.000000 -0.000000
vn 1.000000 0.000000 -0.000000
vn 1.000000 0.000000 -0.000000
vn 1.000000 0.000000 -0.000000
vn 1.000000 0.000000 -0.000000
vn 1.000000 0.000000 -0.000000
vn 1.000000 0.000000 -0.000000
vn 1.000000 0.000000 -0.000000
vn 1.000000 0.000000 -0.000000
vn 1.000000 0.000000 -0.000000
vn 1.000000 0.000000 -0.000000
vn 1.000000 0.000000 -0.000000
vn 1.000000 0.000000 -0.000000
vn 1.000000 0.000000 -0.000000
vn 1.000000 0.000000 -0.000000
vn 1.000000 0.000000 -0.000000
vn 1.000000 0.000000 -0.000000
vn 1.000000 0.000000 -0.000000
vn 1.000000 0.000000 -0.000000
vn 1.000000 0.000000 -0.000000
vn 1.000000 0.000000 -0.000000
vn 1.000000 0.000000 -0.000000
vn 1.000000 0.000000 -0.000000
vn 1.000000 0.000000 -0.000000
vn 1.000000 0.000000 -0.000000
vn 1.000000 0.000000 -0.000000
vn 1.000000 0.000000 -0.000000
vn 1.000000 0.000000 -0.000000
vn 1.000000 0.000000 -0.000000
vn 1.000000 0.000000 -0.000000
vn 1.000000 0.000000 -0.000000
vn 1.000000 0.000000 -0.000000
vn 1.000000 0.000000 -0.000000
vn 1.000000 0.000000 -0.000000
vn 1.000000 0.000000 -0.000000
vn 1.000000 0.000000 -0.000000
vn 1.000000 0.000000 -0.000000
vn 1.000000 0.000000 -0.000000
vn 1.000000 0.000000 -0.000000
vn 1.000000 0.000000 -0.000000
vn 1.000000 0.000000 -0.000000
vn 1.000000 0.000000 -0.000000
vn 1.000000 0.000000 -0.000000
vn 1.000000 0.000000 -0.000000
vn 1.000000 0.000000 -0.000000
vn 1.000000 0.000000 -0.000000
vn 1.000000 0.000000 -0.000000
vn 1.000000 0.000000 -0.000000
vn 1.000000 0.000000 -0.000000
vn 1.000000 0.000000 -0.000000
vn 1.000000 0.000000 -0.000000
vn 1.000000 0.000000 -0.000000
vn 1.000000 0.000000 -0.000000
vn 1.000000 0.000000 -0.000000
vn 1.000000 0.000000 -0.000000
vn 1.000000 0.000000 -0.000000
vn 1.000000 0.000000 -0.000000
vn 1.000000 0.000000 -0.000000
vn 1.000000 0.000000 -0.000000
vn 1.000000 0.000000 -0.000000
vn 1.000000 0.000000 -0.000000
vn 1.000000 0.000000 -0.000000
vn 1.000000 0.000000 -0.000000
vn 1.000000 0.000000 -0.000000
vn 1.000000 0.000000 -0.000000
vn 1.000000 0.000000 -0.000000
vn 1.000000 0.000000 -0.000000
vn 1.000000 0.000000 -0.000000
vn 1.000000 0.000000 -0.000000
vn 1.000000 0.000000 -0.000000
vn 1.000000 0.000000 -0.000000
vn 1.000000 0.000000 -0.000000
vn 1.000000 0.000000 -0.000000
vn 1.000000 0.000000 -0.000000
vn 1.000000 0.000000 -0.000000
vn 1.000000 0.000000 -0.000000
vn 1.000000 0.000000 -0.000000
vn 1.000000 0.000000 -0.000000
vn 1.000000 0.000000 -0.000000
vn 1.000000 0.000000 -0.000000
vn -1.000000 -0.000000 0.000000
vn -1.000000 -0.000000 0.000000
vn -1.000000 -0.000000 0.000000
vn -1.000000 -0.000000 0.000000
vn -1.000000 -0.000000 0.000000
vn -1.000000 -0.000000 0.000000
vn -1.000000 -0.000000 0.000000
vn -1.000000 -0.000000 0.000000
vn -1.000000 -0.000000 0.000000
vn -1.000000 -0.000000 0.000000
vn -1.000000 -0.000000 0.000000
vn -1.000000 -0.000000 0.000000
vn -1.000000 -0.000000 0.000000
vn -1.000000 -0.000000 0.000000
vn -1.000000 -0.000000 0.000000
vn -1.000000 -0.000000 0.000000
vn -1.000000 -0.000000 0.000000
vn -1.000000 -0.000000 0.000000
vn -1.000000 -0.000000 0.000000
vn -1.000000 -0.000000 0.000000
vn -1.000000 -0.000000 0.000000
vn -1.000000 -0.000000 0.000000
vn -1.000000 -0.000000 0.000000
vn -1.000000 -0.000000 0.000000
vn -1.000000 -0.000000 0.000000
vn -1.000000 -0.000000 0.000000
vn -1.000000 -0.000000 0.000000
vn -1.000000 -0.000000 0.000000
vn -1.000000 -0.000000 0.000000
vn -1.000000 -0.000000 0.000000
vn -1.000000 -0.000000 0.000000
vn -1.000000 -0.000000 0.000000
vn -1.000000 -0.000000 0.000000
vn -1.000000 -0.000000 0.000000
vn -1.000000 -0.000000 0.000000
vn -1.000000 -0.000000 0.000000
vn -1.000000 -0.000000 0.000000
vn -1.000000 -0.000000 0.000000
vn -1.000000 -0.000000 0.000000
vn -1.000000 -0.000000 0.000000
vn -1.000000 -0.000000 0.000000
vn -1.000000 -0.000000 0.000000
vn -1.000000 -0.000000 0.000000
vn -1.000000 -0.000000 0.000000
vn -1.000000 -0.000000 0.000000
vn -1.000000 -0.000000 0.000000
vn -1.000000 -0.000000 0.000000
vn -1.000000 -0.000000 0.000000
vn -1.000000 -0.000000 0.000000
vn -1.000000 -0.000000 0.000000
vn -1.000000 -0.000000 0.000000
vn -1.000000 -0.000000 0.000000
vn -1.000000 -0.000000 0.000000
vn -1.000000 -0.000000 0.000000
vn -1.000000 -0.000000 0.000000
vn -1.000000 -0.000000 0.000000
vn -1.000000 -0.000000 0.000000
vn -1.000000 -0.000000 0.000000
vn -1.000000 -0.000000 0.000000
vn -1.000000 -0.000000 0.000000
vn -1.000000 -0.000000 0.000000
vn -1.000000 -0.000000 0.000000
vn -1.000000 -0.000000 0.000000
vn -1.000000 -0.000000 0.000000
vn -1.000000 -0.000000 0.000000
vn -1.000000 -0.000000 0.000000
vn -1.000000 -0.000000 0.000000
vn -1.000000 -0.000000 0.000000
vn -1.000000 -0.000000 0.000000
vn -1.000000 -0.000000 0.000000
vn -1.000000 -0.000000 0.000000
vn -1.000000 -0.000000 0.000000
vn -1.000000 -0.000000 0.000000
vn -1.000000 -0.000000 0.000000
vn -1.000000 -0.000000 0.000000
vn -1.000000 -0.000000 0.000000
vn -1.000000 -0.000000 0.000000
vn -1.000000 -0.000000 0.000000
vn -1.000000 -0.000000 0.000000
vn -1.000000 -0.000000 0.000000
vn -1.000000 -0.000000 0.000000
vn -1.000000 -0.000000 0.000000
vn -1.000000 -0.000000 0.000000
vn -1.000000 -0.000000 0.000000
vn -1.000000 -0.000000 0.000000
vn -1.000000 -0.000000 0.000000
vn -1.000000 -0.000000 0.000000
vn -1.000000 -0.000000 0.000000
vn -1.000000 -0.000000 0.000000
vn -1.000000 -0.000000 0.000000
vn -1.000000 -0.000000 0.000000
vn -1.000000 -0.000000 0.000000
vn -1.000000 -0.000000 0.000000
vn -1.000000 -0.000000 0.000000
vn -1.000000 -0.000000 0.000000
vn -1.000000 -0.000000 0.000000
usemtl Plastic_-_Glossy_(Grey)
f 2/1/1 38/2/2 1/3/3
f 1/3/3 38/2/2 39/4/4
f 1/3/3 39/4/4 24/5/5
f 24/5/5 39/4/4 40/6/6
f 24/5/5 40/6/6 23/7/7
f 23/7/7 40/6/6 41/8/8
f 23/7/7 41/8/8 22/9/9
f 22/9/9 41/8/8 42/10/10
f 22/9/9 42/10/10 21/11/11
f 21/11/11 42/10/10 43/12/12
f 21/11/11 43/12/12 44/13/13
f 38/2/2 2/1/1 37/14/14
f 37/14/14 2/1/1 3/15/15
f 37/14/14 3/15/15 36/16/16
f 36/16/16 3/15/15 4/17/17
f 36/16/16 4/17/17 35/18/18
f 35/18/18 4/17/17 5/19/19
f 35/18/18 5/19/19 34/20/20
f 34/20/20 5/19/19 33/21/21
f 33/21/21 5/19/19 6/22/22
f 33/21/21 6/22/22 32/23/23
f 32/23/23 6/22/22 7/24/24
f 32/23/23 7/24/24 31/25/25
f 31/25/25 7/24/24 8/26/26
f 31/25/25 8/26/26 30/27/27
f 30/27/27 8/26/26 9/28/28
f 30/27/27 9/28/28 29/29/29
f 29/29/29 9/28/28 10/30/30
f 29/29/29 10/30/30 28/31/31
f 28/31/31 10/30/30 11/32/32
f 28/31/31 11/32/32 27/33/33
f 27/33/33 11/32/32 12/34/34
f 27/33/33 12/34/34 26/35/35
f 26/35/35 12/34/34 13/36/36
f 26/35/35 13/36/36 25/37/37
f 25/37/37 13/36/36 51/38/38
f 51/38/38 13/36/36 14/39/39
f 51/38/38 14/39/39 50/40/40
f 50/40/40 14/39/39 15/41/41
f 50/40/40 15/41/41 49/42/42
f 49/42/42 15/41/41 16/43/43
f 49/42/42 16/43/43 48/44/44
f 48/44/44 16/43/43 17/45/45
f 48/44/44 17/45/45 47/46/46
f 47/46/46 17/45/45 18/47/47
f 47/46/46 18/47/47 46/48/48
f 46/48/48 18/47/47 19/49/49
f 46/48/48 19/49/49 45/50/50
f 45/50/50 19/49/49 20/51/51
f 45/50/50 20/51/51 44/13/13
f 44/13/13 20/51/51 21/11/11
f 24/52/52 75/53/53 1/54/54
f 1/54/54 75/53/53 52/55/55
f 1/56/54 52/57/55 2/58/56
f 2/58/56 52/57/55 53/59/57
f 2/58/56 53/59/57 3/60/58
f 3/60/58 53/59/57 54/61/59
f 3/60/58 54/61/59 4/62/60
f 4/62/60 54/61/59 55/63/61
f 4/62/60 55/63/61 5/64/62
f 5/64/62 55/63/61 56/65/63
f 5/64/62 56/65/63 6/66/64
f 6/66/64 56/65/63 57/67/65
f 6/66/64 57/67/65 7/68/66
f 7/68/66 57/67/65 58/69/67
f 7/68/66 58/69/67 8/70/68
f 8/70/68 58/69/67 59/71/69
f 8/70/68 59/71/69 9/72/70
f 9/72/70 59/71/69 60/73/71
f 9/72/70 60/73/71 10/74/72
f 10/74/72 60/73/71 61/75/73
f 10/74/72 61/75/73 11/76/74
f 11/76/74 61/75/73 62/77/75
f 11/76/74 62/77/75 12/78/76
f 12/78/76 62/77/75 63/79/77
f 12/78/76 63/79/77 13/80/78
f 13/80/78 63/79/77 64/81/79
f 13/80/78 64/81/79 14/82/80
f 14/82/80 64/81/79 65/83/81
f 14/82/80 65/83/81 15/84/82
f 15/84/82 65/83/81 66/85/83
f 15/84/82 66/85/83 16/86/84
f 16/86/84 66/85/83 67/87/85
f 16/86/84 67/87/85 17/88/86
f 17/88/86 67/87/85 68/89/87
f 17/88/86 68/89/87 18/90/88
f 18/90/88 68/89/87 69/91/89
f 18/90/88 69/91/89 19/92/90
f 19/92/90 69/91/89 70/93/91
f 19/92/90 70/93/91 20/94/92
f 20/94/92 70/93/91 71/95/93
f 20/94/92 71/95/93 21/96/94
f 21/96/94 71/95/93 72/97/95
f 21/96/94 72/97/95 22/98/96
f 22/98/96 72/97/95 73/99/97
f 22/98/96 73/99/97 23/100/98
f 23/100/98 73/99/97 74/101/99
f 23/100/98 74/101/99 24/52/52
f 24/52/52 74/101/99 75/53/53
f 118/102/100 76/103/101 127/104/102
f 127/104/102 76/103/101 77/105/103
f 127/104/102 77/105/103 120/106/104
f 120/106/104 77/105/103 186/107/105
f 120/106/104 186/107/105 185/108/106
f 185/108/106 186/107/105 188/109/107
f 185/108/106 188/109/107 189/110/108
f 189/110/108 188/109/107 508/111/109
f 189/110/108 508/111/109 507/112/110
f 507/112/110 508/111/109 479/113/111
f 507/112/110 479/113/111 478/114/112
f 478/114/112 479/113/111 242/115/113
f 478/114/112 242/115/113 241/116/114
f 241/116/114 242/115/113 252/117/115
f 241/116/114 252/117/115 253/118/116
f 253/118/116 252/117/115 447/119/117
f 253/118/116 447/119/117 446/120/118
f 446/120/118 447/119/117 328/121/119
f 446/120/118 328/121/119 327/122/120
f 327/122/120 328/121/119 285/123/121
f 327/122/120 285/123/121 286/124/122
f 286/124/122 285/123/121 415/125/123
f 286/124/122 415/125/123 414/126/124
f 414/126/124 415/125/123 375/127/125
f 414/126/124 375/127/125 376/128/126
f 376/128/126 375/127/125 353/129/127
f 376/128/126 353/129/127 352/130/128
f 352/130/128 353/129/127 86/131/129
f 352/130/128 86/131/129 351/132/130
f 351/132/130 86/131/129 350/133/131
f 351/132/130 350/133/131 378/134/132
f 378/134/132 350/133/131 379/135/133
f 378/134/132 379/135/133 411/136/134
f 411/136/134 379/135/133 410/137/135
f 411/136/134 410/137/135 290/138/136
f 290/138/136 410/137/135 291/139/137
f 290/138/136 291/139/137 322/140/138
f 322/140/138 291/139/137 321/141/139
f 322/140/138 321/141/139 440/142/140
f 440/142/140 321/141/139 439/143/141
f 440/142/140 439/143/141 260/144/142
f 260/144/142 439/143/141 261/145/143
f 260/144/142 261/145/143 233/146/144
f 233/146/144 261/145/143 232/147/145
f 233/146/144 232/147/145 469/148/146
f 469/148/146 232/147/145 468/149/147
f 469/148/146 468/149/147 497/150/148
f 497/150/148 468/149/147 496/151/149
f 497/150/148 496/151/149 200/152/150
f 200/152/150 496/151/149 201/153/151
f 200/152/150 201/153/151 173/154/152
f 173/154/152 201/153/151 172/155/153
f 173/154/152 172/155/153 526/156/154
f 526/156/154 172/155/153 525/157/155
f 526/156/154 525/157/155 140/158/156
f 140/158/156 525/157/155 141/159/157
f 140/158/156 141/159/157 114/160/158
f 114/160/158 141/159/157 113/161/159
f 113/161/159 141/159/157 142/162/160
f 113/161/159 142/162/160 143/163/161
f 143/163/161 142/162/160 523/164/162
f 143/163/161 523/164/162 522/165/163
f 522/165/163 523/164/162 169/166/164
f 522/165/163 169/166/164 168/167/165
f 168/167/165 169/166/164 205/168/166
f 168/167/165 205/168/166 206/169/167
f 206/169/167 205/168/166 491/170/168
f 206/169/167 491/170/168 490/171/169
f 490/171/169 491/170/168 462/172/170
f 490/171/169 462/172/170 461/173/171
f 461/173/171 462/172/170 225/174/172
f 461/173/171 225/174/172 224/175/173
f 224/175/173 225/174/172 269/176/174
f 224/175/173 269/176/174 270/177/175
f 270/177/175 269/176/174 430/178/176
f 270/177/175 430/178/176 429/179/177
f 429/179/177 430/178/176 311/180/178
f 429/179/177 311/180/178 310/181/179
f 310/181/179 311/180/178 302/182/180
f 310/181/179 302/182/180 303/183/181
f 303/183/181 302/182/180 398/184/182
f 303/183/181 398/184/182 397/185/183
f 397/185/183 398/184/182 392/186/184
f 397/185/183 392/186/184 393/187/185
f 393/187/185 392/186/184 336/188/186
f 393/187/185 336/188/186 125/189/187
f 125/189/187 336/188/186 94/190/188
f 125/189/187 94/190/188 95/191/189
f 186/107/105 77/105/103 187/192/190
f 187/192/190 77/105/103 78/193/191
f 187/192/190 78/193/191 510/194/192
f 510/194/192 78/193/191 122/195/193
f 510/194/192 122/195/193 481/196/194
f 481/196/194 122/195/193 245/197/195
f 481/196/194 245/197/195 244/198/196
f 244/198/196 245/197/195 249/199/197
f 244/198/196 249/199/197 250/200/198
f 250/200/198 249/199/197 450/201/199
f 250/200/198 450/201/199 449/202/200
f 449/202/200 450/201/199 331/203/201
f 449/202/200 331/203/201 330/204/202
f 330/204/202 331/203/201 282/205/203
f 330/204/202 282/205/203 283/206/204
f 283/206/204 282/205/203 418/207/205
f 283/206/204 418/207/205 417/208/206
f 417/208/206 418/207/205 372/209/207
f 417/208/206 372/209/207 373/210/208
f 373/210/208 372/209/207 356/211/209
f 373/210/208 356/211/209 355/212/210
f 355/212/210 356/211/209 85/213/211
f 355/212/210 85/213/211 354/214/212
f 354/214/212 85/213/211 353/129/127
f 354/214/212 353/129/127 375/127/125
f 79/215/213 247/216/214 78/193/191
f 78/193/191 247/216/214 246/217/215
f 78/193/191 246/217/215 122/195/193
f 122/195/193 246/217/215 245/197/195
f 80/218/216 126/219/217 79/215/213
f 79/215/213 126/219/217 365/220/218
f 79/215/213 365/220/218 277/221/219
f 277/221/219 365/220/218 423/222/220
f 277/221/219 423/222/220 278/223/221
f 278/223/221 423/222/220 422/224/222
f 278/223/221 422/224/222 279/225/223
f 279/225/223 422/224/222 421/226/224
f 279/225/223 421/226/224 280/227/225
f 280/227/225 421/226/224 420/228/226
f 280/227/225 420/228/226 281/229/227
f 281/229/227 420/228/226 419/230/228
f 281/229/227 419/230/228 282/205/203
f 282/205/203 419/230/228 418/207/205
f 126/219/217 80/218/216 364/231/229
f 364/231/229 80/218/216 81/232/230
f 364/231/229 81/232/230 82/233/231
f 83/234/232 362/235/233 82/233/231
f 82/233/231 362/235/233 363/236/234
f 82/233/231 363/236/234 364/231/229
f 364/231/229 363/236/234 126/219/217
f 84/237/235 360/238/236 83/234/232
f 83/234/232 360/238/236 361/239/237
f 83/234/232 361/239/237 362/235/233
f 362/235/233 361/239/237 367/240/238
f 362/235/233 367/240/238 366/241/239
f 366/241/239 367/240/238 423/222/220
f 366/241/239 423/222/220 365/220/218
f 85/213/211 358/242/240 84/237/235
f 84/237/235 358/242/240 359/243/241
f 84/237/235 359/243/241 360/238/236
f 360/238/236 359/243/241 369/244/242
f 360/238/236 369/244/242 368/245/243
f 368/245/243 369/244/242 421/226/224
f 368/245/243 421/226/224 422/224/222
f 85/213/211 86/131/129 353/129/127
f 87/246/244 347/247/245 86/131/129
f 86/131/129 347/247/245 348/248/246
f 86/131/129 348/248/246 349/249/247
f 349/249/247 348/248/246 380/250/248
f 349/249/247 380/250/248 379/135/133
f 379/135/133 380/250/248 410/137/135
f 88/251/249 345/252/250 87/246/244
f 87/246/244 345/252/250 346/253/251
f 87/246/244 346/253/251 347/247/245
f 347/247/245 346/253/251 382/254/252
f 347/247/245 382/254/252 381/255/253
f 381/255/253 382/254/252 408/256/254
f 381/255/253 408/256/254 409/257/255
f 409/257/255 408/256/254 292/258/256
f 409/257/255 292/258/256 291/139/137
f 291/139/137 292/258/256 321/141/139
f 89/259/257 343/260/258 88/251/249
f 88/251/249 343/260/258 344/261/259
f 88/251/249 344/261/259 345/252/250
f 345/252/250 344/261/259 384/262/260
f 345/252/250 384/262/260 383/263/261
f 383/263/261 384/262/260 406/264/262
f 383/263/261 406/264/262 407/265/263
f 407/265/263 406/264/262 294/266/264
f 407/265/263 294/266/264 293/267/265
f 293/267/265 294/266/264 319/268/266
f 293/267/265 319/268/266 320/269/267
f 320/269/267 319/268/266 438/270/268
f 320/269/267 438/270/268 439/143/141
f 439/143/141 438/270/268 261/145/143
f 90/271/269 340/272/270 89/259/257
f 89/259/257 340/272/270 341/273/271
f 89/259/257 341/273/271 342/274/272
f 342/274/272 341/273/271 387/275/273
f 342/274/272 387/275/273 386/276/274
f 386/276/274 387/275/273 403/277/275
f 386/276/274 403/277/275 404/278/276
f 404/278/276 403/277/275 297/279/277
f 404/278/276 297/279/277 296/280/278
f 296/280/278 297/279/277 316/281/279
f 296/280/278 316/281/279 317/282/280
f 317/282/280 316/281/279 435/283/281
f 317/282/280 435/283/281 436/284/282
f 436/284/282 435/283/281 264/285/283
f 436/284/282 264/285/283 263/286/284
f 263/286/284 264/285/283 230/287/285
f 263/286/284 230/287/285 231/288/286
f 231/288/286 230/287/285 467/289/287
f 231/288/286 467/289/287 468/149/147
f 468/149/147 467/289/287 496/151/149
f 90/271/269 91/290/288 340/272/270
f 340/272/270 91/290/288 339/291/289
f 340/272/270 339/291/289 389/292/290
f 389/292/290 339/291/289 390/293/291
f 389/292/290 390/293/291 400/294/292
f 400/294/292 390/293/291 399/295/293
f 400/294/292 399/295/293 301/296/294
f 301/296/294 399/295/293 302/182/180
f 301/296/294 302/182/180 311/180/178
f 91/290/288 92/297/295 339/291/289
f 339/291/289 92/297/295 338/298/296
f 339/291/289 338/298/296 390/293/291
f 390/293/291 338/298/296 391/299/297
f 390/293/291 391/299/297 399/295/293
f 399/295/293 391/299/297 398/184/182
f 399/295/293 398/184/182 302/182/180
f 92/297/295 93/300/298 338/298/296
f 338/298/296 93/300/298 337/301/299
f 338/298/296 337/301/299 391/299/297
f 391/299/297 337/301/299 392/186/184
f 391/299/297 392/186/184 398/184/182
f 337/301/299 93/300/298 336/188/186
f 336/188/186 93/300/298 94/190/188
f 96/302/300 395/303/301 95/191/189
f 95/191/189 395/303/301 394/304/302
f 95/191/189 394/304/302 125/189/187
f 125/189/187 394/304/302 393/187/185
f 395/303/301 96/302/300 123/305/303
f 123/305/303 96/302/300 97/306/304
f 123/305/303 97/306/304 306/307/305
f 306/307/305 97/306/304 424/308/306
f 306/307/305 424/308/306 425/309/307
f 425/309/307 424/308/306 275/310/308
f 425/309/307 275/310/308 274/311/309
f 274/311/309 275/310/308 219/312/310
f 274/311/309 219/312/310 220/313/311
f 220/313/311 219/312/310 456/314/312
f 220/313/311 456/314/312 457/315/313
f 457/315/313 456/314/312 485/316/314
f 457/315/313 485/316/314 486/317/315
f 486/317/315 485/316/314 211/318/316
f 486/317/315 211/318/316 210/319/317
f 210/319/317 211/318/316 163/320/318
f 210/319/317 163/320/318 164/321/319
f 164/321/319 163/320/318 517/322/320
f 164/321/319 517/322/320 518/323/321
f 518/323/321 517/322/320 148/324/322
f 518/323/321 148/324/322 147/325/323
f 147/325/323 148/324/322 106/326/324
f 147/325/323 106/326/324 107/327/325
f 97/306/304 98/328/326 424/308/306
f 424/308/306 98/328/326 276/329/327
f 424/308/306 276/329/327 275/310/308
f 275/310/308 276/329/327 218/330/328
f 275/310/308 218/330/328 219/312/310
f 219/312/310 218/330/328 455/331/329
f 219/312/310 455/331/329 456/314/312
f 456/314/312 455/331/329 484/332/330
f 456/314/312 484/332/330 485/316/314
f 485/316/314 484/332/330 212/333/331
f 485/316/314 212/333/331 211/318/316
f 211/318/316 212/333/331 162/334/332
f 211/318/316 162/334/332 163/320/318
f 163/320/318 162/334/332 516/335/333
f 163/320/318 516/335/333 517/322/320
f 517/322/320 516/335/333 149/336/334
f 517/322/320 149/336/334 148/324/322
f 148/324/322 149/336/334 104/337/335
f 148/324/322 104/337/335 105/338/336
f 99/339/337 453/340/338 98/328/326
f 98/328/326 453/340/338 217/341/339
f 98/328/326 217/341/339 276/329/327
f 276/329/327 217/341/339 218/330/328
f 100/342/340 119/343/341 99/339/337
f 99/339/337 119/343/341 157/344/342
f 99/339/337 157/344/342 216/345/343
f 216/345/343 157/344/342 158/346/344
f 216/345/343 158/346/344 215/347/345
f 215/347/345 158/346/344 159/348/346
f 215/347/345 159/348/346 214/349/347
f 214/349/347 159/348/346 160/350/348
f 214/349/347 160/350/348 213/351/349
f 213/351/349 160/350/348 161/352/350
f 213/351/349 161/352/350 212/333/331
f 212/333/331 161/352/350 162/334/332
f 101/353/351 155/354/352 100/342/340
f 100/342/340 155/354/352 156/355/353
f 100/342/340 156/355/353 119/343/341
f 119/343/341 156/355/353 155/354/352
f 119/343/341 155/354/352 511/356/354
f 511/356/354 155/354/352 154/357/355
f 511/356/354 154/357/355 512/358/356
f 512/358/356 154/357/355 153/359/357
f 512/358/356 153/359/357 513/360/358
f 513/360/358 153/359/357 152/361/359
f 513/360/358 152/361/359 514/362/360
f 514/362/360 152/361/359 151/363/361
f 514/362/360 151/363/361 515/364/362
f 515/364/362 151/363/361 150/365/363
f 515/364/362 150/365/363 516/335/333
f 516/335/333 150/365/363 149/336/334
f 102/366/364 151/363/361 101/353/351
f 101/353/351 151/363/361 152/361/359
f 101/353/351 152/361/359 153/359/357
f 151/363/361 102/366/364 150/365/363
f 150/365/363 102/366/364 103/367/365
f 150/365/363 103/367/365 149/336/334
f 149/336/334 103/367/365 104/337/335
f 105/338/336 106/326/324 148/324/322
f 107/327/325 108/368/366 147/325/323
f 147/325/323 108/368/366 146/369/367
f 147/325/323 146/369/367 519/370/368
f 519/370/368 146/369/367 520/371/369
f 519/370/368 520/371/369 166/372/370
f 166/372/370 520/371/369 167/373/371
f 166/372/370 167/373/371 207/374/372
f 207/374/372 167/373/371 206/169/167
f 207/374/372 206/169/167 490/171/169
f 108/368/366 109/375/373 146/369/367
f 146/369/367 109/375/373 110/376/374
f 146/369/367 110/376/374 145/377/375
f 145/377/375 110/376/374 111/378/376
f 145/377/375 111/378/376 112/379/377
f 113/161/159 143/163/161 112/379/377
f 112/379/377 143/163/161 144/380/378
f 112/379/377 144/380/378 145/377/375
f 145/377/375 144/380/378 521/381/379
f 145/377/375 521/381/379 520/371/369
f 520/371/369 521/381/379 167/373/371
f 140/158/156 114/160/158 139/382/380
f 139/382/380 114/160/158 115/383/381
f 139/382/380 115/383/381 138/384/382
f 138/384/382 115/383/381 137/385/383
f 138/384/382 137/385/383 528/386/384
f 528/386/384 137/385/383 529/387/385
f 528/386/384 529/387/385 175/388/386
f 175/388/386 529/387/385 176/389/387
f 175/388/386 176/389/387 198/390/388
f 198/390/388 176/389/387 197/391/389
f 198/390/388 197/391/389 499/392/390
f 499/392/390 197/391/389 500/393/391
f 499/392/390 500/393/391 471/394/392
f 471/394/392 500/393/391 472/395/393
f 471/394/392 472/395/393 235/396/394
f 235/396/394 472/395/393 236/397/395
f 235/396/394 236/397/395 258/398/396
f 258/398/396 236/397/395 257/399/397
f 258/398/396 257/399/397 442/400/398
f 442/400/398 257/399/397 443/401/399
f 442/400/398 443/401/399 324/402/400
f 324/402/400 443/401/399 325/403/401
f 324/402/400 325/403/401 288/404/402
f 288/404/402 325/403/401 287/405/403
f 288/404/402 287/405/403 413/406/404
f 413/406/404 287/405/403 414/126/124
f 413/406/404 414/126/124 376/128/126
f 115/383/381 116/407/405 137/385/383
f 137/385/383 116/407/405 136/408/406
f 137/385/383 136/408/406 529/387/385
f 529/387/385 136/408/406 530/409/407
f 529/387/385 530/409/407 176/389/387
f 176/389/387 530/409/407 177/410/408
f 176/389/387 177/410/408 197/391/389
f 197/391/389 177/410/408 196/411/409
f 197/391/389 196/411/409 500/393/391
f 500/393/391 196/411/409 501/412/410
f 500/393/391 501/412/410 472/395/393
f 472/395/393 501/412/410 473/413/411
f 472/395/393 473/413/411 236/397/395
f 236/397/395 473/413/411 237/414/412
f 236/397/395 237/414/412 257/399/397
f 257/399/397 237/414/412 256/415/413
f 257/399/397 256/415/413 443/401/399
f 443/401/399 256/415/413 444/416/414
f 443/401/399 444/416/414 325/403/401
f 325/403/401 444/416/414 326/417/415
f 325/403/401 326/417/415 287/405/403
f 287/405/403 326/417/415 286/124/122
f 287/405/403 286/124/122 414/126/124
f 136/408/406 116/407/405 135/418/416
f 135/418/416 116/407/405 117/419/417
f 135/418/416 117/419/417 134/420/418
f 134/420/418 117/419/417 133/421/419
f 134/420/418 133/421/419 532/422/420
f 532/422/420 133/421/419 533/423/421
f 532/422/420 533/423/421 179/424/422
f 179/424/422 533/423/421 180/425/423
f 179/424/422 180/425/423 194/426/424
f 194/426/424 180/425/423 193/427/425
f 194/426/424 193/427/425 503/428/426
f 503/428/426 193/427/425 504/429/427
f 503/428/426 504/429/427 475/430/428
f 475/430/428 504/429/427 476/431/429
f 475/430/428 476/431/429 239/432/430
f 239/432/430 476/431/429 240/433/431
f 239/432/430 240/433/431 254/434/432
f 254/434/432 240/433/431 253/118/116
f 254/434/432 253/118/116 446/120/118
f 118/102/100 130/435/433 117/419/417
f 117/419/417 130/435/433 131/436/434
f 117/419/417 131/436/434 132/437/435
f 132/437/435 131/436/434 534/438/436
f 132/437/435 534/438/436 533/423/421
f 533/423/421 534/438/436 180/425/423
f 99/339/337 216/345/343 121/439/437
f 121/439/437 216/345/343 215/347/345
f 121/439/437 215/347/345 482/440/438
f 482/440/438 215/347/345 214/349/347
f 482/440/438 214/349/347 483/441/439
f 483/441/439 214/349/347 213/351/349
f 483/441/439 213/351/349 484/332/330
f 484/332/330 213/351/349 212/333/331
f 124/442/440 79/215/213 335/443/441
f 335/443/441 79/215/213 277/221/219
f 335/443/441 277/221/219 278/223/221
f 127/104/102 128/444/442 118/102/100
f 118/102/100 128/444/442 129/445/443
f 118/102/100 129/445/443 130/435/433
f 130/435/433 129/445/443 536/446/444
f 130/435/433 536/446/444 535/447/445
f 535/447/445 536/446/444 182/448/446
f 535/447/445 182/448/446 181/449/447
f 181/449/447 182/448/446 192/450/448
f 181/449/447 192/450/448 193/427/425
f 193/427/425 192/450/448 504/429/427
f 128/444/442 127/104/102 538/451/449
f 538/451/449 127/104/102 120/106/104
f 538/451/449 120/106/104 185/108/106
f 129/445/443 128/444/442 537/452/450
f 537/452/450 128/444/442 538/451/449
f 537/452/450 538/451/449 184/453/451
f 184/453/451 538/451/449 185/108/106
f 184/453/451 185/108/106 189/110/108
f 133/421/419 117/419/417 132/437/435
f 534/438/436 131/436/434 535/447/445
f 535/447/445 131/436/434 130/435/433
f 533/423/421 133/421/419 132/437/435
f 530/409/407 136/408/406 135/418/416
f 135/418/416 134/420/418 531/454/452
f 531/454/452 134/420/418 532/422/420
f 531/454/452 532/422/420 178/455/453
f 178/455/453 532/422/420 179/424/422
f 178/455/453 179/424/422 195/456/454
f 195/456/454 179/424/422 194/426/424
f 195/456/454 194/426/424 502/457/455
f 502/457/455 194/426/424 503/428/426
f 502/457/455 503/428/426 474/458/456
f 474/458/456 503/428/426 475/430/428
f 474/458/456 475/430/428 238/459/457
f 238/459/457 475/430/428 239/432/430
f 238/459/457 239/432/430 255/460/458
f 255/460/458 239/432/430 254/434/432
f 255/460/458 254/434/432 445/461/459
f 445/461/459 254/434/432 446/120/118
f 445/461/459 446/120/118 327/122/120
f 526/156/154 140/158/156 139/382/380
f 139/382/380 138/384/382 527/462/460
f 527/462/460 138/384/382 528/386/384
f 527/462/460 528/386/384 174/463/461
f 174/463/461 528/386/384 175/388/386
f 174/463/461 175/388/386 199/464/462
f 199/464/462 175/388/386 198/390/388
f 199/464/462 198/390/388 498/465/463
f 498/465/463 198/390/388 499/392/390
f 498/465/463 499/392/390 470/466/464
f 470/466/464 499/392/390 471/394/392
f 470/466/464 471/394/392 234/467/465
f 234/467/465 471/394/392 235/396/394
f 234/467/465 235/396/394 259/468/466
f 259/468/466 235/396/394 258/398/396
f 259/468/466 258/398/396 441/469/467
f 441/469/467 258/398/396 442/400/398
f 441/469/467 442/400/398 323/470/468
f 323/470/468 442/400/398 324/402/400
f 323/470/468 324/402/400 289/471/469
f 289/471/469 324/402/400 288/404/402
f 289/471/469 288/404/402 412/472/470
f 412/472/470 288/404/402 413/406/404
f 412/472/470 413/406/404 377/473/471
f 377/473/471 413/406/404 376/128/126
f 377/473/471 376/128/126 352/130/128
f 142/162/160 141/159/157 524/474/472
f 524/474/472 141/159/157 525/157/155
f 524/474/472 525/157/155 171/475/473
f 171/475/473 525/157/155 172/155/153
f 171/475/473 172/155/153 202/476/474
f 202/476/474 172/155/153 201/153/151
f 202/476/474 201/153/151 495/477/475
f 495/477/475 201/153/151 496/151/149
f 495/477/475 496/151/149 467/289/287
f 521/381/379 144/380/378 522/165/163
f 522/165/163 144/380/378 143/163/161
f 520/371/369 146/369/367 145/377/375
f 518/323/321 147/325/323 519/370/368
f 155/354/352 101/353/351 154/357/355
f 154/357/355 101/353/351 153/359/357
f 119/343/341 511/356/354 157/344/342
f 157/344/342 511/356/354 158/346/344
f 511/356/354 512/358/356 158/346/344
f 158/346/344 512/358/356 159/348/346
f 512/358/356 513/360/358 159/348/346
f 159/348/346 513/360/358 160/350/348
f 513/360/358 514/362/360 160/350/348
f 160/350/348 514/362/360 161/352/350
f 514/362/360 515/364/362 161/352/350
f 161/352/350 515/364/362 162/334/332
f 515/364/362 516/335/333 162/334/332
f 164/321/319 165/478/476 209/479/477
f 209/479/477 165/478/476 208/480/478
f 209/479/477 208/480/478 488/481/479
f 488/481/479 208/480/478 489/482/480
f 488/481/479 489/482/480 460/483/481
f 460/483/481 489/482/480 461/173/171
f 460/483/481 461/173/171 224/175/173
f 165/478/476 166/372/370 208/480/478
f 208/480/478 166/372/370 207/374/372
f 208/480/478 207/374/372 489/482/480
f 489/482/480 207/374/372 490/171/169
f 489/482/480 490/171/169 461/173/171
f 164/321/319 518/323/321 165/478/476
f 165/478/476 518/323/321 519/370/368
f 165/478/476 519/370/368 166/372/370
f 206/169/167 167/373/371 168/167/165
f 168/167/165 167/373/371 521/381/379
f 168/167/165 521/381/379 522/165/163
f 169/166/164 170/484/482 204/485/483
f 204/485/483 170/484/482 203/486/484
f 204/485/483 203/486/484 493/487/485
f 493/487/485 203/486/484 494/488/486
f 493/487/485 494/488/486 465/489/487
f 465/489/487 494/488/486 466/490/488
f 465/489/487 466/490/488 229/491/489
f 229/491/489 466/490/488 230/287/285
f 229/491/489 230/287/285 264/285/283
f 170/484/482 171/475/473 203/486/484
f 203/486/484 171/475/473 202/476/474
f 203/486/484 202/476/474 494/488/486
f 494/488/486 202/476/474 495/477/475
f 494/488/486 495/477/475 466/490/488
f 466/490/488 495/477/475 467/289/287
f 466/490/488 467/289/287 230/287/285
f 169/166/164 523/164/162 170/484/482
f 170/484/482 523/164/162 524/474/472
f 170/484/482 524/474/472 171/475/473
f 173/154/152 174/463/461 200/152/150
f 200/152/150 174/463/461 199/464/462
f 200/152/150 199/464/462 497/150/148
f 497/150/148 199/464/462 498/465/463
f 497/150/148 498/465/463 469/148/146
f 469/148/146 498/465/463 470/466/464
f 469/148/146 470/466/464 233/146/144
f 233/146/144 470/466/464 234/467/465
f 233/146/144 234/467/465 260/144/142
f 260/144/142 234/467/465 259/468/466
f 260/144/142 259/468/466 440/142/140
f 440/142/140 259/468/466 441/469/467
f 440/142/140 441/469/467 322/140/138
f 322/140/138 441/469/467 323/470/468
f 322/140/138 323/470/468 290/138/136
f 290/138/136 323/470/468 289/471/469
f 290/138/136 289/471/469 411/136/134
f 411/136/134 289/471/469 412/472/470
f 411/136/134 412/472/470 378/134/132
f 378/134/132 412/472/470 377/473/471
f 378/134/132 377/473/471 351/132/130
f 351/132/130 377/473/471 352/130/128
f 174/463/461 173/154/152 527/462/460
f 527/462/460 173/154/152 526/156/154
f 527/462/460 526/156/154 139/382/380
f 177/410/408 178/455/453 196/411/409
f 196/411/409 178/455/453 195/456/454
f 196/411/409 195/456/454 501/412/410
f 501/412/410 195/456/454 502/457/455
f 501/412/410 502/457/455 473/413/411
f 473/413/411 502/457/455 474/458/456
f 473/413/411 474/458/456 237/414/412
f 237/414/412 474/458/456 238/459/457
f 237/414/412 238/459/457 256/415/413
f 256/415/413 238/459/457 255/460/458
f 256/415/413 255/460/458 444/416/414
f 444/416/414 255/460/458 445/461/459
f 444/416/414 445/461/459 326/417/415
f 326/417/415 445/461/459 327/122/120
f 326/417/415 327/122/120 286/124/122
f 178/455/453 177/410/408 531/454/452
f 531/454/452 177/410/408 530/409/407
f 531/454/452 530/409/407 135/418/416
f 193/427/425 180/425/423 181/449/447
f 181/449/447 180/425/423 534/438/436
f 181/449/447 534/438/436 535/447/445
f 182/448/446 183/492/490 191/493/491
f 191/493/491 183/492/490 190/494/492
f 191/493/491 190/494/492 506/495/493
f 506/495/493 190/494/492 507/112/110
f 506/495/493 507/112/110 478/114/112
f 183/492/490 184/453/451 190/494/492
f 190/494/492 184/453/451 189/110/108
f 190/494/492 189/110/108 507/112/110
f 182/448/446 536/446/444 183/492/490
f 183/492/490 536/446/444 537/452/450
f 183/492/490 537/452/450 184/453/451
f 186/107/105 187/192/190 188/109/107
f 188/109/107 187/192/190 509/496/494
f 188/109/107 509/496/494 508/111/109
f 508/111/109 509/496/494 480/497/495
f 508/111/109 480/497/495 479/113/111
f 479/113/111 480/497/495 243/498/496
f 479/113/111 243/498/496 242/115/113
f 242/115/113 243/498/496 251/499/497
f 242/115/113 251/499/497 252/117/115
f 252/117/115 251/499/497 448/500/498
f 252/117/115 448/500/498 447/119/117
f 447/119/117 448/500/498 329/501/499
f 447/119/117 329/501/499 328/121/119
f 328/121/119 329/501/499 284/502/500
f 328/121/119 284/502/500 285/123/121
f 285/123/121 284/502/500 416/503/501
f 285/123/121 416/503/501 415/125/123
f 415/125/123 416/503/501 374/504/502
f 415/125/123 374/504/502 375/127/125
f 375/127/125 374/504/502 354/214/212
f 182/448/446 191/493/491 192/450/448
f 192/450/448 191/493/491 505/505/503
f 192/450/448 505/505/503 504/429/427
f 504/429/427 505/505/503 476/431/429
f 505/505/503 191/493/491 506/495/493
f 169/166/164 204/485/483 205/168/166
f 205/168/166 204/485/483 492/506/504
f 205/168/166 492/506/504 491/170/168
f 491/170/168 492/506/504 463/507/505
f 491/170/168 463/507/505 462/172/170
f 462/172/170 463/507/505 226/508/506
f 462/172/170 226/508/506 225/174/172
f 225/174/172 226/508/506 268/509/507
f 225/174/172 268/509/507 269/176/174
f 269/176/174 268/509/507 431/510/508
f 269/176/174 431/510/508 430/178/176
f 430/178/176 431/510/508 312/511/509
f 430/178/176 312/511/509 311/180/178
f 311/180/178 312/511/509 301/296/294
f 492/506/504 204/485/483 493/487/485
f 164/321/319 209/479/477 210/319/317
f 210/319/317 209/479/477 487/512/510
f 210/319/317 487/512/510 486/317/315
f 486/317/315 487/512/510 458/513/511
f 486/317/315 458/513/511 457/315/313
f 457/315/313 458/513/511 221/514/512
f 457/315/313 221/514/512 220/313/311
f 220/313/311 221/514/512 273/515/513
f 220/313/311 273/515/513 274/311/309
f 274/311/309 273/515/513 426/516/514
f 274/311/309 426/516/514 425/309/307
f 425/309/307 426/516/514 307/517/515
f 425/309/307 307/517/515 306/307/305
f 306/307/305 307/517/515 123/305/303
f 487/512/510 209/479/477 488/481/479
f 99/339/337 121/439/437 453/340/338
f 453/340/338 121/439/437 482/440/438
f 453/340/338 482/440/438 454/518/516
f 454/518/516 482/440/438 483/441/439
f 454/518/516 483/441/439 455/331/329
f 455/331/329 483/441/439 484/332/330
f 453/340/338 454/518/516 217/341/339
f 217/341/339 454/518/516 218/330/328
f 454/518/516 455/331/329 218/330/328
f 221/514/512 222/519/517 272/520/518
f 272/520/518 222/519/517 271/521/519
f 272/520/518 271/521/519 428/522/520
f 428/522/520 271/521/519 429/179/177
f 428/522/520 429/179/177 310/181/179
f 222/519/517 223/523/521 271/521/519
f 271/521/519 223/523/521 270/177/175
f 271/521/519 270/177/175 429/179/177
f 221/514/512 458/513/511 222/519/517
f 222/519/517 458/513/511 459/524/522
f 222/519/517 459/524/522 223/523/521
f 223/523/521 459/524/522 460/483/481
f 223/523/521 460/483/481 224/175/173
f 223/523/521 224/175/173 270/177/175
f 226/508/506 227/525/523 267/526/524
f 267/526/524 227/525/523 266/527/525
f 267/526/524 266/527/525 433/528/526
f 433/528/526 266/527/525 434/529/527
f 433/528/526 434/529/527 315/530/528
f 315/530/528 434/529/527 316/281/279
f 315/530/528 316/281/279 297/279/277
f 227/525/523 228/531/529 266/527/525
f 266/527/525 228/531/529 265/532/530
f 266/527/525 265/532/530 434/529/527
f 434/529/527 265/532/530 435/283/281
f 434/529/527 435/283/281 316/281/279
f 226/508/506 463/507/505 227/525/523
f 227/525/523 463/507/505 464/533/531
f 227/525/523 464/533/531 228/531/529
f 228/531/529 464/533/531 465/489/487
f 228/531/529 465/489/487 229/491/489
f 228/531/529 229/491/489 265/532/530
f 265/532/530 229/491/489 264/285/283
f 265/532/530 264/285/283 435/283/281
f 231/288/286 232/147/145 262/534/532
f 262/534/532 232/147/145 261/145/143
f 262/534/532 261/145/143 438/270/268
f 232/147/145 231/288/286 468/149/147
f 253/118/116 240/433/431 241/116/114
f 241/116/114 240/433/431 477/535/533
f 241/116/114 477/535/533 478/114/112
f 478/114/112 477/535/533 506/495/493
f 477/535/533 240/433/431 476/431/429
f 251/499/497 243/498/496 250/200/198
f 250/200/198 243/498/496 244/198/196
f 481/196/194 244/198/196 480/497/495
f 480/497/495 244/198/196 243/498/496
f 245/197/195 246/217/215 248/536/534
f 248/536/534 246/217/215 247/216/214
f 248/536/534 247/216/214 452/537/535
f 452/537/535 247/216/214 124/442/440
f 452/537/535 124/442/440 334/538/536
f 334/538/536 124/442/440 335/443/441
f 334/538/536 335/443/441 278/223/221
f 245/197/195 248/536/534 249/199/197
f 249/199/197 248/536/534 451/539/537
f 249/199/197 451/539/537 450/201/199
f 450/201/199 451/539/537 332/540/538
f 450/201/199 332/540/538 331/203/201
f 331/203/201 332/540/538 281/229/227
f 331/203/201 281/229/227 282/205/203
f 451/539/537 248/536/534 452/537/535
f 448/500/498 251/499/497 449/202/200
f 449/202/200 251/499/497 250/200/198
f 231/288/286 262/534/532 263/286/284
f 263/286/284 262/534/532 437/541/539
f 263/286/284 437/541/539 436/284/282
f 436/284/282 437/541/539 318/542/540
f 436/284/282 318/542/540 317/282/280
f 317/282/280 318/542/540 295/543/541
f 317/282/280 295/543/541 296/280/278
f 296/280/278 295/543/541 405/544/542
f 296/280/278 405/544/542 404/278/276
f 404/278/276 405/544/542 385/545/543
f 404/278/276 385/545/543 386/276/274
f 386/276/274 385/545/543 343/260/258
f 386/276/274 343/260/258 342/274/272
f 342/274/272 343/260/258 89/259/257
f 437/541/539 262/534/532 438/270/268
f 226/508/506 267/526/524 268/509/507
f 268/509/507 267/526/524 432/546/544
f 268/509/507 432/546/544 431/510/508
f 431/510/508 432/546/544 313/547/545
f 431/510/508 313/547/545 312/511/509
f 312/511/509 313/547/545 300/548/546
f 312/511/509 300/548/546 301/296/294
f 301/296/294 300/548/546 400/294/292
f 432/546/544 267/526/524 433/528/526
f 221/514/512 272/520/518 273/515/513
f 273/515/513 272/520/518 427/549/547
f 273/515/513 427/549/547 426/516/514
f 426/516/514 427/549/547 308/550/548
f 426/516/514 308/550/548 307/517/515
f 307/517/515 308/550/548 305/551/549
f 307/517/515 305/551/549 123/305/303
f 123/305/303 305/551/549 395/303/301
f 427/549/547 272/520/518 428/522/520
f 278/223/221 279/225/223 334/538/536
f 334/538/536 279/225/223 333/552/550
f 334/538/536 333/552/550 452/537/535
f 452/537/535 333/552/550 451/539/537
f 279/225/223 280/227/225 333/552/550
f 333/552/550 280/227/225 332/540/538
f 333/552/550 332/540/538 451/539/537
f 280/227/225 281/229/227 332/540/538
f 330/204/202 283/206/204 329/501/499
f 329/501/499 283/206/204 284/502/500
f 416/503/501 284/502/500 417/208/206
f 417/208/206 284/502/500 283/206/204
f 409/257/255 291/139/137 410/137/135
f 321/141/139 292/258/256 320/269/267
f 320/269/267 292/258/256 293/267/265
f 407/265/263 293/267/265 408/256/254
f 408/256/254 293/267/265 292/258/256
f 319/268/266 294/266/264 318/542/540
f 318/542/540 294/266/264 295/543/541
f 405/544/542 295/543/541 406/264/262
f 406/264/262 295/543/541 294/266/264
f 297/279/277 298/553/551 315/530/528
f 315/530/528 298/553/551 314/554/552
f 315/530/528 314/554/552 433/528/526
f 433/528/526 314/554/552 432/546/544
f 298/553/551 299/555/553 314/554/552
f 314/554/552 299/555/553 313/547/545
f 314/554/552 313/547/545 432/546/544
f 297/279/277 403/277/275 298/553/551
f 298/553/551 403/277/275 402/556/554
f 298/553/551 402/556/554 299/555/553
f 299/555/553 402/556/554 401/557/555
f 299/555/553 401/557/555 300/548/546
f 300/548/546 401/557/555 400/294/292
f 299/555/553 300/548/546 313/547/545
f 303/183/181 304/558/556 309/559/557
f 309/559/557 304/558/556 308/550/548
f 309/559/557 308/550/548 427/549/547
f 308/550/548 304/558/556 305/551/549
f 305/551/549 304/558/556 396/560/558
f 305/551/549 396/560/558 395/303/301
f 395/303/301 396/560/558 394/304/302
f 396/560/558 304/558/556 397/185/183
f 397/185/183 304/558/556 303/183/181
f 428/522/520 310/181/179 309/559/557
f 309/559/557 310/181/179 303/183/181
f 428/522/520 309/559/557 427/549/547
f 438/270/268 319/268/266 437/541/539
f 437/541/539 319/268/266 318/542/540
f 439/143/141 321/141/139 320/269/267
f 449/202/200 330/204/202 448/500/498
f 448/500/498 330/204/202 329/501/499
f 79/215/213 124/442/440 247/216/214
f 392/186/184 337/301/299 336/188/186
f 341/273/271 340/272/270 388/561/559
f 388/561/559 340/272/270 389/292/290
f 388/561/559 389/292/290 401/557/555
f 401/557/555 389/292/290 400/294/292
f 384/262/260 344/261/259 385/545/543
f 385/545/543 344/261/259 343/260/258
f 382/254/252 346/253/251 383/263/261
f 383/263/261 346/253/251 345/252/250
f 350/133/131 86/131/129 349/249/247
f 380/250/248 348/248/246 381/255/253
f 381/255/253 348/248/246 347/247/245
f 379/135/133 350/133/131 349/249/247
f 373/210/208 355/212/210 374/504/502
f 374/504/502 355/212/210 354/214/212
f 358/242/240 85/213/211 357/562/560
f 357/562/560 85/213/211 356/211/209
f 357/562/560 356/211/209 372/209/207
f 358/242/240 357/562/560 371/563/561
f 371/563/561 357/562/560 372/209/207
f 371/563/561 372/209/207 418/207/205
f 359/243/241 358/242/240 370/564/562
f 370/564/562 358/242/240 371/563/561
f 370/564/562 371/563/561 419/230/228
f 419/230/228 371/563/561 418/207/205
f 367/240/238 361/239/237 368/245/243
f 368/245/243 361/239/237 360/238/236
f 126/219/217 363/236/234 366/241/239
f 366/241/239 363/236/234 362/235/233
f 126/219/217 366/241/239 365/220/218
f 422/224/222 423/222/220 367/240/238
f 367/240/238 368/245/243 422/224/222
f 420/228/226 421/226/224 369/244/242
f 419/230/228 420/228/226 370/564/562
f 370/564/562 420/228/226 369/244/242
f 370/564/562 369/244/242 359/243/241
f 416/503/501 417/208/206 373/210/208
f 373/210/208 374/504/502 416/503/501
f 409/257/255 410/137/135 380/250/248
f 380/250/248 381/255/253 409/257/255
f 407/265/263 408/256/254 382/254/252
f 382/254/252 383/263/261 407/265/263
f 405/544/542 406/264/262 384/262/260
f 384/262/260 385/545/543 405/544/542
f 402/556/554 403/277/275 387/275/273
f 401/557/555 402/556/554 388/561/559
f 388/561/559 402/556/554 387/275/273
f 388/561/559 387/275/273 341/273/271
f 396/560/558 397/185/183 393/187/185
f 393/187/185 394/304/302 396/560/558
f 488/481/479 460/483/481 459/524/522
f 488/481/479 459/524/522 487/512/510
f 487/512/510 459/524/522 458/513/511
f 493/487/485 465/489/487 464/533/531
f 493/487/485 464/533/531 492/506/504
f 492/506/504 464/533/531 463/507/505
f 506/495/493 477/535/533 505/505/503
f 505/505/503 477/535/533 476/431/429
f 510/194/192 481/196/194 509/496/494
f 509/496/494 481/196/194 480/497/495
f 509/496/494 187/192/190 510/194/192
f 142/162/160 524/474/472 523/164/162
f 129/445/443 537/452/450 536/446/444
f 581/565/563 539/566/564 590/567/565
f 590/567/565 539/566/564 540/568/566
f 590/567/565 540/568/566 583/569/567
f 583/569/567 540/568/566 649/570/568
f 583/569/567 649/570/568 648/571/569
f 648/571/569 649/570/568 651/572/570
f 648/571/569 651/572/570 652/573/571
f 652/573/571 651/572/570 971/574/572
f 652/573/571 971/574/572 970/575/573
f 970/575/573 971/574/572 942/576/574
f 970/575/573 942/576/574 941/577/575
f 941/577/575 942/576/574 705/578/576
f 941/577/575 705/578/576 704/579/577
f 704/579/577 705/578/576 715/580/578
f 704/579/577 715/580/578 716/581/579
f 716/581/579 715/580/578 910/582/580
f 716/581/579 910/582/580 909/583/581
f 909/583/581 910/582/580 791/584/582
f 909/583/581 791/584/582 790/585/583
f 790/585/583 791/584/582 748/586/584
f 790/585/583 748/586/584 749/587/585
f 749/587/585 748/586/584 878/588/586
f 749/587/585 878/588/586 877/589/587
f 877/589/587 878/588/586 838/590/588
f 877/589/587 838/590/588 839/591/589
f 839/591/589 838/590/588 816/592/590
f 839/591/589 816/592/590 815/593/591
f 815/593/591 816/592/590 549/594/592
f 815/593/591 549/594/592 814/595/593
f 814/595/593 549/594/592 813/596/594
f 814/595/593 813/596/594 841/597/595
f 841/597/595 813/596/594 842/598/596
f 841/597/595 842/598/596 874/599/597
f 874/599/597 842/598/596 873/600/598
f 874/599/597 873/600/598 753/601/599
f 753/601/599 873/600/598 754/602/600
f 753/601/599 754/602/600 785/603/601
f 785/603/601 754/602/600 784/604/602
f 785/603/601 784/604/602 903/605/603
f 903/605/603 784/604/602 902/606/604
f 903/605/603 902/606/604 723/607/605
f 723/607/605 902/606/604 724/608/606
f 723/607/605 724/608/606 696/609/607
f 696/609/607 724/608/606 695/610/608
f 696/609/607 695/610/608 932/611/609
f 932/611/609 695/610/608 931/612/610
f 932/611/609 931/612/610 960/613/611
f 960/613/611 931/612/610 959/614/612
f 960/613/611 959/614/612 663/615/613
f 663/615/613 959/614/612 664/616/614
f 663/615/613 664/616/614 636/617/615
f 636/617/615 664/616/614 635/618/616
f 636/617/615 635/618/616 989/619/617
f 989/619/617 635/618/616 988/620/618
f 989/619/617 988/620/618 603/621/619
f 603/621/619 988/620/618 604/622/620
f 603/621/619 604/622/620 577/623/621
f 577/623/621 604/622/620 576/624/622
f 576/624/622 604/622/620 605/625/623
f 576/624/622 605/625/623 606/626/624
f 606/626/624 605/625/623 986/627/625
f 606/626/624 986/627/625 985/628/626
f 985/628/626 986/627/625 632/629/627
f 985/628/626 632/629/627 631/630/628
f 631/630/628 632/629/627 668/631/629
f 631/630/628 668/631/629 669/632/630
f 669/632/630 668/631/629 954/633/631
f 669/632/630 954/633/631 953/634/632
f 953/634/632 954/633/631 925/635/633
f 953/634/632 925/635/633 924/636/634
f 924/636/634 925/635/633 688/637/635
f 924/636/634 688/637/635 687/638/636
f 687/638/636 688/637/635 732/639/637
f 687/638/636 732/639/637 733/640/638
f 733/640/638 732/639/637 893/641/639
f 733/640/638 893/641/639 892/642/640
f 892/642/640 893/641/639 774/643/641
f 892/642/640 774/643/641 773/644/642
f 773/644/642 774/643/641 765/645/643
f 773/644/642 765/645/643 766/646/644
f 766/646/644 765/645/643 861/647/645
f 766/646/644 861/647/645 860/648/646
f 860/648/646 861/647/645 855/649/647
f 860/648/646 855/649/647 856/650/648
f 856/650/648 855/649/647 799/651/649
f 856/650/648 799/651/649 588/652/650
f 588/652/650 799/651/649 557/653/651
f 588/652/650 557/653/651 558/654/652
f 649/570/568 540/568/566 650/655/653
f 650/655/653 540/568/566 541/656/654
f 650/655/653 541/656/654 973/657/655
f 973/657/655 541/656/654 585/658/656
f 973/657/655 585/658/656 944/659/657
f 944/659/657 585/658/656 708/660/658
f 944/659/657 708/660/658 707/661/659
f 707/661/659 708/660/658 712/662/660
f 707/661/659 712/662/660 713/663/661
f 713/663/661 712/662/660 913/664/662
f 713/663/661 913/664/662 912/665/663
f 912/665/663 913/664/662 794/666/664
f 912/665/663 794/666/664 793/667/665
f 793/667/665 794/666/664 745/668/666
f 793/667/665 745/668/666 746/669/667
f 746/669/667 745/668/666 881/670/668
f 746/669/667 881/670/668 880/671/669
f 880/671/669 881/670/668 835/672/670
f 880/671/669 835/672/670 836/673/671
f 836/673/671 835/672/670 819/674/672
f 836/673/671 819/674/672 818/675/673
f 818/675/673 819/674/672 548/676/674
f 818/675/673 548/676/674 817/677/675
f 817/677/675 548/676/674 816/592/590
f 817/677/675 816/592/590 838/590/588
f 542/678/676 710/679/677 541/656/654
f 541/656/654 710/679/677 709/680/678
f 541/656/654 709/680/678 585/658/656
f 585/658/656 709/680/678 708/660/658
f 543/681/679 589/682/680 542/678/676
f 542/678/676 589/682/680 828/683/681
f 542/678/676 828/683/681 740/684/682
f 740/684/682 828/683/681 886/685/683
f 740/684/682 886/685/683 741/686/684
f 741/686/684 886/685/683 885/687/685
f 741/686/684 885/687/685 742/688/686
f 742/688/686 885/687/685 884/689/687
f 742/688/686 884/689/687 743/690/688
f 743/690/688 884/689/687 883/691/689
f 743/690/688 883/691/689 744/692/690
f 744/692/690 883/691/689 882/693/691
f 744/692/690 882/693/691 745/668/666
f 745/668/666 882/693/691 881/670/668
f 589/682/680 543/681/679 827/694/692
f 827/694/692 543/681/679 544/695/693
f 827/694/692 544/695/693 545/696/694
f 546/697/695 825/698/696 545/696/694
f 545/696/694 825/698/696 826/699/697
f 545/696/694 826/699/697 827/694/692
f 827/694/692 826/699/697 589/682/680
f 547/700/698 823/701/699 546/697/695
f 546/697/695 823/701/699 824/702/700
f 546/697/695 824/702/700 825/698/696
f 825/698/696 824/702/700 830/703/701
f 825/698/696 830/703/701 829/704/702
f 829/704/702 830/703/701 886/685/683
f 829/704/702 886/685/683 828/683/681
f 548/676/674 821/705/703 547/700/698
f 547/700/698 821/705/703 822/706/704
f 547/700/698 822/706/704 823/701/699
f 823/701/699 822/706/704 832/707/705
f 823/701/699 832/707/705 831/708/706
f 831/708/706 832/707/705 884/689/687
f 831/708/706 884/689/687 885/687/685
f 548/676/674 549/594/592 816/592/590
f 550/709/707 810/710/708 549/594/592
f 549/594/592 810/710/708 811/711/709
f 549/594/592 811/711/709 812/712/710
f 812/712/710 811/711/709 843/713/711
f 812/712/710 843/713/711 842/598/596
f 842/598/596 843/713/711 873/600/598
f 551/714/712 808/715/713 550/709/707
f 550/709/707 808/715/713 809/716/714
f 550/709/707 809/716/714 810/710/708
f 810/710/708 809/716/714 845/717/715
f 810/710/708 845/717/715 844/718/716
f 844/718/716 845/717/715 871/719/717
f 844/718/716 871/719/717 872/720/718
f 872/720/718 871/719/717 755/721/719
f 872/720/718 755/721/719 754/602/600
f 754/602/600 755/721/719 784/604/602
f 552/722/720 806/723/721 551/714/712
f 551/714/712 806/723/721 807/724/722
f 551/714/712 807/724/722 808/715/713
f 808/715/713 807/724/722 847/725/723
f 808/715/713 847/725/723 846/726/724
f 846/726/724 847/725/723 869/727/725
f 846/726/724 869/727/725 870/728/726
f 870/728/726 869/727/725 757/729/727
f 870/728/726 757/729/727 756/730/728
f 756/730/728 757/729/727 782/731/729
f 756/730/728 782/731/729 783/732/730
f 783/732/730 782/731/729 901/733/731
f 783/732/730 901/733/731 902/606/604
f 902/606/604 901/733/731 724/608/606
f 553/734/732 803/735/733 552/722/720
f 552/722/720 803/735/733 804/736/734
f 552/722/720 804/736/734 805/737/735
f 805/737/735 804/736/734 850/738/736
f 805/737/735 850/738/736 849/739/737
f 849/739/737 850/738/736 866/740/738
f 849/739/737 866/740/738 867/741/739
f 867/741/739 866/740/738 760/742/740
f 867/741/739 760/742/740 759/743/741
f 759/743/741 760/742/740 779/744/742
f 759/743/741 779/744/742 780/745/743
f 780/745/743 779/744/742 898/746/744
f 780/745/743 898/746/744 899/747/745
f 899/747/745 898/746/744 727/748/746
f 899/747/745 727/748/746 726/749/747
f 726/749/747 727/748/746 693/750/748
f 726/749/747 693/750/748 694/751/749
f 694/751/749 693/750/748 930/752/750
f 694/751/749 930/752/750 931/612/610
f 931/612/610 930/752/750 959/614/612
f 553/734/732 554/753/751 803/735/733
f 803/735/733 554/753/751 802/754/752
f 803/735/733 802/754/752 852/755/753
f 852/755/753 802/754/752 853/756/754
f 852/755/753 853/756/754 863/757/755
f 863/757/755 853/756/754 862/758/756
f 863/757/755 862/758/756 764/759/757
f 764/759/757 862/758/756 765/645/643
f 764/759/757 765/645/643 774/643/641
f 554/753/751 555/760/758 802/754/752
f 802/754/752 555/760/758 801/761/759
f 802/754/752 801/761/759 853/756/754
f 853/756/754 801/761/759 854/762/760
f 853/756/754 854/762/760 862/758/756
f 862/758/756 854/762/760 861/647/645
f 862/758/756 861/647/645 765/645/643
f 555/760/758 556/763/761 801/761/759
f 801/761/759 556/763/761 800/764/762
f 801/761/759 800/764/762 854/762/760
f 854/762/760 800/764/762 855/649/647
f 854/762/760 855/649/647 861/647/645
f 800/764/762 556/763/761 799/651/649
f 799/651/649 556/763/761 557/653/651
f 559/765/763 858/766/764 558/654/652
f 558/654/652 858/766/764 857/767/765
f 558/654/652 857/767/765 588/652/650
f 588/652/650 857/767/765 856/650/648
f 858/766/764 559/765/763 586/768/766
f 586/768/766 559/765/763 560/769/767
f 586/768/766 560/769/767 769/770/768
f 769/770/768 560/769/767 887/771/769
f 769/770/768 887/771/769 888/772/770
f 888/772/770 887/771/769 738/773/771
f 888/772/770 738/773/771 737/774/772
f 737/774/772 738/773/771 682/775/773
f 737/774/772 682/775/773 683/776/774
f 683/776/774 682/775/773 919/777/775
f 683/776/774 919/777/775 920/778/776
f 920/778/776 919/777/775 948/779/777
f 920/778/776 948/779/777 949/780/778
f 949/780/778 948/779/777 674/781/779
f 949/780/778 674/781/779 673/782/780
f 673/782/780 674/781/779 626/783/781
f 673/782/780 626/783/781 627/784/782
f 627/784/782 626/783/781 980/785/783
f 627/784/782 980/785/783 981/786/784
f 981/786/784 980/785/783 611/787/785
f 981/786/784 611/787/785 610/788/786
f 610/788/786 611/787/785 569/789/787
f 610/788/786 569/789/787 570/790/788
f 560/769/767 561/791/789 887/771/769
f 887/771/769 561/791/789 739/792/790
f 887/771/769 739/792/790 738/773/771
f 738/773/771 739/792/790 681/793/791
f 738/773/771 681/793/791 682/775/773
f 682/775/773 681/793/791 918/794/792
f 682/775/773 918/794/792 919/777/775
f 919/777/775 918/794/792 947/795/793
f 919/777/775 947/795/793 948/779/777
f 948/779/777 947/795/793 675/796/794
f 948/779/777 675/796/794 674/781/779
f 674/781/779 675/796/794 625/797/795
f 674/781/779 625/797/795 626/783/781
f 626/783/781 625/797/795 979/798/796
f 626/783/781 979/798/796 980/785/783
f 980/785/783 979/798/796 612/799/797
f 980/785/783 612/799/797 611/787/785
f 611/787/785 612/799/797 567/800/798
f 611/787/785 567/800/798 568/801/799
f 562/802/800 916/803/801 561/791/789
f 561/791/789 916/803/801 680/804/802
f 561/791/789 680/804/802 739/792/790
f 739/792/790 680/804/802 681/793/791
f 563/805/803 582/806/804 562/802/800
f 562/802/800 582/806/804 620/807/805
f 562/802/800 620/807/805 679/808/806
f 679/808/806 620/807/805 621/809/807
f 679/808/806 621/809/807 678/810/808
f 678/810/808 621/809/807 622/811/809
f 678/810/808 622/811/809 677/812/810
f 677/812/810 622/811/809 623/813/811
f 677/812/810 623/813/811 676/814/812
f 676/814/812 623/813/811 624/815/813
f 676/814/812 624/815/813 675/796/794
f 675/796/794 624/815/813 625/797/795
f 564/816/814 618/817/815 563/805/803
f 563/805/803 618/817/815 619/818/816
f 563/805/803 619/818/816 582/806/804
f 582/806/804 619/818/816 618/817/815
f 582/806/804 618/817/815 974/819/817
f 974/819/817 618/817/815 617/820/818
f 974/819/817 617/820/818 975/821/819
f 975/821/819 617/820/818 616/822/820
f 975/821/819 616/822/820 976/823/821
f 976/823/821 616/822/820 615/824/822
f 976/823/821 615/824/822 977/825/823
f 977/825/823 615/824/822 614/826/824
f 977/825/823 614/826/824 978/827/825
f 978/827/825 614/826/824 613/828/826
f 978/827/825 613/828/826 979/798/796
f 979/798/796 613/828/826 612/799/797
f 565/829/827 614/826/824 564/816/814
f 564/816/814 614/826/824 615/824/822
f 564/816/814 615/824/822 616/822/820
f 614/826/824 565/829/827 613/828/826
f 613/828/826 565/829/827 566/830/828
f 613/828/826 566/830/828 612/799/797
f 612/799/797 566/830/828 567/800/798
f 568/801/799 569/789/787 611/787/785
f 570/790/788 571/831/829 610/788/786
f 610/788/786 571/831/829 609/832/830
f 610/788/786 609/832/830 982/833/831
f 982/833/831 609/832/830 983/834/832
f 982/833/831 983/834/832 629/835/833
f 629/835/833 983/834/832 630/836/834
f 629/835/833 630/836/834 670/837/835
f 670/837/835 630/836/834 669/632/630
f 670/837/835 669/632/630 953/634/632
f 571/831/829 572/838/836 609/832/830
f 609/832/830 572/838/836 573/839/837
f 609/832/830 573/839/837 608/840/838
f 608/840/838 573/839/837 574/841/839
f 608/840/838 574/841/839 575/842/840
f 576/624/622 606/626/624 575/842/840
f 575/842/840 606/626/624 607/843/841
f 575/842/840 607/843/841 608/840/838
f 608/840/838 607/843/841 984/844/842
f 608/840/838 984/844/842 983/834/832
f 983/834/832 984/844/842 630/836/834
f 603/621/619 577/623/621 602/845/843
f 602/845/843 577/623/621 578/846/844
f 602/845/843 578/846/844 601/847/845
f 601/847/845 578/846/844 600/848/846
f 601/847/845 600/848/846 991/849/847
f 991/849/847 600/848/846 992/850/848
f 991/849/847 992/850/848 638/851/849
f 638/851/849 992/850/848 639/852/850
f 638/851/849 639/852/850 661/853/851
f 661/853/851 639/852/850 660/854/852
f 661/853/851 660/854/852 962/855/853
f 962/855/853 660/854/852 963/856/854
f 962/855/853 963/856/854 934/857/855
f 934/857/855 963/856/854 935/858/856
f 934/857/855 935/858/856 698/859/857
f 698/859/857 935/858/856 699/860/858
f 698/859/857 699/860/858 721/861/859
f 721/861/859 699/860/858 720/862/860
f 721/861/859 720/862/860 905/863/861
f 905/863/861 720/862/860 906/864/862
f 905/863/861 906/864/862 787/865/863
f 787/865/863 906/864/862 788/866/864
f 787/865/863 788/866/864 751/867/865
f 751/867/865 788/866/864 750/868/866
f 751/867/865 750/868/866 876/869/867
f 876/869/867 750/868/866 877/589/587
f 876/869/867 877/589/587 839/591/589
f 578/846/844 579/870/868 600/848/846
f 600/848/846 579/870/868 599/871/869
f 600/848/846 599/871/869 992/850/848
f 992/850/848 599/871/869 993/872/870
f 992/850/848 993/872/870 639/852/850
f 639/852/850 993/872/870 640/873/871
f 639/852/850 640/873/871 660/854/852
f 660/854/852 640/873/871 659/874/872
f 660/854/852 659/874/872 963/856/854
f 963/856/854 659/874/872 964/875/873
f 963/856/854 964/875/873 935/858/856
f 935/858/856 964/875/873 936/876/874
f 935/858/856 936/876/874 699/860/858
f 699/860/858 936/876/874 700/877/875
f 699/860/858 700/877/875 720/862/860
f 720/862/860 700/877/875 719/878/876
f 720/862/860 719/878/876 906/864/862
f 906/864/862 719/878/876 907/879/877
f 906/864/862 907/879/877 788/866/864
f 788/866/864 907/879/877 789/880/878
f 788/866/864 789/880/878 750/868/866
f 750/868/866 789/880/878 749/587/585
f 750/868/866 749/587/585 877/589/587
f 599/871/869 579/870/868 598/881/879
f 598/881/879 579/870/868 580/882/880
f 598/881/879 580/882/880 597/883/881
f 597/883/881 580/882/880 596/884/882
f 597/883/881 596/884/882 995/885/883
f 995/885/883 596/884/882 996/886/884
f 995/885/883 996/886/884 642/887/885
f 642/887/885 996/886/884 643/888/886
f 642/887/885 643/888/886 657/889/887
f 657/889/887 643/888/886 656/890/888
f 657/889/887 656/890/888 966/891/889
f 966/891/889 656/890/888 967/892/890
f 966/891/889 967/892/890 938/893/891
f 938/893/891 967/892/890 939/894/892
f 938/893/891 939/894/892 702/895/893
f 702/895/893 939/894/892 703/896/894
f 702/895/893 703/896/894 717/897/895
f 717/897/895 703/896/894 716/581/579
f 717/897/895 716/581/579 909/583/581
f 581/565/563 593/898/896 580/882/880
f 580/882/880 593/898/896 594/899/897
f 580/882/880 594/899/897 595/900/898
f 595/900/898 594/899/897 997/901/899
f 595/900/898 997/901/899 996/886/884
f 996/886/884 997/901/899 643/888/886
f 562/802/800 679/808/806 584/902/900
f 584/902/900 679/808/806 678/810/808
f 584/902/900 678/810/808 945/903/901
f 945/903/901 678/810/808 677/812/810
f 945/903/901 677/812/810 946/904/902
f 946/904/902 677/812/810 676/814/812
f 946/904/902 676/814/812 947/795/793
f 947/795/793 676/814/812 675/796/794
f 587/905/903 542/678/676 798/906/904
f 798/906/904 542/678/676 740/684/682
f 798/906/904 740/684/682 741/686/684
f 590/567/565 591/907/905 581/565/563
f 581/565/563 591/907/905 592/908/906
f 581/565/563 592/908/906 593/898/896
f 593/898/896 592/908/906 999/909/907
f 593/898/896 999/909/907 998/910/908
f 998/910/908 999/909/907 645/911/909
f 998/910/908 645/911/909 644/912/910
f 644/912/910 645/911/909 655/913/911
f 644/912/910 655/913/911 656/890/888
f 656/890/888 655/913/911 967/892/890
f 591/907/905 590/567/565 1001/914/912
f 1001/914/912 590/567/565 583/569/567
f 1001/914/912 583/569/567 648/571/569
f 592/908/906 591/907/905 1000/915/913
f 1000/915/913 591/907/905 1001/914/912
f 1000/915/913 1001/914/912 647/916/914
f 647/916/914 1001/914/912 648/571/569
f 647/916/914 648/571/569 652/573/571
f 596/884/882 580/882/880 595/900/898
f 997/901/899 594/899/897 998/910/908
f 998/910/908 594/899/897 593/898/896
f 996/886/884 596/884/882 595/900/898
f 993/872/870 599/871/869 598/881/879
f 598/881/879 597/883/881 994/917/915
f 994/917/915 597/883/881 995/885/883
f 994/917/915 995/885/883 641/918/916
f 641/918/916 995/885/883 642/887/885
f 641/918/916 642/887/885 658/919/917
f 658/919/917 642/887/885 657/889/887
f 658/919/917 657/889/887 965/920/918
f 965/920/918 657/889/887 966/891/889
f 965/920/918 966/891/889 937/921/919
f 937/921/919 966/891/889 938/893/891
f 937/921/919 938/893/891 701/922/920
f 701/922/920 938/893/891 702/895/893
f 701/922/920 702/895/893 718/923/921
f 718/923/921 702/895/893 717/897/895
f 718/923/921 717/897/895 908/924/922
f 908/924/922 717/897/895 909/583/581
f 908/924/922 909/583/581 790/585/583
f 989/619/617 603/621/619 602/845/843
f 602/845/843 601/847/845 990/925/923
f 990/925/923 601/847/845 991/849/847
f 990/925/923 991/849/847 637/926/924
f 637/926/924 991/849/847 638/851/849
f 637/926/924 638/851/849 662/927/925
f 662/927/925 638/851/849 661/853/851
f 662/927/925 661/853/851 961/928/926
f 961/928/926 661/853/851 962/855/853
f 961/928/926 962/855/853 933/929/927
f 933/929/927 962/855/853 934/857/855
f 933/929/927 934/857/855 697/930/928
f 697/930/928 934/857/855 698/859/857
f 697/930/928 698/859/857 722/931/929
f 722/931/929 698/859/857 721/861/859
f 722/931/929 721/861/859 904/932/930
f 904/932/930 721/861/859 905/863/861
f 904/932/930 905/863/861 786/933/931
f 786/933/931 905/863/861 787/865/863
f 786/933/931 787/865/863 752/934/932
f 752/934/932 787/865/863 751/867/865
f 752/934/932 751/867/865 875/935/933
f 875/935/933 751/867/865 876/869/867
f 875/935/933 876/869/867 840/936/934
f 840/936/934 876/869/867 839/591/589
f 840/936/934 839/591/589 815/593/591
f 605/625/623 604/622/620 987/937/935
f 987/937/935 604/622/620 988/620/618
f 987/937/935 988/620/618 634/938/936
f 634/938/936 988/620/618 635/618/616
f 634/938/936 635/618/616 665/939/937
f 665/939/937 635/618/616 664/616/614
f 665/939/937 664/616/614 958/940/938
f 958/940/938 664/616/614 959/614/612
f 958/940/938 959/614/612 930/752/750
f 984/844/842 607/843/841 985/628/626
f 985/628/626 607/843/841 606/626/624
f 983/834/832 609/832/830 608/840/838
f 981/786/784 610/788/786 982/833/831
f 618/817/815 564/816/814 617/820/818
f 617/820/818 564/816/814 616/822/820
f 582/806/804 974/819/817 620/807/805
f 620/807/805 974/819/817 621/809/807
f 974/819/817 975/821/819 621/809/807
f 621/809/807 975/821/819 622/811/809
f 975/821/819 976/823/821 622/811/809
f 622/811/809 976/823/821 623/813/811
f 976/823/821 977/825/823 623/813/811
f 623/813/811 977/825/823 624/815/813
f 977/825/823 978/827/825 624/815/813
f 624/815/813 978/827/825 625/797/795
f 978/827/825 979/798/796 625/797/795
f 627/784/782 628/941/939 672/942/940
f 672/942/940 628/941/939 671/943/941
f 672/942/940 671/943/941 951/944/942
f 951/944/942 671/943/941 952/945/943
f 951/944/942 952/945/943 923/946/944
f 923/946/944 952/945/943 924/636/634
f 923/946/944 924/636/634 687/638/636
f 628/941/939 629/835/833 671/943/941
f 671/943/941 629/835/833 670/837/835
f 671/943/941 670/837/835 952/945/943
f 952/945/943 670/837/835 953/634/632
f 952/945/943 953/634/632 924/636/634
f 627/784/782 981/786/784 628/941/939
f 628/941/939 981/786/784 982/833/831
f 628/941/939 982/833/831 629/835/833
f 669/632/630 630/836/834 631/630/628
f 631/630/628 630/836/834 984/844/842
f 631/630/628 984/844/842 985/628/626
f 632/629/627 633/947/945 667/948/946
f 667/948/946 633/947/945 666/949/947
f 667/948/946 666/949/947 956/950/948
f 956/950/948 666/949/947 957/951/949
f 956/950/948 957/951/949 928/952/950
f 928/952/950 957/951/949 929/953/951
f 928/952/950 929/953/951 692/954/952
f 692/954/952 929/953/951 693/750/748
f 692/954/952 693/750/748 727/748/746
f 633/947/945 634/938/936 666/949/947
f 666/949/947 634/938/936 665/939/937
f 666/949/947 665/939/937 957/951/949
f 957/951/949 665/939/937 958/940/938
f 957/951/949 958/940/938 929/953/951
f 929/953/951 958/940/938 930/752/750
f 929/953/951 930/752/750 693/750/748
f 632/629/627 986/627/625 633/947/945
f 633/947/945 986/627/625 987/937/935
f 633/947/945 987/937/935 634/938/936
f 636/617/615 637/926/924 663/615/613
f 663/615/613 637/926/924 662/927/925
f 663/615/613 662/927/925 960/613/611
f 960/613/611 662/927/925 961/928/926
f 960/613/611 961/928/926 932/611/609
f 932/611/609 961/928/926 933/929/927
f 932/611/609 933/929/927 696/609/607
f 696/609/607 933/929/927 697/930/928
f 696/609/607 697/930/928 723/607/605
f 723/607/605 697/930/928 722/931/929
f 723/607/605 722/931/929 903/605/603
f 903/605/603 722/931/929 904/932/930
f 903/605/603 904/932/930 785/603/601
f 785/603/601 904/932/930 786/933/931
f 785/603/601 786/933/931 753/601/599
f 753/601/599 786/933/931 752/934/932
f 753/601/599 752/934/932 874/599/597
f 874/599/597 752/934/932 875/935/933
f 874/599/597 875/935/933 841/597/595
f 841/597/595 875/935/933 840/936/934
f 841/597/595 840/936/934 814/595/593
f 814/595/593 840/936/934 815/593/591
f 637/926/924 636/617/615 990/925/923
f 990/925/923 636/617/615 989/619/617
f 990/925/923 989/619/617 602/845/843
f 640/873/871 641/918/916 659/874/872
f 659/874/872 641/918/916 658/919/917
f 659/874/872 658/919/917 964/875/873
f 964/875/873 658/919/917 965/920/918
f 964/875/873 965/920/918 936/876/874
f 936/876/874 965/920/918 937/921/919
f 936/876/874 937/921/919 700/877/875
f 700/877/875 937/921/919 701/922/920
f 700/877/875 701/922/920 719/878/876
f 719/878/876 701/922/920 718/923/921
f 719/878/876 718/923/921 907/879/877
f 907/879/877 718/923/921 908/924/922
f 907/879/877 908/924/922 789/880/878
f 789/880/878 908/924/922 790/585/583
f 789/880/878 790/585/583 749/587/585
f 641/918/916 640/873/871 994/917/915
f 994/917/915 640/873/871 993/872/870
f 994/917/915 993/872/870 598/881/879
f 656/890/888 643/888/886 644/912/910
f 644/912/910 643/888/886 997/901/899
f 644/912/910 997/901/899 998/910/908
f 645/911/909 646/955/953 654/956/954
f 654/956/954 646/955/953 653/957/955
f 654/956/954 653/957/955 969/958/956
f 969/958/956 653/957/955 970/575/573
f 969/958/956 970/575/573 941/577/575
f 646/955/953 647/916/914 653/957/955
f 653/957/955 647/916/914 652/573/571
f 653/957/955 652/573/571 970/575/573
f 645/911/909 999/909/907 646/955/953
f 646/955/953 999/909/907 1000/915/913
f 646/955/953 1000/915/913 647/916/914
f 649/570/568 650/655/653 651/572/570
f 651/572/570 650/655/653 972/959/957
f 651/572/570 972/959/957 971/574/572
f 971/574/572 972/959/957 943/960/958
f 971/574/572 943/960/958 942/576/574
f 942/576/574 943/960/958 706/961/959
f 942/576/574 706/961/959 705/578/576
f 705/578/576 706/961/959 714/962/960
f 705/578/576 714/962/960 715/580/578
f 715/580/578 714/962/960 911/963/961
f 715/580/578 911/963/961 910/582/580
f 910/582/580 911/963/961 792/964/962
f 910/582/580 792/964/962 791/584/582
f 791/584/582 792/964/962 747/965/963
f 791/584/582 747/965/963 748/586/584
f 748/586/584 747/965/963 879/966/964
f 748/586/584 879/966/964 878/588/586
f 878/588/586 879/966/964 837/967/965
f 878/588/586 837/967/965 838/590/588
f 838/590/588 837/967/965 817/677/675
f 645/911/909 654/956/954 655/913/911
f 655/913/911 654/956/954 968/968/966
f 655/913/911 968/968/966 967/892/890
f 967/892/890 968/968/966 939/894/892
f 968/968/966 654/956/954 969/958/956
f 632/629/627 667/948/946 668/631/629
f 668/631/629 667/948/946 955/969/967
f 668/631/629 955/969/967 954/633/631
f 954/633/631 955/969/967 926/970/968
f 954/633/631 926/970/968 925/635/633
f 925/635/633 926/970/968 689/971/969
f 925/635/633 689/971/969 688/637/635
f 688/637/635 689/971/969 731/972/970
f 688/637/635 731/972/970 732/639/637
f 732/639/637 731/972/970 894/973/971
f 732/639/637 894/973/971 893/641/639
f 893/641/639 894/973/971 775/974/972
f 893/641/639 775/974/972 774/643/641
f 774/643/641 775/974/972 764/759/757
f 955/969/967 667/948/946 956/950/948
f 627/784/782 672/942/940 673/782/780
f 673/782/780 672/942/940 950/975/973
f 673/782/780 950/975/973 949/780/778
f 949/780/778 950/975/973 921/976/974
f 949/780/778 921/976/974 920/778/776
f 920/778/776 921/976/974 684/977/975
f 920/778/776 684/977/975 683/776/774
f 683/776/774 684/977/975 736/978/976
f 683/776/774 736/978/976 737/774/772
f 737/774/772 736/978/976 889/979/977
f 737/774/772 889/979/977 888/772/770
f 888/772/770 889/979/977 770/980/978
f 888/772/770 770/980/978 769/770/768
f 769/770/768 770/980/978 586/768/766
f 950/975/973 672/942/940 951/944/942
f 562/802/800 584/902/900 916/803/801
f 916/803/801 584/902/900 945/903/901
f 916/803/801 945/903/901 917/981/979
f 917/981/979 945/903/901 946/904/902
f 917/981/979 946/904/902 918/794/792
f 918/794/792 946/904/902 947/795/793
f 916/803/801 917/981/979 680/804/802
f 680/804/802 917/981/979 681/793/791
f 917/981/979 918/794/792 681/793/791
f 684/977/975 685/982/980 735/983/981
f 735/983/981 685/982/980 734/984/982
f 735/983/981 734/984/982 891/985/983
f 891/985/983 734/984/982 892/642/640
f 891/985/983 892/642/640 773/644/642
f 685/982/980 686/986/984 734/984/982
f 734/984/982 686/986/984 733/640/638
f 734/984/982 733/640/638 892/642/640
f 684/977/975 921/976/974 685/982/980
f 685/982/980 921/976/974 922/987/985
f 685/982/980 922/987/985 686/986/984
f 686/986/984 922/987/985 923/946/944
f 686/986/984 923/946/944 687/638/636
f 686/986/984 687/638/636 733/640/638
f 689/971/969 690/988/986 730/989/987
f 730/989/987 690/988/986 729/990/988
f 730/989/987 729/990/988 896/991/989
f 896/991/989 729/990/988 897/992/990
f 896/991/989 897/992/990 778/993/991
f 778/993/991 897/992/990 779/744/742
f 778/993/991 779/744/742 760/742/740
f 690/988/986 691/994/992 729/990/988
f 729/990/988 691/994/992 728/995/993
f 729/990/988 728/995/993 897/992/990
f 897/992/990 728/995/993 898/746/744
f 897/992/990 898/746/744 779/744/742
f 689/971/969 926/970/968 690/988/986
f 690/988/986 926/970/968 927/996/994
f 690/988/986 927/996/994 691/994/992
f 691/994/992 927/996/994 928/952/950
f 691/994/992 928/952/950 692/954/952
f 691/994/992 692/954/952 728/995/993
f 728/995/993 692/954/952 727/748/746
f 728/995/993 727/748/746 898/746/744
f 694/751/749 695/610/608 725/997/995
f 725/997/995 695/610/608 724/608/606
f 725/997/995 724/608/606 901/733/731
f 695/610/608 694/751/749 931/612/610
f 716/581/579 703/896/894 704/579/577
f 704/579/577 703/896/894 940/998/996
f 704/579/577 940/998/996 941/577/575
f 941/577/575 940/998/996 969/958/956
f 940/998/996 703/896/894 939/894/892
f 714/962/960 706/961/959 713/663/661
f 713/663/661 706/961/959 707/661/659
f 944/659/657 707/661/659 943/960/958
f 943/960/958 707/661/659 706/961/959
f 708/660/658 709/680/678 711/999/997
f 711/999/997 709/680/678 710/679/677
f 711/999/997 710/679/677 915/1000/998
f 915/1000/998 710/679/677 587/905/903
f 915/1000/998 587/905/903 797/1001/999
f 797/1001/999 587/905/903 798/906/904
f 797/1001/999 798/906/904 741/686/684
f 708/660/658 711/999/997 712/662/660
f 712/662/660 711/999/997 914/1002/1000
f 712/662/660 914/1002/1000 913/664/662
f 913/664/662 914/1002/1000 795/1003/1001
f 913/664/662 795/1003/1001 794/666/664
f 794/666/664 795/1003/1001 744/692/690
f 794/666/664 744/692/690 745/668/666
f 914/1002/1000 711/999/997 915/1000/998
f 911/963/961 714/962/960 912/665/663
f 912/665/663 714/962/960 713/663/661
f 694/751/749 725/997/995 726/749/747
f 726/749/747 725/997/995 900/1004/1002
f 726/749/747 900/1004/1002 899/747/745
f 899/747/745 900/1004/1002 781/1005/1003
f 899/747/745 781/1005/1003 780/745/743
f 780/745/743 781/1005/1003 758/1006/1004
f 780/745/743 758/1006/1004 759/743/741
f 759/743/741 758/1006/1004 868/1007/1005
f 759/743/741 868/1007/1005 867/741/739
f 867/741/739 868/1007/1005 848/1008/1006
f 867/741/739 848/1008/1006 849/739/737
f 849/739/737 848/1008/1006 806/723/721
f 849/739/737 806/723/721 805/737/735
f 805/737/735 806/723/721 552/722/720
f 900/1004/1002 725/997/995 901/733/731
f 689/971/969 730/989/987 731/972/970
f 731/972/970 730/989/987 895/1009/1007
f 731/972/970 895/1009/1007 894/973/971
f 894/973/971 895/1009/1007 776/1010/1008
f 894/973/971 776/1010/1008 775/974/972
f 775/974/972 776/1010/1008 763/1011/1009
f 775/974/972 763/1011/1009 764/759/757
f 764/759/757 763/1011/1009 863/757/755
f 895/1009/1007 730/989/987 896/991/989
f 684/977/975 735/983/981 736/978/976
f 736/978/976 735/983/981 890/1012/1010
f 736/978/976 890/1012/1010 889/979/977
f 889/979/977 890/1012/1010 771/1013/1011
f 889/979/977 771/1013/1011 770/980/978
f 770/980/978 771/1013/1011 768/1014/1012
f 770/980/978 768/1014/1012 586/768/766
f 586/768/766 768/1014/1012 858/766/764
f 890/1012/1010 735/983/981 891/985/983
f 741/686/684 742/688/686 797/1001/999
f 797/1001/999 742/688/686 796/1015/1013
f 797/1001/999 796/1015/1013 915/1000/998
f 915/1000/998 796/1015/1013 914/1002/1000
f 742/688/686 743/690/688 796/1015/1013
f 796/1015/1013 743/690/688 795/1003/1001
f 796/1015/1013 795/1003/1001 914/1002/1000
f 743/690/688 744/692/690 795/1003/1001
f 793/667/665 746/669/667 792/964/962
f 792/964/962 746/669/667 747/965/963
f 879/966/964 747/965/963 880/671/669
f 880/671/669 747/965/963 746/669/667
f 872/720/718 754/602/600 873/600/598
f 784/604/602 755/721/719 783/732/730
f 783/732/730 755/721/719 756/730/728
f 870/728/726 756/730/728 871/719/717
f 871/719/717 756/730/728 755/721/719
f 782/731/729 757/729/727 781/1005/1003
f 781/1005/1003 757/729/727 758/1006/1004
f 868/1007/1005 758/1006/1004 869/727/725
f 869/727/725 758/1006/1004 757/729/727
f 760/742/740 761/1016/1014 778/993/991
f 778/993/991 761/1016/1014 777/1017/1015
f 778/993/991 777/1017/1015 896/991/989
f 896/991/989 777/1017/1015 895/1009/1007
f 761/1016/1014 762/1018/1016 777/1017/1015
f 777/1017/1015 762/1018/1016 776/1010/1008
f 777/1017/1015 776/1010/1008 895/1009/1007
f 760/742/740 866/740/738 761/1016/1014
f 761/1016/1014 866/740/738 865/1019/1017
f 761/1016/1014 865/1019/1017 762/1018/1016
f 762/1018/1016 865/1019/1017 864/1020/1018
f 762/1018/1016 864/1020/1018 763/1011/1009
f 763/1011/1009 864/1020/1018 863/757/755
f 762/1018/1016 763/1011/1009 776/1010/1008
f 766/646/644 767/1021/1019 772/1022/1020
f 772/1022/1020 767/1021/1019 771/1013/1011
f 772/1022/1020 771/1013/1011 890/1012/1010
f 771/1013/1011 767/1021/1019 768/1014/1012
f 768/1014/1012 767/1021/1019 859/1023/1021
f 768/1014/1012 859/1023/1021 858/766/764
f 858/766/764 859/1023/1021 857/767/765
f 859/1023/1021 767/1021/1019 860/648/646
f 860/648/646 767/1021/1019 766/646/644
f 891/985/983 773/644/642 772/1022/1020
f 772/1022/1020 773/644/642 766/646/644
f 891/985/983 772/1022/1020 890/1012/1010
f 901/733/731 782/731/729 900/1004/1002
f 900/1004/1002 782/731/729 781/1005/1003
f 902/606/604 784/604/602 783/732/730
f 912/665/663 793/667/665 911/963/961
f 911/963/961 793/667/665 792/964/962
f 542/678/676 587/905/903 710/679/677
f 855/649/647 800/764/762 799/651/649
f 804/736/734 803/735/733 851/1024/1022
f 851/1024/1022 803/735/733 852/755/753
f 851/1024/1022 852/755/753 864/1020/1018
f 864/1020/1018 852/755/753 863/757/755
f 847/725/723 807/724/722 848/1008/1006
f 848/1008/1006 807/724/722 806/723/721
f 845/717/715 809/716/714 846/726/724
f 846/726/724 809/716/714 808/715/713
f 813/596/594 549/594/592 812/712/710
f 843/713/711 811/711/709 844/718/716
f 844/718/716 811/711/709 810/710/708
f 842/598/596 813/596/594 812/712/710
f 836/673/671 818/675/673 837/967/965
f 837/967/965 818/675/673 817/677/675
f 821/705/703 548/676/674 820/1025/1023
f 820/1025/1023 548/676/674 819/674/672
f 820/1025/1023 819/674/672 835/672/670
f 821/705/703 820/1025/1023 834/1026/1024
f 834/1026/1024 820/1025/1023 835/672/670
f 834/1026/1024 835/672/670 881/670/668
f 822/706/704 821/705/703 833/1027/1025
f 833/1027/1025 821/705/703 834/1026/1024
f 833/1027/1025 834/1026/1024 882/693/691
f 882/693/691 834/1026/1024 881/670/668
f 830/703/701 824/702/700 831/708/706
f 831/708/706 824/702/700 823/701/699
f 589/682/680 826/699/697 829/704/702
f 829/704/702 826/699/697 825/698/696
f 589/682/680 829/704/702 828/683/681
f 885/687/685 886/685/683 830/703/701
f 830/703/701 831/708/706 885/687/685
f 883/691/689 884/689/687 832/707/705
f 882/693/691 883/691/689 833/1027/1025
f 833/1027/1025 883/691/689 832/707/705
f 833/1027/1025 832/707/705 822/706/704
f 879/966/964 880/671/669 836/673/671
f 836/673/671 837/967/965 879/966/964
f 872/720/718 873/600/598 843/713/711
f 843/713/711 844/718/716 872/720/718
f 870/728/726 871/719/717 845/717/715
f 845/717/715 846/726/724 870/728/726
f 868/1007/1005 869/727/725 847/725/723
f 847/725/723 848/1008/1006 868/1007/1005
f 865/1019/1017 866/740/738 850/738/736
f 864/1020/1018 865/1019/1017 851/1024/1022
f 851/1024/1022 865/1019/1017 850/738/736
f 851/1024/1022 850/738/736 804/736/734
f 859/1023/1021 860/648/646 856/650/648
f 856/650/648 857/767/765 859/1023/1021
f 951/944/942 923/946/944 922/987/985
f 951/944/942 922/987/985 950/975/973
f 950/975/973 922/987/985 921/976/974
f 956/950/948 928/952/950 927/996/994
f 956/950/948 927/996/994 955/969/967
f 955/969/967 927/996/994 926/970/968
f 969/958/956 940/998/996 968/968/966
f 968/968/966 940/998/996 939/894/892
f 973/657/655 944/659/657 972/959/957
f 972/959/957 944/659/657 943/960/958
f 972/959/957 650/655/653 973/657/655
f 605/625/623 987/937/935 986/627/625
f 592/908/906 1000/915/913 999/909/907
f 562/1028/1026 1004/1029/1027 563/1030/1028
f 563/1030/1028 1004/1029/1027 1005/1031/1029
f 563/1030/1028 1005/1031/1029 1036/1032/1030
f 1036/1032/1030 1005/1031/1029 1035/1033/1031
f 1035/1033/1031 1005/1031/1029 1006/1034/1032
f 1035/1033/1031 1006/1034/1032 1034/1035/1033
f 1034/1035/1033 1006/1034/1032 1007/1036/1034
f 1034/1035/1033 1007/1036/1034 1033/1037/1035
f 1033/1037/1035 1007/1036/1034 1032/1038/1036
f 1032/1038/1036 1007/1036/1034 1008/1039/1037
f 1032/1038/1036 1008/1039/1037 1031/1040/1038
f 1031/1040/1038 1008/1039/1037 1009/1041/1039
f 1031/1040/1038 1009/1041/1039 1030/1042/1040
f 1030/1042/1040 1009/1041/1039 1010/1043/1041
f 1030/1042/1040 1010/1043/1041 1029/1044/1042
f 1029/1044/1042 1010/1043/1041 1011/1045/1043
f 1029/1044/1042 1011/1045/1043 1028/1046/1044
f 1028/1046/1044 1011/1045/1043 1012/1047/1045
f 1028/1046/1044 1012/1047/1045 1013/1048/1046
f 1004/1029/1027 562/1028/1026 1003/1049/1047
f 1003/1049/1047 562/1028/1026 561/1050/1048
f 1003/1049/1047 561/1050/1048 1002/1051/1049
f 1002/1051/1049 561/1050/1048 560/1052/1050
f 1002/1051/1049 560/1052/1050 559/1053/1051
f 559/1053/1051 558/1054/1052 1002/1051/1049
f 1002/1051/1049 558/1054/1052 557/1055/1053
f 1028/1046/1044 1013/1048/1046 1027/1056/1054
f 1027/1056/1054 1013/1048/1046 1014/1057/1055
f 1027/1056/1054 1014/1057/1055 1026/1058/1056
f 1026/1058/1056 1014/1057/1055 1015/1059/1057
f 1026/1058/1056 1015/1059/1057 1016/1060/1058
f 1026/1058/1056 1016/1060/1058 1025/1061/1059
f 1025/1061/1059 1016/1060/1058 1017/1062/1060
f 1025/1061/1059 1017/1062/1060 1024/1063/1061
f 1024/1063/1061 1017/1062/1060 1018/1064/1062
f 1024/1063/1061 1018/1064/1062 1023/1065/1063
f 1023/1065/1063 1018/1064/1062 1019/1066/1064
f 1023/1065/1063 1019/1066/1064 1020/1067/1065
f 1021/1068/1066 1022/1069/1067 1020/1067/1065
f 1020/1067/1065 1022/1069/1067 1023/1065/1063
f 99/1070/1068 1039/1071/1069 100/1072/1070
f 100/1072/1070 1039/1071/1069 1040/1073/1071
f 100/1072/1070 1040/1073/1071 1066/1074/1072
f 1066/1074/1072 1040/1073/1071 1065/1075/1073
f 1065/1075/1073 1040/1073/1071 1041/1076/1074
f 1065/1075/1073 1041/1076/1074 1064/1077/1075
f 1064/1077/1075 1041/1076/1074 1042/1078/1076
f 1064/1077/1075 1042/1078/1076 1063/1079/1077
f 1063/1079/1077 1042/1078/1076 1062/1080/1078
f 1062/1080/1078 1042/1078/1076 1043/1081/1079
f 1062/1080/1078 1043/1081/1079 1061/1082/1080
f 1061/1082/1080 1043/1081/1079 1044/1083/1081
f 1061/1082/1080 1044/1083/1081 1060/1084/1082
f 1060/1084/1082 1044/1083/1081 543/1085/1083
f 1060/1084/1082 543/1085/1083 1059/1086/1084
f 1059/1086/1084 543/1085/1083 542/1087/1085
f 1059/1086/1084 542/1087/1085 1058/1088/1086
f 1058/1088/1086 542/1087/1085 541/1089/1087
f 1058/1088/1086 541/1089/1087 540/1090/1088
f 1039/1071/1069 99/1070/1068 1038/1091/1089
f 1038/1091/1089 99/1070/1068 98/1092/1090
f 1038/1091/1089 98/1092/1090 1037/1093/1091
f 1037/1093/1091 98/1092/1090 97/1094/1092
f 1037/1093/1091 97/1094/1092 96/1095/1093
f 96/1095/1093 95/1096/1094 1037/1093/1091
f 1037/1093/1091 95/1096/1094 94/1097/1095
f 1058/1088/1086 540/1090/1088 1057/1098/1096
f 1057/1098/1096 540/1090/1088 539/1099/1097
f 1057/1098/1096 539/1099/1097 1056/1100/1098
f 1056/1100/1098 539/1099/1097 1045/1101/1099
f 1056/1100/1098 1045/1101/1099 1046/1102/1100
f 1056/1100/1098 1046/1102/1100 1055/1103/1101
f 1055/1103/1101 1046/1102/1100 1047/1104/1102
f 1055/1103/1101 1047/1104/1102 1054/1105/1103
f 1054/1105/1103 1047/1104/1102 1048/1106/1104
f 1054/1105/1103 1048/1106/1104 1053/1107/1105
f 1053/1107/1105 1048/1106/1104 1049/1108/1106
f 1053/1107/1105 1049/1108/1106 1050/1109/1107
f 1051/1110/1108 1052/1111/1109 1050/1109/1107
f 1050/1109/1107 1052/1111/1109 1053/1107/1105
f 79/1112/1110 1081/1113/1111 80/1114/1112
f 80/1114/1112 1081/1113/1111 1082/1115/1113
f 80/1114/1112 1082/1115/1113 1103/1116/1114
f 1103/1116/1114 1082/1115/1113 1083/1117/1115
f 1103/1116/1114 1083/1117/1115 1102/1118/1116
f 1102/1118/1116 1083/1117/1115 1084/1119/1117
f 1102/1118/1116 1084/1119/1117 1101/1120/1118
f 1101/1120/1118 1084/1119/1117 1085/1121/1119
f 1101/1120/1118 1085/1121/1119 1086/1122/1120
f 1081/1113/1111 79/1112/1110 1080/1123/1121
f 1080/1123/1121 79/1112/1110 78/1124/1122
f 1080/1123/1121 78/1124/1122 77/1125/1123
f 1080/1123/1121 77/1125/1123 1079/1126/1124
f 1079/1126/1124 77/1125/1123 76/1127/1125
f 1079/1126/1124 76/1127/1125 1078/1128/1126
f 1078/1128/1126 76/1127/1125 1067/1129/1127
f 1078/1128/1126 1067/1129/1127 1068/1130/1128
f 1078/1128/1126 1068/1130/1128 1077/1131/1129
f 1077/1131/1129 1068/1130/1128 1069/1132/1130
f 1077/1131/1129 1069/1132/1130 1076/1133/1131
f 1076/1133/1131 1069/1132/1130 1070/1134/1132
f 1076/1133/1131 1070/1134/1132 1075/1135/1133
f 1075/1135/1133 1070/1134/1132 1071/1136/1134
f 1075/1135/1133 1071/1136/1134 1072/1137/1135
f 1073/1138/1136 1074/1139/1137 1072/1137/1135
f 1072/1137/1135 1074/1139/1137 1075/1135/1133
f 1101/1120/1118 1086/1122/1120 1100/1140/1138
f 1100/1140/1138 1086/1122/1120 1087/1141/1139
f 1100/1140/1138 1087/1141/1139 1099/1142/1140
f 1099/1142/1140 1087/1141/1139 1088/1143/1141
f 1099/1142/1140 1088/1143/1141 1089/1144/1142
f 1099/1142/1140 1089/1144/1142 1098/1145/1143
f 1098/1145/1143 1089/1144/1142 1090/1146/1144
f 1098/1145/1143 1090/1146/1144 1097/1147/1145
f 1097/1147/1145 1090/1146/1144 1091/1148/1146
f 1097/1147/1145 1091/1148/1146 1096/1149/1147
f 1096/1149/1147 1091/1148/1146 1092/1150/1148
f 1096/1149/1147 1092/1150/1148 1093/1151/1149
f 1093/1151/1149 1094/1152/1150 1096/1149/1147
f 1096/1149/1147 1094/1152/1150 1095/1153/1151
f 1066/1154/1152 1123/1155/1153 100/1156/1154
f 100/1156/1154 1123/1155/1153 1124/1157/1155
f 100/1156/1154 1124/1157/1155 101/1158/1156
f 101/1158/1156 1124/1157/1155 1125/1159/1157
f 101/1158/1156 1125/1159/1157 1126/1160/1158
f 1126/1160/1158 1125/1159/1157 1188/1161/1159
f 1126/1160/1158 1188/1161/1159 1187/1162/1160
f 1187/1162/1160 1188/1161/1159 1150/1163/1161
f 1187/1162/1160 1150/1163/1161 1151/1164/1162
f 1151/1164/1162 1150/1163/1161 1107/1165/1163
f 1151/1164/1162 1107/1165/1163 1108/1166/1164
f 1065/1167/1165 1146/1168/1166 1066/1154/1152
f 1066/1154/1152 1146/1168/1166 1191/1169/1167
f 1066/1154/1152 1191/1169/1167 1123/1155/1153
f 1123/1155/1153 1191/1169/1167 1190/1170/1168
f 1123/1155/1153 1190/1170/1168 1124/1157/1155
f 1124/1157/1155 1190/1170/1168 1189/1171/1169
f 1124/1157/1155 1189/1171/1169 1125/1159/1157
f 1125/1159/1157 1189/1171/1169 1188/1161/1159
f 1065/1167/1165 1104/1172/1170 1146/1168/1166
f 1146/1168/1166 1104/1172/1170 1147/1173/1171
f 1146/1168/1166 1147/1173/1171 1191/1169/1167
f 1191/1169/1167 1147/1173/1171 1190/1170/1168
f 1105/1174/1172 1149/1175/1173 1104/1172/1170
f 1104/1172/1170 1149/1175/1173 1148/1176/1174
f 1104/1172/1170 1148/1176/1174 1147/1173/1171
f 1147/1173/1171 1148/1176/1174 1190/1170/1168
f 1105/1174/1172 1106/1177/1175 1149/1175/1173
f 1149/1175/1173 1106/1177/1175 1150/1163/1161
f 1149/1175/1173 1150/1163/1161 1188/1161/1159
f 1106/1177/1175 1107/1165/1163 1150/1163/1161
f 1151/1164/1162 1108/1166/1164 1152/1178/1176
f 1152/1178/1176 1108/1166/1164 1109/1179/1177
f 1152/1178/1176 1109/1179/1177 1153/1180/1178
f 1153/1180/1178 1109/1179/1177 1110/1181/1179
f 1153/1180/1178 1110/1181/1179 1154/1182/1180
f 1154/1182/1180 1110/1181/1179 1111/1183/1181
f 1154/1182/1180 1111/1183/1181 1155/1184/1182
f 1155/1184/1182 1111/1183/1181 1112/1185/1183
f 1155/1184/1182 1112/1185/1183 1156/1186/1184
f 1156/1186/1184 1112/1185/1183 1113/1187/1185
f 1156/1186/1184 1113/1187/1185 1157/1188/1186
f 1157/1188/1186 1113/1187/1185 1114/1189/1187
f 1157/1188/1186 1114/1189/1187 1158/1190/1188
f 1158/1190/1188 1114/1189/1187 1115/1191/1189
f 1158/1190/1188 1115/1191/1189 1159/1192/1190
f 1159/1192/1190 1115/1191/1189 1116/1193/1191
f 1159/1192/1190 1116/1193/1191 1160/1194/1192
f 1160/1194/1192 1116/1193/1191 1117/1195/1193
f 1160/1194/1192 1117/1195/1193 1161/1196/1194
f 1161/1196/1194 1117/1195/1193 1118/1197/1195
f 1161/1196/1194 1118/1197/1195 1162/1198/1196
f 1162/1198/1196 1118/1197/1195 1119/1199/1197
f 1162/1198/1196 1119/1199/1197 1163/1200/1198
f 1163/1200/1198 1119/1199/1197 1120/1201/1199
f 1163/1200/1198 1120/1201/1199 1164/1202/1200
f 1164/1202/1200 1120/1201/1199 1121/1203/1201
f 1164/1202/1200 1121/1203/1201 1165/1204/1202
f 1165/1204/1202 1121/1203/1201 1122/1205/1203
f 1165/1204/1202 1122/1205/1203 1166/1206/1204
f 1166/1206/1204 1122/1205/1203 1167/1207/1205
f 1166/1206/1204 1167/1207/1205 1171/1208/1206
f 1171/1208/1206 1167/1207/1205 1170/1209/1207
f 1171/1208/1206 1170/1209/1207 1143/1210/1208
f 1143/1210/1208 1170/1209/1207 1144/1211/1209
f 1143/1210/1208 1144/1211/1209 118/1212/100
f 118/1212/100 1144/1211/1209 1145/1213/1210
f 118/1212/100 1145/1213/1210 76/1214/1211
f 76/1214/1211 1145/1213/1210 1067/1215/1212
f 1067/1215/1212 1145/1213/1210 1169/1216/1213
f 1067/1215/1212 1169/1216/1213 1168/1217/1214
f 1168/1217/1214 1169/1216/1213 1170/1209/1207
f 1168/1217/1214 1170/1209/1207 1167/1207/1205
f 1122/1205/1203 1068/1218/1215 1167/1207/1205
f 1167/1207/1205 1068/1218/1215 1168/1217/1214
f 1068/1218/1215 1067/1215/1212 1168/1217/1214
f 118/1212/100 117/1219/1216 1143/1210/1208
f 1143/1210/1208 117/1219/1216 1142/1220/1217
f 1143/1210/1208 1142/1220/1217 1171/1208/1206
f 1171/1208/1206 1142/1220/1217 1172/1221/1218
f 1171/1208/1206 1172/1221/1218 1166/1206/1204
f 1166/1206/1204 1172/1221/1218 1165/1204/1202
f 117/1219/1216 116/1222/1219 1142/1220/1217
f 1142/1220/1217 116/1222/1219 1141/1223/1220
f 1142/1220/1217 1141/1223/1220 1172/1221/1218
f 1172/1221/1218 1141/1223/1220 1173/1224/1221
f 1172/1221/1218 1173/1224/1221 1165/1204/1202
f 1165/1204/1202 1173/1224/1221 1164/1202/1200
f 116/1222/1219 115/1225/1222 1141/1223/1220
f 1141/1223/1220 115/1225/1222 1140/1226/1223
f 1141/1223/1220 1140/1226/1223 1173/1224/1221
f 1173/1224/1221 1140/1226/1223 1174/1227/1224
f 1173/1224/1221 1174/1227/1224 1164/1202/1200
f 1164/1202/1200 1174/1227/1224 1163/1200/1198
f 115/1225/1222 114/1228/1225 1140/1226/1223
f 1140/1226/1223 114/1228/1225 1139/1229/1226
f 1140/1226/1223 1139/1229/1226 1174/1227/1224
f 1174/1227/1224 1139/1229/1226 1175/1230/1227
f 1174/1227/1224 1175/1230/1227 1163/1200/1198
f 1163/1200/1198 1175/1230/1227 1162/1198/1196
f 114/1228/1225 113/1231/1228 1139/1229/1226
f 1139/1229/1226 113/1231/1228 1138/1232/1229
f 1139/1229/1226 1138/1232/1229 1175/1230/1227
f 1175/1230/1227 1138/1232/1229 1176/1233/1230
f 1175/1230/1227 1176/1233/1230 1162/1198/1196
f 1162/1198/1196 1176/1233/1230 1161/1196/1194
f 113/1231/1228 112/1234/1231 1138/1232/1229
f 1138/1232/1229 112/1234/1231 1137/1235/1232
f 1138/1232/1229 1137/1235/1232 1176/1233/1230
f 1176/1233/1230 1137/1235/1232 1177/1236/1233
f 1176/1233/1230 1177/1236/1233 1161/1196/1194
f 1161/1196/1194 1177/1236/1233 1160/1194/1192
f 112/1234/1231 111/1237/1234 1137/1235/1232
f 1137/1235/1232 111/1237/1234 1136/1238/1235
f 1137/1235/1232 1136/1238/1235 1177/1236/1233
f 1177/1236/1233 1136/1238/1235 1178/1239/1236
f 1177/1236/1233 1178/1239/1236 1160/1194/1192
f 1160/1194/1192 1178/1239/1236 1159/1192/1190
f 111/1237/1234 110/1240/1237 1136/1238/1235
f 1136/1238/1235 110/1240/1237 1135/1241/1238
f 1136/1238/1235 1135/1241/1238 1178/1239/1236
f 1178/1239/1236 1135/1241/1238 1179/1242/1239
f 1178/1239/1236 1179/1242/1239 1159/1192/1190
f 1159/1192/1190 1179/1242/1239 1158/1190/1188
f 110/1240/1237 109/1243/1240 1135/1241/1238
f 1135/1241/1238 109/1243/1240 1134/1244/1241
f 1135/1241/1238 1134/1244/1241 1179/1242/1239
f 1179/1242/1239 1134/1244/1241 1180/1245/1242
f 1179/1242/1239 1180/1245/1242 1158/1190/1188
f 1158/1190/1188 1180/1245/1242 1157/1188/1186
f 109/1243/1240 108/1246/1243 1134/1244/1241
f 1134/1244/1241 108/1246/1243 1133/1247/1244
f 1134/1244/1241 1133/1247/1244 1180/1245/1242
f 1180/1245/1242 1133/1247/1244 1181/1248/1245
f 1180/1245/1242 1181/1248/1245 1157/1188/1186
f 1157/1188/1186 1181/1248/1245 1156/1186/1184
f 108/1246/1243 107/1249/1246 1133/1247/1244
f 1133/1247/1244 107/1249/1246 1132/1250/1247
f 1133/1247/1244 1132/1250/1247 1181/1248/1245
f 1181/1248/1245 1132/1250/1247 1182/1251/1248
f 1181/1248/1245 1182/1251/1248 1156/1186/1184
f 1156/1186/1184 1182/1251/1248 1155/1184/1182
f 107/1249/1246 106/1252/1249 1132/1250/1247
f 1132/1250/1247 106/1252/1249 1131/1253/1250
f 1132/1250/1247 1131/1253/1250 1182/1251/1248
f 1182/1251/1248 1131/1253/1250 1183/1254/1251
f 1182/1251/1248 1183/1254/1251 1155/1184/1182
f 1155/1184/1182 1183/1254/1251 1154/1182/1180
f 106/1252/1249 105/1255/1252 1131/1253/1250
f 1131/1253/1250 105/1255/1252 1130/1256/1253
f 1131/1253/1250 1130/1256/1253 1183/1254/1251
f 1183/1254/1251 1130/1256/1253 1184/1257/1254
f 1183/1254/1251 1184/1257/1254 1154/1182/1180
f 1154/1182/1180 1184/1257/1254 1153/1180/1178
f 105/1255/1252 104/1258/1255 1130/1256/1253
f 1130/1256/1253 104/1258/1255 1129/1259/1256
f 1130/1256/1253 1129/1259/1256 1184/1257/1254
f 1184/1257/1254 1129/1259/1256 1185/1260/1257
f 1184/1257/1254 1185/1260/1257 1153/1180/1178
f 1153/1180/1178 1185/1260/1257 1152/1178/1176
f 104/1258/1255 103/1261/1258 1129/1259/1256
f 1129/1259/1256 103/1261/1258 1128/1262/1259
f 1129/1259/1256 1128/1262/1259 1185/1260/1257
f 1185/1260/1257 1128/1262/1259 1186/1263/1260
f 1185/1260/1257 1186/1263/1260 1152/1178/1176
f 1152/1178/1176 1186/1263/1260 1151/1164/1162
f 103/1261/1258 102/1264/1261 1128/1262/1259
f 1128/1262/1259 102/1264/1261 1127/1265/1262
f 1128/1262/1259 1127/1265/1262 1186/1263/1260
f 1186/1263/1260 1127/1265/1262 1187/1162/1160
f 1186/1263/1260 1187/1162/1160 1151/1164/1162
f 102/1264/1261 101/1158/1156 1127/1265/1262
f 1127/1265/1262 101/1158/1156 1126/1160/1158
f 1127/1265/1262 1126/1160/1158 1187/1162/1160
f 1169/1216/1213 1145/1213/1210 1144/1211/1209
f 1169/1216/1213 1144/1211/1209 1170/1209/1207
f 1189/1171/1169 1190/1170/1168 1148/1176/1174
f 1188/1161/1159 1189/1171/1169 1149/1175/1173
f 1149/1175/1173 1189/1171/1169 1148/1176/1174
f 1036/1266/1263 1211/1267/1264 563/1268/1265
f 563/1268/1265 1211/1267/1264 1212/1269/1266
f 563/1268/1265 1212/1269/1266 564/1270/1267
f 564/1270/1267 1212/1269/1266 1213/1271/1268
f 564/1270/1267 1213/1271/1268 1214/1272/1269
f 1214/1272/1269 1213/1271/1268 1276/1273/1270
f 1214/1272/1269 1276/1273/1270 1275/1274/1271
f 1275/1274/1271 1276/1273/1270 1238/1275/1272
f 1275/1274/1271 1238/1275/1272 1239/1276/1273
f 1239/1276/1273 1238/1275/1272 1195/1277/1274
f 1239/1276/1273 1195/1277/1274 1196/1278/1275
f 1035/1279/1276 1234/1280/1277 1036/1266/1263
f 1036/1266/1263 1234/1280/1277 1279/1281/1278
f 1036/1266/1263 1279/1281/1278 1211/1267/1264
f 1211/1267/1264 1279/1281/1278 1278/1282/1279
f 1211/1267/1264 1278/1282/1279 1212/1269/1266
f 1212/1269/1266 1278/1282/1279 1277/1283/1280
f 1212/1269/1266 1277/1283/1280 1213/1271/1268
f 1213/1271/1268 1277/1283/1280 1276/1273/1270
f 1035/1279/1276 1192/1284/1281 1234/1280/1277
f 1234/1280/1277 1192/1284/1281 1235/1285/1282
f 1234/1280/1277 1235/1285/1282 1279/1281/1278
f 1279/1281/1278 1235/1285/1282 1278/1282/1279
f 1193/1286/1283 1237/1287/1284 1192/1284/1281
f 1192/1284/1281 1237/1287/1284 1236/1288/1285
f 1192/1284/1281 1236/1288/1285 1235/1285/1282
f 1235/1285/1282 1236/1288/1285 1278/1282/1279
f 1193/1286/1283 1194/1289/1286 1237/1287/1284
f 1237/1287/1284 1194/1289/1286 1238/1275/1272
f 1237/1287/1284 1238/1275/1272 1276/1273/1270
f 1194/1289/1286 1195/1277/1274 1238/1275/1272
f 1239/1276/1273 1196/1278/1275 1240/1290/1287
f 1240/1290/1287 1196/1278/1275 1197/1291/1288
f 1240/1290/1287 1197/1291/1288 1241/1292/1289
f 1241/1292/1289 1197/1291/1288 1198/1293/1290
f 1241/1292/1289 1198/1293/1290 1242/1294/1291
f 1242/1294/1291 1198/1293/1290 1199/1295/1292
f 1242/1294/1291 1199/1295/1292 1243/1296/1293
f 1243/1296/1293 1199/1295/1292 1200/1297/1294
f 1243/1296/1293 1200/1297/1294 1244/1298/1295
f 1244/1298/1295 1200/1297/1294 1201/1299/1296
f 1244/1298/1295 1201/1299/1296 1245/1300/1297
f 1245/1300/1297 1201/1299/1296 1202/1301/1298
f 1245/1300/1297 1202/1301/1298 1246/1302/1299
f 1246/1302/1299 1202/1301/1298 1203/1303/1300
f 1246/1302/1299 1203/1303/1300 1247/1304/1301
f 1247/1304/1301 1203/1303/1300 1204/1305/1302
f 1247/1304/1301 1204/1305/1302 1248/1306/1303
f 1248/1306/1303 1204/1305/1302 1205/1307/1304
f 1248/1306/1303 1205/1307/1304 1249/1308/1305
f 1249/1308/1305 1205/1307/1304 1206/1309/1306
f 1249/1308/1305 1206/1309/1306 1250/1310/1307
f 1250/1310/1307 1206/1309/1306 1207/1311/1308
f 1250/1310/1307 1207/1311/1308 1251/1312/1309
f 1251/1312/1309 1207/1311/1308 1208/1313/1310
f 1251/1312/1309 1208/1313/1310 1252/1314/1311
f 1252/1314/1311 1208/1313/1310 1209/1315/1312
f 1252/1314/1311 1209/1315/1312 1253/1316/1313
f 1253/1316/1313 1209/1315/1312 1210/1317/1314
f 1253/1316/1313 1210/1317/1314 1254/1318/1315
f 1254/1318/1315 1210/1317/1314 1255/1319/1316
f 1254/1318/1315 1255/1319/1316 1259/1320/1317
f 1259/1320/1317 1255/1319/1316 1258/1321/1318
f 1259/1320/1317 1258/1321/1318 1231/1322/1319
f 1231/1322/1319 1258/1321/1318 1232/1323/1320
f 1231/1322/1319 1232/1323/1320 581/1324/563
f 581/1324/563 1232/1323/1320 1233/1325/1321
f 581/1324/563 1233/1325/1321 539/1326/1322
f 539/1326/1322 1233/1325/1321 1045/1327/1323
f 1045/1327/1323 1233/1325/1321 1257/1328/1324
f 1045/1327/1323 1257/1328/1324 1256/1329/1325
f 1256/1329/1325 1257/1328/1324 1258/1321/1318
f 1256/1329/1325 1258/1321/1318 1255/1319/1316
f 1210/1317/1314 1046/1330/1326 1255/1319/1316
f 1255/1319/1316 1046/1330/1326 1256/1329/1325
f 1046/1330/1326 1045/1327/1323 1256/1329/1325
f 581/1324/563 580/1331/1327 1231/1322/1319
f 1231/1322/1319 580/1331/1327 1230/1332/1328
f 1231/1322/1319 1230/1332/1328 1259/1320/1317
f 1259/1320/1317 1230/1332/1328 1260/1333/1329
f 1259/1320/1317 1260/1333/1329 1254/1318/1315
f 1254/1318/1315 1260/1333/1329 1253/1316/1313
f 580/1331/1327 579/1334/1330 1230/1332/1328
f 1230/1332/1328 579/1334/1330 1229/1335/1331
f 1230/1332/1328 1229/1335/1331 1260/1333/1329
f 1260/1333/1329 1229/1335/1331 1261/1336/1332
f 1260/1333/1329 1261/1336/1332 1253/1316/1313
f 1253/1316/1313 1261/1336/1332 1252/1314/1311
f 579/1334/1330 578/1337/1333 1229/1335/1331
f 1229/1335/1331 578/1337/1333 1228/1338/1334
f 1229/1335/1331 1228/1338/1334 1261/1336/1332
f 1261/1336/1332 1228/1338/1334 1262/1339/1335
f 1261/1336/1332 1262/1339/1335 1252/1314/1311
f 1252/1314/1311 1262/1339/1335 1251/1312/1309
f 578/1337/1333 577/1340/1336 1228/1338/1334
f 1228/1338/1334 577/1340/1336 1227/1341/1337
f 1228/1338/1334 1227/1341/1337 1262/1339/1335
f 1262/1339/1335 1227/1341/1337 1263/1342/1338
f 1262/1339/1335 1263/1342/1338 1251/1312/1309
f 1251/1312/1309 1263/1342/1338 1250/1310/1307
f 577/1340/1336 576/1343/1339 1227/1341/1337
f 1227/1341/1337 576/1343/1339 1226/1344/1340
f 1227/1341/1337 1226/1344/1340 1263/1342/1338
f 1263/1342/1338 1226/1344/1340 1264/1345/1341
f 1263/1342/1338 1264/1345/1341 1250/1310/1307
f 1250/1310/1307 1264/1345/1341 1249/1308/1305
f 576/1343/1339 575/1346/1342 1226/1344/1340
f 1226/1344/1340 575/1346/1342 1225/1347/1343
f 1226/1344/1340 1225/1347/1343 1264/1345/1341
f 1264/1345/1341 1225/1347/1343 1265/1348/1344
f 1264/1345/1341 1265/1348/1344 1249/1308/1305
f 1249/1308/1305 1265/1348/1344 1248/1306/1303
f 575/1346/1342 574/1349/1345 1225/1347/1343
f 1225/1347/1343 574/1349/1345 1224/1350/1346
f 1225/1347/1343 1224/1350/1346 1265/1348/1344
f 1265/1348/1344 1224/1350/1346 1266/1351/1347
f 1265/1348/1344 1266/1351/1347 1248/1306/1303
f 1248/1306/1303 1266/1351/1347 1247/1304/1301
f 574/1349/1345 573/1352/1348 1224/1350/1346
f 1224/1350/1346 573/1352/1348 1223/1353/1349
f 1224/1350/1346 1223/1353/1349 1266/1351/1347
f 1266/1351/1347 1223/1353/1349 1267/1354/1350
f 1266/1351/1347 1267/1354/1350 1247/1304/1301
f 1247/1304/1301 1267/1354/1350 1246/1302/1299
f 573/1352/1348 572/1355/1351 1223/1353/1349
f 1223/1353/1349 572/1355/1351 1222/1356/1352
f 1223/1353/1349 1222/1356/1352 1267/1354/1350
f 1267/1354/1350 1222/1356/1352 1268/1357/1353
f 1267/1354/1350 1268/1357/1353 1246/1302/1299
f 1246/1302/1299 1268/1357/1353 1245/1300/1297
f 572/1355/1351 571/1358/1354 1222/1356/1352
f 1222/1356/1352 571/1358/1354 1221/1359/1355
f 1222/1356/1352 1221/1359/1355 1268/1357/1353
f 1268/1357/1353 1221/1359/1355 1269/1360/1356
f 1268/1357/1353 1269/1360/1356 1245/1300/1297
f 1245/1300/1297 1269/1360/1356 1244/1298/1295
f 571/1358/1354 570/1361/1357 1221/1359/1355
f 1221/1359/1355 570/1361/1357 1220/1362/1358
f 1221/1359/1355 1220/1362/1358 1269/1360/1356
f 1269/1360/1356 1220/1362/1358 1270/1363/1359
f 1269/1360/1356 1270/1363/1359 1244/1298/1295
f 1244/1298/1295 1270/1363/1359 1243/1296/1293
f 570/1361/1357 569/1364/1360 1220/1362/1358
f 1220/1362/1358 569/1364/1360 1219/1365/1361
f 1220/1362/1358 1219/1365/1361 1270/1363/1359
f 1270/1363/1359 1219/1365/1361 1271/1366/1362
f 1270/1363/1359 1271/1366/1362 1243/1296/1293
f 1243/1296/1293 1271/1366/1362 1242/1294/1291
f 569/1364/1360 568/1367/1363 1219/1365/1361
f 1219/1365/1361 568/1367/1363 1218/1368/1364
f 1219/1365/1361 1218/1368/1364 1271/1366/1362
f 1271/1366/1362 1218/1368/1364 1272/1369/1365
f 1271/1366/1362 1272/1369/1365 1242/1294/1291
f 1242/1294/1291 1272/1369/1365 1241/1292/1289
f 568/1367/1363 567/1370/1366 1218/1368/1364
f 1218/1368/1364 567/1370/1366 1217/1371/1367
f 1218/1368/1364 1217/1371/1367 1272/1369/1365
f 1272/1369/1365 1217/1371/1367 1273/1372/1368
f 1272/1369/1365 1273/1372/1368 1241/1292/1289
f 1241/1292/1289 1273/1372/1368 1240/1290/1287
f 567/1370/1366 566/1373/1369 1217/1371/1367
f 1217/1371/1367 566/1373/1369 1216/1374/1370
f 1217/1371/1367 1216/1374/1370 1273/1372/1368
f 1273/1372/1368 1216/1374/1370 1274/1375/1371
f 1273/1372/1368 1274/1375/1371 1240/1290/1287
f 1240/1290/1287 1274/1375/1371 1239/1276/1273
f 566/1373/1369 565/1376/1372 1216/1374/1370
f 1216/1374/1370 565/1376/1372 1215/1377/1373
f 1216/1374/1370 1215/1377/1373 1274/1375/1371
f 1274/1375/1371 1215/1377/1373 1275/1274/1271
f 1274/1375/1371 1275/1274/1271 1239/1276/1273
f 565/1376/1372 564/1270/1267 1215/1377/1373
f 1215/1377/1373 564/1270/1267 1214/1272/1269
f 1215/1377/1373 1214/1272/1269 1275/1274/1271
f 1257/1328/1324 1233/1325/1321 1232/1323/1320
f 1257/1328/1324 1232/1323/1320 1258/1321/1318
f 1277/1283/1280 1278/1282/1279 1236/1288/1285
f 1276/1273/1270 1277/1283/1280 1237/1287/1284
f 1237/1287/1284 1277/1283/1280 1236/1288/1285
f 1073/1378/1374 1294/1379/1375 1074/1380/1376
f 1074/1380/1376 1294/1379/1375 1302/1381/1377
f 1074/1380/1376 1302/1381/1377 1292/1382/1378
f 1292/1382/1378 1302/1381/1377 1303/1383/1379
f 1292/1382/1378 1303/1383/1379 1304/1384/1380
f 1304/1384/1380 1303/1383/1379 1357/1385/1381
f 1304/1384/1380 1357/1385/1381 1356/1386/1382
f 1356/1386/1382 1357/1385/1381 1365/1387/1383
f 1356/1386/1382 1365/1387/1383 1366/1388/1384
f 1366/1388/1384 1365/1387/1383 1395/1389/1385
f 1366/1388/1384 1395/1389/1385 1396/1390/1386
f 1396/1390/1386 1395/1389/1385 1681/1391/1387
f 1396/1390/1386 1681/1391/1387 1680/1392/1388
f 1680/1392/1388 1681/1391/1387 1471/1393/1389
f 1680/1392/1388 1471/1393/1389 1470/1394/1390
f 1470/1394/1390 1471/1393/1389 1427/1395/1391
f 1470/1394/1390 1427/1395/1391 1428/1396/1392
f 1428/1396/1392 1427/1395/1391 1528/1397/1393
f 1428/1396/1392 1528/1397/1393 1527/1398/1394
f 1527/1398/1394 1528/1397/1393 1489/1399/1395
f 1527/1398/1394 1489/1399/1395 1490/1400/1396
f 1490/1400/1396 1489/1399/1395 1639/1401/1397
f 1490/1400/1396 1639/1401/1397 1640/1402/1398
f 1640/1402/1398 1639/1401/1397 1761/1403/1399
f 1640/1402/1398 1761/1403/1399 1760/1404/1400
f 1760/1404/1400 1761/1403/1399 1584/1405/1401
f 1760/1404/1400 1584/1405/1401 1583/1406/1402
f 1583/1406/1402 1584/1405/1401 1552/1407/1403
f 1583/1406/1402 1552/1407/1403 1553/1408/1404
f 1553/1408/1404 1552/1407/1403 1730/1409/1405
f 1553/1408/1404 1730/1409/1405 1729/1410/1406
f 1729/1410/1406 1730/1409/1405 1700/1411/1407
f 1729/1410/1406 1700/1411/1407 1699/1412/1408
f 1699/1412/1408 1700/1411/1407 1610/1413/1409
f 1699/1412/1408 1610/1413/1409 1609/1414/1410
f 1609/1414/1410 1610/1413/1409 1107/1415/1411
f 1609/1414/1410 1107/1415/1411 1608/1416/1412
f 1608/1416/1412 1107/1415/1411 1106/1417/1413
f 1608/1416/1412 1106/1417/1413 1607/1418/1414
f 1607/1418/1414 1106/1417/1413 1606/1419/1415
f 1607/1418/1414 1606/1419/1415 1696/1420/1416
f 1696/1420/1416 1606/1419/1415 1695/1421/1417
f 1696/1420/1416 1695/1421/1417 1725/1422/1418
f 1725/1422/1418 1695/1421/1417 1724/1423/1419
f 1725/1422/1418 1724/1423/1419 1558/1424/1420
f 1558/1424/1420 1724/1423/1419 1559/1425/1421
f 1558/1424/1420 1559/1425/1421 1577/1426/1422
f 1577/1426/1422 1559/1425/1421 1576/1427/1423
f 1577/1426/1422 1576/1427/1423 1753/1428/1424
f 1753/1428/1424 1576/1427/1423 1752/1429/1425
f 1753/1428/1424 1752/1429/1425 1648/1430/1426
f 1648/1430/1426 1752/1429/1425 1649/1431/1427
f 1648/1430/1426 1649/1431/1427 1499/1432/1428
f 1499/1432/1428 1649/1431/1427 1500/1433/1429
f 1499/1432/1428 1500/1433/1429 1517/1434/1430
f 1517/1434/1430 1500/1433/1429 1516/1435/1431
f 1517/1434/1430 1516/1435/1431 1439/1436/1432
f 1439/1436/1432 1516/1435/1431 1440/1437/1433
f 1439/1436/1432 1440/1437/1433 1458/1438/1434
f 1458/1438/1434 1440/1437/1433 1457/1439/1435
f 1458/1438/1434 1457/1439/1435 1667/1440/1436
f 1667/1440/1436 1457/1439/1435 1666/1441/1437
f 1667/1440/1436 1666/1441/1437 1410/1442/1438
f 1410/1442/1438 1666/1441/1437 1411/1443/1439
f 1410/1442/1438 1411/1443/1439 1381/1444/1440
f 1381/1444/1440 1411/1443/1439 1382/1445/1441
f 1381/1444/1440 1382/1445/1441 1340/1446/1442
f 1340/1446/1442 1382/1445/1441 1339/1447/1443
f 1340/1446/1442 1339/1447/1443 1321/1448/1444
f 1321/1448/1444 1339/1447/1443 1322/1449/1445
f 1321/1448/1444 1322/1449/1445 1284/1450/1446
f 1284/1450/1446 1322/1449/1445 1323/1451/1447
f 1284/1450/1446 1323/1451/1447 1324/1452/1448
f 1324/1452/1448 1323/1451/1447 1337/1453/1449
f 1324/1452/1448 1337/1453/1449 1336/1454/1450
f 1336/1454/1450 1337/1453/1449 1385/1455/1451
f 1336/1454/1450 1385/1455/1451 1386/1456/1452
f 1386/1456/1452 1385/1455/1451 1415/1457/1453
f 1386/1456/1452 1415/1457/1453 1416/1458/1454
f 1416/1458/1454 1415/1457/1453 1661/1459/1455
f 1416/1458/1454 1661/1459/1455 1660/1460/1456
f 1660/1460/1456 1661/1459/1455 1451/1461/1457
f 1660/1460/1456 1451/1461/1457 1450/1462/1458
f 1450/1462/1458 1451/1461/1457 1447/1463/1459
f 1450/1462/1458 1447/1463/1459 1295/1464/1460
f 1295/1464/1460 1447/1463/1459 1448/1465/1461
f 1295/1464/1460 1448/1465/1461 1062/1466/1462
f 1062/1466/1462 1448/1465/1461 1063/1467/1463
f 1063/1467/1463 1448/1465/1461 1508/1468/1464
f 1063/1467/1463 1508/1468/1464 1657/1469/1465
f 1657/1469/1465 1508/1468/1464 1507/1470/1466
f 1657/1469/1465 1507/1470/1466 1656/1471/1467
f 1656/1471/1467 1507/1470/1466 1506/1472/1468
f 1656/1471/1467 1506/1472/1468 1655/1473/1469
f 1655/1473/1469 1506/1472/1468 1505/1474/1470
f 1655/1473/1469 1505/1474/1470 1654/1475/1471
f 1654/1475/1471 1505/1474/1470 1504/1476/1472
f 1654/1475/1471 1504/1476/1472 1653/1477/1473
f 1653/1477/1473 1504/1476/1472 1503/1478/1474
f 1653/1477/1473 1503/1478/1474 1652/1479/1475
f 1652/1479/1475 1503/1478/1474 1502/1480/1476
f 1652/1479/1475 1502/1480/1476 1651/1481/1477
f 1651/1481/1477 1502/1480/1476 1501/1482/1478
f 1651/1481/1477 1501/1482/1478 1650/1483/1479
f 1650/1483/1479 1501/1482/1478 1500/1433/1429
f 1650/1483/1479 1500/1433/1429 1649/1431/1427
f 1072/1484/1480 1361/1485/1481 1073/1378/1374
f 1073/1378/1374 1361/1485/1481 1360/1486/1482
f 1073/1378/1374 1360/1486/1482 1294/1379/1375
f 1294/1379/1375 1360/1486/1482 1359/1487/1483
f 1294/1379/1375 1359/1487/1483 1302/1381/1377
f 1302/1381/1377 1359/1487/1483 1358/1488/1484
f 1302/1381/1377 1358/1488/1484 1303/1383/1379
f 1303/1383/1379 1358/1488/1484 1357/1385/1381
f 1071/1489/1485 1296/1490/1486 1072/1484/1480
f 1072/1484/1480 1296/1490/1486 1390/1491/1487
f 1072/1484/1480 1390/1491/1487 1361/1485/1481
f 1361/1485/1481 1390/1491/1487 1391/1492/1488
f 1361/1485/1481 1391/1492/1488 1362/1493/1489
f 1362/1493/1489 1391/1492/1488 1392/1494/1490
f 1362/1493/1489 1392/1494/1490 1363/1495/1491
f 1363/1495/1491 1392/1494/1490 1393/1496/1492
f 1363/1495/1491 1393/1496/1492 1364/1497/1493
f 1364/1497/1493 1393/1496/1492 1394/1498/1494
f 1364/1497/1493 1394/1498/1494 1365/1387/1383
f 1365/1387/1383 1394/1498/1494 1395/1389/1385
f 1070/1499/1495 1297/1500/1496 1071/1489/1485
f 1071/1489/1485 1297/1500/1496 1478/1501/1497
f 1071/1489/1485 1478/1501/1497 1296/1490/1486
f 1296/1490/1486 1478/1501/1497 1477/1502/1498
f 1296/1490/1486 1477/1502/1498 1686/1503/1499
f 1686/1503/1499 1477/1502/1498 1476/1504/1500
f 1686/1503/1499 1476/1504/1500 1685/1505/1501
f 1685/1505/1501 1476/1504/1500 1475/1506/1502
f 1685/1505/1501 1475/1506/1502 1684/1507/1503
f 1684/1507/1503 1475/1506/1502 1474/1508/1504
f 1684/1507/1503 1474/1508/1504 1683/1509/1505
f 1683/1509/1505 1474/1508/1504 1473/1510/1506
f 1683/1509/1505 1473/1510/1506 1682/1511/1507
f 1682/1511/1507 1473/1510/1506 1472/1512/1508
f 1682/1511/1507 1472/1512/1508 1681/1391/1387
f 1681/1391/1387 1472/1512/1508 1471/1393/1389
f 1069/1513/1509 1628/1514/1510 1070/1499/1495
f 1070/1499/1495 1628/1514/1510 1479/1515/1511
f 1070/1499/1495 1479/1515/1511 1537/1516/1512
f 1537/1516/1512 1479/1515/1511 1480/1517/1513
f 1537/1516/1512 1480/1517/1513 1536/1518/1514
f 1536/1518/1514 1480/1517/1513 1481/1519/1515
f 1536/1518/1514 1481/1519/1515 1535/1520/1516
f 1535/1520/1516 1481/1519/1515 1482/1521/1517
f 1535/1520/1516 1482/1521/1517 1534/1522/1518
f 1534/1522/1518 1482/1521/1517 1483/1523/1519
f 1534/1522/1518 1483/1523/1519 1533/1524/1520
f 1533/1524/1520 1483/1523/1519 1484/1525/1521
f 1533/1524/1520 1484/1525/1521 1532/1526/1522
f 1532/1526/1522 1484/1525/1521 1485/1527/1523
f 1532/1526/1522 1485/1527/1523 1531/1528/1524
f 1531/1528/1524 1485/1527/1523 1486/1529/1525
f 1531/1528/1524 1486/1529/1525 1530/1530/1526
f 1530/1530/1526 1486/1529/1525 1487/1531/1527
f 1530/1530/1526 1487/1531/1527 1529/1532/1528
f 1529/1532/1528 1487/1531/1527 1488/1533/1529
f 1529/1532/1528 1488/1533/1529 1528/1397/1393
f 1528/1397/1393 1488/1533/1529 1489/1399/1395
f 1068/1534/1530 1301/1535/1531 1069/1513/1509
f 1069/1513/1509 1301/1535/1531 1716/1536/1532
f 1069/1513/1509 1716/1536/1532 1538/1537/1533
f 1538/1537/1533 1716/1536/1532 1744/1538/1534
f 1538/1537/1533 1744/1538/1534 1539/1539/1535
f 1539/1539/1535 1744/1538/1534 1743/1540/1536
f 1539/1539/1535 1743/1540/1536 1540/1541/1537
f 1540/1541/1537 1743/1540/1536 1742/1542/1538
f 1540/1541/1537 1742/1542/1538 1541/1543/1539
f 1541/1543/1539 1742/1542/1538 1741/1544/1540
f 1541/1543/1539 1741/1544/1540 1542/1545/1541
f 1542/1545/1541 1741/1544/1540 1740/1546/1542
f 1542/1545/1541 1740/1546/1542 1543/1547/1543
f 1543/1547/1543 1740/1546/1542 1739/1548/1544
f 1543/1547/1543 1739/1548/1544 1544/1549/1545
f 1544/1549/1545 1739/1548/1544 1738/1550/1546
f 1544/1549/1545 1738/1550/1546 1545/1551/1547
f 1545/1551/1547 1738/1550/1546 1737/1552/1548
f 1545/1551/1547 1737/1552/1548 1546/1553/1549
f 1546/1553/1549 1737/1552/1548 1736/1554/1550
f 1546/1553/1549 1736/1554/1550 1547/1555/1551
f 1547/1555/1551 1736/1554/1550 1735/1556/1552
f 1547/1555/1551 1735/1556/1552 1548/1557/1553
f 1548/1557/1553 1735/1556/1552 1734/1558/1554
f 1548/1557/1553 1734/1558/1554 1549/1559/1555
f 1549/1559/1555 1734/1558/1554 1733/1560/1556
f 1549/1559/1555 1733/1560/1556 1550/1561/1557
f 1550/1561/1557 1733/1560/1556 1732/1562/1558
f 1550/1561/1557 1732/1562/1558 1551/1563/1559
f 1551/1563/1559 1732/1562/1558 1731/1564/1560
f 1551/1563/1559 1731/1564/1560 1552/1407/1403
f 1552/1407/1403 1731/1564/1560 1730/1409/1405
f 1301/1535/1531 1068/1534/1530 1627/1565/1561
f 1627/1565/1561 1068/1534/1530 1122/1566/1562
f 1627/1565/1561 1122/1566/1562 1626/1567/1563
f 1626/1567/1563 1122/1566/1562 1625/1568/1564
f 1626/1567/1563 1625/1568/1564 1715/1569/1565
f 1715/1569/1565 1625/1568/1564 1714/1570/1566
f 1715/1569/1565 1714/1570/1566 1744/1538/1534
f 1744/1538/1534 1714/1570/1566 1743/1540/1536
f 1625/1568/1564 1122/1566/1562 1624/1571/1567
f 1624/1571/1567 1122/1566/1562 1121/1572/1568
f 1624/1571/1567 1121/1572/1568 1623/1573/1569
f 1623/1573/1569 1121/1572/1568 1622/1574/1570
f 1623/1573/1569 1622/1574/1570 1712/1575/1571
f 1712/1575/1571 1622/1574/1570 1711/1576/1572
f 1712/1575/1571 1711/1576/1572 1741/1544/1540
f 1741/1544/1540 1711/1576/1572 1740/1546/1542
f 1121/1572/1568 1120/1577/1573 1622/1574/1570
f 1622/1574/1570 1120/1577/1573 1621/1578/1574
f 1622/1574/1570 1621/1578/1574 1711/1576/1572
f 1711/1576/1572 1621/1578/1574 1710/1579/1575
f 1711/1576/1572 1710/1579/1575 1740/1546/1542
f 1740/1546/1542 1710/1579/1575 1739/1548/1544
f 1120/1577/1573 1119/1580/1576 1621/1578/1574
f 1621/1578/1574 1119/1580/1576 1620/1581/1577
f 1621/1578/1574 1620/1581/1577 1710/1579/1575
f 1710/1579/1575 1620/1581/1577 1709/1582/1578
f 1710/1579/1575 1709/1582/1578 1739/1548/1544
f 1739/1548/1544 1709/1582/1578 1738/1550/1546
f 1119/1580/1576 1118/1583/1579 1620/1581/1577
f 1620/1581/1577 1118/1583/1579 1619/1584/1580
f 1620/1581/1577 1619/1584/1580 1709/1582/1578
f 1709/1582/1578 1619/1584/1580 1708/1585/1581
f 1709/1582/1578 1708/1585/1581 1738/1550/1546
f 1738/1550/1546 1708/1585/1581 1737/1552/1548
f 1118/1583/1579 1117/1586/1582 1619/1584/1580
f 1619/1584/1580 1117/1586/1582 1116/1587/1583
f 1619/1584/1580 1116/1587/1583 1618/1588/1584
f 1618/1588/1584 1116/1587/1583 1115/1589/1585
f 1618/1588/1584 1115/1589/1585 1114/1590/1586
f 1618/1588/1584 1114/1590/1586 1617/1591/1587
f 1617/1591/1587 1114/1590/1586 1113/1592/1588
f 1617/1591/1587 1113/1592/1588 1112/1593/1589
f 1617/1591/1587 1112/1593/1589 1616/1594/1590
f 1616/1594/1590 1112/1593/1589 1111/1595/1591
f 1616/1594/1590 1111/1595/1591 1110/1596/1592
f 1109/1597/1593 1614/1598/1594 1110/1596/1592
f 1110/1596/1592 1614/1598/1594 1615/1599/1595
f 1110/1596/1592 1615/1599/1595 1616/1594/1590
f 1616/1594/1590 1615/1599/1595 1705/1600/1596
f 1616/1594/1590 1705/1600/1596 1706/1601/1597
f 1706/1601/1597 1705/1600/1596 1735/1556/1552
f 1706/1601/1597 1735/1556/1552 1736/1554/1550
f 1108/1602/1598 1612/1603/1599 1109/1597/1593
f 1109/1597/1593 1612/1603/1599 1613/1604/1600
f 1109/1597/1593 1613/1604/1600 1614/1598/1594
f 1614/1598/1594 1613/1604/1600 1703/1605/1601
f 1614/1598/1594 1703/1605/1601 1704/1606/1602
f 1704/1606/1602 1703/1605/1601 1733/1560/1556
f 1704/1606/1602 1733/1560/1556 1734/1558/1554
f 1107/1415/1411 1610/1413/1409 1108/1602/1598
f 1108/1602/1598 1610/1413/1409 1611/1607/1603
f 1108/1602/1598 1611/1607/1603 1612/1603/1599
f 1612/1603/1599 1611/1607/1603 1701/1608/1604
f 1612/1603/1599 1701/1608/1604 1702/1609/1605
f 1702/1609/1605 1701/1608/1604 1731/1564/1560
f 1702/1609/1605 1731/1564/1560 1732/1562/1558
f 1106/1417/1413 1105/1610/1606 1606/1419/1415
f 1606/1419/1415 1105/1610/1606 1605/1611/1607
f 1606/1419/1415 1605/1611/1607 1695/1421/1417
f 1695/1421/1417 1605/1611/1607 1694/1612/1608
f 1695/1421/1417 1694/1612/1608 1724/1423/1419
f 1724/1423/1419 1694/1612/1608 1723/1613/1609
f 1724/1423/1419 1723/1613/1609 1559/1425/1421
f 1559/1425/1421 1723/1613/1609 1560/1614/1610
f 1559/1425/1421 1560/1614/1610 1576/1427/1423
f 1576/1427/1423 1560/1614/1610 1575/1615/1611
f 1576/1427/1423 1575/1615/1611 1752/1429/1425
f 1752/1429/1425 1575/1615/1611 1751/1616/1612
f 1752/1429/1425 1751/1616/1612 1649/1431/1427
f 1649/1431/1427 1751/1616/1612 1650/1483/1479
f 1104/1617/1170 1601/1618/1613 1105/1610/1606
f 1105/1610/1606 1601/1618/1613 1602/1619/1614
f 1105/1610/1606 1602/1619/1614 1603/1620/1615
f 1603/1620/1615 1602/1619/1614 1692/1621/1616
f 1603/1620/1615 1692/1621/1616 1693/1622/1617
f 1693/1622/1617 1692/1621/1616 1722/1623/1618
f 1693/1622/1617 1722/1623/1618 1723/1613/1609
f 1723/1613/1609 1722/1623/1618 1560/1614/1610
f 1065/1624/1619 1598/1625/1620 1104/1617/1170
f 1104/1617/1170 1598/1625/1620 1599/1626/1621
f 1104/1617/1170 1599/1626/1621 1600/1627/1622
f 1600/1627/1622 1599/1626/1621 1689/1628/1623
f 1600/1627/1622 1689/1628/1623 1690/1629/1624
f 1690/1629/1624 1689/1628/1623 1719/1630/1625
f 1690/1629/1624 1719/1630/1625 1720/1631/1626
f 1720/1631/1626 1719/1630/1625 1563/1632/1627
f 1720/1631/1626 1563/1632/1627 1562/1633/1628
f 1562/1633/1628 1563/1632/1627 1573/1634/1629
f 1562/1633/1628 1573/1634/1629 1574/1635/1630
f 1574/1635/1630 1573/1634/1629 1750/1636/1631
f 1574/1635/1630 1750/1636/1631 1751/1616/1612
f 1751/1616/1612 1750/1636/1631 1650/1483/1479
f 1065/1624/1619 1064/1637/1632 1598/1625/1620
f 1598/1625/1620 1064/1637/1632 1687/1638/1633
f 1598/1625/1620 1687/1638/1633 1688/1639/1634
f 1688/1639/1634 1687/1638/1633 1717/1640/1635
f 1688/1639/1634 1717/1640/1635 1718/1641/1636
f 1718/1641/1636 1717/1640/1635 1565/1642/1637
f 1718/1641/1636 1565/1642/1637 1564/1643/1638
f 1564/1643/1638 1565/1642/1637 1571/1644/1639
f 1564/1643/1638 1571/1644/1639 1572/1645/1640
f 1572/1645/1640 1571/1644/1639 1748/1646/1641
f 1572/1645/1640 1748/1646/1641 1749/1647/1642
f 1749/1647/1642 1748/1646/1641 1652/1479/1475
f 1749/1647/1642 1652/1479/1475 1651/1481/1477
f 1063/1467/1463 1568/1648/1643 1064/1637/1632
f 1064/1637/1632 1568/1648/1643 1567/1649/1644
f 1064/1637/1632 1567/1649/1644 1300/1650/1645
f 1300/1650/1645 1567/1649/1644 1566/1651/1646
f 1300/1650/1645 1566/1651/1646 1717/1640/1635
f 1717/1640/1635 1566/1651/1646 1565/1642/1637
f 1061/1652/1647 1293/1653/1648 1062/1466/1462
f 1062/1466/1462 1293/1653/1648 1331/1654/1649
f 1062/1466/1462 1331/1654/1649 1419/1655/1650
f 1419/1655/1650 1331/1654/1649 1389/1656/1651
f 1419/1655/1650 1389/1656/1651 1418/1657/1652
f 1418/1657/1652 1389/1656/1651 1388/1658/1653
f 1418/1657/1652 1388/1658/1653 1417/1659/1654
f 1417/1659/1654 1388/1658/1653 1387/1660/1655
f 1417/1659/1654 1387/1660/1655 1416/1458/1454
f 1416/1458/1454 1387/1660/1655 1386/1456/1452
f 1293/1653/1648 1061/1652/1647 1330/1661/1656
f 1330/1661/1656 1061/1652/1647 1280/1662/1657
f 1330/1661/1656 1280/1662/1657 1281/1663/1658
f 1282/1664/1659 1328/1665/1660 1281/1663/1658
f 1281/1663/1658 1328/1665/1660 1329/1666/1661
f 1281/1663/1658 1329/1666/1661 1330/1661/1656
f 1330/1661/1656 1329/1666/1661 1293/1653/1648
f 1283/1667/1662 1326/1668/1663 1282/1664/1659
f 1282/1664/1659 1326/1668/1663 1327/1669/1664
f 1282/1664/1659 1327/1669/1664 1328/1665/1660
f 1328/1665/1660 1327/1669/1664 1333/1670/1665
f 1328/1665/1660 1333/1670/1665 1332/1671/1666
f 1332/1671/1666 1333/1670/1665 1389/1656/1651
f 1332/1671/1666 1389/1656/1651 1331/1654/1649
f 1284/1450/1446 1324/1452/1448 1283/1667/1662
f 1283/1667/1662 1324/1452/1448 1325/1672/1667
f 1283/1667/1662 1325/1672/1667 1326/1668/1663
f 1326/1668/1663 1325/1672/1667 1335/1673/1668
f 1326/1668/1663 1335/1673/1668 1334/1674/1669
f 1334/1674/1669 1335/1673/1668 1387/1660/1655
f 1334/1674/1669 1387/1660/1655 1388/1658/1653
f 1285/1675/1670 1319/1676/1671 1284/1450/1446
f 1284/1450/1446 1319/1676/1671 1320/1677/1672
f 1284/1450/1446 1320/1677/1672 1321/1448/1444
f 1321/1448/1444 1320/1677/1672 1340/1446/1442
f 1286/1678/1673 1313/1679/1674 1285/1675/1670
f 1285/1675/1670 1313/1679/1674 1314/1680/1675
f 1285/1675/1670 1314/1680/1675 1315/1681/1676
f 1315/1681/1676 1314/1680/1675 1346/1682/1677
f 1315/1681/1676 1346/1682/1677 1345/1683/1678
f 1345/1683/1678 1346/1682/1677 1376/1684/1679
f 1345/1683/1678 1376/1684/1679 1377/1685/1680
f 1377/1685/1680 1376/1684/1679 1406/1686/1681
f 1377/1685/1680 1406/1686/1681 1407/1687/1682
f 1407/1687/1682 1406/1686/1681 1670/1688/1683
f 1407/1687/1682 1670/1688/1683 1669/1689/1684
f 1669/1689/1684 1670/1688/1683 1460/1690/1685
f 1669/1689/1684 1460/1690/1685 1459/1691/1686
f 1459/1691/1686 1460/1690/1685 1438/1692/1687
f 1459/1691/1686 1438/1692/1687 1439/1436/1432
f 1439/1436/1432 1438/1692/1687 1517/1434/1430
f 1287/1693/1688 1311/1694/1689 1286/1678/1673
f 1286/1678/1673 1311/1694/1689 1312/1695/1690
f 1286/1678/1673 1312/1695/1690 1313/1679/1674
f 1313/1679/1674 1312/1695/1690 1348/1696/1691
f 1313/1679/1674 1348/1696/1691 1347/1697/1692
f 1347/1697/1692 1348/1696/1691 1374/1698/1693
f 1347/1697/1692 1374/1698/1693 1375/1699/1694
f 1375/1699/1694 1374/1698/1693 1404/1700/1695
f 1375/1699/1694 1404/1700/1695 1405/1701/1696
f 1405/1701/1696 1404/1700/1695 1672/1702/1697
f 1405/1701/1696 1672/1702/1697 1671/1703/1698
f 1671/1703/1698 1672/1702/1697 1462/1704/1699
f 1671/1703/1698 1462/1704/1699 1461/1705/1700
f 1461/1705/1700 1462/1704/1699 1436/1706/1701
f 1461/1705/1700 1436/1706/1701 1437/1707/1702
f 1437/1707/1702 1436/1706/1701 1519/1708/1703
f 1437/1707/1702 1519/1708/1703 1518/1709/1704
f 1518/1709/1704 1519/1708/1703 1498/1710/1705
f 1518/1709/1704 1498/1710/1705 1499/1432/1428
f 1499/1432/1428 1498/1710/1705 1648/1430/1426
f 1288/1711/1706 1309/1712/1707 1287/1693/1688
f 1287/1693/1688 1309/1712/1707 1310/1713/1708
f 1287/1693/1688 1310/1713/1708 1311/1694/1689
f 1311/1694/1689 1310/1713/1708 1350/1714/1709
f 1311/1694/1689 1350/1714/1709 1349/1715/1710
f 1349/1715/1710 1350/1714/1709 1372/1716/1711
f 1349/1715/1710 1372/1716/1711 1373/1717/1712
f 1373/1717/1712 1372/1716/1711 1402/1718/1713
f 1373/1717/1712 1402/1718/1713 1403/1719/1714
f 1403/1719/1714 1402/1718/1713 1674/1720/1715
f 1403/1719/1714 1674/1720/1715 1673/1721/1716
f 1673/1721/1716 1674/1720/1715 1464/1722/1717
f 1673/1721/1716 1464/1722/1717 1463/1723/1718
f 1463/1723/1718 1464/1722/1717 1434/1724/1719
f 1463/1723/1718 1434/1724/1719 1435/1725/1720
f 1435/1725/1720 1434/1724/1719 1521/1726/1721
f 1435/1725/1720 1521/1726/1721 1520/1727/1722
f 1520/1727/1722 1521/1726/1721 1496/1728/1723
f 1520/1727/1722 1496/1728/1723 1497/1729/1724
f 1497/1729/1724 1496/1728/1723 1646/1730/1725
f 1497/1729/1724 1646/1730/1725 1647/1731/1726
f 1647/1731/1726 1646/1730/1725 1754/1732/1727
f 1647/1731/1726 1754/1732/1727 1753/1428/1424
f 1753/1428/1424 1754/1732/1727 1577/1426/1422
f 1289/1733/1728 1306/1734/1729 1288/1711/1706
f 1288/1711/1706 1306/1734/1729 1307/1735/1730
f 1288/1711/1706 1307/1735/1730 1308/1736/1731
f 1308/1736/1731 1307/1735/1730 1353/1737/1732
f 1308/1736/1731 1353/1737/1732 1352/1738/1733
f 1352/1738/1733 1353/1737/1732 1369/1739/1734
f 1352/1738/1733 1369/1739/1734 1370/1740/1735
f 1370/1740/1735 1369/1739/1734 1399/1741/1736
f 1370/1740/1735 1399/1741/1736 1400/1742/1737
f 1400/1742/1737 1399/1741/1736 1677/1743/1738
f 1400/1742/1737 1677/1743/1738 1676/1744/1739
f 1676/1744/1739 1677/1743/1738 1467/1745/1740
f 1676/1744/1739 1467/1745/1740 1466/1746/1741
f 1466/1746/1741 1467/1745/1740 1431/1747/1742
f 1466/1746/1741 1431/1747/1742 1432/1748/1743
f 1432/1748/1743 1431/1747/1742 1524/1749/1744
f 1432/1748/1743 1524/1749/1744 1523/1750/1745
f 1523/1750/1745 1524/1749/1744 1493/1751/1746
f 1523/1750/1745 1493/1751/1746 1494/1752/1747
f 1494/1752/1747 1493/1751/1746 1643/1753/1748
f 1494/1752/1747 1643/1753/1748 1644/1754/1749
f 1644/1754/1749 1643/1753/1748 1757/1755/1750
f 1644/1754/1749 1757/1755/1750 1756/1756/1751
f 1756/1756/1751 1757/1755/1750 1580/1757/1752
f 1756/1756/1751 1580/1757/1752 1579/1758/1753
f 1579/1758/1753 1580/1757/1752 1556/1759/1754
f 1579/1758/1753 1556/1759/1754 1557/1760/1755
f 1557/1760/1755 1556/1759/1754 1726/1761/1756
f 1557/1760/1755 1726/1761/1756 1725/1422/1418
f 1725/1422/1418 1726/1761/1756 1696/1420/1416
f 1289/1733/1728 1290/1762/1757 1306/1734/1729
f 1306/1734/1729 1290/1762/1757 1305/1763/1758
f 1306/1734/1729 1305/1763/1758 1355/1764/1759
f 1355/1764/1759 1305/1763/1758 1356/1386/1382
f 1355/1764/1759 1356/1386/1382 1366/1388/1384
f 1290/1762/1757 1291/1765/1760 1305/1763/1758
f 1305/1763/1758 1291/1765/1760 1304/1384/1380
f 1305/1763/1758 1304/1384/1380 1356/1386/1382
f 1291/1765/1760 1292/1382/1378 1304/1384/1380
f 1295/1464/1460 1062/1466/1462 1449/1766/1761
f 1449/1766/1761 1062/1466/1462 1658/1767/1762
f 1449/1766/1761 1658/1767/1762 1659/1768/1763
f 1659/1768/1763 1658/1767/1762 1418/1657/1652
f 1659/1768/1763 1418/1657/1652 1417/1659/1654
f 1070/1499/1495 1537/1516/1512 1297/1500/1496
f 1297/1500/1496 1537/1516/1512 1536/1518/1514
f 1297/1500/1496 1536/1518/1514 1420/1769/1764
f 1420/1769/1764 1536/1518/1514 1535/1520/1516
f 1420/1769/1764 1535/1520/1516 1421/1770/1765
f 1421/1770/1765 1535/1520/1516 1534/1522/1518
f 1421/1770/1765 1534/1522/1518 1422/1771/1766
f 1422/1771/1766 1534/1522/1518 1533/1524/1520
f 1422/1771/1766 1533/1524/1520 1423/1772/1767
f 1423/1772/1767 1533/1524/1520 1532/1526/1522
f 1423/1772/1767 1532/1526/1522 1424/1773/1768
f 1424/1773/1768 1532/1526/1522 1531/1528/1524
f 1424/1773/1768 1531/1528/1524 1425/1774/1769
f 1425/1774/1769 1531/1528/1524 1530/1530/1526
f 1425/1774/1769 1530/1530/1526 1426/1775/1770
f 1426/1775/1770 1530/1530/1526 1529/1532/1528
f 1426/1775/1770 1529/1532/1528 1427/1395/1391
f 1427/1395/1391 1529/1532/1528 1528/1397/1393
f 1063/1467/1463 1657/1469/1465 1298/1776/1771
f 1298/1776/1771 1657/1469/1465 1656/1471/1467
f 1298/1776/1771 1656/1471/1467 1745/1777/1772
f 1745/1777/1772 1656/1471/1467 1655/1473/1469
f 1745/1777/1772 1655/1473/1469 1746/1778/1773
f 1746/1778/1773 1655/1473/1469 1654/1475/1471
f 1746/1778/1773 1654/1475/1471 1747/1779/1774
f 1747/1779/1774 1654/1475/1471 1653/1477/1473
f 1747/1779/1774 1653/1477/1473 1748/1646/1641
f 1748/1646/1641 1653/1477/1473 1652/1479/1475
f 1299/1780/1775 1069/1513/1509 1597/1781/1776
f 1597/1781/1776 1069/1513/1509 1538/1537/1533
f 1597/1781/1776 1538/1537/1533 1539/1539/1535
f 1687/1638/1633 1064/1637/1632 1300/1650/1645
f 1309/1712/1707 1288/1711/1706 1308/1736/1731
f 1307/1735/1730 1306/1734/1729 1354/1782/1777
f 1354/1782/1777 1306/1734/1729 1355/1764/1759
f 1354/1782/1777 1355/1764/1759 1367/1783/1778
f 1367/1783/1778 1355/1764/1759 1366/1388/1384
f 1367/1783/1778 1366/1388/1384 1396/1390/1386
f 1308/1736/1731 1352/1738/1733 1309/1712/1707
f 1309/1712/1707 1352/1738/1733 1351/1784/1779
f 1309/1712/1707 1351/1784/1779 1310/1713/1708
f 1310/1713/1708 1351/1784/1779 1350/1714/1709
f 1348/1696/1691 1312/1695/1690 1349/1715/1710
f 1349/1715/1710 1312/1695/1690 1311/1694/1689
f 1346/1682/1677 1314/1680/1675 1347/1697/1692
f 1347/1697/1692 1314/1680/1675 1313/1679/1674
f 1315/1681/1676 1316/1785/1780 1285/1675/1670
f 1285/1675/1670 1316/1785/1780 1317/1786/1781
f 1285/1675/1670 1317/1786/1781 1318/1787/1782
f 1318/1787/1782 1317/1786/1781 1343/1788/1783
f 1318/1787/1782 1343/1788/1783 1342/1789/1784
f 1342/1789/1784 1343/1788/1783 1379/1790/1785
f 1342/1789/1784 1379/1790/1785 1380/1791/1786
f 1380/1791/1786 1379/1790/1785 1409/1792/1787
f 1380/1791/1786 1409/1792/1787 1410/1442/1438
f 1410/1442/1438 1409/1792/1787 1667/1440/1436
f 1315/1681/1676 1345/1683/1678 1316/1785/1780
f 1316/1785/1780 1345/1683/1678 1344/1793/1788
f 1316/1785/1780 1344/1793/1788 1317/1786/1781
f 1317/1786/1781 1344/1793/1788 1343/1788/1783
f 1319/1676/1671 1285/1675/1670 1318/1787/1782
f 1318/1787/1782 1342/1789/1784 1319/1676/1671
f 1319/1676/1671 1342/1789/1784 1341/1794/1789
f 1319/1676/1671 1341/1794/1789 1320/1677/1672
f 1320/1677/1672 1341/1794/1789 1340/1446/1442
f 1323/1451/1447 1322/1449/1445 1338/1795/1790
f 1338/1795/1790 1322/1449/1445 1339/1447/1443
f 1338/1795/1790 1339/1447/1443 1383/1796/1791
f 1383/1796/1791 1339/1447/1443 1382/1445/1441
f 1383/1796/1791 1382/1445/1441 1412/1797/1792
f 1412/1797/1792 1382/1445/1441 1411/1443/1439
f 1412/1797/1792 1411/1443/1439 1665/1798/1793
f 1665/1798/1793 1411/1443/1439 1666/1441/1437
f 1665/1798/1793 1666/1441/1437 1456/1799/1794
f 1456/1799/1794 1666/1441/1437 1457/1439/1435
f 1456/1799/1794 1457/1439/1435 1441/1800/1795
f 1441/1800/1795 1457/1439/1435 1440/1437/1433
f 1441/1800/1795 1440/1437/1433 1515/1801/1796
f 1515/1801/1796 1440/1437/1433 1516/1435/1431
f 1515/1801/1796 1516/1435/1431 1501/1482/1478
f 1501/1482/1478 1516/1435/1431 1500/1433/1429
f 1335/1673/1668 1325/1672/1667 1336/1454/1450
f 1336/1454/1450 1325/1672/1667 1324/1452/1448
f 1333/1670/1665 1327/1669/1664 1334/1674/1669
f 1334/1674/1669 1327/1669/1664 1326/1668/1663
f 1293/1653/1648 1329/1666/1661 1332/1671/1666
f 1332/1671/1666 1329/1666/1661 1328/1665/1660
f 1293/1653/1648 1332/1671/1666 1331/1654/1649
f 1388/1658/1653 1389/1656/1651 1333/1670/1665
f 1333/1670/1665 1334/1674/1669 1388/1658/1653
f 1386/1456/1452 1387/1660/1655 1335/1673/1668
f 1335/1673/1668 1336/1454/1450 1386/1456/1452
f 1337/1453/1449 1338/1795/1790 1384/1802/1797
f 1384/1802/1797 1338/1795/1790 1383/1796/1791
f 1384/1802/1797 1383/1796/1791 1413/1803/1798
f 1413/1803/1798 1383/1796/1791 1412/1797/1792
f 1413/1803/1798 1412/1797/1792 1664/1804/1799
f 1664/1804/1799 1412/1797/1792 1665/1798/1793
f 1664/1804/1799 1665/1798/1793 1455/1805/1800
f 1455/1805/1800 1665/1798/1793 1456/1799/1794
f 1455/1805/1800 1456/1799/1794 1442/1806/1801
f 1442/1806/1801 1456/1799/1794 1441/1800/1795
f 1442/1806/1801 1441/1800/1795 1514/1807/1802
f 1514/1807/1802 1441/1800/1795 1515/1801/1796
f 1514/1807/1802 1515/1801/1796 1502/1480/1476
f 1502/1480/1476 1515/1801/1796 1501/1482/1478
f 1338/1795/1790 1337/1453/1449 1323/1451/1447
f 1340/1446/1442 1341/1794/1789 1381/1444/1440
f 1381/1444/1440 1341/1794/1789 1380/1791/1786
f 1381/1444/1440 1380/1791/1786 1410/1442/1438
f 1341/1794/1789 1342/1789/1784 1380/1791/1786
f 1343/1788/1783 1344/1793/1788 1378/1808/1803
f 1378/1808/1803 1344/1793/1788 1377/1685/1680
f 1378/1808/1803 1377/1685/1680 1407/1687/1682
f 1344/1793/1788 1345/1683/1678 1377/1685/1680
f 1376/1684/1679 1346/1682/1677 1375/1699/1694
f 1375/1699/1694 1346/1682/1677 1347/1697/1692
f 1374/1698/1693 1348/1696/1691 1373/1717/1712
f 1373/1717/1712 1348/1696/1691 1349/1715/1710
f 1350/1714/1709 1351/1784/1779 1371/1809/1804
f 1371/1809/1804 1351/1784/1779 1370/1740/1735
f 1371/1809/1804 1370/1740/1735 1400/1742/1737
f 1351/1784/1779 1352/1738/1733 1370/1740/1735
f 1353/1737/1732 1354/1782/1777 1368/1810/1805
f 1368/1810/1805 1354/1782/1777 1367/1783/1778
f 1368/1810/1805 1367/1783/1778 1397/1811/1806
f 1397/1811/1806 1367/1783/1778 1396/1390/1386
f 1397/1811/1806 1396/1390/1386 1680/1392/1388
f 1354/1782/1777 1353/1737/1732 1307/1735/1730
f 1364/1497/1493 1365/1387/1383 1357/1385/1381
f 1363/1495/1491 1364/1497/1493 1358/1488/1484
f 1358/1488/1484 1364/1497/1493 1357/1385/1381
f 1362/1493/1489 1363/1495/1491 1359/1487/1483
f 1359/1487/1483 1363/1495/1491 1358/1488/1484
f 1361/1485/1481 1362/1493/1489 1360/1486/1482
f 1360/1486/1482 1362/1493/1489 1359/1487/1483
f 1353/1737/1732 1368/1810/1805 1369/1739/1734
f 1369/1739/1734 1368/1810/1805 1398/1812/1807
f 1369/1739/1734 1398/1812/1807 1399/1741/1736
f 1399/1741/1736 1398/1812/1807 1678/1813/1808
f 1399/1741/1736 1678/1813/1808 1677/1743/1738
f 1677/1743/1738 1678/1813/1808 1468/1814/1809
f 1677/1743/1738 1468/1814/1809 1467/1745/1740
f 1467/1745/1740 1468/1814/1809 1430/1815/1810
f 1467/1745/1740 1430/1815/1810 1431/1747/1742
f 1431/1747/1742 1430/1815/1810 1525/1816/1811
f 1431/1747/1742 1525/1816/1811 1524/1749/1744
f 1524/1749/1744 1525/1816/1811 1492/1817/1812
f 1524/1749/1744 1492/1817/1812 1493/1751/1746
f 1493/1751/1746 1492/1817/1812 1642/1818/1813
f 1493/1751/1746 1642/1818/1813 1643/1753/1748
f 1643/1753/1748 1642/1818/1813 1758/1819/1814
f 1643/1753/1748 1758/1819/1814 1757/1755/1750
f 1757/1755/1750 1758/1819/1814 1581/1820/1815
f 1757/1755/1750 1581/1820/1815 1580/1757/1752
f 1580/1757/1752 1581/1820/1815 1555/1821/1816
f 1580/1757/1752 1555/1821/1816 1556/1759/1754
f 1556/1759/1754 1555/1821/1816 1727/1822/1817
f 1556/1759/1754 1727/1822/1817 1726/1761/1756
f 1726/1761/1756 1727/1822/1817 1697/1823/1818
f 1726/1761/1756 1697/1823/1818 1696/1420/1416
f 1696/1420/1416 1697/1823/1818 1607/1418/1414
f 1398/1812/1807 1368/1810/1805 1397/1811/1806
f 1350/1714/1709 1371/1809/1804 1372/1716/1711
f 1372/1716/1711 1371/1809/1804 1401/1824/1819
f 1372/1716/1711 1401/1824/1819 1402/1718/1713
f 1402/1718/1713 1401/1824/1819 1675/1825/1820
f 1402/1718/1713 1675/1825/1820 1674/1720/1715
f 1674/1720/1715 1675/1825/1820 1465/1826/1821
f 1674/1720/1715 1465/1826/1821 1464/1722/1717
f 1464/1722/1717 1465/1826/1821 1433/1827/1822
f 1464/1722/1717 1433/1827/1822 1434/1724/1719
f 1434/1724/1719 1433/1827/1822 1522/1828/1823
f 1434/1724/1719 1522/1828/1823 1521/1726/1721
f 1521/1726/1721 1522/1828/1823 1495/1829/1824
f 1521/1726/1721 1495/1829/1824 1496/1728/1723
f 1496/1728/1723 1495/1829/1824 1645/1830/1825
f 1496/1728/1723 1645/1830/1825 1646/1730/1725
f 1646/1730/1725 1645/1830/1825 1755/1831/1826
f 1646/1730/1725 1755/1831/1826 1754/1732/1727
f 1754/1732/1727 1755/1831/1826 1578/1832/1827
f 1754/1732/1727 1578/1832/1827 1577/1426/1422
f 1577/1426/1422 1578/1832/1827 1558/1424/1420
f 1401/1824/1819 1371/1809/1804 1400/1742/1737
f 1404/1700/1695 1374/1698/1693 1403/1719/1714
f 1403/1719/1714 1374/1698/1693 1373/1717/1712
f 1406/1686/1681 1376/1684/1679 1405/1701/1696
f 1405/1701/1696 1376/1684/1679 1375/1699/1694
f 1343/1788/1783 1378/1808/1803 1379/1790/1785
f 1379/1790/1785 1378/1808/1803 1408/1833/1828
f 1379/1790/1785 1408/1833/1828 1409/1792/1787
f 1409/1792/1787 1408/1833/1828 1668/1834/1829
f 1409/1792/1787 1668/1834/1829 1667/1440/1436
f 1667/1440/1436 1668/1834/1829 1458/1438/1434
f 1408/1833/1828 1378/1808/1803 1407/1687/1682
f 1337/1453/1449 1384/1802/1797 1385/1455/1451
f 1385/1455/1451 1384/1802/1797 1414/1835/1830
f 1385/1455/1451 1414/1835/1830 1415/1457/1453
f 1415/1457/1453 1414/1835/1830 1662/1836/1831
f 1415/1457/1453 1662/1836/1831 1661/1459/1455
f 1661/1459/1455 1662/1836/1831 1452/1837/1832
f 1661/1459/1455 1452/1837/1832 1451/1461/1457
f 1451/1461/1457 1452/1837/1832 1446/1838/1833
f 1451/1461/1457 1446/1838/1833 1447/1463/1459
f 1447/1463/1459 1446/1838/1833 1509/1839/1834
f 1447/1463/1459 1509/1839/1834 1448/1465/1461
f 1448/1465/1461 1509/1839/1834 1508/1468/1464
f 1414/1835/1830 1384/1802/1797 1413/1803/1798
f 1296/1490/1486 1686/1503/1499 1390/1491/1487
f 1390/1491/1487 1686/1503/1499 1391/1492/1488
f 1686/1503/1499 1685/1505/1501 1391/1492/1488
f 1391/1492/1488 1685/1505/1501 1392/1494/1490
f 1685/1505/1501 1684/1507/1503 1392/1494/1490
f 1392/1494/1490 1684/1507/1503 1393/1496/1492
f 1684/1507/1503 1683/1509/1505 1393/1496/1492
f 1393/1496/1492 1683/1509/1505 1394/1498/1494
f 1683/1509/1505 1682/1511/1507 1394/1498/1494
f 1394/1498/1494 1682/1511/1507 1395/1389/1385
f 1682/1511/1507 1681/1391/1387 1395/1389/1385
f 1398/1812/1807 1397/1811/1806 1679/1840/1835
f 1679/1840/1835 1397/1811/1806 1680/1392/1388
f 1679/1840/1835 1680/1392/1388 1470/1394/1390
f 1675/1825/1820 1401/1824/1819 1676/1744/1739
f 1676/1744/1739 1401/1824/1819 1400/1742/1737
f 1672/1702/1697 1404/1700/1695 1673/1721/1716
f 1673/1721/1716 1404/1700/1695 1403/1719/1714
f 1670/1688/1683 1406/1686/1681 1671/1703/1698
f 1671/1703/1698 1406/1686/1681 1405/1701/1696
f 1668/1834/1829 1408/1833/1828 1669/1689/1684
f 1669/1689/1684 1408/1833/1828 1407/1687/1682
f 1414/1835/1830 1413/1803/1798 1663/1841/1836
f 1663/1841/1836 1413/1803/1798 1664/1804/1799
f 1663/1841/1836 1664/1804/1799 1454/1842/1837
f 1454/1842/1837 1664/1804/1799 1455/1805/1800
f 1454/1842/1837 1455/1805/1800 1443/1843/1838
f 1443/1843/1838 1455/1805/1800 1442/1806/1801
f 1443/1843/1838 1442/1806/1801 1513/1844/1839
f 1513/1844/1839 1442/1806/1801 1514/1807/1802
f 1513/1844/1839 1514/1807/1802 1503/1478/1474
f 1503/1478/1474 1514/1807/1802 1502/1480/1476
f 1659/1768/1763 1417/1659/1654 1660/1460/1456
f 1660/1460/1456 1417/1659/1654 1416/1458/1454
f 1062/1466/1462 1419/1655/1650 1658/1767/1762
f 1658/1767/1762 1419/1655/1650 1418/1657/1652
f 1477/1502/1498 1478/1501/1497 1420/1769/1764
f 1420/1769/1764 1478/1501/1497 1297/1500/1496
f 1476/1504/1500 1477/1502/1498 1421/1770/1765
f 1421/1770/1765 1477/1502/1498 1420/1769/1764
f 1475/1506/1502 1476/1504/1500 1422/1771/1766
f 1422/1771/1766 1476/1504/1500 1421/1770/1765
f 1474/1508/1504 1475/1506/1502 1423/1772/1767
f 1423/1772/1767 1475/1506/1502 1422/1771/1766
f 1473/1510/1506 1474/1508/1504 1424/1773/1768
f 1424/1773/1768 1474/1508/1504 1423/1772/1767
f 1472/1512/1508 1473/1510/1506 1425/1774/1769
f 1425/1774/1769 1473/1510/1506 1424/1773/1768
f 1471/1393/1389 1472/1512/1508 1426/1775/1770
f 1426/1775/1770 1472/1512/1508 1425/1774/1769
f 1426/1775/1770 1427/1395/1391 1471/1393/1389
f 1428/1396/1392 1429/1845/1840 1469/1846/1841
f 1469/1846/1841 1429/1845/1840 1468/1814/1809
f 1469/1846/1841 1468/1814/1809 1678/1813/1808
f 1468/1814/1809 1429/1845/1840 1430/1815/1810
f 1430/1815/1810 1429/1845/1840 1526/1847/1842
f 1430/1815/1810 1526/1847/1842 1525/1816/1811
f 1525/1816/1811 1526/1847/1842 1491/1848/1843
f 1525/1816/1811 1491/1848/1843 1492/1817/1812
f 1492/1817/1812 1491/1848/1843 1641/1849/1844
f 1492/1817/1812 1641/1849/1844 1642/1818/1813
f 1642/1818/1813 1641/1849/1844 1759/1850/1845
f 1642/1818/1813 1759/1850/1845 1758/1819/1814
f 1758/1819/1814 1759/1850/1845 1582/1851/1846
f 1758/1819/1814 1582/1851/1846 1581/1820/1815
f 1581/1820/1815 1582/1851/1846 1554/1852/1847
f 1581/1820/1815 1554/1852/1847 1555/1821/1816
f 1555/1821/1816 1554/1852/1847 1728/1853/1848
f 1555/1821/1816 1728/1853/1848 1727/1822/1817
f 1727/1822/1817 1728/1853/1848 1698/1854/1849
f 1727/1822/1817 1698/1854/1849 1697/1823/1818
f 1697/1823/1818 1698/1854/1849 1608/1416/1412
f 1697/1823/1818 1608/1416/1412 1607/1418/1414
f 1526/1847/1842 1429/1845/1840 1527/1398/1394
f 1527/1398/1394 1429/1845/1840 1428/1396/1392
f 1466/1746/1741 1432/1748/1743 1465/1826/1821
f 1465/1826/1821 1432/1748/1743 1433/1827/1822
f 1522/1828/1823 1433/1827/1822 1523/1750/1745
f 1523/1750/1745 1433/1827/1822 1432/1748/1743
f 1463/1723/1718 1435/1725/1720 1462/1704/1699
f 1462/1704/1699 1435/1725/1720 1436/1706/1701
f 1519/1708/1703 1436/1706/1701 1520/1727/1722
f 1520/1727/1722 1436/1706/1701 1435/1725/1720
f 1461/1705/1700 1437/1707/1702 1460/1690/1685
f 1460/1690/1685 1437/1707/1702 1438/1692/1687
f 1517/1434/1430 1438/1692/1687 1518/1709/1704
f 1518/1709/1704 1438/1692/1687 1437/1707/1702
f 1459/1691/1686 1439/1436/1432 1458/1438/1434
f 1443/1843/1838 1444/1855/1850 1454/1842/1837
f 1454/1842/1837 1444/1855/1850 1453/1856/1851
f 1454/1842/1837 1453/1856/1851 1663/1841/1836
f 1663/1841/1836 1453/1856/1851 1662/1836/1831
f 1663/1841/1836 1662/1836/1831 1414/1835/1830
f 1444/1855/1850 1445/1857/1852 1453/1856/1851
f 1453/1856/1851 1445/1857/1852 1452/1837/1832
f 1453/1856/1851 1452/1837/1832 1662/1836/1831
f 1444/1855/1850 1443/1843/1838 1512/1858/1853
f 1512/1858/1853 1443/1843/1838 1513/1844/1839
f 1512/1858/1853 1513/1844/1839 1504/1476/1472
f 1504/1476/1472 1513/1844/1839 1503/1478/1474
f 1452/1837/1832 1445/1857/1852 1446/1838/1833
f 1446/1838/1833 1445/1857/1852 1510/1859/1854
f 1446/1838/1833 1510/1859/1854 1509/1839/1834
f 1509/1839/1834 1510/1859/1854 1507/1470/1466
f 1509/1839/1834 1507/1470/1466 1508/1468/1464
f 1445/1857/1852 1444/1855/1850 1511/1860/1855
f 1511/1860/1855 1444/1855/1850 1512/1858/1853
f 1511/1860/1855 1512/1858/1853 1505/1474/1470
f 1505/1474/1470 1512/1858/1853 1504/1476/1472
f 1295/1464/1460 1449/1766/1761 1450/1462/1458
f 1450/1462/1458 1449/1766/1761 1659/1768/1763
f 1450/1462/1458 1659/1768/1763 1660/1460/1456
f 1669/1689/1684 1459/1691/1686 1668/1834/1829
f 1668/1834/1829 1459/1691/1686 1458/1438/1434
f 1671/1703/1698 1461/1705/1700 1670/1688/1683
f 1670/1688/1683 1461/1705/1700 1460/1690/1685
f 1673/1721/1716 1463/1723/1718 1672/1702/1697
f 1672/1702/1697 1463/1723/1718 1462/1704/1699
f 1676/1744/1739 1466/1746/1741 1675/1825/1820
f 1675/1825/1820 1466/1746/1741 1465/1826/1821
f 1679/1840/1835 1470/1394/1390 1469/1846/1841
f 1469/1846/1841 1470/1394/1390 1428/1396/1392
f 1679/1840/1835 1469/1846/1841 1678/1813/1808
f 1480/1517/1513 1479/1515/1511 1629/1861/1856
f 1629/1861/1856 1479/1515/1511 1628/1514/1510
f 1629/1861/1856 1628/1514/1510 1772/1862/1857
f 1772/1862/1857 1628/1514/1510 1299/1780/1775
f 1772/1862/1857 1299/1780/1775 1596/1863/1858
f 1596/1863/1858 1299/1780/1775 1597/1781/1776
f 1596/1863/1858 1597/1781/1776 1539/1539/1535
f 1481/1519/1515 1480/1517/1513 1630/1864/1859
f 1630/1864/1859 1480/1517/1513 1629/1861/1856
f 1630/1864/1859 1629/1861/1856 1771/1865/1860
f 1771/1865/1860 1629/1861/1856 1772/1862/1857
f 1771/1865/1860 1772/1862/1857 1595/1866/1861
f 1595/1866/1861 1772/1862/1857 1596/1863/1858
f 1595/1866/1861 1596/1863/1858 1540/1541/1537
f 1540/1541/1537 1596/1863/1858 1539/1539/1535
f 1482/1521/1517 1481/1519/1515 1631/1867/1862
f 1631/1867/1862 1481/1519/1515 1630/1864/1859
f 1631/1867/1862 1630/1864/1859 1770/1868/1863
f 1770/1868/1863 1630/1864/1859 1771/1865/1860
f 1770/1868/1863 1771/1865/1860 1594/1869/1864
f 1594/1869/1864 1771/1865/1860 1595/1866/1861
f 1594/1869/1864 1595/1866/1861 1541/1543/1539
f 1541/1543/1539 1595/1866/1861 1540/1541/1537
f 1483/1523/1519 1482/1521/1517 1632/1870/1865
f 1632/1870/1865 1482/1521/1517 1631/1867/1862
f 1632/1870/1865 1631/1867/1862 1769/1871/1866
f 1769/1871/1866 1631/1867/1862 1770/1868/1863
f 1769/1871/1866 1770/1868/1863 1593/1872/1867
f 1593/1872/1867 1770/1868/1863 1594/1869/1864
f 1593/1872/1867 1594/1869/1864 1542/1545/1541
f 1542/1545/1541 1594/1869/1864 1541/1543/1539
f 1484/1525/1521 1483/1523/1519 1633/1873/1868
f 1633/1873/1868 1483/1523/1519 1632/1870/1865
f 1633/1873/1868 1632/1870/1865 1768/1874/1869
f 1768/1874/1869 1632/1870/1865 1769/1871/1866
f 1768/1874/1869 1769/1871/1866 1592/1875/1870
f 1592/1875/1870 1769/1871/1866 1593/1872/1867
f 1592/1875/1870 1593/1872/1867 1543/1547/1543
f 1543/1547/1543 1593/1872/1867 1542/1545/1541
f 1485/1527/1523 1484/1525/1521 1634/1876/1871
f 1634/1876/1871 1484/1525/1521 1633/1873/1868
f 1634/1876/1871 1633/1873/1868 1767/1877/1872
f 1767/1877/1872 1633/1873/1868 1768/1874/1869
f 1767/1877/1872 1768/1874/1869 1591/1878/1873
f 1591/1878/1873 1768/1874/1869 1592/1875/1870
f 1591/1878/1873 1592/1875/1870 1544/1549/1545
f 1544/1549/1545 1592/1875/1870 1543/1547/1543
f 1486/1529/1525 1485/1527/1523 1635/1879/1874
f 1635/1879/1874 1485/1527/1523 1634/1876/1871
f 1635/1879/1874 1634/1876/1871 1766/1880/1875
f 1766/1880/1875 1634/1876/1871 1767/1877/1872
f 1766/1880/1875 1767/1877/1872 1590/1881/1876
f 1590/1881/1876 1767/1877/1872 1591/1878/1873
f 1590/1881/1876 1591/1878/1873 1545/1551/1547
f 1545/1551/1547 1591/1878/1873 1544/1549/1545
f 1487/1531/1527 1486/1529/1525 1636/1882/1877
f 1636/1882/1877 1486/1529/1525 1635/1879/1874
f 1636/1882/1877 1635/1879/1874 1765/1883/1878
f 1765/1883/1878 1635/1879/1874 1766/1880/1875
f 1765/1883/1878 1766/1880/1875 1589/1884/1879
f 1589/1884/1879 1766/1880/1875 1590/1881/1876
f 1589/1884/1879 1590/1881/1876 1546/1553/1549
f 1546/1553/1549 1590/1881/1876 1545/1551/1547
f 1488/1533/1529 1487/1531/1527 1637/1885/1880
f 1637/1885/1880 1487/1531/1527 1636/1882/1877
f 1637/1885/1880 1636/1882/1877 1764/1886/1881
f 1764/1886/1881 1636/1882/1877 1765/1883/1878
f 1764/1886/1881 1765/1883/1878 1588/1887/1882
f 1588/1887/1882 1765/1883/1878 1589/1884/1879
f 1588/1887/1882 1589/1884/1879 1547/1555/1551
f 1547/1555/1551 1589/1884/1879 1546/1553/1549
f 1526/1847/1842 1527/1398/1394 1490/1400/1396
f 1489/1399/1395 1488/1533/1529 1638/1888/1883
f 1638/1888/1883 1488/1533/1529 1637/1885/1880
f 1638/1888/1883 1637/1885/1880 1763/1889/1884
f 1763/1889/1884 1637/1885/1880 1764/1886/1881
f 1763/1889/1884 1764/1886/1881 1587/1890/1885
f 1587/1890/1885 1764/1886/1881 1588/1887/1882
f 1587/1890/1885 1588/1887/1882 1548/1557/1553
f 1548/1557/1553 1588/1887/1882 1547/1555/1551
f 1526/1847/1842 1490/1400/1396 1491/1848/1843
f 1491/1848/1843 1490/1400/1396 1640/1402/1398
f 1491/1848/1843 1640/1402/1398 1641/1849/1844
f 1641/1849/1844 1640/1402/1398 1760/1404/1400
f 1641/1849/1844 1760/1404/1400 1759/1850/1845
f 1759/1850/1845 1760/1404/1400 1583/1406/1402
f 1759/1850/1845 1583/1406/1402 1582/1851/1846
f 1582/1851/1846 1583/1406/1402 1553/1408/1404
f 1582/1851/1846 1553/1408/1404 1554/1852/1847
f 1554/1852/1847 1553/1408/1404 1729/1410/1406
f 1554/1852/1847 1729/1410/1406 1728/1853/1848
f 1728/1853/1848 1729/1410/1406 1699/1412/1408
f 1728/1853/1848 1699/1412/1408 1698/1854/1849
f 1698/1854/1849 1699/1412/1408 1609/1414/1410
f 1698/1854/1849 1609/1414/1410 1608/1416/1412
f 1522/1828/1823 1523/1750/1745 1494/1752/1747
f 1522/1828/1823 1494/1752/1747 1495/1829/1824
f 1495/1829/1824 1494/1752/1747 1644/1754/1749
f 1495/1829/1824 1644/1754/1749 1645/1830/1825
f 1645/1830/1825 1644/1754/1749 1756/1756/1751
f 1645/1830/1825 1756/1756/1751 1755/1831/1826
f 1755/1831/1826 1756/1756/1751 1579/1758/1753
f 1755/1831/1826 1579/1758/1753 1578/1832/1827
f 1578/1832/1827 1579/1758/1753 1557/1760/1755
f 1578/1832/1827 1557/1760/1755 1558/1424/1420
f 1558/1424/1420 1557/1760/1755 1725/1422/1418
f 1519/1708/1703 1520/1727/1722 1497/1729/1724
f 1519/1708/1703 1497/1729/1724 1498/1710/1705
f 1498/1710/1705 1497/1729/1724 1647/1731/1726
f 1498/1710/1705 1647/1731/1726 1648/1430/1426
f 1648/1430/1426 1647/1731/1726 1753/1428/1424
f 1517/1434/1430 1518/1709/1704 1499/1432/1428
f 1505/1474/1470 1506/1472/1468 1511/1860/1855
f 1511/1860/1855 1506/1472/1468 1510/1859/1854
f 1511/1860/1855 1510/1859/1854 1445/1857/1852
f 1506/1472/1468 1507/1470/1466 1510/1859/1854
f 1548/1557/1553 1549/1559/1555 1587/1890/1885
f 1587/1890/1885 1549/1559/1555 1586/1891/1886
f 1587/1890/1885 1586/1891/1886 1763/1889/1884
f 1763/1889/1884 1586/1891/1886 1762/1892/1887
f 1763/1889/1884 1762/1892/1887 1638/1888/1883
f 1638/1888/1883 1762/1892/1887 1639/1401/1397
f 1638/1888/1883 1639/1401/1397 1489/1399/1395
f 1549/1559/1555 1550/1561/1557 1586/1891/1886
f 1586/1891/1886 1550/1561/1557 1585/1893/1888
f 1586/1891/1886 1585/1893/1888 1762/1892/1887
f 1762/1892/1887 1585/1893/1888 1761/1403/1399
f 1762/1892/1887 1761/1403/1399 1639/1401/1397
f 1550/1561/1557 1551/1563/1559 1585/1893/1888
f 1585/1893/1888 1551/1563/1559 1584/1405/1401
f 1585/1893/1888 1584/1405/1401 1761/1403/1399
f 1551/1563/1559 1552/1407/1403 1584/1405/1401
f 1560/1614/1610 1561/1894/1889 1575/1615/1611
f 1575/1615/1611 1561/1894/1889 1574/1635/1630
f 1575/1615/1611 1574/1635/1630 1751/1616/1612
f 1574/1635/1630 1561/1894/1889 1562/1633/1628
f 1562/1633/1628 1561/1894/1889 1721/1895/1890
f 1562/1633/1628 1721/1895/1890 1720/1631/1626
f 1720/1631/1626 1721/1895/1890 1691/1896/1891
f 1720/1631/1626 1691/1896/1891 1690/1629/1624
f 1690/1629/1624 1691/1896/1891 1601/1618/1613
f 1690/1629/1624 1601/1618/1613 1600/1627/1622
f 1600/1627/1622 1601/1618/1613 1104/1617/1170
f 1721/1895/1890 1561/1894/1889 1722/1623/1618
f 1722/1623/1618 1561/1894/1889 1560/1614/1610
f 1573/1634/1629 1563/1632/1627 1572/1645/1640
f 1572/1645/1640 1563/1632/1627 1564/1643/1638
f 1718/1641/1636 1564/1643/1638 1719/1630/1625
f 1719/1630/1625 1564/1643/1638 1563/1632/1627
f 1565/1642/1637 1566/1651/1646 1570/1897/1892
f 1570/1897/1892 1566/1651/1646 1569/1898/1893
f 1570/1897/1892 1569/1898/1893 1746/1778/1773
f 1746/1778/1773 1569/1898/1893 1745/1777/1772
f 1566/1651/1646 1567/1649/1644 1569/1898/1893
f 1569/1898/1893 1567/1649/1644 1568/1648/1643
f 1569/1898/1893 1568/1648/1643 1745/1777/1772
f 1745/1777/1772 1568/1648/1643 1298/1776/1771
f 1717/1640/1635 1687/1638/1633 1300/1650/1645
f 1565/1642/1637 1570/1897/1892 1571/1644/1639
f 1571/1644/1639 1570/1897/1892 1747/1779/1774
f 1571/1644/1639 1747/1779/1774 1748/1646/1641
f 1747/1779/1774 1570/1897/1892 1746/1778/1773
f 1750/1636/1631 1573/1634/1629 1749/1647/1642
f 1749/1647/1642 1573/1634/1629 1572/1645/1640
f 1069/1513/1509 1299/1780/1775 1628/1514/1510
f 1689/1628/1623 1599/1626/1621 1688/1639/1634
f 1688/1639/1634 1599/1626/1621 1598/1625/1620
f 1692/1621/1616 1602/1619/1614 1691/1896/1891
f 1691/1896/1891 1602/1619/1614 1601/1618/1613
f 1605/1611/1607 1105/1610/1606 1604/1899/1894
f 1604/1899/1894 1105/1610/1606 1603/1620/1615
f 1604/1899/1894 1603/1620/1615 1693/1622/1617
f 1694/1612/1608 1605/1611/1607 1604/1899/1894
f 1694/1612/1608 1604/1899/1894 1693/1622/1617
f 1701/1608/1604 1611/1607/1603 1700/1411/1407
f 1700/1411/1407 1611/1607/1603 1610/1413/1409
f 1703/1605/1601 1613/1604/1600 1702/1609/1605
f 1702/1609/1605 1613/1604/1600 1612/1603/1599
f 1705/1600/1596 1615/1599/1595 1704/1606/1602
f 1704/1606/1602 1615/1599/1595 1614/1598/1594
f 1616/1594/1590 1706/1601/1597 1617/1591/1587
f 1617/1591/1587 1706/1601/1597 1707/1900/1895
f 1617/1591/1587 1707/1900/1895 1618/1588/1584
f 1618/1588/1584 1707/1900/1895 1708/1585/1581
f 1618/1588/1584 1708/1585/1581 1619/1584/1580
f 1714/1570/1566 1625/1568/1564 1624/1571/1567
f 1624/1571/1567 1623/1573/1569 1713/1901/1896
f 1713/1901/1896 1623/1573/1569 1712/1575/1571
f 1713/1901/1896 1712/1575/1571 1742/1542/1538
f 1742/1542/1538 1712/1575/1571 1741/1544/1540
f 1301/1535/1531 1627/1565/1561 1626/1567/1563
f 1301/1535/1531 1626/1567/1563 1715/1569/1565
f 1749/1647/1642 1651/1481/1477 1750/1636/1631
f 1750/1636/1631 1651/1481/1477 1650/1483/1479
f 1063/1467/1463 1298/1776/1771 1568/1648/1643
f 1398/1812/1807 1679/1840/1835 1678/1813/1808
f 1719/1630/1625 1689/1628/1623 1718/1641/1636
f 1718/1641/1636 1689/1628/1623 1688/1639/1634
f 1722/1623/1618 1692/1621/1616 1721/1895/1890
f 1721/1895/1890 1692/1621/1616 1691/1896/1891
f 1723/1613/1609 1694/1612/1608 1693/1622/1617
f 1731/1564/1560 1701/1608/1604 1730/1409/1405
f 1730/1409/1405 1701/1608/1604 1700/1411/1407
f 1733/1560/1556 1703/1605/1601 1732/1562/1558
f 1732/1562/1558 1703/1605/1601 1702/1609/1605
f 1735/1556/1552 1705/1600/1596 1734/1558/1554
f 1734/1558/1554 1705/1600/1596 1704/1606/1602
f 1737/1552/1548 1708/1585/1581 1707/1900/1895
f 1737/1552/1548 1707/1900/1895 1736/1554/1550
f 1736/1554/1550 1707/1900/1895 1706/1601/1597
f 1743/1540/1536 1714/1570/1566 1713/1901/1896
f 1713/1901/1896 1714/1570/1566 1624/1571/1567
f 1743/1540/1536 1713/1901/1896 1742/1542/1538
f 1716/1536/1532 1301/1535/1531 1715/1569/1565
f 1716/1536/1532 1715/1569/1565 1744/1538/1534
f 1051/1902/1897 1787/1903/1898 1052/1904/1899
f 1052/1904/1899 1787/1903/1898 1795/1905/1900
f 1052/1904/1899 1795/1905/1900 1785/1906/1901
f 1785/1906/1901 1795/1905/1900 1796/1907/1902
f 1785/1906/1901 1796/1907/1902 1797/1908/1903
f 1797/1908/1903 1796/1907/1902 1850/1909/1904
f 1797/1908/1903 1850/1909/1904 1849/1910/1905
f 1849/1910/1905 1850/1909/1904 1858/1911/1906
f 1849/1910/1905 1858/1911/1906 1859/1912/1907
f 1859/1912/1907 1858/1911/1906 1888/1913/1908
f 1859/1912/1907 1888/1913/1908 1889/1914/1909
f 1889/1914/1909 1888/1913/1908 2174/1915/1910
f 1889/1914/1909 2174/1915/1910 2173/1916/1911
f 2173/1916/1911 2174/1915/1910 1964/1917/1912
f 2173/1916/1911 1964/1917/1912 1963/1918/1913
f 1963/1918/1913 1964/1917/1912 1920/1919/1914
f 1963/1918/1913 1920/1919/1914 1921/1920/1915
f 1921/1920/1915 1920/1919/1914 2021/1921/1916
f 1921/1920/1915 2021/1921/1916 2020/1922/1917
f 2020/1922/1917 2021/1921/1916 1982/1923/1918
f 2020/1922/1917 1982/1923/1918 1983/1924/1919
f 1983/1924/1919 1982/1923/1918 2132/1925/1920
f 1983/1924/1919 2132/1925/1920 2133/1926/1921
f 2133/1926/1921 2132/1925/1920 2254/1927/1922
f 2133/1926/1921 2254/1927/1922 2253/1928/1923
f 2253/1928/1923 2254/1927/1922 2077/1929/1924
f 2253/1928/1923 2077/1929/1924 2076/1930/1925
f 2076/1930/1925 2077/1929/1924 2045/1931/1926
f 2076/1930/1925 2045/1931/1926 2046/1932/1927
f 2046/1932/1927 2045/1931/1926 2223/1933/1928
f 2046/1932/1927 2223/1933/1928 2222/1934/1929
f 2222/1934/1929 2223/1933/1928 2193/1935/1930
f 2222/1934/1929 2193/1935/1930 2192/1936/1931
f 2192/1936/1931 2193/1935/1930 2103/1937/1932
f 2192/1936/1931 2103/1937/1932 2102/1938/1933
f 2102/1938/1933 2103/1937/1932 1195/1939/1934
f 2102/1938/1933 1195/1939/1934 2101/1940/1935
f 2101/1940/1935 1195/1939/1934 1194/1941/1936
f 2101/1940/1935 1194/1941/1936 2100/1942/1937
f 2100/1942/1937 1194/1941/1936 2099/1943/1938
f 2100/1942/1937 2099/1943/1938 2189/1944/1939
f 2189/1944/1939 2099/1943/1938 2188/1945/1940
f 2189/1944/1939 2188/1945/1940 2218/1946/1941
f 2218/1946/1941 2188/1945/1940 2217/1947/1942
f 2218/1946/1941 2217/1947/1942 2051/1948/1943
f 2051/1948/1943 2217/1947/1942 2052/1949/1944
f 2051/1948/1943 2052/1949/1944 2070/1950/1945
f 2070/1950/1945 2052/1949/1944 2069/1951/1946
f 2070/1950/1945 2069/1951/1946 2246/1952/1947
f 2246/1952/1947 2069/1951/1946 2245/1953/1948
f 2246/1952/1947 2245/1953/1948 2141/1954/1949
f 2141/1954/1949 2245/1953/1948 2142/1955/1950
f 2141/1954/1949 2142/1955/1950 1992/1956/1951
f 1992/1956/1951 2142/1955/1950 1993/1957/1952
f 1992/1956/1951 1993/1957/1952 2010/1958/1953
f 2010/1958/1953 1993/1957/1952 2009/1959/1954
f 2010/1958/1953 2009/1959/1954 1932/1960/1955
f 1932/1960/1955 2009/1959/1954 1933/1961/1956
f 1932/1960/1955 1933/1961/1956 1951/1962/1957
f 1951/1962/1957 1933/1961/1956 1950/1963/1958
f 1951/1962/1957 1950/1963/1958 2160/1964/1959
f 2160/1964/1959 1950/1963/1958 2159/1965/1960
f 2160/1964/1959 2159/1965/1960 1903/1966/1961
f 1903/1966/1961 2159/1965/1960 1904/1967/1962
f 1903/1966/1961 1904/1967/1962 1874/1968/1963
f 1874/1968/1963 1904/1967/1962 1875/1969/1964
f 1874/1968/1963 1875/1969/1964 1833/1970/1965
f 1833/1970/1965 1875/1969/1964 1832/1971/1966
f 1833/1970/1965 1832/1971/1966 1814/1972/1967
f 1814/1972/1967 1832/1971/1966 1815/1973/1968
f 1814/1972/1967 1815/1973/1968 1777/1974/1969
f 1777/1974/1969 1815/1973/1968 1816/1975/1970
f 1777/1974/1969 1816/1975/1970 1817/1976/1971
f 1817/1976/1971 1816/1975/1970 1830/1977/1972
f 1817/1976/1971 1830/1977/1972 1829/1978/1973
f 1829/1978/1973 1830/1977/1972 1878/1979/1974
f 1829/1978/1973 1878/1979/1974 1879/1980/1975
f 1879/1980/1975 1878/1979/1974 1908/1981/1976
f 1879/1980/1975 1908/1981/1976 1909/1982/1977
f 1909/1982/1977 1908/1981/1976 2154/1983/1978
f 1909/1982/1977 2154/1983/1978 2153/1984/1979
f 2153/1984/1979 2154/1983/1978 1944/1985/1980
f 2153/1984/1979 1944/1985/1980 1943/1986/1981
f 1943/1986/1981 1944/1985/1980 1940/1987/1982
f 1943/1986/1981 1940/1987/1982 1788/1988/1983
f 1788/1988/1983 1940/1987/1982 1941/1989/1984
f 1788/1988/1983 1941/1989/1984 1032/1990/1985
f 1032/1990/1985 1941/1989/1984 1033/1991/1986
f 1033/1991/1986 1941/1989/1984 2001/1992/1987
f 1033/1991/1986 2001/1992/1987 2150/1993/1988
f 2150/1993/1988 2001/1992/1987 2000/1994/1989
f 2150/1993/1988 2000/1994/1989 2149/1995/1990
f 2149/1995/1990 2000/1994/1989 1999/1996/1991
f 2149/1995/1990 1999/1996/1991 2148/1997/1992
f 2148/1997/1992 1999/1996/1991 1998/1998/1993
f 2148/1997/1992 1998/1998/1993 2147/1999/1994
f 2147/1999/1994 1998/1998/1993 1997/2000/1995
f 2147/1999/1994 1997/2000/1995 2146/2001/1996
f 2146/2001/1996 1997/2000/1995 1996/2002/1997
f 2146/2001/1996 1996/2002/1997 2145/2003/1998
f 2145/2003/1998 1996/2002/1997 1995/2004/1999
f 2145/2003/1998 1995/2004/1999 2144/2005/2000
f 2144/2005/2000 1995/2004/1999 1994/2006/2001
f 2144/2005/2000 1994/2006/2001 2143/2007/2002
f 2143/2007/2002 1994/2006/2001 1993/1957/1952
f 2143/2007/2002 1993/1957/1952 2142/1955/1950
f 1050/2008/2003 1854/2009/2004 1051/1902/1897
f 1051/1902/1897 1854/2009/2004 1853/2010/2005
f 1051/1902/1897 1853/2010/2005 1787/1903/1898
f 1787/1903/1898 1853/2010/2005 1852/2011/2006
f 1787/1903/1898 1852/2011/2006 1795/1905/1900
f 1795/1905/1900 1852/2011/2006 1851/2012/2007
f 1795/1905/1900 1851/2012/2007 1796/1907/1902
f 1796/1907/1902 1851/2012/2007 1850/1909/1904
f 1049/2013/2008 1789/2014/2009 1050/2008/2003
f 1050/2008/2003 1789/2014/2009 1883/2015/2010
f 1050/2008/2003 1883/2015/2010 1854/2009/2004
f 1854/2009/2004 1883/2015/2010 1884/2016/2011
f 1854/2009/2004 1884/2016/2011 1855/2017/2012
f 1855/2017/2012 1884/2016/2011 1885/2018/2013
f 1855/2017/2012 1885/2018/2013 1856/2019/2014
f 1856/2019/2014 1885/2018/2013 1886/2020/2015
f 1856/2019/2014 1886/2020/2015 1857/2021/2016
f 1857/2021/2016 1886/2020/2015 1887/2022/2017
f 1857/2021/2016 1887/2022/2017 1858/1911/1906
f 1858/1911/1906 1887/2022/2017 1888/1913/1908
f 1048/2023/2018 1790/2024/2019 1049/2013/2008
f 1049/2013/2008 1790/2024/2019 1971/2025/2020
f 1049/2013/2008 1971/2025/2020 1789/2014/2009
f 1789/2014/2009 1971/2025/2020 1970/2026/2021
f 1789/2014/2009 1970/2026/2021 2179/2027/2022
f 2179/2027/2022 1970/2026/2021 1969/2028/2023
f 2179/2027/2022 1969/2028/2023 2178/2029/2024
f 2178/2029/2024 1969/2028/2023 1968/2030/2025
f 2178/2029/2024 1968/2030/2025 2177/2031/2026
f 2177/2031/2026 1968/2030/2025 1967/2032/2027
f 2177/2031/2026 1967/2032/2027 2176/2033/2028
f 2176/2033/2028 1967/2032/2027 1966/2034/2029
f 2176/2033/2028 1966/2034/2029 2175/2035/2030
f 2175/2035/2030 1966/2034/2029 1965/2036/2031
f 2175/2035/2030 1965/2036/2031 2174/1915/1910
f 2174/1915/1910 1965/2036/2031 1964/1917/1912
f 1047/2037/2032 2121/2038/2033 1048/2023/2018
f 1048/2023/2018 2121/2038/2033 1972/2039/2034
f 1048/2023/2018 1972/2039/2034 2030/2040/2035
f 2030/2040/2035 1972/2039/2034 1973/2041/2036
f 2030/2040/2035 1973/2041/2036 2029/2042/2037
f 2029/2042/2037 1973/2041/2036 1974/2043/2038
f 2029/2042/2037 1974/2043/2038 2028/2044/2039
f 2028/2044/2039 1974/2043/2038 1975/2045/2040
f 2028/2044/2039 1975/2045/2040 2027/2046/2041
f 2027/2046/2041 1975/2045/2040 1976/2047/2042
f 2027/2046/2041 1976/2047/2042 2026/2048/2043
f 2026/2048/2043 1976/2047/2042 1977/2049/2044
f 2026/2048/2043 1977/2049/2044 2025/2050/2045
f 2025/2050/2045 1977/2049/2044 1978/2051/2046
f 2025/2050/2045 1978/2051/2046 2024/2052/2047
f 2024/2052/2047 1978/2051/2046 1979/2053/2048
f 2024/2052/2047 1979/2053/2048 2023/2054/2049
f 2023/2054/2049 1979/2053/2048 1980/2055/2050
f 2023/2054/2049 1980/2055/2050 2022/2056/2051
f 2022/2056/2051 1980/2055/2050 1981/2057/2052
f 2022/2056/2051 1981/2057/2052 2021/1921/1916
f 2021/1921/1916 1981/2057/2052 1982/1923/1918
f 1046/2058/2053 1794/2059/2054 1047/2037/2032
f 1047/2037/2032 1794/2059/2054 2209/2060/2055
f 1047/2037/2032 2209/2060/2055 2031/2061/2056
f 2031/2061/2056 2209/2060/2055 2237/2062/2057
f 2031/2061/2056 2237/2062/2057 2032/2063/2058
f 2032/2063/2058 2237/2062/2057 2236/2064/2059
f 2032/2063/2058 2236/2064/2059 2033/2065/2060
f 2033/2065/2060 2236/2064/2059 2235/2066/2061
f 2033/2065/2060 2235/2066/2061 2034/2067/2062
f 2034/2067/2062 2235/2066/2061 2234/2068/2063
f 2034/2067/2062 2234/2068/2063 2035/2069/2064
f 2035/2069/2064 2234/2068/2063 2233/2070/2065
f 2035/2069/2064 2233/2070/2065 2036/2071/2066
f 2036/2071/2066 2233/2070/2065 2232/2072/2067
f 2036/2071/2066 2232/2072/2067 2037/2073/2068
f 2037/2073/2068 2232/2072/2067 2231/2074/2069
f 2037/2073/2068 2231/2074/2069 2038/2075/2070
f 2038/2075/2070 2231/2074/2069 2230/2076/2071
f 2038/2075/2070 2230/2076/2071 2039/2077/2072
f 2039/2077/2072 2230/2076/2071 2229/2078/2073
f 2039/2077/2072 2229/2078/2073 2040/2079/2074
f 2040/2079/2074 2229/2078/2073 2228/2080/2075
f 2040/2079/2074 2228/2080/2075 2041/2081/2076
f 2041/2081/2076 2228/2080/2075 2227/2082/2077
f 2041/2081/2076 2227/2082/2077 2042/2083/2078
f 2042/2083/2078 2227/2082/2077 2226/2084/2079
f 2042/2083/2078 2226/2084/2079 2043/2085/2080
f 2043/2085/2080 2226/2084/2079 2225/2086/2081
f 2043/2085/2080 2225/2086/2081 2044/2087/2082
f 2044/2087/2082 2225/2086/2081 2224/2088/2083
f 2044/2087/2082 2224/2088/2083 2045/1931/1926
f 2045/1931/1926 2224/2088/2083 2223/1933/1928
f 1794/2059/2054 1046/2058/2053 2120/2089/2084
f 2120/2089/2084 1046/2058/2053 1210/2090/2085
f 2120/2089/2084 1210/2090/2085 2119/2091/2086
f 2119/2091/2086 1210/2090/2085 2118/2092/2087
f 2119/2091/2086 2118/2092/2087 2208/2093/2088
f 2208/2093/2088 2118/2092/2087 2207/2094/2089
f 2208/2093/2088 2207/2094/2089 2237/2062/2057
f 2237/2062/2057 2207/2094/2089 2236/2064/2059
f 2118/2092/2087 1210/2090/2085 2117/2095/2090
f 2117/2095/2090 1210/2090/2085 1209/2096/2091
f 2117/2095/2090 1209/2096/2091 2116/2097/2092
f 2116/2097/2092 1209/2096/2091 2115/2098/2093
f 2116/2097/2092 2115/2098/2093 2205/2099/2094
f 2205/2099/2094 2115/2098/2093 2204/2100/2095
f 2205/2099/2094 2204/2100/2095 2234/2068/2063
f 2234/2068/2063 2204/2100/2095 2233/2070/2065
f 1209/2096/2091 1208/2101/2096 2115/2098/2093
f 2115/2098/2093 1208/2101/2096 2114/2102/2097
f 2115/2098/2093 2114/2102/2097 2204/2100/2095
f 2204/2100/2095 2114/2102/2097 2203/2103/2098
f 2204/2100/2095 2203/2103/2098 2233/2070/2065
f 2233/2070/2065 2203/2103/2098 2232/2072/2067
f 1208/2101/2096 1207/2104/2099 2114/2102/2097
f 2114/2102/2097 1207/2104/2099 2113/2105/2100
f 2114/2102/2097 2113/2105/2100 2203/2103/2098
f 2203/2103/2098 2113/2105/2100 2202/2106/2101
f 2203/2103/2098 2202/2106/2101 2232/2072/2067
f 2232/2072/2067 2202/2106/2101 2231/2074/2069
f 1207/2104/2099 1206/2107/2102 2113/2105/2100
f 2113/2105/2100 1206/2107/2102 2112/2108/2103
f 2113/2105/2100 2112/2108/2103 2202/2106/2101
f 2202/2106/2101 2112/2108/2103 2201/2109/2104
f 2202/2106/2101 2201/2109/2104 2231/2074/2069
f 2231/2074/2069 2201/2109/2104 2230/2076/2071
f 1206/2107/2102 1205/2110/2105 2112/2108/2103
f 2112/2108/2103 1205/2110/2105 1204/2111/2106
f 2112/2108/2103 1204/2111/2106 2111/2112/2107
f 2111/2112/2107 1204/2111/2106 1203/2113/2108
f 2111/2112/2107 1203/2113/2108 1202/2114/2109
f 2111/2112/2107 1202/2114/2109 2110/2115/2110
f 2110/2115/2110 1202/2114/2109 1201/2116/2111
f 2110/2115/2110 1201/2116/2111 1200/2117/2112
f 2110/2115/2110 1200/2117/2112 2109/2118/2113
f 2109/2118/2113 1200/2117/2112 1199/2119/2114
f 2109/2118/2113 1199/2119/2114 1198/2120/2115
f 1197/2121/2116 2107/2122/2117 1198/2120/2115
f 1198/2120/2115 2107/2122/2117 2108/2123/2118
f 1198/2120/2115 2108/2123/2118 2109/2118/2113
f 2109/2118/2113 2108/2123/2118 2198/2124/2119
f 2109/2118/2113 2198/2124/2119 2199/2125/2120
f 2199/2125/2120 2198/2124/2119 2228/2080/2075
f 2199/2125/2120 2228/2080/2075 2229/2078/2073
f 1196/2126/2121 2105/2127/2122 1197/2121/2116
f 1197/2121/2116 2105/2127/2122 2106/2128/2123
f 1197/2121/2116 2106/2128/2123 2107/2122/2117
f 2107/2122/2117 2106/2128/2123 2196/2129/2124
f 2107/2122/2117 2196/2129/2124 2197/2130/2125
f 2197/2130/2125 2196/2129/2124 2226/2084/2079
f 2197/2130/2125 2226/2084/2079 2227/2082/2077
f 1195/1939/1934 2103/1937/1932 1196/2126/2121
f 1196/2126/2121 2103/1937/1932 2104/2131/2126
f 1196/2126/2121 2104/2131/2126 2105/2127/2122
f 2105/2127/2122 2104/2131/2126 2194/2132/2127
f 2105/2127/2122 2194/2132/2127 2195/2133/2128
f 2195/2133/2128 2194/2132/2127 2224/2088/2083
f 2195/2133/2128 2224/2088/2083 2225/2086/2081
f 1194/1941/1936 1193/2134/2129 2099/1943/1938
f 2099/1943/1938 1193/2134/2129 2098/2135/2130
f 2099/1943/1938 2098/2135/2130 2188/1945/1940
f 2188/1945/1940 2098/2135/2130 2187/2136/2131
f 2188/1945/1940 2187/2136/2131 2217/1947/1942
f 2217/1947/1942 2187/2136/2131 2216/2137/2132
f 2217/1947/1942 2216/2137/2132 2052/1949/1944
f 2052/1949/1944 2216/2137/2132 2053/2138/2133
f 2052/1949/1944 2053/2138/2133 2069/1951/1946
f 2069/1951/1946 2053/2138/2133 2068/2139/2134
f 2069/1951/1946 2068/2139/2134 2245/1953/1948
f 2245/1953/1948 2068/2139/2134 2244/2140/2135
f 2245/1953/1948 2244/2140/2135 2142/1955/1950
f 2142/1955/1950 2244/2140/2135 2143/2007/2002
f 1192/2141/1281 2094/2142/2136 1193/2134/2129
f 1193/2134/2129 2094/2142/2136 2095/2143/2137
f 1193/2134/2129 2095/2143/2137 2096/2144/2138
f 2096/2144/2138 2095/2143/2137 2185/2145/2139
f 2096/2144/2138 2185/2145/2139 2186/2146/2140
f 2186/2146/2140 2185/2145/2139 2215/2147/2141
f 2186/2146/2140 2215/2147/2141 2216/2137/2132
f 2216/2137/2132 2215/2147/2141 2053/2138/2133
f 1035/2148/2142 2091/2149/2143 1192/2141/1281
f 1192/2141/1281 2091/2149/2143 2092/2150/2144
f 1192/2141/1281 2092/2150/2144 2093/2151/2145
f 2093/2151/2145 2092/2150/2144 2182/2152/2146
f 2093/2151/2145 2182/2152/2146 2183/2153/2147
f 2183/2153/2147 2182/2152/2146 2212/2154/2148
f 2183/2153/2147 2212/2154/2148 2213/2155/2149
f 2213/2155/2149 2212/2154/2148 2056/2156/2150
f 2213/2155/2149 2056/2156/2150 2055/2157/2151
f 2055/2157/2151 2056/2156/2150 2066/2158/2152
f 2055/2157/2151 2066/2158/2152 2067/2159/2153
f 2067/2159/2153 2066/2158/2152 2243/2160/2154
f 2067/2159/2153 2243/2160/2154 2244/2140/2135
f 2244/2140/2135 2243/2160/2154 2143/2007/2002
f 1035/2148/2142 1034/2161/2155 2091/2149/2143
f 2091/2149/2143 1034/2161/2155 2180/2162/2156
f 2091/2149/2143 2180/2162/2156 2181/2163/2157
f 2181/2163/2157 2180/2162/2156 2210/2164/2158
f 2181/2163/2157 2210/2164/2158 2211/2165/2159
f 2211/2165/2159 2210/2164/2158 2058/2166/2160
f 2211/2165/2159 2058/2166/2160 2057/2167/2161
f 2057/2167/2161 2058/2166/2160 2064/2168/2162
f 2057/2167/2161 2064/2168/2162 2065/2169/2163
f 2065/2169/2163 2064/2168/2162 2241/2170/2164
f 2065/2169/2163 2241/2170/2164 2242/2171/2165
f 2242/2171/2165 2241/2170/2164 2145/2003/1998
f 2242/2171/2165 2145/2003/1998 2144/2005/2000
f 1033/1991/1986 2061/2172/2166 1034/2161/2155
f 1034/2161/2155 2061/2172/2166 2060/2173/2167
f 1034/2161/2155 2060/2173/2167 1793/2174/2168
f 1793/2174/2168 2060/2173/2167 2059/2175/2169
f 1793/2174/2168 2059/2175/2169 2210/2164/2158
f 2210/2164/2158 2059/2175/2169 2058/2166/2160
f 1031/2176/2170 1786/2177/2171 1032/1990/1985
f 1032/1990/1985 1786/2177/2171 1824/2178/2172
f 1032/1990/1985 1824/2178/2172 1912/2179/2173
f 1912/2179/2173 1824/2178/2172 1882/2180/2174
f 1912/2179/2173 1882/2180/2174 1911/2181/2175
f 1911/2181/2175 1882/2180/2174 1881/2182/2176
f 1911/2181/2175 1881/2182/2176 1910/2183/2177
f 1910/2183/2177 1881/2182/2176 1880/2184/2178
f 1910/2183/2177 1880/2184/2178 1909/1982/1977
f 1909/1982/1977 1880/2184/2178 1879/1980/1975
f 1786/2177/2171 1031/2176/2170 1823/2185/2179
f 1823/2185/2179 1031/2176/2170 1773/2186/2180
f 1823/2185/2179 1773/2186/2180 1774/2187/2181
f 1775/2188/2182 1821/2189/2183 1774/2187/2181
f 1774/2187/2181 1821/2189/2183 1822/2190/2184
f 1774/2187/2181 1822/2190/2184 1823/2185/2179
f 1823/2185/2179 1822/2190/2184 1786/2177/2171
f 1776/2191/2185 1819/2192/2186 1775/2188/2182
f 1775/2188/2182 1819/2192/2186 1820/2193/2187
f 1775/2188/2182 1820/2193/2187 1821/2189/2183
f 1821/2189/2183 1820/2193/2187 1826/2194/2188
f 1821/2189/2183 1826/2194/2188 1825/2195/2189
f 1825/2195/2189 1826/2194/2188 1882/2180/2174
f 1825/2195/2189 1882/2180/2174 1824/2178/2172
f 1777/1974/1969 1817/1976/1971 1776/2191/2185
f 1776/2191/2185 1817/1976/1971 1818/2196/2190
f 1776/2191/2185 1818/2196/2190 1819/2192/2186
f 1819/2192/2186 1818/2196/2190 1828/2197/2191
f 1819/2192/2186 1828/2197/2191 1827/2198/2192
f 1827/2198/2192 1828/2197/2191 1880/2184/2178
f 1827/2198/2192 1880/2184/2178 1881/2182/2176
f 1778/2199/2193 1812/2200/2194 1777/1974/1969
f 1777/1974/1969 1812/2200/2194 1813/2201/2195
f 1777/1974/1969 1813/2201/2195 1814/1972/1967
f 1814/1972/1967 1813/2201/2195 1833/1970/1965
f 1779/2202/2196 1806/2203/2197 1778/2199/2193
f 1778/2199/2193 1806/2203/2197 1807/2204/2198
f 1778/2199/2193 1807/2204/2198 1808/2205/2199
f 1808/2205/2199 1807/2204/2198 1839/2206/2200
f 1808/2205/2199 1839/2206/2200 1838/2207/2201
f 1838/2207/2201 1839/2206/2200 1869/2208/2202
f 1838/2207/2201 1869/2208/2202 1870/2209/2203
f 1870/2209/2203 1869/2208/2202 1899/2210/2204
f 1870/2209/2203 1899/2210/2204 1900/2211/2205
f 1900/2211/2205 1899/2210/2204 2163/2212/2206
f 1900/2211/2205 2163/2212/2206 2162/2213/2207
f 2162/2213/2207 2163/2212/2206 1953/2214/2208
f 2162/2213/2207 1953/2214/2208 1952/2215/2209
f 1952/2215/2209 1953/2214/2208 1931/2216/2210
f 1952/2215/2209 1931/2216/2210 1932/1960/1955
f 1932/1960/1955 1931/2216/2210 2010/1958/1953
f 1780/2217/2211 1804/2218/2212 1779/2202/2196
f 1779/2202/2196 1804/2218/2212 1805/2219/2213
f 1779/2202/2196 1805/2219/2213 1806/2203/2197
f 1806/2203/2197 1805/2219/2213 1841/2220/2214
f 1806/2203/2197 1841/2220/2214 1840/2221/2215
f 1840/2221/2215 1841/2220/2214 1867/2222/2216
f 1840/2221/2215 1867/2222/2216 1868/2223/2217
f 1868/2223/2217 1867/2222/2216 1897/2224/2218
f 1868/2223/2217 1897/2224/2218 1898/2225/2219
f 1898/2225/2219 1897/2224/2218 2165/2226/2220
f 1898/2225/2219 2165/2226/2220 2164/2227/2221
f 2164/2227/2221 2165/2226/2220 1955/2228/2222
f 2164/2227/2221 1955/2228/2222 1954/2229/2223
f 1954/2229/2223 1955/2228/2222 1929/2230/2224
f 1954/2229/2223 1929/2230/2224 1930/2231/2225
f 1930/2231/2225 1929/2230/2224 2012/2232/2226
f 1930/2231/2225 2012/2232/2226 2011/2233/2227
f 2011/2233/2227 2012/2232/2226 1991/2234/2228
f 2011/2233/2227 1991/2234/2228 1992/1956/1951
f 1992/1956/1951 1991/2234/2228 2141/1954/1949
f 1781/2235/2229 1802/2236/2230 1780/2217/2211
f 1780/2217/2211 1802/2236/2230 1803/2237/2231
f 1780/2217/2211 1803/2237/2231 1804/2218/2212
f 1804/2218/2212 1803/2237/2231 1843/2238/2232
f 1804/2218/2212 1843/2238/2232 1842/2239/2233
f 1842/2239/2233 1843/2238/2232 1865/2240/2234
f 1842/2239/2233 1865/2240/2234 1866/2241/2235
f 1866/2241/2235 1865/2240/2234 1895/2242/2236
f 1866/2241/2235 1895/2242/2236 1896/2243/2237
f 1896/2243/2237 1895/2242/2236 2167/2244/2238
f 1896/2243/2237 2167/2244/2238 2166/2245/2239
f 2166/2245/2239 2167/2244/2238 1957/2246/2240
f 2166/2245/2239 1957/2246/2240 1956/2247/2241
f 1956/2247/2241 1957/2246/2240 1927/2248/2242
f 1956/2247/2241 1927/2248/2242 1928/2249/2243
f 1928/2249/2243 1927/2248/2242 2014/2250/2244
f 1928/2249/2243 2014/2250/2244 2013/2251/2245
f 2013/2251/2245 2014/2250/2244 1989/2252/2246
f 2013/2251/2245 1989/2252/2246 1990/2253/2247
f 1990/2253/2247 1989/2252/2246 2139/2254/2248
f 1990/2253/2247 2139/2254/2248 2140/2255/2249
f 2140/2255/2249 2139/2254/2248 2247/2256/2250
f 2140/2255/2249 2247/2256/2250 2246/1952/1947
f 2246/1952/1947 2247/2256/2250 2070/1950/1945
f 1782/2257/2251 1799/2258/2252 1781/2235/2229
f 1781/2235/2229 1799/2258/2252 1800/2259/2253
f 1781/2235/2229 1800/2259/2253 1801/2260/2254
f 1801/2260/2254 1800/2259/2253 1846/2261/2255
f 1801/2260/2254 1846/2261/2255 1845/2262/2256
f 1845/2262/2256 1846/2261/2255 1862/2263/2257
f 1845/2262/2256 1862/2263/2257 1863/2264/2258
f 1863/2264/2258 1862/2263/2257 1892/2265/2259
f 1863/2264/2258 1892/2265/2259 1893/2266/2260
f 1893/2266/2260 1892/2265/2259 2170/2267/2261
f 1893/2266/2260 2170/2267/2261 2169/2268/2262
f 2169/2268/2262 2170/2267/2261 1960/2269/2263
f 2169/2268/2262 1960/2269/2263 1959/2270/2264
f 1959/2270/2264 1960/2269/2263 1924/2271/2265
f 1959/2270/2264 1924/2271/2265 1925/2272/2266
f 1925/2272/2266 1924/2271/2265 2017/2273/2267
f 1925/2272/2266 2017/2273/2267 2016/2274/2268
f 2016/2274/2268 2017/2273/2267 1986/2275/2269
f 2016/2274/2268 1986/2275/2269 1987/2276/2270
f 1987/2276/2270 1986/2275/2269 2136/2277/2271
f 1987/2276/2270 2136/2277/2271 2137/2278/2272
f 2137/2278/2272 2136/2277/2271 2250/2279/2273
f 2137/2278/2272 2250/2279/2273 2249/2280/2274
f 2249/2280/2274 2250/2279/2273 2073/2281/2275
f 2249/2280/2274 2073/2281/2275 2072/2282/2276
f 2072/2282/2276 2073/2281/2275 2049/2283/2277
f 2072/2282/2276 2049/2283/2277 2050/2284/2278
f 2050/2284/2278 2049/2283/2277 2219/2285/2279
f 2050/2284/2278 2219/2285/2279 2218/1946/1941
f 2218/1946/1941 2219/2285/2279 2189/1944/1939
f 1782/2257/2251 1783/2286/2280 1799/2258/2252
f 1799/2258/2252 1783/2286/2280 1798/2287/2281
f 1799/2258/2252 1798/2287/2281 1848/2288/2282
f 1848/2288/2282 1798/2287/2281 1849/1910/1905
f 1848/2288/2282 1849/1910/1905 1859/1912/1907
f 1783/2286/2280 1784/2289/2283 1798/2287/2281
f 1798/2287/2281 1784/2289/2283 1797/1908/1903
f 1798/2287/2281 1797/1908/1903 1849/1910/1905
f 1784/2289/2283 1785/1906/1901 1797/1908/1903
f 1788/1988/1983 1032/1990/1985 1942/2290/2284
f 1942/2290/2284 1032/1990/1985 2151/2291/2285
f 1942/2290/2284 2151/2291/2285 2152/2292/2286
f 2152/2292/2286 2151/2291/2285 1911/2181/2175
f 2152/2292/2286 1911/2181/2175 1910/2183/2177
f 1048/2023/2018 2030/2040/2035 1790/2024/2019
f 1790/2024/2019 2030/2040/2035 2029/2042/2037
f 1790/2024/2019 2029/2042/2037 1913/2293/2287
f 1913/2293/2287 2029/2042/2037 2028/2044/2039
f 1913/2293/2287 2028/2044/2039 1914/2294/2288
f 1914/2294/2288 2028/2044/2039 2027/2046/2041
f 1914/2294/2288 2027/2046/2041 1915/2295/2289
f 1915/2295/2289 2027/2046/2041 2026/2048/2043
f 1915/2295/2289 2026/2048/2043 1916/2296/2290
f 1916/2296/2290 2026/2048/2043 2025/2050/2045
f 1916/2296/2290 2025/2050/2045 1917/2297/2291
f 1917/2297/2291 2025/2050/2045 2024/2052/2047
f 1917/2297/2291 2024/2052/2047 1918/2298/2292
f 1918/2298/2292 2024/2052/2047 2023/2054/2049
f 1918/2298/2292 2023/2054/2049 1919/2299/2293
f 1919/2299/2293 2023/2054/2049 2022/2056/2051
f 1919/2299/2293 2022/2056/2051 1920/1919/1914
f 1920/1919/1914 2022/2056/2051 2021/1921/1916
f 1033/1991/1986 2150/1993/1988 1791/2300/2294
f 1791/2300/2294 2150/1993/1988 2149/1995/1990
f 1791/2300/2294 2149/1995/1990 2238/2301/2295
f 2238/2301/2295 2149/1995/1990 2148/1997/1992
f 2238/2301/2295 2148/1997/1992 2239/2302/2296
f 2239/2302/2296 2148/1997/1992 2147/1999/1994
f 2239/2302/2296 2147/1999/1994 2240/2303/2297
f 2240/2303/2297 2147/1999/1994 2146/2001/1996
f 2240/2303/2297 2146/2001/1996 2241/2170/2164
f 2241/2170/2164 2146/2001/1996 2145/2003/1998
f 1792/2304/2298 1047/2037/2032 2090/2305/2299
f 2090/2305/2299 1047/2037/2032 2031/2061/2056
f 2090/2305/2299 2031/2061/2056 2032/2063/2058
f 2180/2162/2156 1034/2161/2155 1793/2174/2168
f 1802/2236/2230 1781/2235/2229 1801/2260/2254
f 1800/2259/2253 1799/2258/2252 1847/2306/2300
f 1847/2306/2300 1799/2258/2252 1848/2288/2282
f 1847/2306/2300 1848/2288/2282 1860/2307/2301
f 1860/2307/2301 1848/2288/2282 1859/1912/1907
f 1860/2307/2301 1859/1912/1907 1889/1914/1909
f 1801/2260/2254 1845/2262/2256 1802/2236/2230
f 1802/2236/2230 1845/2262/2256 1844/2308/2302
f 1802/2236/2230 1844/2308/2302 1803/2237/2231
f 1803/2237/2231 1844/2308/2302 1843/2238/2232
f 1841/2220/2214 1805/2219/2213 1842/2239/2233
f 1842/2239/2233 1805/2219/2213 1804/2218/2212
f 1839/2206/2200 1807/2204/2198 1840/2221/2215
f 1840/2221/2215 1807/2204/2198 1806/2203/2197
f 1808/2205/2199 1809/2309/2303 1778/2199/2193
f 1778/2199/2193 1809/2309/2303 1810/2310/2304
f 1778/2199/2193 1810/2310/2304 1811/2311/2305
f 1811/2311/2305 1810/2310/2304 1836/2312/2306
f 1811/2311/2305 1836/2312/2306 1835/2313/2307
f 1835/2313/2307 1836/2312/2306 1872/2314/2308
f 1835/2313/2307 1872/2314/2308 1873/2315/2309
f 1873/2315/2309 1872/2314/2308 1902/2316/2310
f 1873/2315/2309 1902/2316/2310 1903/1966/1961
f 1903/1966/1961 1902/2316/2310 2160/1964/1959
f 1808/2205/2199 1838/2207/2201 1809/2309/2303
f 1809/2309/2303 1838/2207/2201 1837/2317/2311
f 1809/2309/2303 1837/2317/2311 1810/2310/2304
f 1810/2310/2304 1837/2317/2311 1836/2312/2306
f 1812/2200/2194 1778/2199/2193 1811/2311/2305
f 1811/2311/2305 1835/2313/2307 1812/2200/2194
f 1812/2200/2194 1835/2313/2307 1834/2318/2312
f 1812/2200/2194 1834/2318/2312 1813/2201/2195
f 1813/2201/2195 1834/2318/2312 1833/1970/1965
f 1816/1975/1970 1815/1973/1968 1831/2319/2313
f 1831/2319/2313 1815/1973/1968 1832/1971/1966
f 1831/2319/2313 1832/1971/1966 1876/2320/2314
f 1876/2320/2314 1832/1971/1966 1875/1969/1964
f 1876/2320/2314 1875/1969/1964 1905/2321/2315
f 1905/2321/2315 1875/1969/1964 1904/1967/1962
f 1905/2321/2315 1904/1967/1962 2158/2322/2316
f 2158/2322/2316 1904/1967/1962 2159/1965/1960
f 2158/2322/2316 2159/1965/1960 1949/2323/2317
f 1949/2323/2317 2159/1965/1960 1950/1963/1958
f 1949/2323/2317 1950/1963/1958 1934/2324/2318
f 1934/2324/2318 1950/1963/1958 1933/1961/1956
f 1934/2324/2318 1933/1961/1956 2008/2325/2319
f 2008/2325/2319 1933/1961/1956 2009/1959/1954
f 2008/2325/2319 2009/1959/1954 1994/2006/2001
f 1994/2006/2001 2009/1959/1954 1993/1957/1952
f 1828/2197/2191 1818/2196/2190 1829/1978/1973
f 1829/1978/1973 1818/2196/2190 1817/1976/1971
f 1826/2194/2188 1820/2193/2187 1827/2198/2192
f 1827/2198/2192 1820/2193/2187 1819/2192/2186
f 1786/2177/2171 1822/2190/2184 1825/2195/2189
f 1825/2195/2189 1822/2190/2184 1821/2189/2183
f 1786/2177/2171 1825/2195/2189 1824/2178/2172
f 1881/2182/2176 1882/2180/2174 1826/2194/2188
f 1826/2194/2188 1827/2198/2192 1881/2182/2176
f 1879/1980/1975 1880/2184/2178 1828/2197/2191
f 1828/2197/2191 1829/1978/1973 1879/1980/1975
f 1830/1977/1972 1831/2319/2313 1877/2326/2320
f 1877/2326/2320 1831/2319/2313 1876/2320/2314
f 1877/2326/2320 1876/2320/2314 1906/2327/2321
f 1906/2327/2321 1876/2320/2314 1905/2321/2315
f 1906/2327/2321 1905/2321/2315 2157/2328/2322
f 2157/2328/2322 1905/2321/2315 2158/2322/2316
f 2157/2328/2322 2158/2322/2316 1948/2329/2323
f 1948/2329/2323 2158/2322/2316 1949/2323/2317
f 1948/2329/2323 1949/2323/2317 1935/2330/2324
f 1935/2330/2324 1949/2323/2317 1934/2324/2318
f 1935/2330/2324 1934/2324/2318 2007/2331/2325
f 2007/2331/2325 1934/2324/2318 2008/2325/2319
f 2007/2331/2325 2008/2325/2319 1995/2004/1999
f 1995/2004/1999 2008/2325/2319 1994/2006/2001
f 1831/2319/2313 1830/1977/1972 1816/1975/1970
f 1833/1970/1965 1834/2318/2312 1874/1968/1963
f 1874/1968/1963 1834/2318/2312 1873/2315/2309
f 1874/1968/1963 1873/2315/2309 1903/1966/1961
f 1834/2318/2312 1835/2313/2307 1873/2315/2309
f 1836/2312/2306 1837/2317/2311 1871/2332/2326
f 1871/2332/2326 1837/2317/2311 1870/2209/2203
f 1871/2332/2326 1870/2209/2203 1900/2211/2205
f 1837/2317/2311 1838/2207/2201 1870/2209/2203
f 1869/2208/2202 1839/2206/2200 1868/2223/2217
f 1868/2223/2217 1839/2206/2200 1840/2221/2215
f 1867/2222/2216 1841/2220/2214 1866/2241/2235
f 1866/2241/2235 1841/2220/2214 1842/2239/2233
f 1843/2238/2232 1844/2308/2302 1864/2333/2327
f 1864/2333/2327 1844/2308/2302 1863/2264/2258
f 1864/2333/2327 1863/2264/2258 1893/2266/2260
f 1844/2308/2302 1845/2262/2256 1863/2264/2258
f 1846/2261/2255 1847/2306/2300 1861/2334/2328
f 1861/2334/2328 1847/2306/2300 1860/2307/2301
f 1861/2334/2328 1860/2307/2301 1890/2335/2329
f 1890/2335/2329 1860/2307/2301 1889/1914/1909
f 1890/2335/2329 1889/1914/1909 2173/1916/1911
f 1847/2306/2300 1846/2261/2255 1800/2259/2253
f 1857/2021/2016 1858/1911/1906 1850/1909/1904
f 1856/2019/2014 1857/2021/2016 1851/2012/2007
f 1851/2012/2007 1857/2021/2016 1850/1909/1904
f 1855/2017/2012 1856/2019/2014 1852/2011/2006
f 1852/2011/2006 1856/2019/2014 1851/2012/2007
f 1854/2009/2004 1855/2017/2012 1853/2010/2005
f 1853/2010/2005 1855/2017/2012 1852/2011/2006
f 1846/2261/2255 1861/2334/2328 1862/2263/2257
f 1862/2263/2257 1861/2334/2328 1891/2336/2330
f 1862/2263/2257 1891/2336/2330 1892/2265/2259
f 1892/2265/2259 1891/2336/2330 2171/2337/2331
f 1892/2265/2259 2171/2337/2331 2170/2267/2261
f 2170/2267/2261 2171/2337/2331 1961/2338/2332
f 2170/2267/2261 1961/2338/2332 1960/2269/2263
f 1960/2269/2263 1961/2338/2332 1923/2339/2333
f 1960/2269/2263 1923/2339/2333 1924/2271/2265
f 1924/2271/2265 1923/2339/2333 2018/2340/2334
f 1924/2271/2265 2018/2340/2334 2017/2273/2267
f 2017/2273/2267 2018/2340/2334 1985/2341/2335
f 2017/2273/2267 1985/2341/2335 1986/2275/2269
f 1986/2275/2269 1985/2341/2335 2135/2342/2336
f 1986/2275/2269 2135/2342/2336 2136/2277/2271
f 2136/2277/2271 2135/2342/2336 2251/2343/2337
f 2136/2277/2271 2251/2343/2337 2250/2279/2273
f 2250/2279/2273 2251/2343/2337 2074/2344/2338
f 2250/2279/2273 2074/2344/2338 2073/2281/2275
f 2073/2281/2275 2074/2344/2338 2048/2345/2339
f 2073/2281/2275 2048/2345/2339 2049/2283/2277
f 2049/2283/2277 2048/2345/2339 2220/2346/2340
f 2049/2283/2277 2220/2346/2340 2219/2285/2279
f 2219/2285/2279 2220/2346/2340 2190/2347/2341
f 2219/2285/2279 2190/2347/2341 2189/1944/1939
f 2189/1944/1939 2190/2347/2341 2100/1942/1937
f 1891/2336/2330 1861/2334/2328 1890/2335/2329
f 1843/2238/2232 1864/2333/2327 1865/2240/2234
f 1865/2240/2234 1864/2333/2327 1894/2348/2342
f 1865/2240/2234 1894/2348/2342 1895/2242/2236
f 1895/2242/2236 1894/2348/2342 2168/2349/2343
f 1895/2242/2236 2168/2349/2343 2167/2244/2238
f 2167/2244/2238 2168/2349/2343 1958/2350/2344
f 2167/2244/2238 1958/2350/2344 1957/2246/2240
f 1957/2246/2240 1958/2350/2344 1926/2351/2345
f 1957/2246/2240 1926/2351/2345 1927/2248/2242
f 1927/2248/2242 1926/2351/2345 2015/2352/2346
f 1927/2248/2242 2015/2352/2346 2014/2250/2244
f 2014/2250/2244 2015/2352/2346 1988/2353/2347
f 2014/2250/2244 1988/2353/2347 1989/2252/2246
f 1989/2252/2246 1988/2353/2347 2138/2354/2348
f 1989/2252/2246 2138/2354/2348 2139/2254/2248
f 2139/2254/2248 2138/2354/2348 2248/2355/2349
f 2139/2254/2248 2248/2355/2349 2247/2256/2250
f 2247/2256/2250 2248/2355/2349 2071/2356/2350
f 2247/2256/2250 2071/2356/2350 2070/1950/1945
f 2070/1950/1945 2071/2356/2350 2051/1948/1943
f 1894/2348/2342 1864/2333/2327 1893/2266/2260
f 1897/2224/2218 1867/2222/2216 1896/2243/2237
f 1896/2243/2237 1867/2222/2216 1866/2241/2235
f 1899/2210/2204 1869/2208/2202 1898/2225/2219
f 1898/2225/2219 1869/2208/2202 1868/2223/2217
f 1836/2312/2306 1871/2332/2326 1872/2314/2308
f 1872/2314/2308 1871/2332/2326 1901/2357/2351
f 1872/2314/2308 1901/2357/2351 1902/2316/2310
f 1902/2316/2310 1901/2357/2351 2161/2358/2352
f 1902/2316/2310 2161/2358/2352 2160/1964/1959
f 2160/1964/1959 2161/2358/2352 1951/1962/1957
f 1901/2357/2351 1871/2332/2326 1900/2211/2205
f 1830/1977/1972 1877/2326/2320 1878/1979/1974
f 1878/1979/1974 1877/2326/2320 1907/2359/2353
f 1878/1979/1974 1907/2359/2353 1908/1981/1976
f 1908/1981/1976 1907/2359/2353 2155/2360/2354
f 1908/1981/1976 2155/2360/2354 2154/1983/1978
f 2154/1983/1978 2155/2360/2354 1945/2361/2355
f 2154/1983/1978 1945/2361/2355 1944/1985/1980
f 1944/1985/1980 1945/2361/2355 1939/2362/2356
f 1944/1985/1980 1939/2362/2356 1940/1987/1982
f 1940/1987/1982 1939/2362/2356 2002/2363/2357
f 1940/1987/1982 2002/2363/2357 1941/1989/1984
f 1941/1989/1984 2002/2363/2357 2001/1992/1987
f 1907/2359/2353 1877/2326/2320 1906/2327/2321
f 1789/2014/2009 2179/2027/2022 1883/2015/2010
f 1883/2015/2010 2179/2027/2022 1884/2016/2011
f 2179/2027/2022 2178/2029/2024 1884/2016/2011
f 1884/2016/2011 2178/2029/2024 1885/2018/2013
f 2178/2029/2024 2177/2031/2026 1885/2018/2013
f 1885/2018/2013 2177/2031/2026 1886/2020/2015
f 2177/2031/2026 2176/2033/2028 1886/2020/2015
f 1886/2020/2015 2176/2033/2028 1887/2022/2017
f 2176/2033/2028 2175/2035/2030 1887/2022/2017
f 1887/2022/2017 2175/2035/2030 1888/1913/1908
f 2175/2035/2030 2174/1915/1910 1888/1913/1908
f 1891/2336/2330 1890/2335/2329 2172/2364/2358
f 2172/2364/2358 1890/2335/2329 2173/1916/1911
f 2172/2364/2358 2173/1916/1911 1963/1918/1913
f 2168/2349/2343 1894/2348/2342 2169/2268/2262
f 2169/2268/2262 1894/2348/2342 1893/2266/2260
f 2165/2226/2220 1897/2224/2218 2166/2245/2239
f 2166/2245/2239 1897/2224/2218 1896/2243/2237
f 2163/2212/2206 1899/2210/2204 2164/2227/2221
f 2164/2227/2221 1899/2210/2204 1898/2225/2219
f 2161/2358/2352 1901/2357/2351 2162/2213/2207
f 2162/2213/2207 1901/2357/2351 1900/2211/2205
f 1907/2359/2353 1906/2327/2321 2156/2365/2359
f 2156/2365/2359 1906/2327/2321 2157/2328/2322
f 2156/2365/2359 2157/2328/2322 1947/2366/2360
f 1947/2366/2360 2157/2328/2322 1948/2329/2323
f 1947/2366/2360 1948/2329/2323 1936/2367/2361
f 1936/2367/2361 1948/2329/2323 1935/2330/2324
f 1936/2367/2361 1935/2330/2324 2006/2368/2362
f 2006/2368/2362 1935/2330/2324 2007/2331/2325
f 2006/2368/2362 2007/2331/2325 1996/2002/1997
f 1996/2002/1997 2007/2331/2325 1995/2004/1999
f 2152/2292/2286 1910/2183/2177 2153/1984/1979
f 2153/1984/1979 1910/2183/2177 1909/1982/1977
f 1032/1990/1985 1912/2179/2173 2151/2291/2285
f 2151/2291/2285 1912/2179/2173 1911/2181/2175
f 1970/2026/2021 1971/2025/2020 1913/2293/2287
f 1913/2293/2287 1971/2025/2020 1790/2024/2019
f 1969/2028/2023 1970/2026/2021 1914/2294/2288
f 1914/2294/2288 1970/2026/2021 1913/2293/2287
f 1968/2030/2025 1969/2028/2023 1915/2295/2289
f 1915/2295/2289 1969/2028/2023 1914/2294/2288
f 1967/2032/2027 1968/2030/2025 1916/2296/2290
f 1916/2296/2290 1968/2030/2025 1915/2295/2289
f 1966/2034/2029 1967/2032/2027 1917/2297/2291
f 1917/2297/2291 1967/2032/2027 1916/2296/2290
f 1965/2036/2031 1966/2034/2029 1918/2298/2292
f 1918/2298/2292 1966/2034/2029 1917/2297/2291
f 1964/1917/1912 1965/2036/2031 1919/2299/2293
f 1919/2299/2293 1965/2036/2031 1918/2298/2292
f 1919/2299/2293 1920/1919/1914 1964/1917/1912
f 1921/1920/1915 1922/2369/2363 1962/2370/2364
f 1962/2370/2364 1922/2369/2363 1961/2338/2332
f 1962/2370/2364 1961/2338/2332 2171/2337/2331
f 1961/2338/2332 1922/2369/2363 1923/2339/2333
f 1923/2339/2333 1922/2369/2363 2019/2371/2365
f 1923/2339/2333 2019/2371/2365 2018/2340/2334
f 2018/2340/2334 2019/2371/2365 1984/2372/2366
f 2018/2340/2334 1984/2372/2366 1985/2341/2335
f 1985/2341/2335 1984/2372/2366 2134/2373/2367
f 1985/2341/2335 2134/2373/2367 2135/2342/2336
f 2135/2342/2336 2134/2373/2367 2252/2374/2368
f 2135/2342/2336 2252/2374/2368 2251/2343/2337
f 2251/2343/2337 2252/2374/2368 2075/2375/2369
f 2251/2343/2337 2075/2375/2369 2074/2344/2338
f 2074/2344/2338 2075/2375/2369 2047/2376/2370
f 2074/2344/2338 2047/2376/2370 2048/2345/2339
f 2048/2345/2339 2047/2376/2370 2221/2377/2371
f 2048/2345/2339 2221/2377/2371 2220/2346/2340
f 2220/2346/2340 2221/2377/2371 2191/2378/2372
f 2220/2346/2340 2191/2378/2372 2190/2347/2341
f 2190/2347/2341 2191/2378/2372 2101/1940/1935
f 2190/2347/2341 2101/1940/1935 2100/1942/1937
f 2019/2371/2365 1922/2369/2363 2020/1922/1917
f 2020/1922/1917 1922/2369/2363 1921/1920/1915
f 1959/2270/2264 1925/2272/2266 1958/2350/2344
f 1958/2350/2344 1925/2272/2266 1926/2351/2345
f 2015/2352/2346 1926/2351/2345 2016/2274/2268
f 2016/2274/2268 1926/2351/2345 1925/2272/2266
f 1956/2247/2241 1928/2249/2243 1955/2228/2222
f 1955/2228/2222 1928/2249/2243 1929/2230/2224
f 2012/2232/2226 1929/2230/2224 2013/2251/2245
f 2013/2251/2245 1929/2230/2224 1928/2249/2243
f 1954/2229/2223 1930/2231/2225 1953/2214/2208
f 1953/2214/2208 1930/2231/2225 1931/2216/2210
f 2010/1958/1953 1931/2216/2210 2011/2233/2227
f 2011/2233/2227 1931/2216/2210 1930/2231/2225
f 1952/2215/2209 1932/1960/1955 1951/1962/1957
f 1936/2367/2361 1937/2379/2373 1947/2366/2360
f 1947/2366/2360 1937/2379/2373 1946/2380/2374
f 1947/2366/2360 1946/2380/2374 2156/2365/2359
f 2156/2365/2359 1946/2380/2374 2155/2360/2354
f 2156/2365/2359 2155/2360/2354 1907/2359/2353
f 1937/2379/2373 1938/2381/2375 1946/2380/2374
f 1946/2380/2374 1938/2381/2375 1945/2361/2355
f 1946/2380/2374 1945/2361/2355 2155/2360/2354
f 1937/2379/2373 1936/2367/2361 2005/2382/2376
f 2005/2382/2376 1936/2367/2361 2006/2368/2362
f 2005/2382/2376 2006/2368/2362 1997/2000/1995
f 1997/2000/1995 2006/2368/2362 1996/2002/1997
f 1945/2361/2355 1938/2381/2375 1939/2362/2356
f 1939/2362/2356 1938/2381/2375 2003/2383/2377
f 1939/2362/2356 2003/2383/2377 2002/2363/2357
f 2002/2363/2357 2003/2383/2377 2000/1994/1989
f 2002/2363/2357 2000/1994/1989 2001/1992/1987
f 1938/2381/2375 1937/2379/2373 2004/2384/2378
f 2004/2384/2378 1937/2379/2373 2005/2382/2376
f 2004/2384/2378 2005/2382/2376 1998/1998/1993
f 1998/1998/1993 2005/2382/2376 1997/2000/1995
f 1788/1988/1983 1942/2290/2284 1943/1986/1981
f 1943/1986/1981 1942/2290/2284 2152/2292/2286
f 1943/1986/1981 2152/2292/2286 2153/1984/1979
f 2162/2213/2207 1952/2215/2209 2161/2358/2352
f 2161/2358/2352 1952/2215/2209 1951/1962/1957
f 2164/2227/2221 1954/2229/2223 2163/2212/2206
f 2163/2212/2206 1954/2229/2223 1953/2214/2208
f 2166/2245/2239 1956/2247/2241 2165/2226/2220
f 2165/2226/2220 1956/2247/2241 1955/2228/2222
f 2169/2268/2262 1959/2270/2264 2168/2349/2343
f 2168/2349/2343 1959/2270/2264 1958/2350/2344
f 2172/2364/2358 1963/1918/1913 1962/2370/2364
f 1962/2370/2364 1963/1918/1913 1921/1920/1915
f 2172/2364/2358 1962/2370/2364 2171/2337/2331
f 1973/2041/2036 1972/2039/2034 2122/2385/2379
f 2122/2385/2379 1972/2039/2034 2121/2038/2033
f 2122/2385/2379 2121/2038/2033 2265/2386/2380
f 2265/2386/2380 2121/2038/2033 1792/2304/2298
f 2265/2386/2380 1792/2304/2298 2089/2387/2381
f 2089/2387/2381 1792/2304/2298 2090/2305/2299
f 2089/2387/2381 2090/2305/2299 2032/2063/2058
f 1974/2043/2038 1973/2041/2036 2123/2388/2382
f 2123/2388/2382 1973/2041/2036 2122/2385/2379
f 2123/2388/2382 2122/2385/2379 2264/2389/2383
f 2264/2389/2383 2122/2385/2379 2265/2386/2380
f 2264/2389/2383 2265/2386/2380 2088/2390/2384
f 2088/2390/2384 2265/2386/2380 2089/2387/2381
f 2088/2390/2384 2089/2387/2381 2033/2065/2060
f 2033/2065/2060 2089/2387/2381 2032/2063/2058
f 1975/2045/2040 1974/2043/2038 2124/2391/2385
f 2124/2391/2385 1974/2043/2038 2123/2388/2382
f 2124/2391/2385 2123/2388/2382 2263/2392/2386
f 2263/2392/2386 2123/2388/2382 2264/2389/2383
f 2263/2392/2386 2264/2389/2383 2087/2393/2387
f 2087/2393/2387 2264/2389/2383 2088/2390/2384
f 2087/2393/2387 2088/2390/2384 2034/2067/2062
f 2034/2067/2062 2088/2390/2384 2033/2065/2060
f 1976/2047/2042 1975/2045/2040 2125/2394/2388
f 2125/2394/2388 1975/2045/2040 2124/2391/2385
f 2125/2394/2388 2124/2391/2385 2262/2395/2389
f 2262/2395/2389 2124/2391/2385 2263/2392/2386
f 2262/2395/2389 2263/2392/2386 2086/2396/2390
f 2086/2396/2390 2263/2392/2386 2087/2393/2387
f 2086/2396/2390 2087/2393/2387 2035/2069/2064
f 2035/2069/2064 2087/2393/2387 2034/2067/2062
f 1977/2049/2044 1976/2047/2042 2126/2397/2391
f 2126/2397/2391 1976/2047/2042 2125/2394/2388
f 2126/2397/2391 2125/2394/2388 2261/2398/2392
f 2261/2398/2392 2125/2394/2388 2262/2395/2389
f 2261/2398/2392 2262/2395/2389 2085/2399/2393
f 2085/2399/2393 2262/2395/2389 2086/2396/2390
f 2085/2399/2393 2086/2396/2390 2036/2071/2066
f 2036/2071/2066 2086/2396/2390 2035/2069/2064
f 1978/2051/2046 1977/2049/2044 2127/2400/2394
f 2127/2400/2394 1977/2049/2044 2126/2397/2391
f 2127/2400/2394 2126/2397/2391 2260/2401/2395
f 2260/2401/2395 2126/2397/2391 2261/2398/2392
f 2260/2401/2395 2261/2398/2392 2084/2402/2396
f 2084/2402/2396 2261/2398/2392 2085/2399/2393
f 2084/2402/2396 2085/2399/2393 2037/2073/2068
f 2037/2073/2068 2085/2399/2393 2036/2071/2066
f 1979/2053/2048 1978/2051/2046 2128/2403/2397
f 2128/2403/2397 1978/2051/2046 2127/2400/2394
f 2128/2403/2397 2127/2400/2394 2259/2404/2398
f 2259/2404/2398 2127/2400/2394 2260/2401/2395
f 2259/2404/2398 2260/2401/2395 2083/2405/2399
f 2083/2405/2399 2260/2401/2395 2084/2402/2396
f 2083/2405/2399 2084/2402/2396 2038/2075/2070
f 2038/2075/2070 2084/2402/2396 2037/2073/2068
f 1980/2055/2050 1979/2053/2048 2129/2406/2400
f 2129/2406/2400 1979/2053/2048 2128/2403/2397
f 2129/2406/2400 2128/2403/2397 2258/2407/2401
f 2258/2407/2401 2128/2403/2397 2259/2404/2398
f 2258/2407/2401 2259/2404/2398 2082/2408/2402
f 2082/2408/2402 2259/2404/2398 2083/2405/2399
f 2082/2408/2402 2083/2405/2399 2039/2077/2072
f 2039/2077/2072 2083/2405/2399 2038/2075/2070
f 1981/2057/2052 1980/2055/2050 2130/2409/2403
f 2130/2409/2403 1980/2055/2050 2129/2406/2400
f 2130/2409/2403 2129/2406/2400 2257/2410/2404
f 2257/2410/2404 2129/2406/2400 2258/2407/2401
f 2257/2410/2404 2258/2407/2401 2081/2411/2405
f 2081/2411/2405 2258/2407/2401 2082/2408/2402
f 2081/2411/2405 2082/2408/2402 2040/2079/2074
f 2040/2079/2074 2082/2408/2402 2039/2077/2072
f 2019/2371/2365 2020/1922/1917 1983/1924/1919
f 1982/1923/1918 1981/2057/2052 2131/2412/2406
f 2131/2412/2406 1981/2057/2052 2130/2409/2403
f 2131/2412/2406 2130/2409/2403 2256/2413/2407
f 2256/2413/2407 2130/2409/2403 2257/2410/2404
f 2256/2413/2407 2257/2410/2404 2080/2414/2408
f 2080/2414/2408 2257/2410/2404 2081/2411/2405
f 2080/2414/2408 2081/2411/2405 2041/2081/2076
f 2041/2081/2076 2081/2411/2405 2040/2079/2074
f 2019/2371/2365 1983/1924/1919 1984/2372/2366
f 1984/2372/2366 1983/1924/1919 2133/1926/1921
f 1984/2372/2366 2133/1926/1921 2134/2373/2367
f 2134/2373/2367 2133/1926/1921 2253/1928/1923
f 2134/2373/2367 2253/1928/1923 2252/2374/2368
f 2252/2374/2368 2253/1928/1923 2076/1930/1925
f 2252/2374/2368 2076/1930/1925 2075/2375/2369
f 2075/2375/2369 2076/1930/1925 2046/1932/1927
f 2075/2375/2369 2046/1932/1927 2047/2376/2370
f 2047/2376/2370 2046/1932/1927 2222/1934/1929
f 2047/2376/2370 2222/1934/1929 2221/2377/2371
f 2221/2377/2371 2222/1934/1929 2192/1936/1931
f 2221/2377/2371 2192/1936/1931 2191/2378/2372
f 2191/2378/2372 2192/1936/1931 2102/1938/1933
f 2191/2378/2372 2102/1938/1933 2101/1940/1935
f 2015/2352/2346 2016/2274/2268 1987/2276/2270
f 2015/2352/2346 1987/2276/2270 1988/2353/2347
f 1988/2353/2347 1987/2276/2270 2137/2278/2272
f 1988/2353/2347 2137/2278/2272 2138/2354/2348
f 2138/2354/2348 2137/2278/2272 2249/2280/2274
f 2138/2354/2348 2249/2280/2274 2248/2355/2349
f 2248/2355/2349 2249/2280/2274 2072/2282/2276
f 2248/2355/2349 2072/2282/2276 2071/2356/2350
f 2071/2356/2350 2072/2282/2276 2050/2284/2278
f 2071/2356/2350 2050/2284/2278 2051/1948/1943
f 2051/1948/1943 2050/2284/2278 2218/1946/1941
f 2012/2232/2226 2013/2251/2245 1990/2253/2247
f 2012/2232/2226 1990/2253/2247 1991/2234/2228
f 1991/2234/2228 1990/2253/2247 2140/2255/2249
f 1991/2234/2228 2140/2255/2249 2141/1954/1949
f 2141/1954/1949 2140/2255/2249 2246/1952/1947
f 2010/1958/1953 2011/2233/2227 1992/1956/1951
f 1998/1998/1993 1999/1996/1991 2004/2384/2378
f 2004/2384/2378 1999/1996/1991 2003/2383/2377
f 2004/2384/2378 2003/2383/2377 1938/2381/2375
f 1999/1996/1991 2000/1994/1989 2003/2383/2377
f 2041/2081/2076 2042/2083/2078 2080/2414/2408
f 2080/2414/2408 2042/2083/2078 2079/2415/2409
f 2080/2414/2408 2079/2415/2409 2256/2413/2407
f 2256/2413/2407 2079/2415/2409 2255/2416/2410
f 2256/2413/2407 2255/2416/2410 2131/2412/2406
f 2131/2412/2406 2255/2416/2410 2132/1925/1920
f 2131/2412/2406 2132/1925/1920 1982/1923/1918
f 2042/2083/2078 2043/2085/2080 2079/2415/2409
f 2079/2415/2409 2043/2085/2080 2078/2417/2411
f 2079/2415/2409 2078/2417/2411 2255/2416/2410
f 2255/2416/2410 2078/2417/2411 2254/1927/1922
f 2255/2416/2410 2254/1927/1922 2132/1925/1920
f 2043/2085/2080 2044/2087/2082 2078/2417/2411
f 2078/2417/2411 2044/2087/2082 2077/1929/1924
f 2078/2417/2411 2077/1929/1924 2254/1927/1922
f 2044/2087/2082 2045/1931/1926 2077/1929/1924
f 2053/2138/2133 2054/2418/2412 2068/2139/2134
f 2068/2139/2134 2054/2418/2412 2067/2159/2153
f 2068/2139/2134 2067/2159/2153 2244/2140/2135
f 2067/2159/2153 2054/2418/2412 2055/2157/2151
f 2055/2157/2151 2054/2418/2412 2214/2419/2413
f 2055/2157/2151 2214/2419/2413 2213/2155/2149
f 2213/2155/2149 2214/2419/2413 2184/2420/2414
f 2213/2155/2149 2184/2420/2414 2183/2153/2147
f 2183/2153/2147 2184/2420/2414 2094/2142/2136
f 2183/2153/2147 2094/2142/2136 2093/2151/2145
f 2093/2151/2145 2094/2142/2136 1192/2141/1281
f 2214/2419/2413 2054/2418/2412 2215/2147/2141
f 2215/2147/2141 2054/2418/2412 2053/2138/2133
f 2066/2158/2152 2056/2156/2150 2065/2169/2163
f 2065/2169/2163 2056/2156/2150 2057/2167/2161
f 2211/2165/2159 2057/2167/2161 2212/2154/2148
f 2212/2154/2148 2057/2167/2161 2056/2156/2150
f 2058/2166/2160 2059/2175/2169 2063/2421/2415
f 2063/2421/2415 2059/2175/2169 2062/2422/2416
f 2063/2421/2415 2062/2422/2416 2239/2302/2296
f 2239/2302/2296 2062/2422/2416 2238/2301/2295
f 2059/2175/2169 2060/2173/2167 2062/2422/2416
f 2062/2422/2416 2060/2173/2167 2061/2172/2166
f 2062/2422/2416 2061/2172/2166 2238/2301/2295
f 2238/2301/2295 2061/2172/2166 1791/2300/2294
f 2210/2164/2158 2180/2162/2156 1793/2174/2168
f 2058/2166/2160 2063/2421/2415 2064/2168/2162
f 2064/2168/2162 2063/2421/2415 2240/2303/2297
f 2064/2168/2162 2240/2303/2297 2241/2170/2164
f 2240/2303/2297 2063/2421/2415 2239/2302/2296
f 2243/2160/2154 2066/2158/2152 2242/2171/2165
f 2242/2171/2165 2066/2158/2152 2065/2169/2163
f 1047/2037/2032 1792/2304/2298 2121/2038/2033
f 2182/2152/2146 2092/2150/2144 2181/2163/2157
f 2181/2163/2157 2092/2150/2144 2091/2149/2143
f 2185/2145/2139 2095/2143/2137 2184/2420/2414
f 2184/2420/2414 2095/2143/2137 2094/2142/2136
f 2098/2135/2130 1193/2134/2129 2097/2423/2417
f 2097/2423/2417 1193/2134/2129 2096/2144/2138
f 2097/2423/2417 2096/2144/2138 2186/2146/2140
f 2187/2136/2131 2098/2135/2130 2097/2423/2417
f 2187/2136/2131 2097/2423/2417 2186/2146/2140
f 2194/2132/2127 2104/2131/2126 2193/1935/1930
f 2193/1935/1930 2104/2131/2126 2103/1937/1932
f 2196/2129/2124 2106/2128/2123 2195/2133/2128
f 2195/2133/2128 2106/2128/2123 2105/2127/2122
f 2198/2124/2119 2108/2123/2118 2197/2130/2125
f 2197/2130/2125 2108/2123/2118 2107/2122/2117
f 2109/2118/2113 2199/2125/2120 2110/2115/2110
f 2110/2115/2110 2199/2125/2120 2200/2424/2418
f 2110/2115/2110 2200/2424/2418 2111/2112/2107
f 2111/2112/2107 2200/2424/2418 2201/2109/2104
f 2111/2112/2107 2201/2109/2104 2112/2108/2103
f 2207/2094/2089 2118/2092/2087 2117/2095/2090
f 2117/2095/2090 2116/2097/2092 2206/2425/2419
f 2206/2425/2419 2116/2097/2092 2205/2099/2094
f 2206/2425/2419 2205/2099/2094 2235/2066/2061
f 2235/2066/2061 2205/2099/2094 2234/2068/2063
f 1794/2059/2054 2120/2089/2084 2119/2091/2086
f 1794/2059/2054 2119/2091/2086 2208/2093/2088
f 2242/2171/2165 2144/2005/2000 2243/2160/2154
f 2243/2160/2154 2144/2005/2000 2143/2007/2002
f 1033/1991/1986 1791/2300/2294 2061/2172/2166
f 1891/2336/2330 2172/2364/2358 2171/2337/2331
f 2212/2154/2148 2182/2152/2146 2211/2165/2159
f 2211/2165/2159 2182/2152/2146 2181/2163/2157
f 2215/2147/2141 2185/2145/2139 2214/2419/2413
f 2214/2419/2413 2185/2145/2139 2184/2420/2414
f 2216/2137/2132 2187/2136/2131 2186/2146/2140
f 2224/2088/2083 2194/2132/2127 2223/1933/1928
f 2223/1933/1928 2194/2132/2127 2193/1935/1930
f 2226/2084/2079 2196/2129/2124 2225/2086/2081
f 2225/2086/2081 2196/2129/2124 2195/2133/2128
f 2228/2080/2075 2198/2124/2119 2227/2082/2077
f 2227/2082/2077 2198/2124/2119 2197/2130/2125
f 2230/2076/2071 2201/2109/2104 2200/2424/2418
f 2230/2076/2071 2200/2424/2418 2229/2078/2073
f 2229/2078/2073 2200/2424/2418 2199/2125/2120
f 2236/2064/2059 2207/2094/2089 2206/2425/2419
f 2206/2425/2419 2207/2094/2089 2117/2095/2090
f 2236/2064/2059 2206/2425/2419 2235/2066/2061
f 2209/2060/2055 1794/2059/2054 2208/2093/2088
f 2209/2060/2055 2208/2093/2088 2237/2062/2057
f 2296/2426/2420 1014/2427/2421 2305/2428/2422
f 2305/2428/2422 1014/2427/2421 1013/2429/2423
f 2305/2428/2422 1013/2429/2423 2298/2430/2424
f 2298/2430/2424 1013/2429/2423 2364/2431/2425
f 2298/2430/2424 2364/2431/2425 2363/2432/2426
f 2363/2432/2426 2364/2431/2425 2366/2433/2427
f 2363/2432/2426 2366/2433/2427 2367/2434/2428
f 2367/2434/2428 2366/2433/2427 2686/2435/2429
f 2367/2434/2428 2686/2435/2429 2685/2436/2430
f 2685/2436/2430 2686/2435/2429 2657/2437/2431
f 2685/2436/2430 2657/2437/2431 2656/2438/2432
f 2656/2438/2432 2657/2437/2431 2420/2439/2433
f 2656/2438/2432 2420/2439/2433 2419/2440/2434
f 2419/2440/2434 2420/2439/2433 2430/2441/2435
f 2419/2440/2434 2430/2441/2435 2431/2442/2436
f 2431/2442/2436 2430/2441/2435 2625/2443/2437
f 2431/2442/2436 2625/2443/2437 2624/2444/2438
f 2624/2444/2438 2625/2443/2437 2506/2445/2439
f 2624/2444/2438 2506/2445/2439 2505/2446/2440
f 2505/2446/2440 2506/2445/2439 2463/2447/2441
f 2505/2446/2440 2463/2447/2441 2464/2448/2442
f 2464/2448/2442 2463/2447/2441 2593/2449/2443
f 2464/2448/2442 2593/2449/2443 2592/2450/2444
f 2592/2450/2444 2593/2449/2443 2553/2451/2445
f 2592/2450/2444 2553/2451/2445 2554/2452/2446
f 2554/2452/2446 2553/2451/2445 2531/2453/2447
f 2554/2452/2446 2531/2453/2447 2530/2454/2448
f 2530/2454/2448 2531/2453/2447 2271/2455/2449
f 2530/2454/2448 2271/2455/2449 2529/2456/2450
f 2529/2456/2450 2271/2455/2449 2528/2457/2451
f 2529/2456/2450 2528/2457/2451 2556/2458/2452
f 2556/2458/2452 2528/2457/2451 2557/2459/2453
f 2556/2458/2452 2557/2459/2453 2589/2460/2454
f 2589/2460/2454 2557/2459/2453 2588/2461/2455
f 2589/2460/2454 2588/2461/2455 2468/2462/2456
f 2468/2462/2456 2588/2461/2455 2469/2463/2457
f 2468/2462/2456 2469/2463/2457 2500/2464/2458
f 2500/2464/2458 2469/2463/2457 2499/2465/2459
f 2500/2464/2458 2499/2465/2459 2618/2466/2460
f 2618/2466/2460 2499/2465/2459 2617/2467/2461
f 2618/2466/2460 2617/2467/2461 2438/2468/2462
f 2438/2468/2462 2617/2467/2461 2439/2469/2463
f 2438/2468/2462 2439/2469/2463 2411/2470/2464
f 2411/2470/2464 2439/2469/2463 2410/2471/2465
f 2411/2470/2464 2410/2471/2465 2647/2472/2466
f 2647/2472/2466 2410/2471/2465 2646/2473/2467
f 2647/2472/2466 2646/2473/2467 2675/2474/2468
f 2675/2474/2468 2646/2473/2467 2674/2475/2469
f 2675/2474/2468 2674/2475/2469 2378/2476/2470
f 2378/2476/2470 2674/2475/2469 2379/2477/2471
f 2378/2476/2470 2379/2477/2471 2351/2478/2472
f 2351/2478/2472 2379/2477/2471 2350/2479/2473
f 2351/2478/2472 2350/2479/2473 2704/2480/2474
f 2704/2480/2474 2350/2479/2473 2703/2481/2475
f 2704/2480/2474 2703/2481/2475 2318/2482/2476
f 2318/2482/2476 2703/2481/2475 2319/2483/2477
f 2318/2482/2476 2319/2483/2477 2292/2484/2478
f 2292/2484/2478 2319/2483/2477 2291/2485/2479
f 2291/2485/2479 2319/2483/2477 2320/2486/2480
f 2291/2485/2479 2320/2486/2480 2321/2487/2481
f 2321/2487/2481 2320/2486/2480 2701/2488/2482
f 2321/2487/2481 2701/2488/2482 2700/2489/2483
f 2700/2489/2483 2701/2488/2482 2347/2490/2484
f 2700/2489/2483 2347/2490/2484 2346/2491/2485
f 2346/2491/2485 2347/2490/2484 2383/2492/2486
f 2346/2491/2485 2383/2492/2486 2384/2493/2487
f 2384/2493/2487 2383/2492/2486 2669/2494/2488
f 2384/2493/2487 2669/2494/2488 2668/2495/2489
f 2668/2495/2489 2669/2494/2488 2640/2496/2490
f 2668/2495/2489 2640/2496/2490 2639/2497/2491
f 2639/2497/2491 2640/2496/2490 2403/2498/2492
f 2639/2497/2491 2403/2498/2492 2402/2499/2493
f 2402/2499/2493 2403/2498/2492 2447/2500/2494
f 2402/2499/2493 2447/2500/2494 2448/2501/2495
f 2448/2501/2495 2447/2500/2494 2608/2502/2496
f 2448/2501/2495 2608/2502/2496 2607/2503/2497
f 2607/2503/2497 2608/2502/2496 2489/2504/2498
f 2607/2503/2497 2489/2504/2498 2488/2505/2499
f 2488/2505/2499 2489/2504/2498 2480/2506/2500
f 2488/2505/2499 2480/2506/2500 2481/2507/2501
f 2481/2507/2501 2480/2506/2500 2576/2508/2502
f 2481/2507/2501 2576/2508/2502 2575/2509/2503
f 2575/2509/2503 2576/2508/2502 2570/2510/2504
f 2575/2509/2503 2570/2510/2504 2571/2511/2505
f 2571/2511/2505 2570/2510/2504 2514/2512/2506
f 2571/2511/2505 2514/2512/2506 2303/2513/2507
f 2303/2513/2507 2514/2512/2506 1095/2514/2508
f 2303/2513/2507 1095/2514/2508 1094/2515/2509
f 2364/2431/2425 1013/2429/2423 2365/2516/2510
f 2365/2516/2510 1013/2429/2423 1012/2517/2511
f 2365/2516/2510 1012/2517/2511 2688/2518/2512
f 2688/2518/2512 1012/2517/2511 2300/2519/2513
f 2688/2518/2512 2300/2519/2513 2659/2520/2514
f 2659/2520/2514 2300/2519/2513 2423/2521/2515
f 2659/2520/2514 2423/2521/2515 2422/2522/2516
f 2422/2522/2516 2423/2521/2515 2427/2523/2517
f 2422/2522/2516 2427/2523/2517 2428/2524/2518
f 2428/2524/2518 2427/2523/2517 2628/2525/2519
f 2428/2524/2518 2628/2525/2519 2627/2526/2520
f 2627/2526/2520 2628/2525/2519 2509/2527/2521
f 2627/2526/2520 2509/2527/2521 2508/2528/2522
f 2508/2528/2522 2509/2527/2521 2460/2529/2523
f 2508/2528/2522 2460/2529/2523 2461/2530/2524
f 2461/2530/2524 2460/2529/2523 2596/2531/2525
f 2461/2530/2524 2596/2531/2525 2595/2532/2526
f 2595/2532/2526 2596/2531/2525 2550/2533/2527
f 2595/2532/2526 2550/2533/2527 2551/2534/2528
f 2551/2534/2528 2550/2533/2527 2534/2535/2529
f 2551/2534/2528 2534/2535/2529 2533/2536/2530
f 2533/2536/2530 2534/2535/2529 2270/2537/2531
f 2533/2536/2530 2270/2537/2531 2532/2538/2532
f 2532/2538/2532 2270/2537/2531 2531/2453/2447
f 2532/2538/2532 2531/2453/2447 2553/2451/2445
f 1011/2539/2533 2425/2540/2534 1012/2517/2511
f 1012/2517/2511 2425/2540/2534 2424/2541/2535
f 1012/2517/2511 2424/2541/2535 2300/2519/2513
f 2300/2519/2513 2424/2541/2535 2423/2521/2515
f 1010/2542/2536 2304/2543/2537 1011/2539/2533
f 1011/2539/2533 2304/2543/2537 2543/2544/2538
f 1011/2539/2533 2543/2544/2538 2455/2545/2539
f 2455/2545/2539 2543/2544/2538 2601/2546/2540
f 2455/2545/2539 2601/2546/2540 2456/2547/2541
f 2456/2547/2541 2601/2546/2540 2600/2548/2542
f 2456/2547/2541 2600/2548/2542 2457/2549/2543
f 2457/2549/2543 2600/2548/2542 2599/2550/2544
f 2457/2549/2543 2599/2550/2544 2458/2551/2545
f 2458/2551/2545 2599/2550/2544 2598/2552/2546
f 2458/2551/2545 2598/2552/2546 2459/2553/2547
f 2459/2553/2547 2598/2552/2546 2597/2554/2548
f 2459/2553/2547 2597/2554/2548 2460/2529/2523
f 2460/2529/2523 2597/2554/2548 2596/2531/2525
f 2304/2543/2537 1010/2542/2536 2542/2555/2549
f 2542/2555/2549 1010/2542/2536 2266/2556/2550
f 2542/2555/2549 2266/2556/2550 2267/2557/2551
f 2268/2558/2552 2540/2559/2553 2267/2557/2551
f 2267/2557/2551 2540/2559/2553 2541/2560/2554
f 2267/2557/2551 2541/2560/2554 2542/2555/2549
f 2542/2555/2549 2541/2560/2554 2304/2543/2537
f 2269/2561/2555 2538/2562/2556 2268/2558/2552
f 2268/2558/2552 2538/2562/2556 2539/2563/2557
f 2268/2558/2552 2539/2563/2557 2540/2559/2553
f 2540/2559/2553 2539/2563/2557 2545/2564/2558
f 2540/2559/2553 2545/2564/2558 2544/2565/2559
f 2544/2565/2559 2545/2564/2558 2601/2546/2540
f 2544/2565/2559 2601/2546/2540 2543/2544/2538
f 2270/2537/2531 2536/2566/2560 2269/2561/2555
f 2269/2561/2555 2536/2566/2560 2537/2567/2561
f 2269/2561/2555 2537/2567/2561 2538/2562/2556
f 2538/2562/2556 2537/2567/2561 2547/2568/2562
f 2538/2562/2556 2547/2568/2562 2546/2569/2563
f 2546/2569/2563 2547/2568/2562 2599/2550/2544
f 2546/2569/2563 2599/2550/2544 2600/2548/2542
f 2270/2537/2531 2271/2455/2449 2531/2453/2447
f 2272/2570/2564 2525/2571/2565 2271/2455/2449
f 2271/2455/2449 2525/2571/2565 2526/2572/2566
f 2271/2455/2449 2526/2572/2566 2527/2573/2567
f 2527/2573/2567 2526/2572/2566 2558/2574/2568
f 2527/2573/2567 2558/2574/2568 2557/2459/2453
f 2557/2459/2453 2558/2574/2568 2588/2461/2455
f 2273/2575/2569 2523/2576/2570 2272/2570/2564
f 2272/2570/2564 2523/2576/2570 2524/2577/2571
f 2272/2570/2564 2524/2577/2571 2525/2571/2565
f 2525/2571/2565 2524/2577/2571 2560/2578/2572
f 2525/2571/2565 2560/2578/2572 2559/2579/2573
f 2559/2579/2573 2560/2578/2572 2586/2580/2574
f 2559/2579/2573 2586/2580/2574 2587/2581/2575
f 2587/2581/2575 2586/2580/2574 2470/2582/2576
f 2587/2581/2575 2470/2582/2576 2469/2463/2457
f 2469/2463/2457 2470/2582/2576 2499/2465/2459
f 2274/2583/2577 2521/2584/2578 2273/2575/2569
f 2273/2575/2569 2521/2584/2578 2522/2585/2579
f 2273/2575/2569 2522/2585/2579 2523/2576/2570
f 2523/2576/2570 2522/2585/2579 2562/2586/2580
f 2523/2576/2570 2562/2586/2580 2561/2587/2581
f 2561/2587/2581 2562/2586/2580 2584/2588/2582
f 2561/2587/2581 2584/2588/2582 2585/2589/2583
f 2585/2589/2583 2584/2588/2582 2472/2590/2584
f 2585/2589/2583 2472/2590/2584 2471/2591/2585
f 2471/2591/2585 2472/2590/2584 2497/2592/2586
f 2471/2591/2585 2497/2592/2586 2498/2593/2587
f 2498/2593/2587 2497/2592/2586 2616/2594/2588
f 2498/2593/2587 2616/2594/2588 2617/2467/2461
f 2617/2467/2461 2616/2594/2588 2439/2469/2463
f 2275/2595/2589 2518/2596/2590 2274/2583/2577
f 2274/2583/2577 2518/2596/2590 2519/2597/2591
f 2274/2583/2577 2519/2597/2591 2520/2598/2592
f 2520/2598/2592 2519/2597/2591 2565/2599/2593
f 2520/2598/2592 2565/2599/2593 2564/2600/2594
f 2564/2600/2594 2565/2599/2593 2581/2601/2595
f 2564/2600/2594 2581/2601/2595 2582/2602/2596
f 2582/2602/2596 2581/2601/2595 2475/2603/2597
f 2582/2602/2596 2475/2603/2597 2474/2604/2598
f 2474/2604/2598 2475/2603/2597 2494/2605/2599
f 2474/2604/2598 2494/2605/2599 2495/2606/2600
f 2495/2606/2600 2494/2605/2599 2613/2607/2601
f 2495/2606/2600 2613/2607/2601 2614/2608/2602
f 2614/2608/2602 2613/2607/2601 2442/2609/2603
f 2614/2608/2602 2442/2609/2603 2441/2610/2604
f 2441/2610/2604 2442/2609/2603 2408/2611/2605
f 2441/2610/2604 2408/2611/2605 2409/2612/2606
f 2409/2612/2606 2408/2611/2605 2645/2613/2607
f 2409/2612/2606 2645/2613/2607 2646/2473/2467
f 2646/2473/2467 2645/2613/2607 2674/2475/2469
f 2275/2595/2589 2276/2614/2608 2518/2596/2590
f 2518/2596/2590 2276/2614/2608 2517/2615/2609
f 2518/2596/2590 2517/2615/2609 2567/2616/2610
f 2567/2616/2610 2517/2615/2609 2568/2617/2611
f 2567/2616/2610 2568/2617/2611 2578/2618/2612
f 2578/2618/2612 2568/2617/2611 2577/2619/2613
f 2578/2618/2612 2577/2619/2613 2479/2620/2614
f 2479/2620/2614 2577/2619/2613 2480/2506/2500
f 2479/2620/2614 2480/2506/2500 2489/2504/2498
f 2276/2614/2608 2277/2621/2615 2517/2615/2609
f 2517/2615/2609 2277/2621/2615 2516/2622/2616
f 2517/2615/2609 2516/2622/2616 2568/2617/2611
f 2568/2617/2611 2516/2622/2616 2569/2623/2617
f 2568/2617/2611 2569/2623/2617 2577/2619/2613
f 2577/2619/2613 2569/2623/2617 2576/2508/2502
f 2577/2619/2613 2576/2508/2502 2480/2506/2500
f 2277/2621/2615 2278/2624/2618 2516/2622/2616
f 2516/2622/2616 2278/2624/2618 2515/2625/2619
f 2516/2622/2616 2515/2625/2619 2569/2623/2617
f 2569/2623/2617 2515/2625/2619 2570/2510/2504
f 2569/2623/2617 2570/2510/2504 2576/2508/2502
f 2515/2625/2619 2278/2624/2618 2514/2512/2506
f 2514/2512/2506 2278/2624/2618 1095/2514/2508
f 1093/2626/2620 2573/2627/2621 1094/2515/2509
f 1094/2515/2509 2573/2627/2621 2572/2628/2622
f 1094/2515/2509 2572/2628/2622 2303/2513/2507
f 2303/2513/2507 2572/2628/2622 2571/2511/2505
f 2573/2627/2621 1093/2626/2620 2301/2629/2623
f 2301/2629/2623 1093/2626/2620 1092/2630/2624
f 2301/2629/2623 1092/2630/2624 2484/2631/2625
f 2484/2631/2625 1092/2630/2624 2602/2632/2626
f 2484/2631/2625 2602/2632/2626 2603/2633/2627
f 2603/2633/2627 2602/2632/2626 2453/2634/2628
f 2603/2633/2627 2453/2634/2628 2452/2635/2629
f 2452/2635/2629 2453/2634/2628 2397/2636/2630
f 2452/2635/2629 2397/2636/2630 2398/2637/2631
f 2398/2637/2631 2397/2636/2630 2634/2638/2632
f 2398/2637/2631 2634/2638/2632 2635/2639/2633
f 2635/2639/2633 2634/2638/2632 2663/2640/2634
f 2635/2639/2633 2663/2640/2634 2664/2641/2635
f 2664/2641/2635 2663/2640/2634 2389/2642/2636
f 2664/2641/2635 2389/2642/2636 2388/2643/2637
f 2388/2643/2637 2389/2642/2636 2341/2644/2638
f 2388/2643/2637 2341/2644/2638 2342/2645/2639
f 2342/2645/2639 2341/2644/2638 2695/2646/2640
f 2342/2645/2639 2695/2646/2640 2696/2647/2641
f 2696/2647/2641 2695/2646/2640 2326/2648/2642
f 2696/2647/2641 2326/2648/2642 2325/2649/2643
f 2325/2649/2643 2326/2648/2642 2284/2650/2644
f 2325/2649/2643 2284/2650/2644 2285/2651/2645
f 1092/2630/2624 1091/2652/2646 2602/2632/2626
f 2602/2632/2626 1091/2652/2646 2454/2653/2647
f 2602/2632/2626 2454/2653/2647 2453/2634/2628
f 2453/2634/2628 2454/2653/2647 2396/2654/2648
f 2453/2634/2628 2396/2654/2648 2397/2636/2630
f 2397/2636/2630 2396/2654/2648 2633/2655/2649
f 2397/2636/2630 2633/2655/2649 2634/2638/2632
f 2634/2638/2632 2633/2655/2649 2662/2656/2650
f 2634/2638/2632 2662/2656/2650 2663/2640/2634
f 2663/2640/2634 2662/2656/2650 2390/2657/2651
f 2663/2640/2634 2390/2657/2651 2389/2642/2636
f 2389/2642/2636 2390/2657/2651 2340/2658/2652
f 2389/2642/2636 2340/2658/2652 2341/2644/2638
f 2341/2644/2638 2340/2658/2652 2694/2659/2653
f 2341/2644/2638 2694/2659/2653 2695/2646/2640
f 2695/2646/2640 2694/2659/2653 2327/2660/2654
f 2695/2646/2640 2327/2660/2654 2326/2648/2642
f 2326/2648/2642 2327/2660/2654 2282/2661/2655
f 2326/2648/2642 2282/2661/2655 2283/2662/2656
f 1090/2663/2657 2631/2664/2658 1091/2652/2646
f 1091/2652/2646 2631/2664/2658 2395/2665/2659
f 1091/2652/2646 2395/2665/2659 2454/2653/2647
f 2454/2653/2647 2395/2665/2659 2396/2654/2648
f 1089/2666/2660 2297/2667/2661 1090/2663/2657
f 1090/2663/2657 2297/2667/2661 2335/2668/2662
f 1090/2663/2657 2335/2668/2662 2394/2669/2663
f 2394/2669/2663 2335/2668/2662 2336/2670/2664
f 2394/2669/2663 2336/2670/2664 2393/2671/2665
f 2393/2671/2665 2336/2670/2664 2337/2672/2666
f 2393/2671/2665 2337/2672/2666 2392/2673/2667
f 2392/2673/2667 2337/2672/2666 2338/2674/2668
f 2392/2673/2667 2338/2674/2668 2391/2675/2669
f 2391/2675/2669 2338/2674/2668 2339/2676/2670
f 2391/2675/2669 2339/2676/2670 2390/2657/2651
f 2390/2657/2651 2339/2676/2670 2340/2658/2652
f 2279/2677/2671 2333/2678/2672 1089/2666/2660
f 1089/2666/2660 2333/2678/2672 2334/2679/2673
f 1089/2666/2660 2334/2679/2673 2297/2667/2661
f 2297/2667/2661 2334/2679/2673 2333/2678/2672
f 2297/2667/2661 2333/2678/2672 2689/2680/2674
f 2689/2680/2674 2333/2678/2672 2332/2681/2675
f 2689/2680/2674 2332/2681/2675 2690/2682/2676
f 2690/2682/2676 2332/2681/2675 2331/2683/2677
f 2690/2682/2676 2331/2683/2677 2691/2684/2678
f 2691/2684/2678 2331/2683/2677 2330/2685/2679
f 2691/2684/2678 2330/2685/2679 2692/2686/2680
f 2692/2686/2680 2330/2685/2679 2329/2687/2681
f 2692/2686/2680 2329/2687/2681 2693/2688/2682
f 2693/2688/2682 2329/2687/2681 2328/2689/2683
f 2693/2688/2682 2328/2689/2683 2694/2659/2653
f 2694/2659/2653 2328/2689/2683 2327/2660/2654
f 2280/2690/2684 2329/2687/2681 2279/2677/2671
f 2279/2677/2671 2329/2687/2681 2330/2685/2679
f 2279/2677/2671 2330/2685/2679 2331/2683/2677
f 2329/2687/2681 2280/2690/2684 2328/2689/2683
f 2328/2689/2683 2280/2690/2684 2281/2691/2685
f 2328/2689/2683 2281/2691/2685 2327/2660/2654
f 2327/2660/2654 2281/2691/2685 2282/2661/2655
f 2283/2662/2656 2284/2650/2644 2326/2648/2642
f 2285/2651/2645 2286/2692/2686 2325/2649/2643
f 2325/2649/2643 2286/2692/2686 2324/2693/2687
f 2325/2649/2643 2324/2693/2687 2697/2694/2688
f 2697/2694/2688 2324/2693/2687 2698/2695/2689
f 2697/2694/2688 2698/2695/2689 2344/2696/2690
f 2344/2696/2690 2698/2695/2689 2345/2697/2691
f 2344/2696/2690 2345/2697/2691 2385/2698/2692
f 2385/2698/2692 2345/2697/2691 2384/2493/2487
f 2385/2698/2692 2384/2493/2487 2668/2495/2489
f 2286/2692/2686 2287/2699/2693 2324/2693/2687
f 2324/2693/2687 2287/2699/2693 2288/2700/2694
f 2324/2693/2687 2288/2700/2694 2323/2701/2695
f 2323/2701/2695 2288/2700/2694 2289/2702/2696
f 2323/2701/2695 2289/2702/2696 2290/2703/2697
f 2291/2485/2479 2321/2487/2481 2290/2703/2697
f 2290/2703/2697 2321/2487/2481 2322/2704/2698
f 2290/2703/2697 2322/2704/2698 2323/2701/2695
f 2323/2701/2695 2322/2704/2698 2699/2705/2699
f 2323/2701/2695 2699/2705/2699 2698/2695/2689
f 2698/2695/2689 2699/2705/2699 2345/2697/2691
f 2318/2482/2476 2292/2484/2478 2317/2706/2700
f 2317/2706/2700 2292/2484/2478 2293/2707/2701
f 2317/2706/2700 2293/2707/2701 2316/2708/2702
f 2316/2708/2702 2293/2707/2701 2315/2709/2703
f 2316/2708/2702 2315/2709/2703 2706/2710/2704
f 2706/2710/2704 2315/2709/2703 2707/2711/2705
f 2706/2710/2704 2707/2711/2705 2353/2712/2706
f 2353/2712/2706 2707/2711/2705 2354/2713/2707
f 2353/2712/2706 2354/2713/2707 2376/2714/2708
f 2376/2714/2708 2354/2713/2707 2375/2715/2709
f 2376/2714/2708 2375/2715/2709 2677/2716/2710
f 2677/2716/2710 2375/2715/2709 2678/2717/2711
f 2677/2716/2710 2678/2717/2711 2649/2718/2712
f 2649/2718/2712 2678/2717/2711 2650/2719/2713
f 2649/2718/2712 2650/2719/2713 2413/2720/2714
f 2413/2720/2714 2650/2719/2713 2414/2721/2715
f 2413/2720/2714 2414/2721/2715 2436/2722/2716
f 2436/2722/2716 2414/2721/2715 2435/2723/2717
f 2436/2722/2716 2435/2723/2717 2620/2724/2718
f 2620/2724/2718 2435/2723/2717 2621/2725/2719
f 2620/2724/2718 2621/2725/2719 2502/2726/2720
f 2502/2726/2720 2621/2725/2719 2503/2727/2721
f 2502/2726/2720 2503/2727/2721 2466/2728/2722
f 2466/2728/2722 2503/2727/2721 2465/2729/2723
f 2466/2728/2722 2465/2729/2723 2591/2730/2724
f 2591/2730/2724 2465/2729/2723 2592/2450/2444
f 2591/2730/2724 2592/2450/2444 2554/2452/2446
f 2293/2707/2701 2294/2731/2725 2315/2709/2703
f 2315/2709/2703 2294/2731/2725 2314/2732/2726
f 2315/2709/2703 2314/2732/2726 2707/2711/2705
f 2707/2711/2705 2314/2732/2726 2708/2733/2727
f 2707/2711/2705 2708/2733/2727 2354/2713/2707
f 2354/2713/2707 2708/2733/2727 2355/2734/2728
f 2354/2713/2707 2355/2734/2728 2375/2715/2709
f 2375/2715/2709 2355/2734/2728 2374/2735/2729
f 2375/2715/2709 2374/2735/2729 2678/2717/2711
f 2678/2717/2711 2374/2735/2729 2679/2736/2730
f 2678/2717/2711 2679/2736/2730 2650/2719/2713
f 2650/2719/2713 2679/2736/2730 2651/2737/2731
f 2650/2719/2713 2651/2737/2731 2414/2721/2715
f 2414/2721/2715 2651/2737/2731 2415/2738/2732
f 2414/2721/2715 2415/2738/2732 2435/2723/2717
f 2435/2723/2717 2415/2738/2732 2434/2739/2733
f 2435/2723/2717 2434/2739/2733 2621/2725/2719
f 2621/2725/2719 2434/2739/2733 2622/2740/2734
f 2621/2725/2719 2622/2740/2734 2503/2727/2721
f 2503/2727/2721 2622/2740/2734 2504/2741/2735
f 2503/2727/2721 2504/2741/2735 2465/2729/2723
f 2465/2729/2723 2504/2741/2735 2464/2448/2442
f 2465/2729/2723 2464/2448/2442 2592/2450/2444
f 2314/2732/2726 2294/2731/2725 2313/2742/2736
f 2313/2742/2736 2294/2731/2725 2295/2743/2737
f 2313/2742/2736 2295/2743/2737 2312/2744/2738
f 2312/2744/2738 2295/2743/2737 2311/2745/2739
f 2312/2744/2738 2311/2745/2739 2710/2746/2740
f 2710/2746/2740 2311/2745/2739 2711/2747/2741
f 2710/2746/2740 2711/2747/2741 2357/2748/2742
f 2357/2748/2742 2711/2747/2741 2358/2749/2743
f 2357/2748/2742 2358/2749/2743 2372/2750/2744
f 2372/2750/2744 2358/2749/2743 2371/2751/2745
f 2372/2750/2744 2371/2751/2745 2681/2752/2746
f 2681/2752/2746 2371/2751/2745 2682/2753/2747
f 2681/2752/2746 2682/2753/2747 2653/2754/2748
f 2653/2754/2748 2682/2753/2747 2654/2755/2749
f 2653/2754/2748 2654/2755/2749 2417/2756/2750
f 2417/2756/2750 2654/2755/2749 2418/2757/2751
f 2417/2756/2750 2418/2757/2751 2432/2758/2752
f 2432/2758/2752 2418/2757/2751 2431/2442/2436
f 2432/2758/2752 2431/2442/2436 2624/2444/2438
f 2296/2426/2420 2308/2759/2753 2295/2743/2737
f 2295/2743/2737 2308/2759/2753 2309/2760/2754
f 2295/2743/2737 2309/2760/2754 2310/2761/2755
f 2310/2761/2755 2309/2760/2754 2712/2762/2756
f 2310/2761/2755 2712/2762/2756 2711/2747/2741
f 2711/2747/2741 2712/2762/2756 2358/2749/2743
f 1090/2663/2657 2394/2669/2663 2299/2763/2757
f 2299/2763/2757 2394/2669/2663 2393/2671/2665
f 2299/2763/2757 2393/2671/2665 2660/2764/2758
f 2660/2764/2758 2393/2671/2665 2392/2673/2667
f 2660/2764/2758 2392/2673/2667 2661/2765/2759
f 2661/2765/2759 2392/2673/2667 2391/2675/2669
f 2661/2765/2759 2391/2675/2669 2662/2656/2650
f 2662/2656/2650 2391/2675/2669 2390/2657/2651
f 2302/2766/2760 1011/2539/2533 2513/2767/2761
f 2513/2767/2761 1011/2539/2533 2455/2545/2539
f 2513/2767/2761 2455/2545/2539 2456/2547/2541
f 2305/2428/2422 2306/2768/2762 2296/2426/2420
f 2296/2426/2420 2306/2768/2762 2307/2769/2763
f 2296/2426/2420 2307/2769/2763 2308/2759/2753
f 2308/2759/2753 2307/2769/2763 2714/2770/2764
f 2308/2759/2753 2714/2770/2764 2713/2771/2765
f 2713/2771/2765 2714/2770/2764 2360/2772/2766
f 2713/2771/2765 2360/2772/2766 2359/2773/2767
f 2359/2773/2767 2360/2772/2766 2370/2774/2768
f 2359/2773/2767 2370/2774/2768 2371/2751/2745
f 2371/2751/2745 2370/2774/2768 2682/2753/2747
f 2306/2768/2762 2305/2428/2422 2716/2775/2769
f 2716/2775/2769 2305/2428/2422 2298/2430/2424
f 2716/2775/2769 2298/2430/2424 2363/2432/2426
f 2307/2769/2763 2306/2768/2762 2715/2776/2770
f 2715/2776/2770 2306/2768/2762 2716/2775/2769
f 2715/2776/2770 2716/2775/2769 2362/2777/2771
f 2362/2777/2771 2716/2775/2769 2363/2432/2426
f 2362/2777/2771 2363/2432/2426 2367/2434/2428
f 2311/2745/2739 2295/2743/2737 2310/2761/2755
f 2712/2762/2756 2309/2760/2754 2713/2771/2765
f 2713/2771/2765 2309/2760/2754 2308/2759/2753
f 2711/2747/2741 2311/2745/2739 2310/2761/2755
f 2708/2733/2727 2314/2732/2726 2313/2742/2736
f 2313/2742/2736 2312/2744/2738 2709/2778/2772
f 2709/2778/2772 2312/2744/2738 2710/2746/2740
f 2709/2778/2772 2710/2746/2740 2356/2779/2773
f 2356/2779/2773 2710/2746/2740 2357/2748/2742
f 2356/2779/2773 2357/2748/2742 2373/2780/2774
f 2373/2780/2774 2357/2748/2742 2372/2750/2744
f 2373/2780/2774 2372/2750/2744 2680/2781/2775
f 2680/2781/2775 2372/2750/2744 2681/2752/2746
f 2680/2781/2775 2681/2752/2746 2652/2782/2776
f 2652/2782/2776 2681/2752/2746 2653/2754/2748
f 2652/2782/2776 2653/2754/2748 2416/2783/2777
f 2416/2783/2777 2653/2754/2748 2417/2756/2750
f 2416/2783/2777 2417/2756/2750 2433/2784/2778
f 2433/2784/2778 2417/2756/2750 2432/2758/2752
f 2433/2784/2778 2432/2758/2752 2623/2785/2779
f 2623/2785/2779 2432/2758/2752 2624/2444/2438
f 2623/2785/2779 2624/2444/2438 2505/2446/2440
f 2704/2480/2474 2318/2482/2476 2317/2706/2700
f 2317/2706/2700 2316/2708/2702 2705/2786/2780
f 2705/2786/2780 2316/2708/2702 2706/2710/2704
f 2705/2786/2780 2706/2710/2704 2352/2787/2781
f 2352/2787/2781 2706/2710/2704 2353/2712/2706
f 2352/2787/2781 2353/2712/2706 2377/2788/2782
f 2377/2788/2782 2353/2712/2706 2376/2714/2708
f 2377/2788/2782 2376/2714/2708 2676/2789/2783
f 2676/2789/2783 2376/2714/2708 2677/2716/2710
f 2676/2789/2783 2677/2716/2710 2648/2790/2784
f 2648/2790/2784 2677/2716/2710 2649/2718/2712
f 2648/2790/2784 2649/2718/2712 2412/2791/2785
f 2412/2791/2785 2649/2718/2712 2413/2720/2714
f 2412/2791/2785 2413/2720/2714 2437/2792/2786
f 2437/2792/2786 2413/2720/2714 2436/2722/2716
f 2437/2792/2786 2436/2722/2716 2619/2793/2787
f 2619/2793/2787 2436/2722/2716 2620/2724/2718
f 2619/2793/2787 2620/2724/2718 2501/2794/2788
f 2501/2794/2788 2620/2724/2718 2502/2726/2720
f 2501/2794/2788 2502/2726/2720 2467/2795/2789
f 2467/2795/2789 2502/2726/2720 2466/2728/2722
f 2467/2795/2789 2466/2728/2722 2590/2796/2790
f 2590/2796/2790 2466/2728/2722 2591/2730/2724
f 2590/2796/2790 2591/2730/2724 2555/2797/2791
f 2555/2797/2791 2591/2730/2724 2554/2452/2446
f 2555/2797/2791 2554/2452/2446 2530/2454/2448
f 2320/2486/2480 2319/2483/2477 2702/2798/2792
f 2702/2798/2792 2319/2483/2477 2703/2481/2475
f 2702/2798/2792 2703/2481/2475 2349/2799/2793
f 2349/2799/2793 2703/2481/2475 2350/2479/2473
f 2349/2799/2793 2350/2479/2473 2380/2800/2794
f 2380/2800/2794 2350/2479/2473 2379/2477/2471
f 2380/2800/2794 2379/2477/2471 2673/2801/2795
f 2673/2801/2795 2379/2477/2471 2674/2475/2469
f 2673/2801/2795 2674/2475/2469 2645/2613/2607
f 2699/2705/2699 2322/2704/2698 2700/2489/2483
f 2700/2489/2483 2322/2704/2698 2321/2487/2481
f 2698/2695/2689 2324/2693/2687 2323/2701/2695
f 2696/2647/2641 2325/2649/2643 2697/2694/2688
f 2333/2678/2672 2279/2677/2671 2332/2681/2675
f 2332/2681/2675 2279/2677/2671 2331/2683/2677
f 2297/2667/2661 2689/2680/2674 2335/2668/2662
f 2335/2668/2662 2689/2680/2674 2336/2670/2664
f 2689/2680/2674 2690/2682/2676 2336/2670/2664
f 2336/2670/2664 2690/2682/2676 2337/2672/2666
f 2690/2682/2676 2691/2684/2678 2337/2672/2666
f 2337/2672/2666 2691/2684/2678 2338/2674/2668
f 2691/2684/2678 2692/2686/2680 2338/2674/2668
f 2338/2674/2668 2692/2686/2680 2339/2676/2670
f 2692/2686/2680 2693/2688/2682 2339/2676/2670
f 2339/2676/2670 2693/2688/2682 2340/2658/2652
f 2693/2688/2682 2694/2659/2653 2340/2658/2652
f 2342/2645/2639 2343/2802/2796 2387/2803/2797
f 2387/2803/2797 2343/2802/2796 2386/2804/2798
f 2387/2803/2797 2386/2804/2798 2666/2805/2799
f 2666/2805/2799 2386/2804/2798 2667/2806/2800
f 2666/2805/2799 2667/2806/2800 2638/2807/2801
f 2638/2807/2801 2667/2806/2800 2639/2497/2491
f 2638/2807/2801 2639/2497/2491 2402/2499/2493
f 2343/2802/2796 2344/2696/2690 2386/2804/2798
f 2386/2804/2798 2344/2696/2690 2385/2698/2692
f 2386/2804/2798 2385/2698/2692 2667/2806/2800
f 2667/2806/2800 2385/2698/2692 2668/2495/2489
f 2667/2806/2800 2668/2495/2489 2639/2497/2491
f 2342/2645/2639 2696/2647/2641 2343/2802/2796
f 2343/2802/2796 2696/2647/2641 2697/2694/2688
f 2343/2802/2796 2697/2694/2688 2344/2696/2690
f 2384/2493/2487 2345/2697/2691 2346/2491/2485
f 2346/2491/2485 2345/2697/2691 2699/2705/2699
f 2346/2491/2485 2699/2705/2699 2700/2489/2483
f 2347/2490/2484 2348/2808/2802 2382/2809/2803
f 2382/2809/2803 2348/2808/2802 2381/2810/2804
f 2382/2809/2803 2381/2810/2804 2671/2811/2805
f 2671/2811/2805 2381/2810/2804 2672/2812/2806
f 2671/2811/2805 2672/2812/2806 2643/2813/2807
f 2643/2813/2807 2672/2812/2806 2644/2814/2808
f 2643/2813/2807 2644/2814/2808 2407/2815/2809
f 2407/2815/2809 2644/2814/2808 2408/2611/2605
f 2407/2815/2809 2408/2611/2605 2442/2609/2603
f 2348/2808/2802 2349/2799/2793 2381/2810/2804
f 2381/2810/2804 2349/2799/2793 2380/2800/2794
f 2381/2810/2804 2380/2800/2794 2672/2812/2806
f 2672/2812/2806 2380/2800/2794 2673/2801/2795
f 2672/2812/2806 2673/2801/2795 2644/2814/2808
f 2644/2814/2808 2673/2801/2795 2645/2613/2607
f 2644/2814/2808 2645/2613/2607 2408/2611/2605
f 2347/2490/2484 2701/2488/2482 2348/2808/2802
f 2348/2808/2802 2701/2488/2482 2702/2798/2792
f 2348/2808/2802 2702/2798/2792 2349/2799/2793
f 2351/2478/2472 2352/2787/2781 2378/2476/2470
f 2378/2476/2470 2352/2787/2781 2377/2788/2782
f 2378/2476/2470 2377/2788/2782 2675/2474/2468
f 2675/2474/2468 2377/2788/2782 2676/2789/2783
f 2675/2474/2468 2676/2789/2783 2647/2472/2466
f 2647/2472/2466 2676/2789/2783 2648/2790/2784
f 2647/2472/2466 2648/2790/2784 2411/2470/2464
f 2411/2470/2464 2648/2790/2784 2412/2791/2785
f 2411/2470/2464 2412/2791/2785 2438/2468/2462
f 2438/2468/2462 2412/2791/2785 2437/2792/2786
f 2438/2468/2462 2437/2792/2786 2618/2466/2460
f 2618/2466/2460 2437/2792/2786 2619/2793/2787
f 2618/2466/2460 2619/2793/2787 2500/2464/2458
f 2500/2464/2458 2619/2793/2787 2501/2794/2788
f 2500/2464/2458 2501/2794/2788 2468/2462/2456
f 2468/2462/2456 2501/2794/2788 2467/2795/2789
f 2468/2462/2456 2467/2795/2789 2589/2460/2454
f 2589/2460/2454 2467/2795/2789 2590/2796/2790
f 2589/2460/2454 2590/2796/2790 2556/2458/2452
f 2556/2458/2452 2590/2796/2790 2555/2797/2791
f 2556/2458/2452 2555/2797/2791 2529/2456/2450
f 2529/2456/2450 2555/2797/2791 2530/2454/2448
f 2352/2787/2781 2351/2478/2472 2705/2786/2780
f 2705/2786/2780 2351/2478/2472 2704/2480/2474
f 2705/2786/2780 2704/2480/2474 2317/2706/2700
f 2355/2734/2728 2356/2779/2773 2374/2735/2729
f 2374/2735/2729 2356/2779/2773 2373/2780/2774
f 2374/2735/2729 2373/2780/2774 2679/2736/2730
f 2679/2736/2730 2373/2780/2774 2680/2781/2775
f 2679/2736/2730 2680/2781/2775 2651/2737/2731
f 2651/2737/2731 2680/2781/2775 2652/2782/2776
f 2651/2737/2731 2652/2782/2776 2415/2738/2732
f 2415/2738/2732 2652/2782/2776 2416/2783/2777
f 2415/2738/2732 2416/2783/2777 2434/2739/2733
f 2434/2739/2733 2416/2783/2777 2433/2784/2778
f 2434/2739/2733 2433/2784/2778 2622/2740/2734
f 2622/2740/2734 2433/2784/2778 2623/2785/2779
f 2622/2740/2734 2623/2785/2779 2504/2741/2735
f 2504/2741/2735 2623/2785/2779 2505/2446/2440
f 2504/2741/2735 2505/2446/2440 2464/2448/2442
f 2356/2779/2773 2355/2734/2728 2709/2778/2772
f 2709/2778/2772 2355/2734/2728 2708/2733/2727
f 2709/2778/2772 2708/2733/2727 2313/2742/2736
f 2371/2751/2745 2358/2749/2743 2359/2773/2767
f 2359/2773/2767 2358/2749/2743 2712/2762/2756
f 2359/2773/2767 2712/2762/2756 2713/2771/2765
f 2360/2772/2766 2361/2816/2810 2369/2817/2811
f 2369/2817/2811 2361/2816/2810 2368/2818/2812
f 2369/2817/2811 2368/2818/2812 2684/2819/2813
f 2684/2819/2813 2368/2818/2812 2685/2436/2430
f 2684/2819/2813 2685/2436/2430 2656/2438/2432
f 2361/2816/2810 2362/2777/2771 2368/2818/2812
f 2368/2818/2812 2362/2777/2771 2367/2434/2428
f 2368/2818/2812 2367/2434/2428 2685/2436/2430
f 2360/2772/2766 2714/2770/2764 2361/2816/2810
f 2361/2816/2810 2714/2770/2764 2715/2776/2770
f 2361/2816/2810 2715/2776/2770 2362/2777/2771
f 2364/2431/2425 2365/2516/2510 2366/2433/2427
f 2366/2433/2427 2365/2516/2510 2687/2820/2814
f 2366/2433/2427 2687/2820/2814 2686/2435/2429
f 2686/2435/2429 2687/2820/2814 2658/2821/2815
f 2686/2435/2429 2658/2821/2815 2657/2437/2431
f 2657/2437/2431 2658/2821/2815 2421/2822/2816
f 2657/2437/2431 2421/2822/2816 2420/2439/2433
f 2420/2439/2433 2421/2822/2816 2429/2823/2817
f 2420/2439/2433 2429/2823/2817 2430/2441/2435
f 2430/2441/2435 2429/2823/2817 2626/2824/2818
f 2430/2441/2435 2626/2824/2818 2625/2443/2437
f 2625/2443/2437 2626/2824/2818 2507/2825/2819
f 2625/2443/2437 2507/2825/2819 2506/2445/2439
f 2506/2445/2439 2507/2825/2819 2462/2826/2820
f 2506/2445/2439 2462/2826/2820 2463/2447/2441
f 2463/2447/2441 2462/2826/2820 2594/2827/2821
f 2463/2447/2441 2594/2827/2821 2593/2449/2443
f 2593/2449/2443 2594/2827/2821 2552/2828/2822
f 2593/2449/2443 2552/2828/2822 2553/2451/2445
f 2553/2451/2445 2552/2828/2822 2532/2538/2532
f 2360/2772/2766 2369/2817/2811 2370/2774/2768
f 2370/2774/2768 2369/2817/2811 2683/2829/2823
f 2370/2774/2768 2683/2829/2823 2682/2753/2747
f 2682/2753/2747 2683/2829/2823 2654/2755/2749
f 2683/2829/2823 2369/2817/2811 2684/2819/2813
f 2347/2490/2484 2382/2809/2803 2383/2492/2486
f 2383/2492/2486 2382/2809/2803 2670/2830/2824
f 2383/2492/2486 2670/2830/2824 2669/2494/2488
f 2669/2494/2488 2670/2830/2824 2641/2831/2825
f 2669/2494/2488 2641/2831/2825 2640/2496/2490
f 2640/2496/2490 2641/2831/2825 2404/2832/2826
f 2640/2496/2490 2404/2832/2826 2403/2498/2492
f 2403/2498/2492 2404/2832/2826 2446/2833/2827
f 2403/2498/2492 2446/2833/2827 2447/2500/2494
f 2447/2500/2494 2446/2833/2827 2609/2834/2828
f 2447/2500/2494 2609/2834/2828 2608/2502/2496
f 2608/2502/2496 2609/2834/2828 2490/2835/2829
f 2608/2502/2496 2490/2835/2829 2489/2504/2498
f 2489/2504/2498 2490/2835/2829 2479/2620/2614
f 2670/2830/2824 2382/2809/2803 2671/2811/2805
f 2342/2645/2639 2387/2803/2797 2388/2643/2637
f 2388/2643/2637 2387/2803/2797 2665/2836/2830
f 2388/2643/2637 2665/2836/2830 2664/2641/2635
f 2664/2641/2635 2665/2836/2830 2636/2837/2831
f 2664/2641/2635 2636/2837/2831 2635/2639/2633
f 2635/2639/2633 2636/2837/2831 2399/2838/2832
f 2635/2639/2633 2399/2838/2832 2398/2637/2631
f 2398/2637/2631 2399/2838/2832 2451/2839/2833
f 2398/2637/2631 2451/2839/2833 2452/2635/2629
f 2452/2635/2629 2451/2839/2833 2604/2840/2834
f 2452/2635/2629 2604/2840/2834 2603/2633/2627
f 2603/2633/2627 2604/2840/2834 2485/2841/2835
f 2603/2633/2627 2485/2841/2835 2484/2631/2625
f 2484/2631/2625 2485/2841/2835 2301/2629/2623
f 2665/2836/2830 2387/2803/2797 2666/2805/2799
f 1090/2663/2657 2299/2763/2757 2631/2664/2658
f 2631/2664/2658 2299/2763/2757 2660/2764/2758
f 2631/2664/2658 2660/2764/2758 2632/2842/2836
f 2632/2842/2836 2660/2764/2758 2661/2765/2759
f 2632/2842/2836 2661/2765/2759 2633/2655/2649
f 2633/2655/2649 2661/2765/2759 2662/2656/2650
f 2631/2664/2658 2632/2842/2836 2395/2665/2659
f 2395/2665/2659 2632/2842/2836 2396/2654/2648
f 2632/2842/2836 2633/2655/2649 2396/2654/2648
f 2399/2838/2832 2400/2843/2837 2450/2844/2838
f 2450/2844/2838 2400/2843/2837 2449/2845/2839
f 2450/2844/2838 2449/2845/2839 2606/2846/2840
f 2606/2846/2840 2449/2845/2839 2607/2503/2497
f 2606/2846/2840 2607/2503/2497 2488/2505/2499
f 2400/2843/2837 2401/2847/2841 2449/2845/2839
f 2449/2845/2839 2401/2847/2841 2448/2501/2495
f 2449/2845/2839 2448/2501/2495 2607/2503/2497
f 2399/2838/2832 2636/2837/2831 2400/2843/2837
f 2400/2843/2837 2636/2837/2831 2637/2848/2842
f 2400/2843/2837 2637/2848/2842 2401/2847/2841
f 2401/2847/2841 2637/2848/2842 2638/2807/2801
f 2401/2847/2841 2638/2807/2801 2402/2499/2493
f 2401/2847/2841 2402/2499/2493 2448/2501/2495
f 2404/2832/2826 2405/2849/2843 2445/2850/2844
f 2445/2850/2844 2405/2849/2843 2444/2851/2845
f 2445/2850/2844 2444/2851/2845 2611/2852/2846
f 2611/2852/2846 2444/2851/2845 2612/2853/2847
f 2611/2852/2846 2612/2853/2847 2493/2854/2848
f 2493/2854/2848 2612/2853/2847 2494/2605/2599
f 2493/2854/2848 2494/2605/2599 2475/2603/2597
f 2405/2849/2843 2406/2855/2849 2444/2851/2845
f 2444/2851/2845 2406/2855/2849 2443/2856/2850
f 2444/2851/2845 2443/2856/2850 2612/2853/2847
f 2612/2853/2847 2443/2856/2850 2613/2607/2601
f 2612/2853/2847 2613/2607/2601 2494/2605/2599
f 2404/2832/2826 2641/2831/2825 2405/2849/2843
f 2405/2849/2843 2641/2831/2825 2642/2857/2851
f 2405/2849/2843 2642/2857/2851 2406/2855/2849
f 2406/2855/2849 2642/2857/2851 2643/2813/2807
f 2406/2855/2849 2643/2813/2807 2407/2815/2809
f 2406/2855/2849 2407/2815/2809 2443/2856/2850
f 2443/2856/2850 2407/2815/2809 2442/2609/2603
f 2443/2856/2850 2442/2609/2603 2613/2607/2601
f 2409/2612/2606 2410/2471/2465 2440/2858/2852
f 2440/2858/2852 2410/2471/2465 2439/2469/2463
f 2440/2858/2852 2439/2469/2463 2616/2594/2588
f 2410/2471/2465 2409/2612/2606 2646/2473/2467
f 2431/2442/2436 2418/2757/2751 2419/2440/2434
f 2419/2440/2434 2418/2757/2751 2655/2859/2853
f 2419/2440/2434 2655/2859/2853 2656/2438/2432
f 2656/2438/2432 2655/2859/2853 2684/2819/2813
f 2655/2859/2853 2418/2757/2751 2654/2755/2749
f 2429/2823/2817 2421/2822/2816 2428/2524/2518
f 2428/2524/2518 2421/2822/2816 2422/2522/2516
f 2659/2520/2514 2422/2522/2516 2658/2821/2815
f 2658/2821/2815 2422/2522/2516 2421/2822/2816
f 2423/2521/2515 2424/2541/2535 2426/2860/2854
f 2426/2860/2854 2424/2541/2535 2425/2540/2534
f 2426/2860/2854 2425/2540/2534 2630/2861/2855
f 2630/2861/2855 2425/2540/2534 2302/2766/2760
f 2630/2861/2855 2302/2766/2760 2512/2862/2856
f 2512/2862/2856 2302/2766/2760 2513/2767/2761
f 2512/2862/2856 2513/2767/2761 2456/2547/2541
f 2423/2521/2515 2426/2860/2854 2427/2523/2517
f 2427/2523/2517 2426/2860/2854 2629/2863/2857
f 2427/2523/2517 2629/2863/2857 2628/2525/2519
f 2628/2525/2519 2629/2863/2857 2510/2864/2858
f 2628/2525/2519 2510/2864/2858 2509/2527/2521
f 2509/2527/2521 2510/2864/2858 2459/2553/2547
f 2509/2527/2521 2459/2553/2547 2460/2529/2523
f 2629/2863/2857 2426/2860/2854 2630/2861/2855
f 2626/2824/2818 2429/2823/2817 2627/2526/2520
f 2627/2526/2520 2429/2823/2817 2428/2524/2518
f 2409/2612/2606 2440/2858/2852 2441/2610/2604
f 2441/2610/2604 2440/2858/2852 2615/2865/2859
f 2441/2610/2604 2615/2865/2859 2614/2608/2602
f 2614/2608/2602 2615/2865/2859 2496/2866/2860
f 2614/2608/2602 2496/2866/2860 2495/2606/2600
f 2495/2606/2600 2496/2866/2860 2473/2867/2861
f 2495/2606/2600 2473/2867/2861 2474/2604/2598
f 2474/2604/2598 2473/2867/2861 2583/2868/2862
f 2474/2604/2598 2583/2868/2862 2582/2602/2596
f 2582/2602/2596 2583/2868/2862 2563/2869/2863
f 2582/2602/2596 2563/2869/2863 2564/2600/2594
f 2564/2600/2594 2563/2869/2863 2521/2584/2578
f 2564/2600/2594 2521/2584/2578 2520/2598/2592
f 2520/2598/2592 2521/2584/2578 2274/2583/2577
f 2615/2865/2859 2440/2858/2852 2616/2594/2588
f 2404/2832/2826 2445/2850/2844 2446/2833/2827
f 2446/2833/2827 2445/2850/2844 2610/2870/2864
f 2446/2833/2827 2610/2870/2864 2609/2834/2828
f 2609/2834/2828 2610/2870/2864 2491/2871/2865
f 2609/2834/2828 2491/2871/2865 2490/2835/2829
f 2490/2835/2829 2491/2871/2865 2478/2872/2866
f 2490/2835/2829 2478/2872/2866 2479/2620/2614
f 2479/2620/2614 2478/2872/2866 2578/2618/2612
f 2610/2870/2864 2445/2850/2844 2611/2852/2846
f 2399/2838/2832 2450/2844/2838 2451/2839/2833
f 2451/2839/2833 2450/2844/2838 2605/2873/2867
f 2451/2839/2833 2605/2873/2867 2604/2840/2834
f 2604/2840/2834 2605/2873/2867 2486/2874/2868
f 2604/2840/2834 2486/2874/2868 2485/2841/2835
f 2485/2841/2835 2486/2874/2868 2483/2875/2869
f 2485/2841/2835 2483/2875/2869 2301/2629/2623
f 2301/2629/2623 2483/2875/2869 2573/2627/2621
f 2605/2873/2867 2450/2844/2838 2606/2846/2840
f 2456/2547/2541 2457/2549/2543 2512/2862/2856
f 2512/2862/2856 2457/2549/2543 2511/2876/2870
f 2512/2862/2856 2511/2876/2870 2630/2861/2855
f 2630/2861/2855 2511/2876/2870 2629/2863/2857
f 2457/2549/2543 2458/2551/2545 2511/2876/2870
f 2511/2876/2870 2458/2551/2545 2510/2864/2858
f 2511/2876/2870 2510/2864/2858 2629/2863/2857
f 2458/2551/2545 2459/2553/2547 2510/2864/2858
f 2508/2528/2522 2461/2530/2524 2507/2825/2819
f 2507/2825/2819 2461/2530/2524 2462/2826/2820
f 2594/2827/2821 2462/2826/2820 2595/2532/2526
f 2595/2532/2526 2462/2826/2820 2461/2530/2524
f 2587/2581/2575 2469/2463/2457 2588/2461/2455
f 2499/2465/2459 2470/2582/2576 2498/2593/2587
f 2498/2593/2587 2470/2582/2576 2471/2591/2585
f 2585/2589/2583 2471/2591/2585 2586/2580/2574
f 2586/2580/2574 2471/2591/2585 2470/2582/2576
f 2497/2592/2586 2472/2590/2584 2496/2866/2860
f 2496/2866/2860 2472/2590/2584 2473/2867/2861
f 2583/2868/2862 2473/2867/2861 2584/2588/2582
f 2584/2588/2582 2473/2867/2861 2472/2590/2584
f 2475/2603/2597 2476/2877/2871 2493/2854/2848
f 2493/2854/2848 2476/2877/2871 2492/2878/2872
f 2493/2854/2848 2492/2878/2872 2611/2852/2846
f 2611/2852/2846 2492/2878/2872 2610/2870/2864
f 2476/2877/2871 2477/2879/2873 2492/2878/2872
f 2492/2878/2872 2477/2879/2873 2491/2871/2865
f 2492/2878/2872 2491/2871/2865 2610/2870/2864
f 2475/2603/2597 2581/2601/2595 2476/2877/2871
f 2476/2877/2871 2581/2601/2595 2580/2880/2874
f 2476/2877/2871 2580/2880/2874 2477/2879/2873
f 2477/2879/2873 2580/2880/2874 2579/2881/2875
f 2477/2879/2873 2579/2881/2875 2478/2872/2866
f 2478/2872/2866 2579/2881/2875 2578/2618/2612
f 2477/2879/2873 2478/2872/2866 2491/2871/2865
f 2481/2507/2501 2482/2882/2876 2487/2883/2877
f 2487/2883/2877 2482/2882/2876 2486/2874/2868
f 2487/2883/2877 2486/2874/2868 2605/2873/2867
f 2486/2874/2868 2482/2882/2876 2483/2875/2869
f 2483/2875/2869 2482/2882/2876 2574/2884/2878
f 2483/2875/2869 2574/2884/2878 2573/2627/2621
f 2573/2627/2621 2574/2884/2878 2572/2628/2622
f 2574/2884/2878 2482/2882/2876 2575/2509/2503
f 2575/2509/2503 2482/2882/2876 2481/2507/2501
f 2606/2846/2840 2488/2505/2499 2487/2883/2877
f 2487/2883/2877 2488/2505/2499 2481/2507/2501
f 2606/2846/2840 2487/2883/2877 2605/2873/2867
f 2616/2594/2588 2497/2592/2586 2615/2865/2859
f 2615/2865/2859 2497/2592/2586 2496/2866/2860
f 2617/2467/2461 2499/2465/2459 2498/2593/2587
f 2627/2526/2520 2508/2528/2522 2626/2824/2818
f 2626/2824/2818 2508/2528/2522 2507/2825/2819
f 1011/2539/2533 2302/2766/2760 2425/2540/2534
f 2570/2510/2504 2515/2625/2619 2514/2512/2506
f 2519/2597/2591 2518/2596/2590 2566/2885/2879
f 2566/2885/2879 2518/2596/2590 2567/2616/2610
f 2566/2885/2879 2567/2616/2610 2579/2881/2875
f 2579/2881/2875 2567/2616/2610 2578/2618/2612
f 2562/2586/2580 2522/2585/2579 2563/2869/2863
f 2563/2869/2863 2522/2585/2579 2521/2584/2578
f 2560/2578/2572 2524/2577/2571 2561/2587/2581
f 2561/2587/2581 2524/2577/2571 2523/2576/2570
f 2528/2457/2451 2271/2455/2449 2527/2573/2567
f 2558/2574/2568 2526/2572/2566 2559/2579/2573
f 2559/2579/2573 2526/2572/2566 2525/2571/2565
f 2557/2459/2453 2528/2457/2451 2527/2573/2567
f 2551/2534/2528 2533/2536/2530 2552/2828/2822
f 2552/2828/2822 2533/2536/2530 2532/2538/2532
f 2536/2566/2560 2270/2537/2531 2535/2886/2880
f 2535/2886/2880 2270/2537/2531 2534/2535/2529
f 2535/2886/2880 2534/2535/2529 2550/2533/2527
f 2536/2566/2560 2535/2886/2880 2549/2887/2881
f 2549/2887/2881 2535/2886/2880 2550/2533/2527
f 2549/2887/2881 2550/2533/2527 2596/2531/2525
f 2537/2567/2561 2536/2566/2560 2548/2888/2882
f 2548/2888/2882 2536/2566/2560 2549/2887/2881
f 2548/2888/2882 2549/2887/2881 2597/2554/2548
f 2597/2554/2548 2549/2887/2881 2596/2531/2525
f 2545/2564/2558 2539/2563/2557 2546/2569/2563
f 2546/2569/2563 2539/2563/2557 2538/2562/2556
f 2304/2543/2537 2541/2560/2554 2544/2565/2559
f 2544/2565/2559 2541/2560/2554 2540/2559/2553
f 2304/2543/2537 2544/2565/2559 2543/2544/2538
f 2600/2548/2542 2601/2546/2540 2545/2564/2558
f 2545/2564/2558 2546/2569/2563 2600/2548/2542
f 2598/2552/2546 2599/2550/2544 2547/2568/2562
f 2597/2554/2548 2598/2552/2546 2548/2888/2882
f 2548/2888/2882 2598/2552/2546 2547/2568/2562
f 2548/2888/2882 2547/2568/2562 2537/2567/2561
f 2594/2827/2821 2595/2532/2526 2551/2534/2528
f 2551/2534/2528 2552/2828/2822 2594/2827/2821
f 2587/2581/2575 2588/2461/2455 2558/2574/2568
f 2558/2574/2568 2559/2579/2573 2587/2581/2575
f 2585/2589/2583 2586/2580/2574 2560/2578/2572
f 2560/2578/2572 2561/2587/2581 2585/2589/2583
f 2583/2868/2862 2584/2588/2582 2562/2586/2580
f 2562/2586/2580 2563/2869/2863 2583/2868/2862
f 2580/2880/2874 2581/2601/2595 2565/2599/2593
f 2579/2881/2875 2580/2880/2874 2566/2885/2879
f 2566/2885/2879 2580/2880/2874 2565/2599/2593
f 2566/2885/2879 2565/2599/2593 2519/2597/2591
f 2574/2884/2878 2575/2509/2503 2571/2511/2505
f 2571/2511/2505 2572/2628/2622 2574/2884/2878
f 2666/2805/2799 2638/2807/2801 2637/2848/2842
f 2666/2805/2799 2637/2848/2842 2665/2836/2830
f 2665/2836/2830 2637/2848/2842 2636/2837/2831
f 2671/2811/2805 2643/2813/2807 2642/2857/2851
f 2671/2811/2805 2642/2857/2851 2670/2830/2824
f 2670/2830/2824 2642/2857/2851 2641/2831/2825
f 2684/2819/2813 2655/2859/2853 2683/2829/2823
f 2683/2829/2823 2655/2859/2853 2654/2755/2749
f 2688/2518/2512 2659/2520/2514 2687/2820/2814
f 2687/2820/2814 2659/2520/2514 2658/2821/2815
f 2687/2820/2814 2365/2516/2510 2688/2518/2512
f 2320/2486/2480 2702/2798/2792 2701/2488/2482
f 2307/2769/2763 2715/2776/2770 2714/2770/2764
f 1088/2889/2883 2736/2890/2884 1089/2891/2885
f 1089/2891/2885 2736/2890/2884 2737/2892/2886
f 1089/2891/2885 2737/2892/2886 2279/2893/2887
f 2279/2893/2887 2737/2892/2886 2738/2894/2888
f 2279/2893/2887 2738/2894/2888 2739/2895/2889
f 2739/2895/2889 2738/2894/2888 2801/2896/2890
f 2739/2895/2889 2801/2896/2890 2800/2897/2891
f 2800/2897/2891 2801/2896/2890 2763/2898/2892
f 2800/2897/2891 2763/2898/2892 2764/2899/2893
f 2764/2899/2893 2763/2898/2892 2720/2900/2894
f 2764/2899/2893 2720/2900/2894 2721/2901/2895
f 1087/2902/2896 2759/2903/2897 1088/2889/2883
f 1088/2889/2883 2759/2903/2897 2804/2904/2898
f 1088/2889/2883 2804/2904/2898 2736/2890/2884
f 2736/2890/2884 2804/2904/2898 2803/2905/2899
f 2736/2890/2884 2803/2905/2899 2737/2892/2886
f 2737/2892/2886 2803/2905/2899 2802/2906/2900
f 2737/2892/2886 2802/2906/2900 2738/2894/2888
f 2738/2894/2888 2802/2906/2900 2801/2896/2890
f 1087/2902/2896 2717/2907/2901 2759/2903/2897
f 2759/2903/2897 2717/2907/2901 2760/2908/2902
f 2759/2903/2897 2760/2908/2902 2804/2904/2898
f 2804/2904/2898 2760/2908/2902 2803/2905/2899
f 2718/2909/2903 2762/2910/2904 2717/2907/2901
f 2717/2907/2901 2762/2910/2904 2761/2911/2905
f 2717/2907/2901 2761/2911/2905 2760/2908/2902
f 2760/2908/2902 2761/2911/2905 2803/2905/2899
f 2718/2909/2903 2719/2912/2906 2762/2910/2904
f 2762/2910/2904 2719/2912/2906 2763/2898/2892
f 2762/2910/2904 2763/2898/2892 2801/2896/2890
f 2719/2912/2906 2720/2900/2894 2763/2898/2892
f 2764/2899/2893 2721/2901/2895 2765/2913/2907
f 2765/2913/2907 2721/2901/2895 2722/2914/2908
f 2765/2913/2907 2722/2914/2908 2766/2915/2909
f 2766/2915/2909 2722/2914/2908 2723/2916/2910
f 2766/2915/2909 2723/2916/2910 2767/2917/2911
f 2767/2917/2911 2723/2916/2910 2724/2918/2912
f 2767/2917/2911 2724/2918/2912 2768/2919/2913
f 2768/2919/2913 2724/2918/2912 2725/2920/2914
f 2768/2919/2913 2725/2920/2914 2769/2921/2915
f 2769/2921/2915 2725/2920/2914 2726/2922/2916
f 2769/2921/2915 2726/2922/2916 2770/2923/2917
f 2770/2923/2917 2726/2922/2916 2727/2924/2918
f 2770/2923/2917 2727/2924/2918 2771/2925/2919
f 2771/2925/2919 2727/2924/2918 2728/2926/2920
f 2771/2925/2919 2728/2926/2920 2772/2927/2921
f 2772/2927/2921 2728/2926/2920 2729/2928/2922
f 2772/2927/2921 2729/2928/2922 2773/2929/2923
f 2773/2929/2923 2729/2928/2922 2730/2930/2924
f 2773/2929/2923 2730/2930/2924 2774/2931/2925
f 2774/2931/2925 2730/2930/2924 2731/2932/2926
f 2774/2931/2925 2731/2932/2926 2775/2933/2927
f 2775/2933/2927 2731/2932/2926 2732/2934/2928
f 2775/2933/2927 2732/2934/2928 2776/2935/2929
f 2776/2935/2929 2732/2934/2928 2733/2936/2930
f 2776/2935/2929 2733/2936/2930 2777/2937/2931
f 2777/2937/2931 2733/2936/2930 2734/2938/2932
f 2777/2937/2931 2734/2938/2932 2778/2939/2933
f 2778/2939/2933 2734/2938/2932 2735/2940/2934
f 2778/2939/2933 2735/2940/2934 2779/2941/2935
f 2779/2941/2935 2735/2940/2934 2780/2942/2936
f 2779/2941/2935 2780/2942/2936 2784/2943/2937
f 2784/2943/2937 2780/2942/2936 2783/2944/2938
f 2784/2943/2937 2783/2944/2938 2756/2945/2939
f 2756/2945/2939 2783/2944/2938 2757/2946/2940
f 2756/2945/2939 2757/2946/2940 2296/2947/2420
f 2296/2947/2420 2757/2946/2940 2758/2948/2941
f 2296/2947/2420 2758/2948/2941 1014/2949/2942
f 1014/2949/2942 2758/2948/2941 1015/2950/2943
f 1015/2950/2943 2758/2948/2941 2782/2951/2944
f 1015/2950/2943 2782/2951/2944 2781/2952/2945
f 2781/2952/2945 2782/2951/2944 2783/2944/2938
f 2781/2952/2945 2783/2944/2938 2780/2942/2936
f 2735/2940/2934 1016/2953/2946 2780/2942/2936
f 2780/2942/2936 1016/2953/2946 2781/2952/2945
f 1016/2953/2946 1015/2950/2943 2781/2952/2945
f 2296/2947/2420 2295/2954/2947 2756/2945/2939
f 2756/2945/2939 2295/2954/2947 2755/2955/2948
f 2756/2945/2939 2755/2955/2948 2784/2943/2937
f 2784/2943/2937 2755/2955/2948 2785/2956/2949
f 2784/2943/2937 2785/2956/2949 2779/2941/2935
f 2779/2941/2935 2785/2956/2949 2778/2939/2933
f 2295/2954/2947 2294/2957/2950 2755/2955/2948
f 2755/2955/2948 2294/2957/2950 2754/2958/2951
f 2755/2955/2948 2754/2958/2951 2785/2956/2949
f 2785/2956/2949 2754/2958/2951 2786/2959/2952
f 2785/2956/2949 2786/2959/2952 2778/2939/2933
f 2778/2939/2933 2786/2959/2952 2777/2937/2931
f 2294/2957/2950 2293/2960/2953 2754/2958/2951
f 2754/2958/2951 2293/2960/2953 2753/2961/2954
f 2754/2958/2951 2753/2961/2954 2786/2959/2952
f 2786/2959/2952 2753/2961/2954 2787/2962/2955
f 2786/2959/2952 2787/2962/2955 2777/2937/2931
f 2777/2937/2931 2787/2962/2955 2776/2935/2929
f 2293/2960/2953 2292/2963/2956 2753/2961/2954
f 2753/2961/2954 2292/2963/2956 2752/2964/2957
f 2753/2961/2954 2752/2964/2957 2787/2962/2955
f 2787/2962/2955 2752/2964/2957 2788/2965/2958
f 2787/2962/2955 2788/2965/2958 2776/2935/2929
f 2776/2935/2929 2788/2965/2958 2775/2933/2927
f 2292/2963/2956 2291/2966/2959 2752/2964/2957
f 2752/2964/2957 2291/2966/2959 2751/2967/2960
f 2752/2964/2957 2751/2967/2960 2788/2965/2958
f 2788/2965/2958 2751/2967/2960 2789/2968/2961
f 2788/2965/2958 2789/2968/2961 2775/2933/2927
f 2775/2933/2927 2789/2968/2961 2774/2931/2925
f 2291/2966/2959 2290/2969/2962 2751/2967/2960
f 2751/2967/2960 2290/2969/2962 2750/2970/2963
f 2751/2967/2960 2750/2970/2963 2789/2968/2961
f 2789/2968/2961 2750/2970/2963 2790/2971/2964
f 2789/2968/2961 2790/2971/2964 2774/2931/2925
f 2774/2931/2925 2790/2971/2964 2773/2929/2923
f 2290/2969/2962 2289/2972/2965 2750/2970/2963
f 2750/2970/2963 2289/2972/2965 2749/2973/2966
f 2750/2970/2963 2749/2973/2966 2790/2971/2964
f 2790/2971/2964 2749/2973/2966 2791/2974/2967
f 2790/2971/2964 2791/2974/2967 2773/2929/2923
f 2773/2929/2923 2791/2974/2967 2772/2927/2921
f 2289/2972/2965 2288/2975/2968 2749/2973/2966
f 2749/2973/2966 2288/2975/2968 2748/2976/2969
f 2749/2973/2966 2748/2976/2969 2791/2974/2967
f 2791/2974/2967 2748/2976/2969 2792/2977/2970
f 2791/2974/2967 2792/2977/2970 2772/2927/2921
f 2772/2927/2921 2792/2977/2970 2771/2925/2919
f 2288/2975/2968 2287/2978/2971 2748/2976/2969
f 2748/2976/2969 2287/2978/2971 2747/2979/2972
f 2748/2976/2969 2747/2979/2972 2792/2977/2970
f 2792/2977/2970 2747/2979/2972 2793/2980/2973
f 2792/2977/2970 2793/2980/2973 2771/2925/2919
f 2771/2925/2919 2793/2980/2973 2770/2923/2917
f 2287/2978/2971 2286/2981/2974 2747/2979/2972
f 2747/2979/2972 2286/2981/2974 2746/2982/2975
f 2747/2979/2972 2746/2982/2975 2793/2980/2973
f 2793/2980/2973 2746/2982/2975 2794/2983/2976
f 2793/2980/2973 2794/2983/2976 2770/2923/2917
f 2770/2923/2917 2794/2983/2976 2769/2921/2915
f 2286/2981/2974 2285/2984/2977 2746/2982/2975
f 2746/2982/2975 2285/2984/2977 2745/2985/2978
f 2746/2982/2975 2745/2985/2978 2794/2983/2976
f 2794/2983/2976 2745/2985/2978 2795/2986/2979
f 2794/2983/2976 2795/2986/2979 2769/2921/2915
f 2769/2921/2915 2795/2986/2979 2768/2919/2913
f 2285/2984/2977 2284/2987/2980 2745/2985/2978
f 2745/2985/2978 2284/2987/2980 2744/2988/2981
f 2745/2985/2978 2744/2988/2981 2795/2986/2979
f 2795/2986/2979 2744/2988/2981 2796/2989/2982
f 2795/2986/2979 2796/2989/2982 2768/2919/2913
f 2768/2919/2913 2796/2989/2982 2767/2917/2911
f 2284/2987/2980 2283/2990/2983 2744/2988/2981
f 2744/2988/2981 2283/2990/2983 2743/2991/2984
f 2744/2988/2981 2743/2991/2984 2796/2989/2982
f 2796/2989/2982 2743/2991/2984 2797/2992/2985
f 2796/2989/2982 2797/2992/2985 2767/2917/2911
f 2767/2917/2911 2797/2992/2985 2766/2915/2909
f 2283/2990/2983 2282/2993/2986 2743/2991/2984
f 2743/2991/2984 2282/2993/2986 2742/2994/2987
f 2743/2991/2984 2742/2994/2987 2797/2992/2985
f 2797/2992/2985 2742/2994/2987 2798/2995/2988
f 2797/2992/2985 2798/2995/2988 2766/2915/2909
f 2766/2915/2909 2798/2995/2988 2765/2913/2907
f 2282/2993/2986 2281/2996/2989 2742/2994/2987
f 2742/2994/2987 2281/2996/2989 2741/2997/2990
f 2742/2994/2987 2741/2997/2990 2798/2995/2988
f 2798/2995/2988 2741/2997/2990 2799/2998/2991
f 2798/2995/2988 2799/2998/2991 2765/2913/2907
f 2765/2913/2907 2799/2998/2991 2764/2899/2893
f 2281/2996/2989 2280/2999/2992 2741/2997/2990
f 2741/2997/2990 2280/2999/2992 2740/3000/2993
f 2741/2997/2990 2740/3000/2993 2799/2998/2991
f 2799/2998/2991 2740/3000/2993 2800/2897/2891
f 2799/2998/2991 2800/2897/2891 2764/2899/2893
f 2280/2999/2992 2279/2893/2887 2740/3000/2993
f 2740/3000/2993 2279/2893/2887 2739/2895/2889
f 2740/3000/2993 2739/2895/2889 2800/2897/2891
f 2782/2951/2944 2758/2948/2941 2757/2946/2940
f 2782/2951/2944 2757/2946/2940 2783/2944/2938
f 2802/2906/2900 2803/2905/2899 2761/2911/2905
f 2801/2896/2890 2802/2906/2900 2762/2910/2904
f 2762/2910/2904 2802/2906/2900 2761/2911/2905
f 1021/3001/2994 2819/3002/2995 1022/3003/2996
f 1022/3003/2996 2819/3002/2995 2827/3004/2997
f 1022/3003/2996 2827/3004/2997 2817/3005/2998
f 2817/3005/2998 2827/3004/2997 2828/3006/2999
f 2817/3005/2998 2828/3006/2999 2829/3007/3000
f 2829/3007/3000 2828/3006/2999 2882/3008/3001
f 2829/3007/3000 2882/3008/3001 2881/3009/3002
f 2881/3009/3002 2882/3008/3001 2890/3010/3003
f 2881/3009/3002 2890/3010/3003 2891/3011/3004
f 2891/3011/3004 2890/3010/3003 2920/3012/3005
f 2891/3011/3004 2920/3012/3005 2921/3013/3006
f 2921/3013/3006 2920/3012/3005 3206/3014/3007
f 2921/3013/3006 3206/3014/3007 3205/3015/3008
f 3205/3015/3008 3206/3014/3007 2996/3016/3009
f 3205/3015/3008 2996/3016/3009 2995/3017/3010
f 2995/3017/3010 2996/3016/3009 2952/3018/3011
f 2995/3017/3010 2952/3018/3011 2953/3019/3012
f 2953/3019/3012 2952/3018/3011 3053/3020/3013
f 2953/3019/3012 3053/3020/3013 3052/3021/3014
f 3052/3021/3014 3053/3020/3013 3014/3022/3015
f 3052/3021/3014 3014/3022/3015 3015/3023/3016
f 3015/3023/3016 3014/3022/3015 3164/3024/3017
f 3015/3023/3016 3164/3024/3017 3165/3025/3018
f 3165/3025/3018 3164/3024/3017 3286/3026/3019
f 3165/3025/3018 3286/3026/3019 3285/3027/3020
f 3285/3027/3020 3286/3026/3019 3109/3028/3021
f 3285/3027/3020 3109/3028/3021 3108/3029/3022
f 3108/3029/3022 3109/3028/3021 3077/3030/3023
f 3108/3029/3022 3077/3030/3023 3078/3031/3024
f 3078/3031/3024 3077/3030/3023 3255/3032/3025
f 3078/3031/3024 3255/3032/3025 3254/3033/3026
f 3254/3033/3026 3255/3032/3025 3225/3034/3027
f 3254/3033/3026 3225/3034/3027 3224/3035/3028
f 3224/3035/3028 3225/3034/3027 3135/3036/3029
f 3224/3035/3028 3135/3036/3029 3134/3037/3030
f 3134/3037/3030 3135/3036/3029 2720/3038/3031
f 3134/3037/3030 2720/3038/3031 3133/3039/3032
f 3133/3039/3032 2720/3038/3031 2719/3040/3033
f 3133/3039/3032 2719/3040/3033 3132/3041/3034
f 3132/3041/3034 2719/3040/3033 3131/3042/3035
f 3132/3041/3034 3131/3042/3035 3221/3043/3036
f 3221/3043/3036 3131/3042/3035 3220/3044/3037
f 3221/3043/3036 3220/3044/3037 3250/3045/3038
f 3250/3045/3038 3220/3044/3037 3249/3046/3039
f 3250/3045/3038 3249/3046/3039 3083/3047/3040
f 3083/3047/3040 3249/3046/3039 3084/3048/3041
f 3083/3047/3040 3084/3048/3041 3102/3049/3042
f 3102/3049/3042 3084/3048/3041 3101/3050/3043
f 3102/3049/3042 3101/3050/3043 3278/3051/3044
f 3278/3051/3044 3101/3050/3043 3277/3052/3045
f 3278/3051/3044 3277/3052/3045 3173/3053/3046
f 3173/3053/3046 3277/3052/3045 3174/3054/3047
f 3173/3053/3046 3174/3054/3047 3024/3055/3048
f 3024/3055/3048 3174/3054/3047 3025/3056/3049
f 3024/3055/3048 3025/3056/3049 3042/3057/3050
f 3042/3057/3050 3025/3056/3049 3041/3058/3051
f 3042/3057/3050 3041/3058/3051 2964/3059/3052
f 2964/3059/3052 3041/3058/3051 2965/3060/3053
f 2964/3059/3052 2965/3060/3053 2983/3061/3054
f 2983/3061/3054 2965/3060/3053 2982/3062/3055
f 2983/3061/3054 2982/3062/3055 3192/3063/3056
f 3192/3063/3056 2982/3062/3055 3191/3064/3057
f 3192/3063/3056 3191/3064/3057 2935/3065/3058
f 2935/3065/3058 3191/3064/3057 2936/3066/3059
f 2935/3065/3058 2936/3066/3059 2906/3067/3060
f 2906/3067/3060 2936/3066/3059 2907/3068/3061
f 2906/3067/3060 2907/3068/3061 2865/3069/3062
f 2865/3069/3062 2907/3068/3061 2864/3070/3063
f 2865/3069/3062 2864/3070/3063 2846/3071/3064
f 2846/3071/3064 2864/3070/3063 2847/3072/3065
f 2846/3071/3064 2847/3072/3065 2809/3073/3066
f 2809/3073/3066 2847/3072/3065 2848/3074/3067
f 2809/3073/3066 2848/3074/3067 2849/3075/3068
f 2849/3075/3068 2848/3074/3067 2862/3076/3069
f 2849/3075/3068 2862/3076/3069 2861/3077/3070
f 2861/3077/3070 2862/3076/3069 2910/3078/3071
f 2861/3077/3070 2910/3078/3071 2911/3079/3072
f 2911/3079/3072 2910/3078/3071 2940/3080/3073
f 2911/3079/3072 2940/3080/3073 2941/3081/3074
f 2941/3081/3074 2940/3080/3073 3186/3082/3075
f 2941/3081/3074 3186/3082/3075 3185/3083/3076
f 3185/3083/3076 3186/3082/3075 2976/3084/3077
f 3185/3083/3076 2976/3084/3077 2975/3085/3078
f 2975/3085/3078 2976/3084/3077 2972/3086/3079
f 2975/3085/3078 2972/3086/3079 2820/3087/3080
f 2820/3087/3080 2972/3086/3079 2973/3088/3081
f 2820/3087/3080 2973/3088/3081 1084/3089/3082
f 1084/3089/3082 2973/3088/3081 1085/3090/3083
f 1085/3090/3083 2973/3088/3081 3033/3091/3084
f 1085/3090/3083 3033/3091/3084 3182/3092/3085
f 3182/3092/3085 3033/3091/3084 3032/3093/3086
f 3182/3092/3085 3032/3093/3086 3181/3094/3087
f 3181/3094/3087 3032/3093/3086 3031/3095/3088
f 3181/3094/3087 3031/3095/3088 3180/3096/3089
f 3180/3096/3089 3031/3095/3088 3030/3097/3090
f 3180/3096/3089 3030/3097/3090 3179/3098/3091
f 3179/3098/3091 3030/3097/3090 3029/3099/3092
f 3179/3098/3091 3029/3099/3092 3178/3100/3093
f 3178/3100/3093 3029/3099/3092 3028/3101/3094
f 3178/3100/3093 3028/3101/3094 3177/3102/3095
f 3177/3102/3095 3028/3101/3094 3027/3103/3096
f 3177/3102/3095 3027/3103/3096 3176/3104/3097
f 3176/3104/3097 3027/3103/3096 3026/3105/3098
f 3176/3104/3097 3026/3105/3098 3175/3106/3099
f 3175/3106/3099 3026/3105/3098 3025/3056/3049
f 3175/3106/3099 3025/3056/3049 3174/3054/3047
f 1020/3107/3100 2886/3108/3101 1021/3001/2994
f 1021/3001/2994 2886/3108/3101 2885/3109/3102
f 1021/3001/2994 2885/3109/3102 2819/3002/2995
f 2819/3002/2995 2885/3109/3102 2884/3110/3103
f 2819/3002/2995 2884/3110/3103 2827/3004/2997
f 2827/3004/2997 2884/3110/3103 2883/3111/3104
f 2827/3004/2997 2883/3111/3104 2828/3006/2999
f 2828/3006/2999 2883/3111/3104 2882/3008/3001
f 1019/3112/3105 2821/3113/3106 1020/3107/3100
f 1020/3107/3100 2821/3113/3106 2915/3114/3107
f 1020/3107/3100 2915/3114/3107 2886/3108/3101
f 2886/3108/3101 2915/3114/3107 2916/3115/3108
f 2886/3108/3101 2916/3115/3108 2887/3116/3109
f 2887/3116/3109 2916/3115/3108 2917/3117/3110
f 2887/3116/3109 2917/3117/3110 2888/3118/3111
f 2888/3118/3111 2917/3117/3110 2918/3119/3112
f 2888/3118/3111 2918/3119/3112 2889/3120/3113
f 2889/3120/3113 2918/3119/3112 2919/3121/3114
f 2889/3120/3113 2919/3121/3114 2890/3010/3003
f 2890/3010/3003 2919/3121/3114 2920/3012/3005
f 1018/3122/3115 2822/3123/3116 1019/3112/3105
f 1019/3112/3105 2822/3123/3116 3003/3124/3117
f 1019/3112/3105 3003/3124/3117 2821/3113/3106
f 2821/3113/3106 3003/3124/3117 3002/3125/3118
f 2821/3113/3106 3002/3125/3118 3211/3126/3119
f 3211/3126/3119 3002/3125/3118 3001/3127/3120
f 3211/3126/3119 3001/3127/3120 3210/3128/3121
f 3210/3128/3121 3001/3127/3120 3000/3129/3122
f 3210/3128/3121 3000/3129/3122 3209/3130/3123
f 3209/3130/3123 3000/3129/3122 2999/3131/3124
f 3209/3130/3123 2999/3131/3124 3208/3132/3125
f 3208/3132/3125 2999/3131/3124 2998/3133/3126
f 3208/3132/3125 2998/3133/3126 3207/3134/3127
f 3207/3134/3127 2998/3133/3126 2997/3135/3128
f 3207/3134/3127 2997/3135/3128 3206/3014/3007
f 3206/3014/3007 2997/3135/3128 2996/3016/3009
f 1017/3136/3129 3153/3137/3130 1018/3122/3115
f 1018/3122/3115 3153/3137/3130 3004/3138/3131
f 1018/3122/3115 3004/3138/3131 3062/3139/3132
f 3062/3139/3132 3004/3138/3131 3005/3140/3133
f 3062/3139/3132 3005/3140/3133 3061/3141/3134
f 3061/3141/3134 3005/3140/3133 3006/3142/3135
f 3061/3141/3134 3006/3142/3135 3060/3143/3136
f 3060/3143/3136 3006/3142/3135 3007/3144/3137
f 3060/3143/3136 3007/3144/3137 3059/3145/3138
f 3059/3145/3138 3007/3144/3137 3008/3146/3139
f 3059/3145/3138 3008/3146/3139 3058/3147/3140
f 3058/3147/3140 3008/3146/3139 3009/3148/3141
f 3058/3147/3140 3009/3148/3141 3057/3149/3142
f 3057/3149/3142 3009/3148/3141 3010/3150/3143
f 3057/3149/3142 3010/3150/3143 3056/3151/3144
f 3056/3151/3144 3010/3150/3143 3011/3152/3145
f 3056/3151/3144 3011/3152/3145 3055/3153/3146
f 3055/3153/3146 3011/3152/3145 3012/3154/3147
f 3055/3153/3146 3012/3154/3147 3054/3155/3148
f 3054/3155/3148 3012/3154/3147 3013/3156/3149
f 3054/3155/3148 3013/3156/3149 3053/3020/3013
f 3053/3020/3013 3013/3156/3149 3014/3022/3015
f 1016/3157/3150 2826/3158/3151 1017/3136/3129
f 1017/3136/3129 2826/3158/3151 3241/3159/3152
f 1017/3136/3129 3241/3159/3152 3063/3160/3153
f 3063/3160/3153 3241/3159/3152 3269/3161/3154
f 3063/3160/3153 3269/3161/3154 3064/3162/3155
f 3064/3162/3155 3269/3161/3154 3268/3163/3156
f 3064/3162/3155 3268/3163/3156 3065/3164/3157
f 3065/3164/3157 3268/3163/3156 3267/3165/3158
f 3065/3164/3157 3267/3165/3158 3066/3166/3159
f 3066/3166/3159 3267/3165/3158 3266/3167/3160
f 3066/3166/3159 3266/3167/3160 3067/3168/3161
f 3067/3168/3161 3266/3167/3160 3265/3169/3162
f 3067/3168/3161 3265/3169/3162 3068/3170/3163
f 3068/3170/3163 3265/3169/3162 3264/3171/3164
f 3068/3170/3163 3264/3171/3164 3069/3172/3165
f 3069/3172/3165 3264/3171/3164 3263/3173/3166
f 3069/3172/3165 3263/3173/3166 3070/3174/3167
f 3070/3174/3167 3263/3173/3166 3262/3175/3168
f 3070/3174/3167 3262/3175/3168 3071/3176/3169
f 3071/3176/3169 3262/3175/3168 3261/3177/3170
f 3071/3176/3169 3261/3177/3170 3072/3178/3171
f 3072/3178/3171 3261/3177/3170 3260/3179/3172
f 3072/3178/3171 3260/3179/3172 3073/3180/3173
f 3073/3180/3173 3260/3179/3172 3259/3181/3174
f 3073/3180/3173 3259/3181/3174 3074/3182/3175
f 3074/3182/3175 3259/3181/3174 3258/3183/3176
f 3074/3182/3175 3258/3183/3176 3075/3184/3177
f 3075/3184/3177 3258/3183/3176 3257/3185/3178
f 3075/3184/3177 3257/3185/3178 3076/3186/3179
f 3076/3186/3179 3257/3185/3178 3256/3187/3180
f 3076/3186/3179 3256/3187/3180 3077/3030/3023
f 3077/3030/3023 3256/3187/3180 3255/3032/3025
f 2826/3158/3151 1016/3157/3150 3152/3188/3181
f 3152/3188/3181 1016/3157/3150 2735/3189/3182
f 3152/3188/3181 2735/3189/3182 3151/3190/3183
f 3151/3190/3183 2735/3189/3182 3150/3191/3184
f 3151/3190/3183 3150/3191/3184 3240/3192/3185
f 3240/3192/3185 3150/3191/3184 3239/3193/3186
f 3240/3192/3185 3239/3193/3186 3269/3161/3154
f 3269/3161/3154 3239/3193/3186 3268/3163/3156
f 3150/3191/3184 2735/3189/3182 3149/3194/3187
f 3149/3194/3187 2735/3189/3182 2734/3195/3188
f 3149/3194/3187 2734/3195/3188 3148/3196/3189
f 3148/3196/3189 2734/3195/3188 3147/3197/3190
f 3148/3196/3189 3147/3197/3190 3237/3198/3191
f 3237/3198/3191 3147/3197/3190 3236/3199/3192
f 3237/3198/3191 3236/3199/3192 3266/3167/3160
f 3266/3167/3160 3236/3199/3192 3265/3169/3162
f 2734/3195/3188 2733/3200/3193 3147/3197/3190
f 3147/3197/3190 2733/3200/3193 3146/3201/3194
f 3147/3197/3190 3146/3201/3194 3236/3199/3192
f 3236/3199/3192 3146/3201/3194 3235/3202/3195
f 3236/3199/3192 3235/3202/3195 3265/3169/3162
f 3265/3169/3162 3235/3202/3195 3264/3171/3164
f 2733/3200/3193 2732/3203/3196 3146/3201/3194
f 3146/3201/3194 2732/3203/3196 3145/3204/3197
f 3146/3201/3194 3145/3204/3197 3235/3202/3195
f 3235/3202/3195 3145/3204/3197 3234/3205/3198
f 3235/3202/3195 3234/3205/3198 3264/3171/3164
f 3264/3171/3164 3234/3205/3198 3263/3173/3166
f 2732/3203/3196 2731/3206/3199 3145/3204/3197
f 3145/3204/3197 2731/3206/3199 3144/3207/3200
f 3145/3204/3197 3144/3207/3200 3234/3205/3198
f 3234/3205/3198 3144/3207/3200 3233/3208/3201
f 3234/3205/3198 3233/3208/3201 3263/3173/3166
f 3263/3173/3166 3233/3208/3201 3262/3175/3168
f 2731/3206/3199 2730/3209/3202 3144/3207/3200
f 3144/3207/3200 2730/3209/3202 2729/3210/3203
f 3144/3207/3200 2729/3210/3203 3143/3211/3204
f 3143/3211/3204 2729/3210/3203 2728/3212/3205
f 3143/3211/3204 2728/3212/3205 2727/3213/3206
f 3143/3211/3204 2727/3213/3206 3142/3214/3207
f 3142/3214/3207 2727/3213/3206 2726/3215/3208
f 3142/3214/3207 2726/3215/3208 2725/3216/3209
f 3142/3214/3207 2725/3216/3209 3141/3217/3210
f 3141/3217/3210 2725/3216/3209 2724/3218/3211
f 3141/3217/3210 2724/3218/3211 2723/3219/3212
f 2722/3220/3213 3139/3221/3214 2723/3219/3212
f 2723/3219/3212 3139/3221/3214 3140/3222/3215
f 2723/3219/3212 3140/3222/3215 3141/3217/3210
f 3141/3217/3210 3140/3222/3215 3230/3223/3216
f 3141/3217/3210 3230/3223/3216 3231/3224/3217
f 3231/3224/3217 3230/3223/3216 3260/3179/3172
f 3231/3224/3217 3260/3179/3172 3261/3177/3170
f 2721/3225/3218 3137/3226/3219 2722/3220/3213
f 2722/3220/3213 3137/3226/3219 3138/3227/3220
f 2722/3220/3213 3138/3227/3220 3139/3221/3214
f 3139/3221/3214 3138/3227/3220 3228/3228/3221
f 3139/3221/3214 3228/3228/3221 3229/3229/3222
f 3229/3229/3222 3228/3228/3221 3258/3183/3176
f 3229/3229/3222 3258/3183/3176 3259/3181/3174
f 2720/3038/3031 3135/3036/3029 2721/3225/3218
f 2721/3225/3218 3135/3036/3029 3136/3230/3223
f 2721/3225/3218 3136/3230/3223 3137/3226/3219
f 3137/3226/3219 3136/3230/3223 3226/3231/3224
f 3137/3226/3219 3226/3231/3224 3227/3232/3225
f 3227/3232/3225 3226/3231/3224 3256/3187/3180
f 3227/3232/3225 3256/3187/3180 3257/3185/3178
f 2719/3040/3033 2718/3233/3226 3131/3042/3035
f 3131/3042/3035 2718/3233/3226 3130/3234/3227
f 3131/3042/3035 3130/3234/3227 3220/3044/3037
f 3220/3044/3037 3130/3234/3227 3219/3235/3228
f 3220/3044/3037 3219/3235/3228 3249/3046/3039
f 3249/3046/3039 3219/3235/3228 3248/3236/3229
f 3249/3046/3039 3248/3236/3229 3084/3048/3041
f 3084/3048/3041 3248/3236/3229 3085/3237/3230
f 3084/3048/3041 3085/3237/3230 3101/3050/3043
f 3101/3050/3043 3085/3237/3230 3100/3238/3231
f 3101/3050/3043 3100/3238/3231 3277/3052/3045
f 3277/3052/3045 3100/3238/3231 3276/3239/3232
f 3277/3052/3045 3276/3239/3232 3174/3054/3047
f 3174/3054/3047 3276/3239/3232 3175/3106/3099
f 2717/3240/2901 3126/3241/3233 2718/3233/3226
f 2718/3233/3226 3126/3241/3233 3127/3242/3234
f 2718/3233/3226 3127/3242/3234 3128/3243/3235
f 3128/3243/3235 3127/3242/3234 3217/3244/3236
f 3128/3243/3235 3217/3244/3236 3218/3245/3237
f 3218/3245/3237 3217/3244/3236 3247/3246/3238
f 3218/3245/3237 3247/3246/3238 3248/3236/3229
f 3248/3236/3229 3247/3246/3238 3085/3237/3230
f 1087/3247/3239 3123/3248/3240 2717/3240/2901
f 2717/3240/2901 3123/3248/3240 3124/3249/3241
f 2717/3240/2901 3124/3249/3241 3125/3250/3242
f 3125/3250/3242 3124/3249/3241 3214/3251/3243
f 3125/3250/3242 3214/3251/3243 3215/3252/3244
f 3215/3252/3244 3214/3251/3243 3244/3253/3245
f 3215/3252/3244 3244/3253/3245 3245/3254/3246
f 3245/3254/3246 3244/3253/3245 3088/3255/3247
f 3245/3254/3246 3088/3255/3247 3087/3256/3248
f 3087/3256/3248 3088/3255/3247 3098/3257/3249
f 3087/3256/3248 3098/3257/3249 3099/3258/3250
f 3099/3258/3250 3098/3257/3249 3275/3259/3251
f 3099/3258/3250 3275/3259/3251 3276/3239/3232
f 3276/3239/3232 3275/3259/3251 3175/3106/3099
f 1087/3247/3239 1086/3260/3252 3123/3248/3240
f 3123/3248/3240 1086/3260/3252 3212/3261/3253
f 3123/3248/3240 3212/3261/3253 3213/3262/3254
f 3213/3262/3254 3212/3261/3253 3242/3263/3255
f 3213/3262/3254 3242/3263/3255 3243/3264/3256
f 3243/3264/3256 3242/3263/3255 3090/3265/3257
f 3243/3264/3256 3090/3265/3257 3089/3266/3258
f 3089/3266/3258 3090/3265/3257 3096/3267/3259
f 3089/3266/3258 3096/3267/3259 3097/3268/3260
f 3097/3268/3260 3096/3267/3259 3273/3269/3261
f 3097/3268/3260 3273/3269/3261 3274/3270/3262
f 3274/3270/3262 3273/3269/3261 3177/3102/3095
f 3274/3270/3262 3177/3102/3095 3176/3104/3097
f 1085/3090/3083 3093/3271/3263 1086/3260/3252
f 1086/3260/3252 3093/3271/3263 3092/3272/3264
f 1086/3260/3252 3092/3272/3264 2825/3273/3265
f 2825/3273/3265 3092/3272/3264 3091/3274/3266
f 2825/3273/3265 3091/3274/3266 3242/3263/3255
f 3242/3263/3255 3091/3274/3266 3090/3265/3257
f 1083/3275/3267 2818/3276/3268 1084/3089/3082
f 1084/3089/3082 2818/3276/3268 2856/3277/3269
f 1084/3089/3082 2856/3277/3269 2944/3278/3270
f 2944/3278/3270 2856/3277/3269 2914/3279/3271
f 2944/3278/3270 2914/3279/3271 2943/3280/3272
f 2943/3280/3272 2914/3279/3271 2913/3281/3273
f 2943/3280/3272 2913/3281/3273 2942/3282/3274
f 2942/3282/3274 2913/3281/3273 2912/3283/3275
f 2942/3282/3274 2912/3283/3275 2941/3081/3074
f 2941/3081/3074 2912/3283/3275 2911/3079/3072
f 2818/3276/3268 1083/3275/3267 2855/3284/3276
f 2855/3284/3276 1083/3275/3267 2805/3285/3277
f 2855/3284/3276 2805/3285/3277 2806/3286/3278
f 2807/3287/3279 2853/3288/3280 2806/3286/3278
f 2806/3286/3278 2853/3288/3280 2854/3289/3281
f 2806/3286/3278 2854/3289/3281 2855/3284/3276
f 2855/3284/3276 2854/3289/3281 2818/3276/3268
f 2808/3290/3282 2851/3291/3283 2807/3287/3279
f 2807/3287/3279 2851/3291/3283 2852/3292/3284
f 2807/3287/3279 2852/3292/3284 2853/3288/3280
f 2853/3288/3280 2852/3292/3284 2858/3293/3285
f 2853/3288/3280 2858/3293/3285 2857/3294/3286
f 2857/3294/3286 2858/3293/3285 2914/3279/3271
f 2857/3294/3286 2914/3279/3271 2856/3277/3269
f 2809/3073/3066 2849/3075/3068 2808/3290/3282
f 2808/3290/3282 2849/3075/3068 2850/3295/3287
f 2808/3290/3282 2850/3295/3287 2851/3291/3283
f 2851/3291/3283 2850/3295/3287 2860/3296/3288
f 2851/3291/3283 2860/3296/3288 2859/3297/3289
f 2859/3297/3289 2860/3296/3288 2912/3283/3275
f 2859/3297/3289 2912/3283/3275 2913/3281/3273
f 2810/3298/3290 2844/3299/3291 2809/3073/3066
f 2809/3073/3066 2844/3299/3291 2845/3300/3292
f 2809/3073/3066 2845/3300/3292 2846/3071/3064
f 2846/3071/3064 2845/3300/3292 2865/3069/3062
f 2811/3301/3293 2838/3302/3294 2810/3298/3290
f 2810/3298/3290 2838/3302/3294 2839/3303/3295
f 2810/3298/3290 2839/3303/3295 2840/3304/3296
f 2840/3304/3296 2839/3303/3295 2871/3305/3297
f 2840/3304/3296 2871/3305/3297 2870/3306/3298
f 2870/3306/3298 2871/3305/3297 2901/3307/3299
f 2870/3306/3298 2901/3307/3299 2902/3308/3300
f 2902/3308/3300 2901/3307/3299 2931/3309/3301
f 2902/3308/3300 2931/3309/3301 2932/3310/3302
f 2932/3310/3302 2931/3309/3301 3195/3311/3303
f 2932/3310/3302 3195/3311/3303 3194/3312/3304
f 3194/3312/3304 3195/3311/3303 2985/3313/3305
f 3194/3312/3304 2985/3313/3305 2984/3314/3306
f 2984/3314/3306 2985/3313/3305 2963/3315/3307
f 2984/3314/3306 2963/3315/3307 2964/3059/3052
f 2964/3059/3052 2963/3315/3307 3042/3057/3050
f 2812/3316/3308 2836/3317/3309 2811/3301/3293
f 2811/3301/3293 2836/3317/3309 2837/3318/3310
f 2811/3301/3293 2837/3318/3310 2838/3302/3294
f 2838/3302/3294 2837/3318/3310 2873/3319/3311
f 2838/3302/3294 2873/3319/3311 2872/3320/3312
f 2872/3320/3312 2873/3319/3311 2899/3321/3313
f 2872/3320/3312 2899/3321/3313 2900/3322/3314
f 2900/3322/3314 2899/3321/3313 2929/3323/3315
f 2900/3322/3314 2929/3323/3315 2930/3324/3316
f 2930/3324/3316 2929/3323/3315 3197/3325/3317
f 2930/3324/3316 3197/3325/3317 3196/3326/3318
f 3196/3326/3318 3197/3325/3317 2987/3327/3319
f 3196/3326/3318 2987/3327/3319 2986/3328/3320
f 2986/3328/3320 2987/3327/3319 2961/3329/3321
f 2986/3328/3320 2961/3329/3321 2962/3330/3322
f 2962/3330/3322 2961/3329/3321 3044/3331/3323
f 2962/3330/3322 3044/3331/3323 3043/3332/3324
f 3043/3332/3324 3044/3331/3323 3023/3333/3325
f 3043/3332/3324 3023/3333/3325 3024/3055/3048
f 3024/3055/3048 3023/3333/3325 3173/3053/3046
f 2813/3334/3326 2834/3335/3327 2812/3316/3308
f 2812/3316/3308 2834/3335/3327 2835/3336/3328
f 2812/3316/3308 2835/3336/3328 2836/3317/3309
f 2836/3317/3309 2835/3336/3328 2875/3337/3329
f 2836/3317/3309 2875/3337/3329 2874/3338/3330
f 2874/3338/3330 2875/3337/3329 2897/3339/3331
f 2874/3338/3330 2897/3339/3331 2898/3340/3332
f 2898/3340/3332 2897/3339/3331 2927/3341/3333
f 2898/3340/3332 2927/3341/3333 2928/3342/3334
f 2928/3342/3334 2927/3341/3333 3199/3343/3335
f 2928/3342/3334 3199/3343/3335 3198/3344/3336
f 3198/3344/3336 3199/3343/3335 2989/3345/3337
f 3198/3344/3336 2989/3345/3337 2988/3346/3338
f 2988/3346/3338 2989/3345/3337 2959/3347/3339
f 2988/3346/3338 2959/3347/3339 2960/3348/3340
f 2960/3348/3340 2959/3347/3339 3046/3349/3341
f 2960/3348/3340 3046/3349/3341 3045/3350/3342
f 3045/3350/3342 3046/3349/3341 3021/3351/3343
f 3045/3350/3342 3021/3351/3343 3022/3352/3344
f 3022/3352/3344 3021/3351/3343 3171/3353/3345
f 3022/3352/3344 3171/3353/3345 3172/3354/3346
f 3172/3354/3346 3171/3353/3345 3279/3355/3347
f 3172/3354/3346 3279/3355/3347 3278/3051/3044
f 3278/3051/3044 3279/3355/3347 3102/3049/3042
f 2814/3356/3348 2831/3357/3349 2813/3334/3326
f 2813/3334/3326 2831/3357/3349 2832/3358/3350
f 2813/3334/3326 2832/3358/3350 2833/3359/3351
f 2833/3359/3351 2832/3358/3350 2878/3360/3352
f 2833/3359/3351 2878/3360/3352 2877/3361/3353
f 2877/3361/3353 2878/3360/3352 2894/3362/3354
f 2877/3361/3353 2894/3362/3354 2895/3363/3355
f 2895/3363/3355 2894/3362/3354 2924/3364/3356
f 2895/3363/3355 2924/3364/3356 2925/3365/3357
f 2925/3365/3357 2924/3364/3356 3202/3366/3358
f 2925/3365/3357 3202/3366/3358 3201/3367/3359
f 3201/3367/3359 3202/3366/3358 2992/3368/3360
f 3201/3367/3359 2992/3368/3360 2991/3369/3361
f 2991/3369/3361 2992/3368/3360 2956/3370/3362
f 2991/3369/3361 2956/3370/3362 2957/3371/3363
f 2957/3371/3363 2956/3370/3362 3049/3372/3364
f 2957/3371/3363 3049/3372/3364 3048/3373/3365
f 3048/3373/3365 3049/3372/3364 3018/3374/3366
f 3048/3373/3365 3018/3374/3366 3019/3375/3367
f 3019/3375/3367 3018/3374/3366 3168/3376/3368
f 3019/3375/3367 3168/3376/3368 3169/3377/3369
f 3169/3377/3369 3168/3376/3368 3282/3378/3370
f 3169/3377/3369 3282/3378/3370 3281/3379/3371
f 3281/3379/3371 3282/3378/3370 3105/3380/3372
f 3281/3379/3371 3105/3380/3372 3104/3381/3373
f 3104/3381/3373 3105/3380/3372 3081/3382/3374
f 3104/3381/3373 3081/3382/3374 3082/3383/3375
f 3082/3383/3375 3081/3382/3374 3251/3384/3376
f 3082/3383/3375 3251/3384/3376 3250/3045/3038
f 3250/3045/3038 3251/3384/3376 3221/3043/3036
f 2814/3356/3348 2815/3385/3377 2831/3357/3349
f 2831/3357/3349 2815/3385/3377 2830/3386/3378
f 2831/3357/3349 2830/3386/3378 2880/3387/3379
f 2880/3387/3379 2830/3386/3378 2881/3009/3002
f 2880/3387/3379 2881/3009/3002 2891/3011/3004
f 2815/3385/3377 2816/3388/3380 2830/3386/3378
f 2830/3386/3378 2816/3388/3380 2829/3007/3000
f 2830/3386/3378 2829/3007/3000 2881/3009/3002
f 2816/3388/3380 2817/3005/2998 2829/3007/3000
f 2820/3087/3080 1084/3089/3082 2974/3389/3381
f 2974/3389/3381 1084/3089/3082 3183/3390/3382
f 2974/3389/3381 3183/3390/3382 3184/3391/3383
f 3184/3391/3383 3183/3390/3382 2943/3280/3272
f 3184/3391/3383 2943/3280/3272 2942/3282/3274
f 1018/3122/3115 3062/3139/3132 2822/3123/3116
f 2822/3123/3116 3062/3139/3132 3061/3141/3134
f 2822/3123/3116 3061/3141/3134 2945/3392/3384
f 2945/3392/3384 3061/3141/3134 3060/3143/3136
f 2945/3392/3384 3060/3143/3136 2946/3393/3385
f 2946/3393/3385 3060/3143/3136 3059/3145/3138
f 2946/3393/3385 3059/3145/3138 2947/3394/3386
f 2947/3394/3386 3059/3145/3138 3058/3147/3140
f 2947/3394/3386 3058/3147/3140 2948/3395/3387
f 2948/3395/3387 3058/3147/3140 3057/3149/3142
f 2948/3395/3387 3057/3149/3142 2949/3396/3388
f 2949/3396/3388 3057/3149/3142 3056/3151/3144
f 2949/3396/3388 3056/3151/3144 2950/3397/3389
f 2950/3397/3389 3056/3151/3144 3055/3153/3146
f 2950/3397/3389 3055/3153/3146 2951/3398/3390
f 2951/3398/3390 3055/3153/3146 3054/3155/3148
f 2951/3398/3390 3054/3155/3148 2952/3018/3011
f 2952/3018/3011 3054/3155/3148 3053/3020/3013
f 1085/3090/3083 3182/3092/3085 2823/3399/3391
f 2823/3399/3391 3182/3092/3085 3181/3094/3087
f 2823/3399/3391 3181/3094/3087 3270/3400/3392
f 3270/3400/3392 3181/3094/3087 3180/3096/3089
f 3270/3400/3392 3180/3096/3089 3271/3401/3393
f 3271/3401/3393 3180/3096/3089 3179/3098/3091
f 3271/3401/3393 3179/3098/3091 3272/3402/3394
f 3272/3402/3394 3179/3098/3091 3178/3100/3093
f 3272/3402/3394 3178/3100/3093 3273/3269/3261
f 3273/3269/3261 3178/3100/3093 3177/3102/3095
f 2824/3403/3395 1017/3136/3129 3122/3404/3396
f 3122/3404/3396 1017/3136/3129 3063/3160/3153
f 3122/3404/3396 3063/3160/3153 3064/3162/3155
f 3212/3261/3253 1086/3260/3252 2825/3273/3265
f 2834/3335/3327 2813/3334/3326 2833/3359/3351
f 2832/3358/3350 2831/3357/3349 2879/3405/3397
f 2879/3405/3397 2831/3357/3349 2880/3387/3379
f 2879/3405/3397 2880/3387/3379 2892/3406/3398
f 2892/3406/3398 2880/3387/3379 2891/3011/3004
f 2892/3406/3398 2891/3011/3004 2921/3013/3006
f 2833/3359/3351 2877/3361/3353 2834/3335/3327
f 2834/3335/3327 2877/3361/3353 2876/3407/3399
f 2834/3335/3327 2876/3407/3399 2835/3336/3328
f 2835/3336/3328 2876/3407/3399 2875/3337/3329
f 2873/3319/3311 2837/3318/3310 2874/3338/3330
f 2874/3338/3330 2837/3318/3310 2836/3317/3309
f 2871/3305/3297 2839/3303/3295 2872/3320/3312
f 2872/3320/3312 2839/3303/3295 2838/3302/3294
f 2840/3304/3296 2841/3408/3400 2810/3298/3290
f 2810/3298/3290 2841/3408/3400 2842/3409/3401
f 2810/3298/3290 2842/3409/3401 2843/3410/3402
f 2843/3410/3402 2842/3409/3401 2868/3411/3403
f 2843/3410/3402 2868/3411/3403 2867/3412/3404
f 2867/3412/3404 2868/3411/3403 2904/3413/3405
f 2867/3412/3404 2904/3413/3405 2905/3414/3406
f 2905/3414/3406 2904/3413/3405 2934/3415/3407
f 2905/3414/3406 2934/3415/3407 2935/3065/3058
f 2935/3065/3058 2934/3415/3407 3192/3063/3056
f 2840/3304/3296 2870/3306/3298 2841/3408/3400
f 2841/3408/3400 2870/3306/3298 2869/3416/3408
f 2841/3408/3400 2869/3416/3408 2842/3409/3401
f 2842/3409/3401 2869/3416/3408 2868/3411/3403
f 2844/3299/3291 2810/3298/3290 2843/3410/3402
f 2843/3410/3402 2867/3412/3404 2844/3299/3291
f 2844/3299/3291 2867/3412/3404 2866/3417/3409
f 2844/3299/3291 2866/3417/3409 2845/3300/3292
f 2845/3300/3292 2866/3417/3409 2865/3069/3062
f 2848/3074/3067 2847/3072/3065 2863/3418/3410
f 2863/3418/3410 2847/3072/3065 2864/3070/3063
f 2863/3418/3410 2864/3070/3063 2908/3419/3411
f 2908/3419/3411 2864/3070/3063 2907/3068/3061
f 2908/3419/3411 2907/3068/3061 2937/3420/3412
f 2937/3420/3412 2907/3068/3061 2936/3066/3059
f 2937/3420/3412 2936/3066/3059 3190/3421/3413
f 3190/3421/3413 2936/3066/3059 3191/3064/3057
f 3190/3421/3413 3191/3064/3057 2981/3422/3414
f 2981/3422/3414 3191/3064/3057 2982/3062/3055
f 2981/3422/3414 2982/3062/3055 2966/3423/3415
f 2966/3423/3415 2982/3062/3055 2965/3060/3053
f 2966/3423/3415 2965/3060/3053 3040/3424/3416
f 3040/3424/3416 2965/3060/3053 3041/3058/3051
f 3040/3424/3416 3041/3058/3051 3026/3105/3098
f 3026/3105/3098 3041/3058/3051 3025/3056/3049
f 2860/3296/3288 2850/3295/3287 2861/3077/3070
f 2861/3077/3070 2850/3295/3287 2849/3075/3068
f 2858/3293/3285 2852/3292/3284 2859/3297/3289
f 2859/3297/3289 2852/3292/3284 2851/3291/3283
f 2818/3276/3268 2854/3289/3281 2857/3294/3286
f 2857/3294/3286 2854/3289/3281 2853/3288/3280
f 2818/3276/3268 2857/3294/3286 2856/3277/3269
f 2913/3281/3273 2914/3279/3271 2858/3293/3285
f 2858/3293/3285 2859/3297/3289 2913/3281/3273
f 2911/3079/3072 2912/3283/3275 2860/3296/3288
f 2860/3296/3288 2861/3077/3070 2911/3079/3072
f 2862/3076/3069 2863/3418/3410 2909/3425/3417
f 2909/3425/3417 2863/3418/3410 2908/3419/3411
f 2909/3425/3417 2908/3419/3411 2938/3426/3418
f 2938/3426/3418 2908/3419/3411 2937/3420/3412
f 2938/3426/3418 2937/3420/3412 3189/3427/3419
f 3189/3427/3419 2937/3420/3412 3190/3421/3413
f 3189/3427/3419 3190/3421/3413 2980/3428/3420
f 2980/3428/3420 3190/3421/3413 2981/3422/3414
f 2980/3428/3420 2981/3422/3414 2967/3429/3421
f 2967/3429/3421 2981/3422/3414 2966/3423/3415
f 2967/3429/3421 2966/3423/3415 3039/3430/3422
f 3039/3430/3422 2966/3423/3415 3040/3424/3416
f 3039/3430/3422 3040/3424/3416 3027/3103/3096
f 3027/3103/3096 3040/3424/3416 3026/3105/3098
f 2863/3418/3410 2862/3076/3069 2848/3074/3067
f 2865/3069/3062 2866/3417/3409 2906/3067/3060
f 2906/3067/3060 2866/3417/3409 2905/3414/3406
f 2906/3067/3060 2905/3414/3406 2935/3065/3058
f 2866/3417/3409 2867/3412/3404 2905/3414/3406
f 2868/3411/3403 2869/3416/3408 2903/3431/3423
f 2903/3431/3423 2869/3416/3408 2902/3308/3300
f 2903/3431/3423 2902/3308/3300 2932/3310/3302
f 2869/3416/3408 2870/3306/3298 2902/3308/3300
f 2901/3307/3299 2871/3305/3297 2900/3322/3314
f 2900/3322/3314 2871/3305/3297 2872/3320/3312
f 2899/3321/3313 2873/3319/3311 2898/3340/3332
f 2898/3340/3332 2873/3319/3311 2874/3338/3330
f 2875/3337/3329 2876/3407/3399 2896/3432/3424
f 2896/3432/3424 2876/3407/3399 2895/3363/3355
f 2896/3432/3424 2895/3363/3355 2925/3365/3357
f 2876/3407/3399 2877/3361/3353 2895/3363/3355
f 2878/3360/3352 2879/3405/3397 2893/3433/3425
f 2893/3433/3425 2879/3405/3397 2892/3406/3398
f 2893/3433/3425 2892/3406/3398 2922/3434/3426
f 2922/3434/3426 2892/3406/3398 2921/3013/3006
f 2922/3434/3426 2921/3013/3006 3205/3015/3008
f 2879/3405/3397 2878/3360/3352 2832/3358/3350
f 2889/3120/3113 2890/3010/3003 2882/3008/3001
f 2888/3118/3111 2889/3120/3113 2883/3111/3104
f 2883/3111/3104 2889/3120/3113 2882/3008/3001
f 2887/3116/3109 2888/3118/3111 2884/3110/3103
f 2884/3110/3103 2888/3118/3111 2883/3111/3104
f 2886/3108/3101 2887/3116/3109 2885/3109/3102
f 2885/3109/3102 2887/3116/3109 2884/3110/3103
f 2878/3360/3352 2893/3433/3425 2894/3362/3354
f 2894/3362/3354 2893/3433/3425 2923/3435/3427
f 2894/3362/3354 2923/3435/3427 2924/3364/3356
f 2924/3364/3356 2923/3435/3427 3203/3436/3428
f 2924/3364/3356 3203/3436/3428 3202/3366/3358
f 3202/3366/3358 3203/3436/3428 2993/3437/3429
f 3202/3366/3358 2993/3437/3429 2992/3368/3360
f 2992/3368/3360 2993/3437/3429 2955/3438/3430
f 2992/3368/3360 2955/3438/3430 2956/3370/3362
f 2956/3370/3362 2955/3438/3430 3050/3439/3431
f 2956/3370/3362 3050/3439/3431 3049/3372/3364
f 3049/3372/3364 3050/3439/3431 3017/3440/3432
f 3049/3372/3364 3017/3440/3432 3018/3374/3366
f 3018/3374/3366 3017/3440/3432 3167/3441/3433
f 3018/3374/3366 3167/3441/3433 3168/3376/3368
f 3168/3376/3368 3167/3441/3433 3283/3442/3434
f 3168/3376/3368 3283/3442/3434 3282/3378/3370
f 3282/3378/3370 3283/3442/3434 3106/3443/3435
f 3282/3378/3370 3106/3443/3435 3105/3380/3372
f 3105/3380/3372 3106/3443/3435 3080/3444/3436
f 3105/3380/3372 3080/3444/3436 3081/3382/3374
f 3081/3382/3374 3080/3444/3436 3252/3445/3437
f 3081/3382/3374 3252/3445/3437 3251/3384/3376
f 3251/3384/3376 3252/3445/3437 3222/3446/3438
f 3251/3384/3376 3222/3446/3438 3221/3043/3036
f 3221/3043/3036 3222/3446/3438 3132/3041/3034
f 2923/3435/3427 2893/3433/3425 2922/3434/3426
f 2875/3337/3329 2896/3432/3424 2897/3339/3331
f 2897/3339/3331 2896/3432/3424 2926/3447/3439
f 2897/3339/3331 2926/3447/3439 2927/3341/3333
f 2927/3341/3333 2926/3447/3439 3200/3448/3440
f 2927/3341/3333 3200/3448/3440 3199/3343/3335
f 3199/3343/3335 3200/3448/3440 2990/3449/3441
f 3199/3343/3335 2990/3449/3441 2989/3345/3337
f 2989/3345/3337 2990/3449/3441 2958/3450/3442
f 2989/3345/3337 2958/3450/3442 2959/3347/3339
f 2959/3347/3339 2958/3450/3442 3047/3451/3443
f 2959/3347/3339 3047/3451/3443 3046/3349/3341
f 3046/3349/3341 3047/3451/3443 3020/3452/3444
f 3046/3349/3341 3020/3452/3444 3021/3351/3343
f 3021/3351/3343 3020/3452/3444 3170/3453/3445
f 3021/3351/3343 3170/3453/3445 3171/3353/3345
f 3171/3353/3345 3170/3453/3445 3280/3454/3446
f 3171/3353/3345 3280/3454/3446 3279/3355/3347
f 3279/3355/3347 3280/3454/3446 3103/3455/3447
f 3279/3355/3347 3103/3455/3447 3102/3049/3042
f 3102/3049/3042 3103/3455/3447 3083/3047/3040
f 2926/3447/3439 2896/3432/3424 2925/3365/3357
f 2929/3323/3315 2899/3321/3313 2928/3342/3334
f 2928/3342/3334 2899/3321/3313 2898/3340/3332
f 2931/3309/3301 2901/3307/3299 2930/3324/3316
f 2930/3324/3316 2901/3307/3299 2900/3322/3314
f 2868/3411/3403 2903/3431/3423 2904/3413/3405
f 2904/3413/3405 2903/3431/3423 2933/3456/3448
f 2904/3413/3405 2933/3456/3448 2934/3415/3407
f 2934/3415/3407 2933/3456/3448 3193/3457/3449
f 2934/3415/3407 3193/3457/3449 3192/3063/3056
f 3192/3063/3056 3193/3457/3449 2983/3061/3054
f 2933/3456/3448 2903/3431/3423 2932/3310/3302
f 2862/3076/3069 2909/3425/3417 2910/3078/3071
f 2910/3078/3071 2909/3425/3417 2939/3458/3450
f 2910/3078/3071 2939/3458/3450 2940/3080/3073
f 2940/3080/3073 2939/3458/3450 3187/3459/3451
f 2940/3080/3073 3187/3459/3451 3186/3082/3075
f 3186/3082/3075 3187/3459/3451 2977/3460/3452
f 3186/3082/3075 2977/3460/3452 2976/3084/3077
f 2976/3084/3077 2977/3460/3452 2971/3461/3453
f 2976/3084/3077 2971/3461/3453 2972/3086/3079
f 2972/3086/3079 2971/3461/3453 3034/3462/3454
f 2972/3086/3079 3034/3462/3454 2973/3088/3081
f 2973/3088/3081 3034/3462/3454 3033/3091/3084
f 2939/3458/3450 2909/3425/3417 2938/3426/3418
f 2821/3113/3106 3211/3126/3119 2915/3114/3107
f 2915/3114/3107 3211/3126/3119 2916/3115/3108
f 3211/3126/3119 3210/3128/3121 2916/3115/3108
f 2916/3115/3108 3210/3128/3121 2917/3117/3110
f 3210/3128/3121 3209/3130/3123 2917/3117/3110
f 2917/3117/3110 3209/3130/3123 2918/3119/3112
f 3209/3130/3123 3208/3132/3125 2918/3119/3112
f 2918/3119/3112 3208/3132/3125 2919/3121/3114
f 3208/3132/3125 3207/3134/3127 2919/3121/3114
f 2919/3121/3114 3207/3134/3127 2920/3012/3005
f 3207/3134/3127 3206/3014/3007 2920/3012/3005
f 2923/3435/3427 2922/3434/3426 3204/3463/3455
f 3204/3463/3455 2922/3434/3426 3205/3015/3008
f 3204/3463/3455 3205/3015/3008 2995/3017/3010
f 3200/3448/3440 2926/3447/3439 3201/3367/3359
f 3201/3367/3359 2926/3447/3439 2925/3365/3357
f 3197/3325/3317 2929/3323/3315 3198/3344/3336
f 3198/3344/3336 2929/3323/3315 2928/3342/3334
f 3195/3311/3303 2931/3309/3301 3196/3326/3318
f 3196/3326/3318 2931/3309/3301 2930/3324/3316
f 3193/3457/3449 2933/3456/3448 3194/3312/3304
f 3194/3312/3304 2933/3456/3448 2932/3310/3302
f 2939/3458/3450 2938/3426/3418 3188/3464/3456
f 3188/3464/3456 2938/3426/3418 3189/3427/3419
f 3188/3464/3456 3189/3427/3419 2979/3465/3457
f 2979/3465/3457 3189/3427/3419 2980/3428/3420
f 2979/3465/3457 2980/3428/3420 2968/3466/3458
f 2968/3466/3458 2980/3428/3420 2967/3429/3421
f 2968/3466/3458 2967/3429/3421 3038/3467/3459
f 3038/3467/3459 2967/3429/3421 3039/3430/3422
f 3038/3467/3459 3039/3430/3422 3028/3101/3094
f 3028/3101/3094 3039/3430/3422 3027/3103/3096
f 3184/3391/3383 2942/3282/3274 3185/3083/3076
f 3185/3083/3076 2942/3282/3274 2941/3081/3074
f 1084/3089/3082 2944/3278/3270 3183/3390/3382
f 3183/3390/3382 2944/3278/3270 2943/3280/3272
f 3002/3125/3118 3003/3124/3117 2945/3392/3384
f 2945/3392/3384 3003/3124/3117 2822/3123/3116
f 3001/3127/3120 3002/3125/3118 2946/3393/3385
f 2946/3393/3385 3002/3125/3118 2945/3392/3384
f 3000/3129/3122 3001/3127/3120 2947/3394/3386
f 2947/3394/3386 3001/3127/3120 2946/3393/3385
f 2999/3131/3124 3000/3129/3122 2948/3395/3387
f 2948/3395/3387 3000/3129/3122 2947/3394/3386
f 2998/3133/3126 2999/3131/3124 2949/3396/3388
f 2949/3396/3388 2999/3131/3124 2948/3395/3387
f 2997/3135/3128 2998/3133/3126 2950/3397/3389
f 2950/3397/3389 2998/3133/3126 2949/3396/3388
f 2996/3016/3009 2997/3135/3128 2951/3398/3390
f 2951/3398/3390 2997/3135/3128 2950/3397/3389
f 2951/3398/3390 2952/3018/3011 2996/3016/3009
f 2953/3019/3012 2954/3468/3460 2994/3469/3461
f 2994/3469/3461 2954/3468/3460 2993/3437/3429
f 2994/3469/3461 2993/3437/3429 3203/3436/3428
f 2993/3437/3429 2954/3468/3460 2955/3438/3430
f 2955/3438/3430 2954/3468/3460 3051/3470/3462
f 2955/3438/3430 3051/3470/3462 3050/3439/3431
f 3050/3439/3431 3051/3470/3462 3016/3471/3463
f 3050/3439/3431 3016/3471/3463 3017/3440/3432
f 3017/3440/3432 3016/3471/3463 3166/3472/3464
f 3017/3440/3432 3166/3472/3464 3167/3441/3433
f 3167/3441/3433 3166/3472/3464 3284/3473/3465
f 3167/3441/3433 3284/3473/3465 3283/3442/3434
f 3283/3442/3434 3284/3473/3465 3107/3474/3466
f 3283/3442/3434 3107/3474/3466 3106/3443/3435
f 3106/3443/3435 3107/3474/3466 3079/3475/3467
f 3106/3443/3435 3079/3475/3467 3080/3444/3436
f 3080/3444/3436 3079/3475/3467 3253/3476/3468
f 3080/3444/3436 3253/3476/3468 3252/3445/3437
f 3252/3445/3437 3253/3476/3468 3223/3477/3469
f 3252/3445/3437 3223/3477/3469 3222/3446/3438
f 3222/3446/3438 3223/3477/3469 3133/3039/3032
f 3222/3446/3438 3133/3039/3032 3132/3041/3034
f 3051/3470/3462 2954/3468/3460 3052/3021/3014
f 3052/3021/3014 2954/3468/3460 2953/3019/3012
f 2991/3369/3361 2957/3371/3363 2990/3449/3441
f 2990/3449/3441 2957/3371/3363 2958/3450/3442
f 3047/3451/3443 2958/3450/3442 3048/3373/3365
f 3048/3373/3365 2958/3450/3442 2957/3371/3363
f 2988/3346/3338 2960/3348/3340 2987/3327/3319
f 2987/3327/3319 2960/3348/3340 2961/3329/3321
f 3044/3331/3323 2961/3329/3321 3045/3350/3342
f 3045/3350/3342 2961/3329/3321 2960/3348/3340
f 2986/3328/3320 2962/3330/3322 2985/3313/3305
f 2985/3313/3305 2962/3330/3322 2963/3315/3307
f 3042/3057/3050 2963/3315/3307 3043/3332/3324
f 3043/3332/3324 2963/3315/3307 2962/3330/3322
f 2984/3314/3306 2964/3059/3052 2983/3061/3054
f 2968/3466/3458 2969/3478/3470 2979/3465/3457
f 2979/3465/3457 2969/3478/3470 2978/3479/3471
f 2979/3465/3457 2978/3479/3471 3188/3464/3456
f 3188/3464/3456 2978/3479/3471 3187/3459/3451
f 3188/3464/3456 3187/3459/3451 2939/3458/3450
f 2969/3478/3470 2970/3480/3472 2978/3479/3471
f 2978/3479/3471 2970/3480/3472 2977/3460/3452
f 2978/3479/3471 2977/3460/3452 3187/3459/3451
f 2969/3478/3470 2968/3466/3458 3037/3481/3473
f 3037/3481/3473 2968/3466/3458 3038/3467/3459
f 3037/3481/3473 3038/3467/3459 3029/3099/3092
f 3029/3099/3092 3038/3467/3459 3028/3101/3094
f 2977/3460/3452 2970/3480/3472 2971/3461/3453
f 2971/3461/3453 2970/3480/3472 3035/3482/3474
f 2971/3461/3453 3035/3482/3474 3034/3462/3454
f 3034/3462/3454 3035/3482/3474 3032/3093/3086
f 3034/3462/3454 3032/3093/3086 3033/3091/3084
f 2970/3480/3472 2969/3478/3470 3036/3483/3475
f 3036/3483/3475 2969/3478/3470 3037/3481/3473
f 3036/3483/3475 3037/3481/3473 3030/3097/3090
f 3030/3097/3090 3037/3481/3473 3029/3099/3092
f 2820/3087/3080 2974/3389/3381 2975/3085/3078
f 2975/3085/3078 2974/3389/3381 3184/3391/3383
f 2975/3085/3078 3184/3391/3383 3185/3083/3076
f 3194/3312/3304 2984/3314/3306 3193/3457/3449
f 3193/3457/3449 2984/3314/3306 2983/3061/3054
f 3196/3326/3318 2986/3328/3320 3195/3311/3303
f 3195/3311/3303 2986/3328/3320 2985/3313/3305
f 3198/3344/3336 2988/3346/3338 3197/3325/3317
f 3197/3325/3317 2988/3346/3338 2987/3327/3319
f 3201/3367/3359 2991/3369/3361 3200/3448/3440
f 3200/3448/3440 2991/3369/3361 2990/3449/3441
f 3204/3463/3455 2995/3017/3010 2994/3469/3461
f 2994/3469/3461 2995/3017/3010 2953/3019/3012
f 3204/3463/3455 2994/3469/3461 3203/3436/3428
f 3005/3140/3133 3004/3138/3131 3154/3484/3476
f 3154/3484/3476 3004/3138/3131 3153/3137/3130
f 3154/3484/3476 3153/3137/3130 3297/3485/3477
f 3297/3485/3477 3153/3137/3130 2824/3403/3395
f 3297/3485/3477 2824/3403/3395 3121/3486/3478
f 3121/3486/3478 2824/3403/3395 3122/3404/3396
f 3121/3486/3478 3122/3404/3396 3064/3162/3155
f 3006/3142/3135 3005/3140/3133 3155/3487/3479
f 3155/3487/3479 3005/3140/3133 3154/3484/3476
f 3155/3487/3479 3154/3484/3476 3296/3488/3480
f 3296/3488/3480 3154/3484/3476 3297/3485/3477
f 3296/3488/3480 3297/3485/3477 3120/3489/3481
f 3120/3489/3481 3297/3485/3477 3121/3486/3478
f 3120/3489/3481 3121/3486/3478 3065/3164/3157
f 3065/3164/3157 3121/3486/3478 3064/3162/3155
f 3007/3144/3137 3006/3142/3135 3156/3490/3482
f 3156/3490/3482 3006/3142/3135 3155/3487/3479
f 3156/3490/3482 3155/3487/3479 3295/3491/3483
f 3295/3491/3483 3155/3487/3479 3296/3488/3480
f 3295/3491/3483 3296/3488/3480 3119/3492/3484
f 3119/3492/3484 3296/3488/3480 3120/3489/3481
f 3119/3492/3484 3120/3489/3481 3066/3166/3159
f 3066/3166/3159 3120/3489/3481 3065/3164/3157
f 3008/3146/3139 3007/3144/3137 3157/3493/3485
f 3157/3493/3485 3007/3144/3137 3156/3490/3482
f 3157/3493/3485 3156/3490/3482 3294/3494/3486
f 3294/3494/3486 3156/3490/3482 3295/3491/3483
f 3294/3494/3486 3295/3491/3483 3118/3495/3487
f 3118/3495/3487 3295/3491/3483 3119/3492/3484
f 3118/3495/3487 3119/3492/3484 3067/3168/3161
f 3067/3168/3161 3119/3492/3484 3066/3166/3159
f 3009/3148/3141 3008/3146/3139 3158/3496/3488
f 3158/3496/3488 3008/3146/3139 3157/3493/3485
f 3158/3496/3488 3157/3493/3485 3293/3497/3489
f 3293/3497/3489 3157/3493/3485 3294/3494/3486
f 3293/3497/3489 3294/3494/3486 3117/3498/3490
f 3117/3498/3490 3294/3494/3486 3118/3495/3487
f 3117/3498/3490 3118/3495/3487 3068/3170/3163
f 3068/3170/3163 3118/3495/3487 3067/3168/3161
f 3010/3150/3143 3009/3148/3141 3159/3499/3491
f 3159/3499/3491 3009/3148/3141 3158/3496/3488
f 3159/3499/3491 3158/3496/3488 3292/3500/3492
f 3292/3500/3492 3158/3496/3488 3293/3497/3489
f 3292/3500/3492 3293/3497/3489 3116/3501/3493
f 3116/3501/3493 3293/3497/3489 3117/3498/3490
f 3116/3501/3493 3117/3498/3490 3069/3172/3165
f 3069/3172/3165 3117/3498/3490 3068/3170/3163
f 3011/3152/3145 3010/3150/3143 3160/3502/3494
f 3160/3502/3494 3010/3150/3143 3159/3499/3491
f 3160/3502/3494 3159/3499/3491 3291/3503/3495
f 3291/3503/3495 3159/3499/3491 3292/3500/3492
f 3291/3503/3495 3292/3500/3492 3115/3504/3496
f 3115/3504/3496 3292/3500/3492 3116/3501/3493
f 3115/3504/3496 3116/3501/3493 3070/3174/3167
f 3070/3174/3167 3116/3501/3493 3069/3172/3165
f 3012/3154/3147 3011/3152/3145 3161/3505/3497
f 3161/3505/3497 3011/3152/3145 3160/3502/3494
f 3161/3505/3497 3160/3502/3494 3290/3506/3498
f 3290/3506/3498 3160/3502/3494 3291/3503/3495
f 3290/3506/3498 3291/3503/3495 3114/3507/3499
f 3114/3507/3499 3291/3503/3495 3115/3504/3496
f 3114/3507/3499 3115/3504/3496 3071/3176/3169
f 3071/3176/3169 3115/3504/3496 3070/3174/3167
f 3013/3156/3149 3012/3154/3147 3162/3508/3500
f 3162/3508/3500 3012/3154/3147 3161/3505/3497
f 3162/3508/3500 3161/3505/3497 3289/3509/3501
f 3289/3509/3501 3161/3505/3497 3290/3506/3498
f 3289/3509/3501 3290/3506/3498 3113/3510/3502
f 3113/3510/3502 3290/3506/3498 3114/3507/3499
f 3113/3510/3502 3114/3507/3499 3072/3178/3171
f 3072/3178/3171 3114/3507/3499 3071/3176/3169
f 3051/3470/3462 3052/3021/3014 3015/3023/3016
f 3014/3022/3015 3013/3156/3149 3163/3511/3503
f 3163/3511/3503 3013/3156/3149 3162/3508/3500
f 3163/3511/3503 3162/3508/3500 3288/3512/3504
f 3288/3512/3504 3162/3508/3500 3289/3509/3501
f 3288/3512/3504 3289/3509/3501 3112/3513/3505
f 3112/3513/3505 3289/3509/3501 3113/3510/3502
f 3112/3513/3505 3113/3510/3502 3073/3180/3173
f 3073/3180/3173 3113/3510/3502 3072/3178/3171
f 3051/3470/3462 3015/3023/3016 3016/3471/3463
f 3016/3471/3463 3015/3023/3016 3165/3025/3018
f 3016/3471/3463 3165/3025/3018 3166/3472/3464
f 3166/3472/3464 3165/3025/3018 3285/3027/3020
f 3166/3472/3464 3285/3027/3020 3284/3473/3465
f 3284/3473/3465 3285/3027/3020 3108/3029/3022
f 3284/3473/3465 3108/3029/3022 3107/3474/3466
f 3107/3474/3466 3108/3029/3022 3078/3031/3024
f 3107/3474/3466 3078/3031/3024 3079/3475/3467
f 3079/3475/3467 3078/3031/3024 3254/3033/3026
f 3079/3475/3467 3254/3033/3026 3253/3476/3468
f 3253/3476/3468 3254/3033/3026 3224/3035/3028
f 3253/3476/3468 3224/3035/3028 3223/3477/3469
f 3223/3477/3469 3224/3035/3028 3134/3037/3030
f 3223/3477/3469 3134/3037/3030 3133/3039/3032
f 3047/3451/3443 3048/3373/3365 3019/3375/3367
f 3047/3451/3443 3019/3375/3367 3020/3452/3444
f 3020/3452/3444 3019/3375/3367 3169/3377/3369
f 3020/3452/3444 3169/3377/3369 3170/3453/3445
f 3170/3453/3445 3169/3377/3369 3281/3379/3371
f 3170/3453/3445 3281/3379/3371 3280/3454/3446
f 3280/3454/3446 3281/3379/3371 3104/3381/3373
f 3280/3454/3446 3104/3381/3373 3103/3455/3447
f 3103/3455/3447 3104/3381/3373 3082/3383/3375
f 3103/3455/3447 3082/3383/3375 3083/3047/3040
f 3083/3047/3040 3082/3383/3375 3250/3045/3038
f 3044/3331/3323 3045/3350/3342 3022/3352/3344
f 3044/3331/3323 3022/3352/3344 3023/3333/3325
f 3023/3333/3325 3022/3352/3344 3172/3354/3346
f 3023/3333/3325 3172/3354/3346 3173/3053/3046
f 3173/3053/3046 3172/3354/3346 3278/3051/3044
f 3042/3057/3050 3043/3332/3324 3024/3055/3048
f 3030/3097/3090 3031/3095/3088 3036/3483/3475
f 3036/3483/3475 3031/3095/3088 3035/3482/3474
f 3036/3483/3475 3035/3482/3474 2970/3480/3472
f 3031/3095/3088 3032/3093/3086 3035/3482/3474
f 3073/3180/3173 3074/3182/3175 3112/3513/3505
f 3112/3513/3505 3074/3182/3175 3111/3514/3506
f 3112/3513/3505 3111/3514/3506 3288/3512/3504
f 3288/3512/3504 3111/3514/3506 3287/3515/3507
f 3288/3512/3504 3287/3515/3507 3163/3511/3503
f 3163/3511/3503 3287/3515/3507 3164/3024/3017
f 3163/3511/3503 3164/3024/3017 3014/3022/3015
f 3074/3182/3175 3075/3184/3177 3111/3514/3506
f 3111/3514/3506 3075/3184/3177 3110/3516/3508
f 3111/3514/3506 3110/3516/3508 3287/3515/3507
f 3287/3515/3507 3110/3516/3508 3286/3026/3019
f 3287/3515/3507 3286/3026/3019 3164/3024/3017
f 3075/3184/3177 3076/3186/3179 3110/3516/3508
f 3110/3516/3508 3076/3186/3179 3109/3028/3021
f 3110/3516/3508 3109/3028/3021 3286/3026/3019
f 3076/3186/3179 3077/3030/3023 3109/3028/3021
f 3085/3237/3230 3086/3517/3509 3100/3238/3231
f 3100/3238/3231 3086/3517/3509 3099/3258/3250
f 3100/3238/3231 3099/3258/3250 3276/3239/3232
f 3099/3258/3250 3086/3517/3509 3087/3256/3248
f 3087/3256/3248 3086/3517/3509 3246/3518/3510
f 3087/3256/3248 3246/3518/3510 3245/3254/3246
f 3245/3254/3246 3246/3518/3510 3216/3519/3511
f 3245/3254/3246 3216/3519/3511 3215/3252/3244
f 3215/3252/3244 3216/3519/3511 3126/3241/3233
f 3215/3252/3244 3126/3241/3233 3125/3250/3242
f 3125/3250/3242 3126/3241/3233 2717/3240/2901
f 3246/3518/3510 3086/3517/3509 3247/3246/3238
f 3247/3246/3238 3086/3517/3509 3085/3237/3230
f 3098/3257/3249 3088/3255/3247 3097/3268/3260
f 3097/3268/3260 3088/3255/3247 3089/3266/3258
f 3243/3264/3256 3089/3266/3258 3244/3253/3245
f 3244/3253/3245 3089/3266/3258 3088/3255/3247
f 3090/3265/3257 3091/3274/3266 3095/3520/3512
f 3095/3520/3512 3091/3274/3266 3094/3521/3513
f 3095/3520/3512 3094/3521/3513 3271/3401/3393
f 3271/3401/3393 3094/3521/3513 3270/3400/3392
f 3091/3274/3266 3092/3272/3264 3094/3521/3513
f 3094/3521/3513 3092/3272/3264 3093/3271/3263
f 3094/3521/3513 3093/3271/3263 3270/3400/3392
f 3270/3400/3392 3093/3271/3263 2823/3399/3391
f 3242/3263/3255 3212/3261/3253 2825/3273/3265
f 3090/3265/3257 3095/3520/3512 3096/3267/3259
f 3096/3267/3259 3095/3520/3512 3272/3402/3394
f 3096/3267/3259 3272/3402/3394 3273/3269/3261
f 3272/3402/3394 3095/3520/3512 3271/3401/3393
f 3275/3259/3251 3098/3257/3249 3274/3270/3262
f 3274/3270/3262 3098/3257/3249 3097/3268/3260
f 1017/3136/3129 2824/3403/3395 3153/3137/3130
f 3214/3251/3243 3124/3249/3241 3213/3262/3254
f 3213/3262/3254 3124/3249/3241 3123/3248/3240
f 3217/3244/3236 3127/3242/3234 3216/3519/3511
f 3216/3519/3511 3127/3242/3234 3126/3241/3233
f 3130/3234/3227 2718/3233/3226 3129/3522/3514
f 3129/3522/3514 2718/3233/3226 3128/3243/3235
f 3129/3522/3514 3128/3243/3235 3218/3245/3237
f 3219/3235/3228 3130/3234/3227 3129/3522/3514
f 3219/3235/3228 3129/3522/3514 3218/3245/3237
f 3226/3231/3224 3136/3230/3223 3225/3034/3027
f 3225/3034/3027 3136/3230/3223 3135/3036/3029
f 3228/3228/3221 3138/3227/3220 3227/3232/3225
f 3227/3232/3225 3138/3227/3220 3137/3226/3219
f 3230/3223/3216 3140/3222/3215 3229/3229/3222
f 3229/3229/3222 3140/3222/3215 3139/3221/3214
f 3141/3217/3210 3231/3224/3217 3142/3214/3207
f 3142/3214/3207 3231/3224/3217 3232/3523/3515
f 3142/3214/3207 3232/3523/3515 3143/3211/3204
f 3143/3211/3204 3232/3523/3515 3233/3208/3201
f 3143/3211/3204 3233/3208/3201 3144/3207/3200
f 3239/3193/3186 3150/3191/3184 3149/3194/3187
f 3149/3194/3187 3148/3196/3189 3238/3524/3516
f 3238/3524/3516 3148/3196/3189 3237/3198/3191
f 3238/3524/3516 3237/3198/3191 3267/3165/3158
f 3267/3165/3158 3237/3198/3191 3266/3167/3160
f 2826/3158/3151 3152/3188/3181 3151/3190/3183
f 2826/3158/3151 3151/3190/3183 3240/3192/3185
f 3274/3270/3262 3176/3104/3097 3275/3259/3251
f 3275/3259/3251 3176/3104/3097 3175/3106/3099
f 1085/3090/3083 2823/3399/3391 3093/3271/3263
f 2923/3435/3427 3204/3463/3455 3203/3436/3428
f 3244/3253/3245 3214/3251/3243 3243/3264/3256
f 3243/3264/3256 3214/3251/3243 3213/3262/3254
f 3247/3246/3238 3217/3244/3236 3246/3518/3510
f 3246/3518/3510 3217/3244/3236 3216/3519/3511
f 3248/3236/3229 3219/3235/3228 3218/3245/3237
f 3256/3187/3180 3226/3231/3224 3255/3032/3025
f 3255/3032/3025 3226/3231/3224 3225/3034/3027
f 3258/3183/3176 3228/3228/3221 3257/3185/3178
f 3257/3185/3178 3228/3228/3221 3227/3232/3225
f 3260/3179/3172 3230/3223/3216 3259/3181/3174
f 3259/3181/3174 3230/3223/3216 3229/3229/3222
f 3262/3175/3168 3233/3208/3201 3232/3523/3515
f 3262/3175/3168 3232/3523/3515 3261/3177/3170
f 3261/3177/3170 3232/3523/3515 3231/3224/3217
f 3268/3163/3156 3239/3193/3186 3238/3524/3516
f 3238/3524/3516 3239/3193/3186 3149/3194/3187
f 3268/3163/3156 3238/3524/3516 3267/3165/3158
f 3241/3159/3152 2826/3158/3151 3240/3192/3185
f 3241/3159/3152 3240/3192/3185 3269/3161/3154
f 51/3525/3517 3324/3526/3518 25/3527/3519
f 25/3527/3519 3324/3526/3518 3298/3528/3520
f 25/3529/3519 3298/3530/3520 26/3531/3521
f 26/3531/3521 3298/3530/3520 3299/3532/3522
f 26/3531/3521 3299/3532/3522 27/3533/3523
f 27/3533/3523 3299/3532/3522 3300/3534/3524
f 27/3533/3523 3300/3534/3524 28/3535/3525
f 28/3535/3525 3300/3534/3524 3301/3536/3526
f 28/3535/3525 3301/3536/3526 29/3537/3527
f 29/3537/3527 3301/3536/3526 3302/3538/3528
f 29/3537/3527 3302/3538/3528 30/3539/3529
f 30/3539/3529 3302/3538/3528 3303/3540/3530
f 30/3539/3529 3303/3540/3530 31/3541/3531
f 31/3541/3531 3303/3540/3530 3304/3542/3532
f 31/3541/3531 3304/3542/3532 32/3543/3533
f 32/3543/3533 3304/3542/3532 3305/3544/3534
f 32/3543/3533 3305/3544/3534 33/3545/3535
f 33/3545/3535 3305/3544/3534 3306/3546/3536
f 33/3545/3535 3306/3546/3536 34/3547/3537
f 34/3547/3537 3306/3546/3536 3307/3548/3538
f 34/3547/3537 3307/3548/3538 35/3549/3539
f 35/3549/3539 3307/3548/3538 3308/3550/3540
f 35/3549/3539 3308/3550/3540 36/3551/3541
f 36/3551/3541 3308/3550/3540 3309/3552/3542
f 36/3551/3541 3309/3552/3542 37/3553/3543
f 37/3553/3543 3309/3552/3542 3310/3554/3544
f 37/3553/3543 3310/3554/3544 38/3555/3545
f 38/3555/3545 3310/3554/3544 3311/3556/3546
f 38/3555/3545 3311/3556/3546 39/3557/3547
f 39/3557/3547 3311/3556/3546 3312/3558/3548
f 39/3557/3547 3312/3558/3548 40/3559/3549
f 40/3559/3549 3312/3558/3548 3313/3560/3550
f 40/3559/3549 3313/3560/3550 41/3561/3551
f 41/3561/3551 3313/3560/3550 3314/3562/3552
f 41/3561/3551 3314/3562/3552 42/3563/3553
f 42/3563/3553 3314/3562/3552 3315/3564/3554
f 42/3563/3553 3315/3564/3554 43/3565/3555
f 43/3565/3555 3315/3564/3554 3316/3566/3556
f 43/3565/3555 3316/3566/3556 44/3567/3557
f 44/3567/3557 3316/3566/3556 3317/3568/3558
f 44/3567/3557 3317/3568/3558 45/3569/3559
f 45/3569/3559 3317/3568/3558 3318/3570/3560
f 45/3569/3559 3318/3570/3560 46/3571/3561
f 46/3571/3561 3318/3570/3560 3319/3572/3562
f 46/3571/3561 3319/3572/3562 47/3573/3563
f 47/3573/3563 3319/3572/3562 3320/3574/3564
f 47/3573/3563 3320/3574/3564 48/3575/3565
f 48/3575/3565 3320/3574/3564 3321/3576/3566
f 48/3575/3565 3321/3576/3566 49/3577/3567
f 49/3577/3567 3321/3576/3566 3322/3578/3568
f 49/3577/3567 3322/3578/3568 50/3579/3569
f 50/3579/3569 3322/3578/3568 3323/3580/3570
f 50/3579/3569 3323/3580/3570 51/3525/3517
f 51/3525/3517 3323/3580/3570 3324/3526/3518
f 75/3581/3571 1041/3582/3572 52/3583/3573
f 52/3583/3573 1041/3582/3572 1040/3584/3574
f 52/3583/3573 1040/3584/3574 53/3585/3575
f 53/3585/3575 1040/3584/3574 1039/3586/3576
f 53/3585/3575 1039/3586/3576 54/3587/3577
f 54/3587/3577 1039/3586/3576 1038/3588/3578
f 54/3587/3577 1038/3588/3578 55/3589/3579
f 55/3589/3579 1038/3588/3578 1037/3590/3580
f 55/3589/3579 1037/3590/3580 56/3591/3581
f 56/3591/3581 1037/3590/3580 94/3592/3582
f 56/3591/3581 94/3592/3582 80/3593/3583
f 80/3593/3583 94/3592/3582 93/3594/3584
f 80/3593/3583 93/3594/3584 81/3595/3585
f 81/3595/3585 93/3594/3584 92/3596/3586
f 81/3595/3585 92/3596/3586 91/3597/3587
f 1041/3582/3572 75/3581/3571 1042/3598/3588
f 1042/3598/3588 75/3581/3571 74/3599/3589
f 1042/3598/3588 74/3599/3589 1043/3600/3590
f 1043/3600/3590 74/3599/3589 73/3601/3591
f 1043/3600/3590 73/3601/3591 1044/3602/3592
f 1044/3602/3592 73/3601/3591 72/3603/3593
f 1044/3602/3592 72/3603/3593 543/3604/3594
f 543/3604/3594 72/3603/3593 557/3605/3595
f 543/3604/3594 557/3605/3595 544/3606/3596
f 544/3606/3596 557/3605/3595 556/3607/3597
f 544/3606/3596 556/3607/3597 545/3608/3598
f 545/3608/3598 556/3607/3597 546/3609/3599
f 546/3609/3599 556/3607/3597 547/3610/3600
f 547/3610/3600 556/3607/3597 548/3611/3601
f 548/3611/3601 556/3607/3597 549/3612/3602
f 549/3612/3602 556/3607/3597 550/3613/3603
f 550/3613/3603 556/3607/3597 551/3614/3604
f 551/3614/3604 556/3607/3597 552/3615/3605
f 552/3615/3605 556/3607/3597 555/3616/3606
f 552/3615/3605 555/3616/3606 554/3617/3607
f 72/3603/3593 71/3618/3608 557/3605/3595
f 557/3605/3595 71/3618/3608 1002/3619/3609
f 1002/3619/3609 71/3618/3608 70/3620/3610
f 1002/3619/3609 70/3620/3610 1003/3621/3611
f 1003/3621/3611 70/3620/3610 1004/3622/3612
f 1004/3622/3612 70/3620/3610 69/3623/3613
f 1004/3622/3612 69/3623/3613 1005/3624/3614
f 1005/3624/3614 69/3623/3613 68/3625/3615
f 1005/3624/3614 68/3625/3615 1006/3626/3616
f 1006/3626/3616 68/3625/3615 1007/3627/3617
f 1007/3627/3617 68/3625/3615 67/3628/3618
f 1007/3627/3617 67/3628/3618 1008/3629/3619
f 1008/3629/3619 67/3628/3618 66/3630/3620
f 1008/3629/3619 66/3630/3620 1009/3631/3621
f 1009/3631/3621 66/3630/3620 65/3632/3622
f 1009/3631/3621 65/3632/3622 1010/3633/3623
f 1010/3633/3623 65/3632/3622 64/3634/3624
f 1010/3633/3623 64/3634/3624 1095/3635/3625
f 1095/3635/3625 64/3634/3624 63/3636/3626
f 1095/3635/3625 63/3636/3626 1096/3637/3627
f 1096/3637/3627 63/3636/3626 62/3638/3628
f 1096/3637/3627 62/3638/3628 1097/3639/3629
f 1097/3639/3629 62/3638/3628 61/3640/3630
f 1097/3639/3629 61/3640/3630 1098/3641/3631
f 1098/3641/3631 61/3640/3630 60/3642/3632
f 1098/3641/3631 60/3642/3632 1099/3643/3633
f 1099/3643/3633 60/3642/3632 1100/3644/3634
f 1100/3644/3634 60/3642/3632 59/3645/3635
f 1100/3644/3634 59/3645/3635 1101/3646/3636
f 1101/3646/3636 59/3645/3635 58/3647/3637
f 1101/3646/3636 58/3647/3637 1102/3648/3638
f 1102/3648/3638 58/3647/3637 1103/3649/3639
f 1103/3649/3639 58/3647/3637 57/3650/3640
f 1103/3649/3639 57/3650/3640 80/3593/3583
f 80/3593/3583 57/3650/3640 56/3591/3581
f 554/3617/3607 553/3651/3641 552/3615/3605
f 91/3597/3587 90/3652/3642 81/3595/3585
f 81/3595/3585 90/3652/3642 89/3653/3643
f 81/3595/3585 89/3653/3643 88/3654/3644
f 88/3654/3644 87/3655/3645 81/3595/3585
f 81/3595/3585 87/3655/3645 86/3656/3646
f 81/3595/3585 86/3656/3646 85/3657/3647
f 84/3658/3648 83/3659/3649 85/3657/3647
f 85/3657/3647 83/3659/3649 82/3660/3650
f 85/3657/3647 82/3660/3650 81/3595/3585
f 1010/3633/3623 1095/3635/3625 2266/3661/3651
f 2266/3661/3651 1095/3635/3625 2278/3662/3652
f 2266/3661/3651 2278/3662/3652 2267/3663/3653
f 2267/3663/3653 2278/3662/3652 2268/3664/3654
f 2268/3664/3654 2278/3662/3652 2269/3665/3655
f 2269/3665/3655 2278/3662/3652 2270/3666/3656
f 2270/3666/3656 2278/3662/3652 2271/3667/3657
f 2271/3667/3657 2278/3662/3652 2272/3668/3658
f 2272/3668/3658 2278/3662/3652 2273/3669/3659
f 2273/3669/3659 2278/3662/3652 2274/3670/3660
f 2274/3670/3660 2278/3662/3652 2275/3671/3661
f 2275/3671/3661 2278/3662/3652 2276/3672/3662
f 2276/3672/3662 2278/3662/3652 2277/3673/3663
f 3324/3674/3664 1030/3675/3665 3298/3676/3666
f 3298/3676/3666 1030/3675/3665 1029/3677/3667
f 3298/3676/3666 1029/3677/3667 1028/3678/3668
f 1030/3675/3665 3324/3674/3664 1031/3679/3669
f 1031/3679/3669 3324/3674/3664 3323/3680/3670
f 1031/3679/3669 3323/3680/3670 1052/3681/3671
f 1052/3681/3671 3323/3680/3670 3322/3682/3672
f 1052/3681/3671 3322/3682/3672 1053/3683/3673
f 1053/3683/3673 3322/3682/3672 3321/3684/3674
f 1053/3683/3673 3321/3684/3674 1054/3685/3675
f 1054/3685/3675 3321/3684/3674 3320/3686/3676
f 1054/3685/3675 3320/3686/3676 1055/3687/3677
f 1055/3687/3677 3320/3686/3676 3319/3688/3678
f 1055/3687/3677 3319/3688/3678 1056/3689/3679
f 1056/3689/3679 3319/3688/3678 3318/3690/3680
f 1056/3689/3679 3318/3690/3680 1057/3691/3681
f 1057/3691/3681 3318/3690/3680 3317/3692/3682
f 1057/3691/3681 3317/3692/3682 1058/3693/3683
f 1058/3693/3683 3317/3692/3682 3316/3694/3684
f 1058/3693/3683 3316/3694/3684 1059/3695/3685
f 1059/3695/3685 3316/3694/3684 1060/3696/3686
f 1060/3696/3686 3316/3694/3684 3315/3697/3687
f 1060/3696/3686 3315/3697/3687 1061/3698/3688
f 1061/3698/3688 3315/3697/3687 3314/3699/3689
f 1061/3698/3688 3314/3699/3689 1074/3700/3690
f 1074/3700/3690 3314/3699/3689 3313/3701/3691
f 1074/3700/3690 3313/3701/3691 1075/3702/3692
f 1075/3702/3692 3313/3701/3691 3312/3703/3693
f 1075/3702/3692 3312/3703/3693 1076/3704/3694
f 1076/3704/3694 3312/3703/3693 3311/3705/3695
f 1076/3704/3694 3311/3705/3695 1077/3706/3696
f 1077/3706/3696 3311/3705/3695 3310/3707/3697
f 1077/3706/3696 3310/3707/3697 1078/3708/3698
f 1078/3708/3698 3310/3707/3697 3309/3709/3699
f 1078/3708/3698 3309/3709/3699 1079/3710/3700
f 1079/3710/3700 3309/3709/3699 3308/3711/3701
f 1079/3710/3700 3308/3711/3701 1080/3712/3702
f 1080/3712/3702 3308/3711/3701 1081/3713/3703
f 1081/3713/3703 3308/3711/3701 3307/3714/3704
f 1081/3713/3703 3307/3714/3704 1082/3715/3705
f 1082/3715/3705 3307/3714/3704 3306/3716/3706
f 1082/3715/3705 3306/3716/3706 1083/3717/3707
f 1083/3717/3707 3306/3716/3706 3305/3718/3708
f 1083/3717/3707 3305/3718/3708 1022/3719/3709
f 1022/3719/3709 3305/3718/3708 3304/3720/3710
f 1022/3719/3709 3304/3720/3710 1023/3721/3711
f 1023/3721/3711 3304/3720/3710 3303/3722/3712
f 1023/3721/3711 3303/3722/3712 1024/3723/3713
f 1024/3723/3713 3303/3722/3712 3302/3724/3714
f 1024/3723/3713 3302/3724/3714 1025/3725/3715
f 1025/3725/3715 3302/3724/3714 3301/3726/3716
f 1025/3725/3715 3301/3726/3716 1026/3727/3717
f 1026/3727/3717 3301/3726/3716 3300/3728/3718
f 1026/3727/3717 3300/3728/3718 1027/3729/3719
f 1027/3729/3719 3300/3728/3718 3299/3730/3720
f 1027/3729/3719 3299/3730/3720 1028/3678/3668
f 1028/3678/3668 3299/3730/3720 3298/3676/3666
f 1022/3719/3709 2817/3731/3721 1083/3717/3707
f 1083/3717/3707 2817/3731/3721 2805/3732/3722
f 2805/3732/3722 2817/3731/3721 2806/3733/3723
f 2806/3733/3723 2817/3731/3721 2807/3734/3724
f 2807/3734/3724 2817/3731/3721 2816/3735/3725
f 2807/3734/3724 2816/3735/3725 2815/3736/3726
f 2814/3737/3727 2813/3738/3728 2815/3736/3726
f 2815/3736/3726 2813/3738/3728 2812/3739/3729
f 2815/3736/3726 2812/3739/3729 2811/3740/3730
f 2811/3740/3730 2810/3741/3731 2815/3736/3726
f 2815/3736/3726 2810/3741/3731 2809/3742/3732
f 2815/3736/3726 2809/3742/3732 2808/3743/3733
f 2808/3743/3733 2807/3734/3724 2815/3736/3726
f 1061/3698/3688 1074/3700/3690 1280/3744/3734
f 1280/3744/3734 1074/3700/3690 1292/3745/3735
f 1280/3744/3734 1292/3745/3735 1281/3746/3736
f 1281/3746/3736 1292/3745/3735 1282/3747/3737
f 1282/3747/3737 1292/3745/3735 1283/3748/3738
f 1283/3748/3738 1292/3745/3735 1284/3749/3739
f 1284/3749/3739 1292/3745/3735 1285/3750/3740
f 1285/3750/3740 1292/3745/3735 1286/3751/3741
f 1286/3751/3741 1292/3745/3735 1287/3752/3742
f 1287/3752/3742 1292/3745/3735 1288/3753/3743
f 1288/3753/3743 1292/3745/3735 1289/3754/3744
f 1289/3754/3744 1292/3745/3735 1290/3755/3745
f 1290/3755/3745 1292/3745/3735 1291/3756/3746
f 1052/3681/3671 1785/3757/3747 1031/3679/3669
f 1031/3679/3669 1785/3757/3747 1773/3758/3748
f 1773/3758/3748 1785/3757/3747 1784/3759/3749
f 1773/3758/3748 1784/3759/3749 1783/3760/3750
f 1783/3760/3750 1782/3761/3751 1773/3758/3748
f 1773/3758/3748 1782/3761/3751 1781/3762/3752
f 1773/3758/3748 1781/3762/3752 1780/3763/3753
f 1780/3763/3753 1779/3764/3754 1773/3758/3748
f 1773/3758/3748 1779/3764/3754 1778/3765/3755
f 1773/3758/3748 1778/3765/3755 1777/3766/3756
f 1777/3766/3756 1776/3767/3757 1773/3758/3748
f 1773/3758/3748 1776/3767/3757 1775/3768/3758
f 1773/3758/3748 1775/3768/3758 1774/3769/3759
# 3324 vertices
# 3769 texture params
# 3759 normals
# 6648 facets

# 1 groups
