# WaveFront *.obj file (generated by Autodesk ATF)

mtllib CCW_Propeller_Horizontal.mtl

g Body1

v 0.274537 2.399757 -0.016201
v 0.261052 2.399757 -0.086713
v 0.229777 2.399757 -0.151332
v 0.182843 2.399757 -0.205654
v 0.123448 2.399757 -0.245978
v 0.055641 2.399757 -0.269555
v -0.015958 2.399757 -0.274780
v -0.086469 2.399757 -0.261295
v -0.151088 2.399757 -0.230020
v -0.205411 2.399757 -0.183086
v -0.245735 2.399757 -0.123692
v -0.269312 2.399757 -0.055884
v -0.274537 2.399757 0.015715
v -0.261052 2.399757 0.086226
v -0.229777 2.399757 0.150845
v -0.182843 2.399757 0.205167
v -0.123448 2.399757 0.245491
v -0.055641 2.399757 0.269069
v 0.015958 2.399757 0.274293
v 0.086469 2.399757 0.260809
v 0.151088 2.399757 0.229533
v 0.205411 2.399757 0.182599
v 0.245735 2.399757 0.123205
v 0.269312 2.399757 0.055398
v -1.397641 2.399757 0.080997
v -1.378703 2.399757 -0.243511
v -1.285438 2.399757 -0.554904
v -1.122875 2.399757 -0.836396
v -0.899778 2.399757 -1.072810
v -0.628174 2.399757 -1.251402
v -0.322704 2.399757 -1.362544
v 0.000163 2.399757 -1.400243
v 0.323020 2.399757 -1.362469
v 0.628464 2.399757 -1.251256
v 0.900027 2.399757 -1.072601
v 1.123070 2.399757 -0.836135
v 1.285567 2.399757 -0.554606
v 1.378759 2.399757 -0.243191
v 1.397622 2.399757 0.081322
v 1.341139 2.399757 0.401437
v 1.212354 2.399757 0.699898
v 1.018212 2.399757 0.960613
v 0.769177 2.399757 1.169529
v 0.478675 2.399757 1.315382
v 0.162369 2.399757 1.390309
v -0.162692 2.399757 1.390272
v -0.478981 2.399757 1.315271
v -0.769448 2.399757 1.169350
v -1.018435 2.399757 0.960377
v -1.212517 2.399757 0.699616
v -1.341232 2.399757 0.401126
v 0.274537 3.399757 -0.016201
v 0.261052 3.399757 -0.086713
v 0.229777 3.399757 -0.151332
v 0.182843 3.399757 -0.205654
v 0.123448 3.399757 -0.245978
v 0.055641 3.399757 -0.269555
v -0.015958 3.399757 -0.274780
v -0.086469 3.399757 -0.261295
v -0.151088 3.399757 -0.230020
v -0.205411 3.399757 -0.183086
v -0.245735 3.399757 -0.123692
v -0.269312 3.399757 -0.055884
v -0.274537 3.399757 0.015715
v -0.261052 3.399757 0.086226
v -0.229777 3.399757 0.150845
v -0.182843 3.399757 0.205167
v -0.123448 3.399757 0.245491
v -0.055641 3.399757 0.269069
v 0.015958 3.399757 0.274293
v 0.086469 3.399757 0.260809
v 0.151088 3.399757 0.229533
v 0.205411 3.399757 0.182599
v 0.245735 3.399757 0.123205
v 0.269312 3.399757 0.055398
v 1.452275 2.266423 -0.976664
v 1.291416 2.565622 -1.181240
v 1.095715 2.856811 -1.364795
v 0.863989 3.136487 -1.522125
v 0.601717 3.399757 -1.643544
v 0.828597 3.399757 -1.794873
v 0.841667 3.399757 -1.801789
v 0.855843 3.399757 -1.806013
v 0.870567 3.399757 -1.807437
v 0.885279 3.399757 -1.805951
v 0.894800 3.399757 -1.803335
v 0.903895 3.399757 -1.799491
v 0.912406 3.399757 -1.794486
v 0.920186 3.399757 -1.788406
v 0.930151 3.399757 -1.777492
v 0.937792 3.399757 -1.764835
v 0.942862 3.399757 -1.750946
v 0.945114 3.399757 -1.736339
v 0.959149 3.399757 -1.463983
v 1.015288 3.316530 -1.425607
v 1.089885 3.218765 -1.369436
v 1.181085 3.099325 -1.291602
v 1.283321 2.956691 -1.190036
v 1.486705 2.616954 -0.923396
v 1.636332 2.266423 -0.620662
v 3.259217 2.266423 -1.600136
v 3.270461 2.266423 -1.608561
v 3.279893 2.266423 -1.618973
v 3.287293 2.266423 -1.630941
v 3.292438 2.266423 -1.644035
v 3.295108 2.266423 -1.657825
v 3.295082 2.266423 -1.671880
v 3.292263 2.266423 -1.685636
v 3.286885 2.266423 -1.698614
v 3.279241 2.266423 -1.710426
v 3.269618 2.266423 -1.720687
v 3.258308 2.266423 -1.729009
v 3.245602 2.266423 -1.735009
v 3.231947 2.266423 -1.738421
v 3.217891 2.266423 -1.739235
v 3.203923 2.266423 -1.737463
v 3.190536 2.266423 -1.733118
v 2.753889 2.266423 -1.543099
v 1.893023 2.455312 -0.999858
v 2.538211 2.455312 -1.630844
v 1.658385 2.691423 -1.138585
v 1.982586 2.762257 -1.684153
v 1.165645 3.187257 -1.429913
v 1.512442 3.021979 -1.729261
v 0.989667 3.364340 -1.533959
v 0.956818 3.328923 -1.782571
v 2.709172 2.360868 -1.614441
v 2.781395 2.360868 -1.645973
v 2.817544 2.360868 -1.661655
v 2.853710 2.360868 -1.677281
v 2.889888 2.360868 -1.692848
v 2.926071 2.360868 -1.708355
v 2.962254 2.360868 -1.723802
v 2.998431 2.360868 -1.739187
v 3.004573 2.360868 -1.741452
v 3.010903 2.360868 -1.743126
v 3.017367 2.360868 -1.744209
v 3.023906 2.360868 -1.744699
v 3.030466 2.360868 -1.744595
v 3.036989 2.360868 -1.743895
v 3.043420 2.360868 -1.742598
v 3.049701 2.360868 -1.740702
v 3.055765 2.360868 -1.738207
v 3.061542 2.360868 -1.735133
v 3.072101 2.360868 -1.727426
v 3.088303 2.360868 -1.707020
v 3.096178 2.360868 -1.682317
v 3.094102 2.360868 -1.656573
v 3.082935 2.360868 -1.633356
v 3.074449 2.360868 -1.623683
v 3.064298 2.360868 -1.615825
v 2.976850 2.360868 -1.561157
v 2.889045 2.360868 -1.506256
v 2.800835 2.360868 -1.451223
v 2.393857 2.360868 -1.197795
v 1.986878 2.360868 -0.944367
v 1.799168 2.549757 -1.055349
v 2.131300 2.549757 -1.279205
v 2.463432 2.549757 -1.503062
v 2.534941 2.549757 -1.551606
v 2.605235 2.549757 -1.599754
v 2.674459 2.549757 -1.647204
v 2.682425 2.549757 -1.653926
v 2.689019 2.549757 -1.662123
v 2.697430 2.549757 -1.681648
v 2.698370 2.549757 -1.703192
v 2.691138 2.549757 -1.723833
v 2.677066 2.549757 -1.740906
v 2.668011 2.549757 -1.747379
v 2.663074 2.549757 -1.749973
v 2.657901 2.549757 -1.752090
v 2.652549 2.549757 -1.753713
v 2.647074 2.549757 -1.754842
v 2.641521 2.549757 -1.755480
v 2.635938 2.549757 -1.755626
v 2.630371 2.549757 -1.755283
v 2.624865 2.549757 -1.754451
v 2.619466 2.549757 -1.753132
v 2.614221 2.549757 -1.751326
v 2.583291 2.549757 -1.738941
v 2.552343 2.549757 -1.726370
v 2.521394 2.549757 -1.713617
v 2.490462 2.549757 -1.700687
v 2.459564 2.549757 -1.687581
v 2.428717 2.549757 -1.674303
v 2.367249 2.549757 -1.647247
v 2.239028 2.620590 -1.659549
v 2.296463 2.620590 -1.684927
v 2.325321 2.620590 -1.697302
v 2.354244 2.620590 -1.709464
v 2.383209 2.620590 -1.721406
v 2.412195 2.620590 -1.733126
v 2.441180 2.620590 -1.744618
v 2.470143 2.620590 -1.755878
v 2.475051 2.620590 -1.757512
v 2.480100 2.620590 -1.758698
v 2.485247 2.620590 -1.759436
v 2.490450 2.620590 -1.759724
v 2.495667 2.620590 -1.759562
v 2.500855 2.620590 -1.758948
v 2.505972 2.620590 -1.757881
v 2.510976 2.620590 -1.756361
v 2.515815 2.620590 -1.754385
v 2.520437 2.620590 -1.751971
v 2.528928 2.620590 -1.745960
v 2.542201 2.620590 -1.730138
v 2.549192 2.620590 -1.711020
v 2.548678 2.620590 -1.691051
v 2.541300 2.620590 -1.672911
v 2.535416 2.620590 -1.665267
v 2.528270 2.620590 -1.658970
v 2.465880 2.620590 -1.614228
v 2.402152 2.620590 -1.568612
v 2.336905 2.620590 -1.522502
v 2.032841 2.620590 -1.309734
v 1.728776 2.620590 -1.096967
v 1.517602 2.833090 -1.221822
v 1.737464 2.833090 -1.401321
v 1.957326 2.833090 -1.580821
v 2.003785 2.833090 -1.619631
v 2.047813 2.833090 -1.657650
v 2.089701 2.833090 -1.694271
v 2.094389 2.833090 -1.699291
v 2.098145 2.833090 -1.705273
v 2.102422 2.833090 -1.719260
v 2.101657 2.833090 -1.734504
v 2.095390 2.833090 -1.749052
v 2.084514 2.833090 -1.761125
v 2.077714 2.833090 -1.765748
v 2.074037 2.833090 -1.767622
v 2.070201 2.833090 -1.769172
v 2.066243 2.833090 -1.770385
v 2.062200 2.833090 -1.771264
v 2.058105 2.833090 -1.771807
v 2.053986 2.833090 -1.772017
v 2.049877 2.833090 -1.771894
v 2.045806 2.833090 -1.771439
v 2.041806 2.833090 -1.770652
v 2.037907 2.833090 -1.769534
v 2.014847 2.833090 -1.761649
v 1.991751 2.833090 -1.753392
v 1.968653 2.833090 -1.744772
v 1.945589 2.833090 -1.735795
v 1.922593 2.833090 -1.726468
v 1.899700 2.833090 -1.716798
v 1.854365 2.833090 -1.696455
v 1.683404 2.927535 -1.712858
v 1.723361 2.927535 -1.730963
v 1.743603 2.927535 -1.739431
v 1.763965 2.927535 -1.747498
v 1.784406 2.927535 -1.755157
v 1.804887 2.927535 -1.762400
v 1.825366 2.927535 -1.769218
v 1.845802 2.927535 -1.775604
v 1.849253 2.927535 -1.776492
v 1.852787 2.927535 -1.777102
v 1.856379 2.927535 -1.777432
v 1.860002 2.927535 -1.777481
v 1.863632 2.927535 -1.777250
v 1.867242 2.927535 -1.776737
v 1.870807 2.927535 -1.775943
v 1.874301 2.927535 -1.774866
v 1.877691 2.927535 -1.773505
v 1.880948 2.927535 -1.771871
v 1.886997 2.927535 -1.767864
v 1.896807 2.927535 -1.757459
v 1.902753 2.927535 -1.744942
v 1.904086 2.927535 -1.731798
v 1.901186 2.927535 -1.719657
v 1.898377 2.927535 -1.714413
v 1.894782 2.927535 -1.709960
v 1.862006 2.927535 -1.676949
v 1.826733 2.927535 -1.642306
v 1.788624 2.927535 -1.606741
v 1.606185 2.927535 -1.442027
v 1.423747 2.927535 -1.277313
v 1.213260 3.187257 -1.757967
v 1.238429 3.187257 -1.769917
v 1.251380 3.187257 -1.775078
v 1.264498 3.187257 -1.779681
v 1.277727 3.187257 -1.783716
v 1.291011 3.187257 -1.787170
v 1.304292 3.187257 -1.790033
v 1.317514 3.187257 -1.792295
v 1.319732 3.187257 -1.792552
v 1.321984 3.187257 -1.792674
v 1.324259 3.187257 -1.792659
v 1.326546 3.187257 -1.792506
v 1.328833 3.187257 -1.792217
v 1.331108 3.187257 -1.791790
v 1.333359 3.187257 -1.791226
v 1.335575 3.187257 -1.790524
v 1.337741 3.187257 -1.789684
v 1.339843 3.187257 -1.788710
v 1.343824 3.187257 -1.786398
v 1.350705 3.187257 -1.780576
v 1.355767 3.187257 -1.773645
v 1.358662 3.187257 -1.766276
v 1.359551 3.187257 -1.759211
v 1.359344 3.187257 -1.755997
v 1.358754 3.187257 -1.753105
v 1.351035 3.187257 -1.730020
v 1.339840 3.187257 -1.704662
v 1.324694 3.187257 -1.678020
v 1.245169 3.187257 -1.553967
v 1.236036 3.116423 -1.388295
v 1.343628 3.116423 -1.523438
v 1.451220 3.116423 -1.658580
v 1.472629 3.116423 -1.687655
v 1.490391 3.116423 -1.715546
v 1.504943 3.116423 -1.741339
v 1.506353 3.116423 -1.744656
v 1.507270 3.116423 -1.748424
v 1.507414 3.116423 -1.756873
v 1.504945 3.116423 -1.765816
v 1.499642 3.116423 -1.774272
v 1.491962 3.116423 -1.781344
v 1.487417 3.116423 -1.784117
v 1.485000 3.116423 -1.785271
v 1.482500 3.116423 -1.786253
v 1.479936 3.116423 -1.787058
v 1.477327 3.116423 -1.787685
v 1.474688 3.116423 -1.788135
v 1.472034 3.116423 -1.788409
v 1.469383 3.116423 -1.788506
v 1.466748 3.116423 -1.788427
v 1.464146 3.116423 -1.788172
v 1.461593 3.116423 -1.787742
v 1.446403 3.116423 -1.784356
v 1.431159 3.116423 -1.780414
v 1.415912 3.116423 -1.775927
v 1.400716 3.116423 -1.770904
v 1.385622 3.116423 -1.765356
v 1.370683 3.116423 -1.759293
v 1.341481 3.116423 -1.745664
v 0.999022 3.364340 -1.630289
v 1.008377 3.364340 -1.726619
v 1.007867 3.364340 -1.747177
v 1.002647 3.364340 -1.766205
v 0.993280 3.364340 -1.782523
v 0.991821 3.364340 -1.784351
v 0.990255 3.364340 -1.786180
v 0.986782 3.364340 -1.789784
v 0.982822 3.364340 -1.793215
v 0.978363 3.364340 -1.796339
v 0.973479 3.364340 -1.799035
v 0.970907 3.364340 -1.800191
v 0.969593 3.364340 -1.800714
v 0.968262 3.364340 -1.801200
v 0.966918 3.364340 -1.801646
v 0.965562 3.364340 -1.802053
v 0.964198 3.364340 -1.802422
v 0.962826 3.364340 -1.802751
v 0.961450 3.364340 -1.803041
v 0.960072 3.364340 -1.803291
v 0.958694 3.364340 -1.803503
v 0.957318 3.364340 -1.803675
v 0.949015 3.364340 -1.804226
v 0.940641 3.364340 -1.804059
v 0.932264 3.364340 -1.803187
v 0.923952 3.364340 -1.801624
v 0.915773 3.364340 -1.799383
v 0.907794 3.364340 -1.796477
v 0.892707 3.364340 -1.788722
v 1.085039 3.258090 -1.770269
v 0.973921 3.328923 -1.791165
v 0.982894 3.328923 -1.794522
v 0.992061 3.328923 -1.797236
v 1.001357 3.328923 -1.799293
v 1.010715 3.328923 -1.800681
v 1.020070 3.328923 -1.801387
v 1.029357 3.328923 -1.801399
v 1.030902 3.328923 -1.801313
v 1.032455 3.328923 -1.801168
v 1.034012 3.328923 -1.800964
v 1.035570 3.328923 -1.800702
v 1.037125 3.328923 -1.800381
v 1.038671 3.328923 -1.800001
v 1.040206 3.328923 -1.799562
v 1.041725 3.328923 -1.799065
v 1.043222 3.328923 -1.798508
v 1.044694 3.328923 -1.797894
v 1.047548 3.328923 -1.796508
v 1.052831 3.328923 -1.793186
v 1.057411 3.328923 -1.789301
v 1.061158 3.328923 -1.785083
v 1.064114 3.328923 -1.780786
v 1.065326 3.328923 -1.778680
v 1.066375 3.328923 -1.776639
v 1.072324 3.328923 -1.758968
v 1.074262 3.328923 -1.738674
v 1.071641 3.328923 -1.716899
v 1.048251 3.328923 -1.615025
v 1.024862 3.328923 -1.513150
v 1.095254 3.258090 -1.471532
v 1.146710 3.258090 -1.584496
v 1.198167 3.258090 -1.697460
v 1.207051 3.258090 -1.721668
v 1.211680 3.258090 -1.744494
v 1.212565 3.258090 -1.764872
v 1.212335 3.258090 -1.767339
v 1.211833 3.258090 -1.769999
v 1.209910 3.258090 -1.775679
v 1.206589 3.258090 -1.781473
v 1.201768 3.258090 -1.786881
v 1.195686 3.258090 -1.791453
v 1.192268 3.258090 -1.793302
v 1.190482 3.258090 -1.794096
v 1.188650 3.258090 -1.794794
v 1.186783 3.258090 -1.795394
v 1.184890 3.258090 -1.795895
v 1.182979 3.258090 -1.796299
v 1.181058 3.258090 -1.796604
v 1.179136 3.258090 -1.796811
v 1.177219 3.258090 -1.796921
v 1.175317 3.258090 -1.796932
v 1.173436 3.258090 -1.796847
v 1.162181 3.258090 -1.795710
v 1.150863 3.258090 -1.793925
v 1.139542 3.258090 -1.791504
v 1.128280 3.258090 -1.788458
v 1.117137 3.258090 -1.784800
v 1.106175 3.258090 -1.780541
v 1.329892 3.021979 -1.332804
v 1.474907 3.021979 -1.482732
v 1.619922 3.021979 -1.632660
v 1.649681 3.021979 -1.664981
v 1.676198 3.021979 -1.696247
v 1.699863 3.021979 -1.725649
v 1.702365 3.021979 -1.729535
v 1.704228 3.021979 -1.734040
v 1.705750 3.021979 -1.744336
v 1.703849 3.021979 -1.755379
v 1.698225 3.021979 -1.765865
v 1.689480 3.021979 -1.774604
v 1.684183 3.021979 -1.777994
v 1.681346 3.021979 -1.779388
v 1.678400 3.021979 -1.780559
v 1.675372 3.021979 -1.781500
v 1.672284 3.021979 -1.782211
v 1.669160 3.021979 -1.782692
v 1.666018 3.021979 -1.782945
v 1.662881 3.021979 -1.782969
v 1.659768 3.021979 -1.782764
v 1.656700 3.021979 -1.782332
v 1.653698 3.021979 -1.781673
v 1.635885 3.021979 -1.776787
v 1.618023 3.021979 -1.771407
v 1.600159 3.021979 -1.765542
v 1.582340 3.021979 -1.759201
v 1.564612 3.021979 -1.752394
v 1.547022 3.021979 -1.745128
v 1.587994 2.762257 -1.180204
v 1.835923 2.762257 -1.370792
v 2.083852 2.762257 -1.561381
v 2.136574 2.762257 -1.602624
v 2.187169 2.762257 -1.643176
v 2.235891 2.762257 -1.682504
v 2.241398 2.762257 -1.687950
v 2.245863 2.762257 -1.694486
v 2.251174 2.762257 -1.709857
v 2.250835 2.762257 -1.726676
v 2.244327 2.762257 -1.742747
v 2.232652 2.762257 -1.756070
v 2.225288 2.762257 -1.761156
v 2.221296 2.762257 -1.763210
v 2.217126 2.762257 -1.764901
v 2.212819 2.762257 -1.766217
v 2.208419 2.762257 -1.767158
v 2.203959 2.762257 -1.767726
v 2.199474 2.762257 -1.767920
v 2.195000 2.762257 -1.767742
v 2.190571 2.762257 -1.767192
v 2.186221 2.762257 -1.766272
v 2.181986 2.762257 -1.764982
v 2.156958 2.762257 -1.755972
v 2.131899 2.762257 -1.746637
v 2.106838 2.762257 -1.736984
v 2.081807 2.762257 -1.727018
v 2.056836 2.762257 -1.716746
v 2.031955 2.762257 -1.706174
v 1.934382 2.691423 -1.340263
v 2.210379 2.691423 -1.541942
v 2.269363 2.691423 -1.585618
v 2.326524 2.691423 -1.628702
v 2.382080 2.691423 -1.670737
v 2.388407 2.691423 -1.676609
v 2.393582 2.691423 -1.683698
v 2.399926 2.691423 -1.700454
v 2.400014 2.691423 -1.718848
v 2.393264 2.691423 -1.736443
v 2.380790 2.691423 -1.751015
v 2.372862 2.691423 -1.756563
v 2.368556 2.691423 -1.758797
v 2.364051 2.691423 -1.760631
v 2.359396 2.691423 -1.762049
v 2.354637 2.691423 -1.763053
v 2.349813 2.691423 -1.763644
v 2.344962 2.691423 -1.763822
v 2.340124 2.691423 -1.763589
v 2.335336 2.691423 -1.762945
v 2.330636 2.691423 -1.761892
v 2.326064 2.691423 -1.760430
v 2.299069 2.691423 -1.750295
v 2.272047 2.691423 -1.739881
v 2.245024 2.691423 -1.729195
v 2.218025 2.691423 -1.718241
v 2.191078 2.691423 -1.707024
v 2.164209 2.691423 -1.695551
v 2.110807 2.691423 -1.671851
v 2.262578 2.455312 -1.238500
v 2.632133 2.455312 -1.477142
v 2.711993 2.455312 -1.528931
v 2.791042 2.455312 -1.580456
v 2.869379 2.455312 -1.631514
v 2.878437 2.455312 -1.638805
v 2.885977 2.455312 -1.647740
v 2.895766 2.455312 -1.669110
v 2.897274 2.455312 -1.692754
v 2.889720 2.455312 -1.715427
v 2.874583 2.455312 -1.734166
v 2.864777 2.455312 -1.741256
v 2.859420 2.455312 -1.744090
v 2.853801 2.455312 -1.746396
v 2.847984 2.455312 -1.748155
v 2.842032 2.455312 -1.749369
v 2.835994 2.455312 -1.750037
v 2.829922 2.455312 -1.750163
v 2.823869 2.455312 -1.749746
v 2.817884 2.455312 -1.748789
v 2.812019 2.455312 -1.747292
v 2.806326 2.455312 -1.745257
v 2.772773 2.455312 -1.731371
v 2.739207 2.455312 -1.717363
v 2.705641 2.455312 -1.703233
v 2.672086 2.455312 -1.688984
v 2.638554 2.455312 -1.674618
v 2.605056 2.455312 -1.660138
v 0.119467 2.266423 1.745674
v 0.377066 2.565622 1.708654
v 0.633879 2.856811 1.630950
v 0.885994 3.136487 1.508933
v 1.122282 3.399757 1.342509
v 1.139897 3.399757 1.614657
v 1.139351 3.399757 1.629434
v 1.135921 3.399757 1.643823
v 1.129792 3.399757 1.657287
v 1.121149 3.399757 1.669284
v 1.114123 3.399757 1.676222
v 1.106247 3.399757 1.682176
v 1.097657 3.399757 1.687044
v 1.088502 3.399757 1.690742
v 1.074067 3.399757 1.693916
v 1.059285 3.399757 1.694204
v 1.044722 3.399757 1.691650
v 1.030946 3.399757 1.686298
v 0.788061 3.399757 1.562274
v 0.726758 3.316530 1.591704
v 0.640813 3.218765 1.628221
v 0.527807 3.099325 1.668286
v 0.388731 2.956691 1.706042
v 0.056121 2.616954 1.748857
v -0.280868 2.266423 1.727071
v -0.244061 2.266423 3.622268
v -0.242386 2.266423 3.636218
v -0.238086 2.266423 3.649593
v -0.231421 2.266423 3.661985
v -0.222654 2.266423 3.672988
v -0.212046 2.266423 3.682195
v -0.199861 2.266423 3.689200
v -0.186538 2.266423 3.693636
v -0.172611 2.266423 3.695468
v -0.158559 2.266423 3.694754
v -0.144861 2.266423 3.691551
v -0.131999 2.266423 3.685917
v -0.120450 2.266423 3.677913
v -0.110667 2.266423 3.667794
v -0.102934 2.266423 3.656028
v -0.097485 2.266423 3.643045
v -0.094554 2.266423 3.629279
v -0.040793 2.266423 3.156123
v -0.080820 2.455312 2.138970
v 0.143036 2.455312 3.013212
v 0.156641 2.691423 2.005131
v 0.467016 2.762257 2.558682
v 0.655308 3.187257 1.724070
v 0.741153 3.021979 2.174079
v 0.833404 3.364340 1.623691
v 1.065132 3.328923 1.719549
v 0.043350 2.360868 3.153067
v 0.034546 2.360868 3.231380
v 0.030053 2.360868 3.270528
v 0.025502 2.360868 3.309661
v 0.020894 2.360868 3.348775
v 0.016233 2.360868 3.387865
v 0.011519 2.360868 3.426923
v 0.006754 2.360868 3.465946
v 0.005644 2.360868 3.472397
v 0.003929 2.360868 3.478717
v 0.001635 2.360868 3.484856
v -0.001210 2.360868 3.490764
v -0.004580 2.360868 3.496393
v -0.008448 2.360868 3.501693
v -0.012787 2.360868 3.506613
v -0.017569 2.360868 3.511105
v -0.022762 2.360868 3.515109
v -0.028313 2.360868 3.518575
v -0.040266 2.360868 3.523866
v -0.066039 2.360868 3.527694
v -0.091370 2.360868 3.522162
v -0.112628 2.360868 3.507493
v -0.127150 2.360868 3.486214
v -0.131285 2.360868 3.474028
v -0.133014 2.360868 3.461308
v -0.136634 2.360868 3.358241
v -0.140277 2.360868 3.254750
v -0.143833 2.360868 3.150841
v -0.159818 2.360868 2.671673
v -0.175804 2.360868 2.192505
v 0.014164 2.549757 2.085434
v 0.041964 2.549757 2.484997
v 0.069764 2.549757 2.884560
v 0.076049 2.549757 2.970761
v 0.082600 2.549757 3.055712
v 0.089080 2.549757 3.139387
v 0.090919 2.549757 3.149646
v 0.094721 2.549757 3.159455
v 0.107424 2.549757 3.176502
v 0.125612 2.549757 3.188088
v 0.147104 2.549757 3.192145
v 0.168925 2.549757 3.188495
v 0.179058 2.549757 3.183890
v 0.183773 2.549757 3.180911
v 0.188193 2.549757 3.177490
v 0.192275 2.549757 3.173666
v 0.195991 2.549757 3.169489
v 0.199319 2.549757 3.165000
v 0.202237 2.549757 3.160238
v 0.204724 2.549757 3.155245
v 0.206756 2.549757 3.150060
v 0.208313 2.549757 3.144725
v 0.209372 2.549757 3.139280
v 0.214111 2.549757 3.106301
v 0.218698 2.549757 3.073214
v 0.223129 2.549757 3.040035
v 0.227396 2.549757 3.006782
v 0.231495 2.549757 2.973470
v 0.235420 2.549757 2.940117
v 0.242722 2.549757 2.873356
v 0.317487 2.620590 2.768465
v 0.310747 2.620590 2.830894
v 0.307036 2.620590 2.862073
v 0.303107 2.620590 2.893202
v 0.298966 2.620590 2.924258
v 0.294623 2.620590 2.955220
v 0.290082 2.620590 2.986068
v 0.285353 2.620590 3.016781
v 0.284314 2.620590 3.021848
v 0.282817 2.620590 3.026814
v 0.280882 2.620590 3.031640
v 0.278530 2.620590 3.036291
v 0.275781 2.620590 3.040727
v 0.272655 2.620590 3.044913
v 0.269173 2.620590 3.048811
v 0.265354 2.620590 3.052384
v 0.261224 2.620590 3.055587
v 0.256822 2.620590 3.058383
v 0.247371 2.620590 3.062731
v 0.227032 2.620590 3.066314
v 0.206980 2.620590 3.062810
v 0.189943 2.620590 3.052381
v 0.177922 2.620590 3.036921
v 0.174245 2.620590 3.028003
v 0.172365 2.620590 3.018666
v 0.164812 2.620590 2.942264
v 0.157171 2.620590 2.864266
v 0.149862 2.620590 2.784705
v 0.117632 2.620590 2.414994
v 0.085402 2.620590 2.045283
v 0.299117 2.833090 1.924828
v 0.344637 2.833090 2.204984
v 0.390158 2.833090 2.485140
v 0.400538 2.833090 2.544779
v 0.411450 2.833090 2.601918
v 0.422220 2.833090 2.656505
v 0.424224 2.833090 2.663075
v 0.427527 2.833090 2.669318
v 0.437502 2.833090 2.680016
v 0.451085 2.833090 2.686976
v 0.466818 2.833090 2.688822
v 0.482711 2.833090 2.685440
v 0.490115 2.833090 2.681862
v 0.493576 2.833090 2.679615
v 0.496837 2.833090 2.677067
v 0.499867 2.833090 2.674246
v 0.502649 2.833090 2.671185
v 0.505167 2.833090 2.667910
v 0.507408 2.833090 2.664448
v 0.509357 2.833090 2.660828
v 0.510997 2.833090 2.657075
v 0.512316 2.833090 2.653217
v 0.513297 2.833090 2.649282
v 0.517998 2.833090 2.625368
v 0.522396 2.833090 2.601238
v 0.526480 2.833090 2.576925
v 0.530238 2.833090 2.552462
v 0.533658 2.833090 2.527884
v 0.536730 2.833090 2.503223
v 0.541780 2.833090 2.453790
v 0.641466 2.927535 2.313935
v 0.637167 2.927535 2.357591
v 0.634379 2.927535 2.379355
v 0.631185 2.927535 2.401022
v 0.627597 2.927535 2.422555
v 0.623629 2.927535 2.443913
v 0.619294 2.927535 2.465057
v 0.614606 2.927535 2.485949
v 0.613650 2.927535 2.489381
v 0.612411 2.927535 2.492747
v 0.610901 2.927535 2.496022
v 0.609132 2.927535 2.499185
v 0.607117 2.927535 2.502213
v 0.604868 2.927535 2.505083
v 0.602397 2.927535 2.507773
v 0.599718 2.927535 2.510260
v 0.596844 2.927535 2.512516
v 0.593801 2.927535 2.514520
v 0.587306 2.927535 2.517755
v 0.573390 2.927535 2.521048
v 0.559577 2.927535 2.519939
v 0.547527 2.927535 2.514521
v 0.538463 2.927535 2.505939
v 0.535326 2.927535 2.500884
v 0.533267 2.927535 2.495545
v 0.521067 2.927535 2.450654
v 0.508701 2.927535 2.402785
v 0.496956 2.927535 2.351999
v 0.445529 2.927535 2.111646
v 0.394101 2.927535 1.871293
v 0.915603 3.187257 1.929332
v 0.913368 3.187257 1.957105
v 0.911362 3.187257 1.970901
v 0.908790 3.187257 1.984563
v 0.905669 3.187257 1.998037
v 0.902018 3.187257 2.011268
v 0.897858 3.187257 2.024202
v 0.893205 3.187257 2.036783
v 0.892320 3.187257 2.038832
v 0.891299 3.187257 2.040844
v 0.890148 3.187257 2.042807
v 0.888872 3.187257 2.044711
v 0.887478 3.187257 2.046547
v 0.885971 3.187257 2.048304
v 0.884357 3.187257 2.049971
v 0.882641 3.187257 2.051539
v 0.880830 3.187257 2.052995
v 0.878936 3.187257 2.054328
v 0.874944 3.187257 2.056620
v 0.866461 3.187257 2.059668
v 0.857927 3.187257 2.060586
v 0.850099 3.187257 2.059409
v 0.843535 3.187257 2.056647
v 0.840856 3.187257 2.054860
v 0.838646 3.187257 2.052903
v 0.822513 3.187257 2.034676
v 0.806150 3.187257 2.012301
v 0.790650 3.187257 1.985863
v 0.722979 3.187257 1.854967
v 0.584070 3.116423 1.764222
v 0.647311 3.116423 1.924970
v 0.710552 3.116423 2.085719
v 0.725028 3.116423 2.118797
v 0.740300 3.116423 2.148124
v 0.755361 3.116423 2.173624
v 0.757530 3.116423 2.176503
v 0.760334 3.116423 2.179181
v 0.767579 3.116423 2.183530
v 0.776559 3.116423 2.185864
v 0.786533 3.116423 2.185499
v 0.796497 3.116423 2.182384
v 0.801172 3.116423 2.179835
v 0.803379 3.116423 2.178319
v 0.805480 3.116423 2.176645
v 0.807459 3.116423 2.174826
v 0.809307 3.116423 2.172880
v 0.811016 3.116423 2.170820
v 0.812579 3.116423 2.168659
v 0.813989 3.116423 2.166411
v 0.815238 3.116423 2.164090
v 0.816319 3.116423 2.161709
v 0.817223 3.116423 2.159283
v 0.821886 3.116423 2.144435
v 0.826094 3.116423 2.129262
v 0.829831 3.116423 2.113815
v 0.833079 3.116423 2.098143
v 0.835822 3.116423 2.082297
v 0.838040 3.116423 2.066329
v 0.840839 3.116423 2.034224
v 0.912150 3.364340 1.679958
v 0.990897 3.364340 1.736225
v 1.008956 3.364340 1.746062
v 1.028044 3.364340 1.751055
v 1.046859 3.364340 1.751102
v 1.049172 3.364340 1.750753
v 1.051539 3.364340 1.750311
v 1.056397 3.364340 1.749105
v 1.061348 3.364340 1.747391
v 1.066283 3.364340 1.745092
v 1.071060 3.364340 1.742211
v 1.073347 3.364340 1.740560
v 1.074457 3.364340 1.739684
v 1.075543 3.364340 1.738775
v 1.076602 3.364340 1.737834
v 1.077632 3.364340 1.736863
v 1.078633 3.364340 1.735866
v 1.079604 3.364340 1.734843
v 1.080543 3.364340 1.733796
v 1.081449 3.364340 1.732728
v 1.082321 3.364340 1.731640
v 1.083158 3.364340 1.730534
v 1.087787 3.364340 1.723619
v 1.091830 3.364340 1.716284
v 1.095263 3.364340 1.708593
v 1.098066 3.364340 1.700613
v 1.100214 3.364340 1.692409
v 1.101687 3.364340 1.684046
v 1.102515 3.364340 1.667103
v 0.990368 3.258090 1.824441
v 1.064023 3.328923 1.738658
v 1.062444 3.328923 1.748107
v 1.060210 3.328923 1.757403
v 1.057344 3.328923 1.766482
v 1.053867 3.328923 1.775280
v 1.049801 3.328923 1.783736
v 1.045168 3.328923 1.791784
v 1.044321 3.328923 1.793078
v 1.043419 3.328923 1.794351
v 1.042464 3.328923 1.795598
v 1.041458 3.328923 1.796816
v 1.040402 3.328923 1.798002
v 1.039300 3.328923 1.799151
v 1.038153 3.328923 1.800261
v 1.036963 3.328923 1.801328
v 1.035732 3.328923 1.802346
v 1.034465 3.328923 1.803314
v 1.031837 3.328923 1.805093
v 1.026318 3.328923 1.808007
v 1.020664 3.328923 1.810030
v 1.015137 3.328923 1.811166
v 1.009938 3.328923 1.811578
v 1.007509 3.328923 1.811574
v 1.005217 3.328923 1.811463
v 0.986938 3.328923 1.807779
v 0.968395 3.328923 1.799310
v 0.950847 3.328923 1.786153
v 0.874316 3.328923 1.714960
v 0.797784 3.328923 1.643767
v 0.726546 3.258090 1.683918
v 0.798648 3.258090 1.784963
v 0.870749 3.258090 1.886008
v 0.887272 3.258090 1.905806
v 0.904725 3.258090 1.921228
v 0.921931 3.258090 1.932183
v 0.924182 3.258090 1.933217
v 0.926737 3.258090 1.934113
v 0.932618 3.258090 1.935287
v 0.939296 3.258090 1.935308
v 0.946390 3.258090 1.933838
v 0.953390 3.258090 1.930857
v 0.956700 3.258090 1.928821
v 0.958281 3.258090 1.927670
v 0.959802 3.258090 1.926433
v 0.961255 3.258090 1.925116
v 0.962636 3.258090 1.923728
v 0.963940 3.258090 1.922274
v 0.965165 3.258090 1.920764
v 0.966306 3.258090 1.919202
v 0.967359 3.258090 1.917597
v 0.968320 3.258090 1.915955
v 0.969186 3.258090 1.914284
v 0.973829 3.258090 1.903969
v 0.977943 3.258090 1.893274
v 0.981507 3.258090 1.882260
v 0.984500 3.258090 1.870983
v 0.986903 3.258090 1.859504
v 0.988696 3.258090 1.847881
v 0.489086 3.021979 1.817757
v 0.546420 3.021979 2.018308
v 0.603754 3.021979 2.218859
v 0.616864 3.021979 2.260791
v 0.630683 3.021979 2.299389
v 0.644314 3.021979 2.334584
v 0.646428 3.021979 2.338694
v 0.649398 3.021979 2.342560
v 0.657553 3.021979 2.349026
v 0.668068 3.021979 2.352901
v 0.679961 3.021979 2.353274
v 0.691902 3.021979 2.350069
v 0.697486 3.021979 2.347177
v 0.700112 3.021979 2.345417
v 0.702599 3.021979 2.343452
v 0.704928 3.021979 2.341300
v 0.707087 3.021979 2.338982
v 0.709066 3.021979 2.336516
v 0.710856 3.021979 2.333922
v 0.712445 3.021979 2.331216
v 0.713825 3.021979 2.328418
v 0.714985 3.021979 2.325545
v 0.715915 3.021979 2.322616
v 0.720590 3.021979 2.304746
v 0.724861 3.021979 2.286588
v 0.728714 3.021979 2.268185
v 0.732132 3.021979 2.249583
v 0.735100 3.021979 2.230826
v 0.737604 3.021979 2.211960
v 0.227879 2.762257 1.964980
v 0.268969 2.762257 2.274987
v 0.310059 2.762257 2.584995
v 0.319416 2.762257 2.651275
v 0.329237 2.762257 2.715367
v 0.338935 2.762257 2.777226
v 0.340898 2.762257 2.784718
v 0.344326 2.762257 2.791853
v 0.354982 2.762257 2.804138
v 0.369717 2.762257 2.812254
v 0.386890 2.762257 2.814653
v 0.404264 2.762257 2.811204
v 0.412351 2.762257 2.807369
v 0.416126 2.762257 2.804939
v 0.419676 2.762257 2.802173
v 0.422969 2.762257 2.799101
v 0.425984 2.762257 2.795761
v 0.428705 2.762257 2.792182
v 0.431115 2.762257 2.788396
v 0.433198 2.762257 2.784432
v 0.434937 2.762257 2.780321
v 0.436315 2.762257 2.776094
v 0.437316 2.762257 2.771781
v 0.442026 2.762257 2.745602
v 0.446472 2.762257 2.719232
v 0.450642 2.762257 2.692703
v 0.454527 2.762257 2.666042
v 0.458118 2.762257 2.639280
v 0.461402 2.762257 2.612447
v 0.193301 2.691423 2.344991
v 0.229961 2.691423 2.684850
v 0.238293 2.691423 2.757770
v 0.247025 2.691423 2.828815
v 0.255650 2.691423 2.897946
v 0.257572 2.691423 2.906361
v 0.261124 2.691423 2.914387
v 0.272463 2.691423 2.928259
v 0.288349 2.691423 2.937532
v 0.306961 2.691423 2.940484
v 0.325818 2.691423 2.936968
v 0.334587 2.691423 2.932876
v 0.338675 2.691423 2.930263
v 0.342515 2.691423 2.927279
v 0.346071 2.691423 2.923956
v 0.349320 2.691423 2.920337
v 0.352243 2.691423 2.916455
v 0.354823 2.691423 2.912343
v 0.357040 2.691423 2.908036
v 0.358877 2.691423 2.903568
v 0.360314 2.691423 2.898971
v 0.361334 2.691423 2.894281
v 0.366054 2.691423 2.865835
v 0.370547 2.691423 2.837226
v 0.374804 2.691423 2.808480
v 0.378817 2.691423 2.779622
v 0.382577 2.691423 2.750677
v 0.386075 2.691423 2.721670
v 0.392251 2.691423 2.663573
v -0.058927 2.455312 2.578335
v -0.037034 2.455312 3.017701
v -0.032114 2.455312 3.112755
v -0.027017 2.455312 3.206977
v -0.021967 2.455312 3.300347
v -0.020183 2.455312 3.311837
v -0.016215 2.455312 3.322834
v -0.002602 2.455312 3.341997
v 0.017121 2.455312 3.355125
v 0.040532 2.455312 3.359920
v 0.064329 2.455312 3.356180
v 0.075373 2.455312 3.351232
v 0.080505 2.455312 3.348010
v 0.085312 2.455312 3.344298
v 0.089744 2.455312 3.340140
v 0.093771 2.455312 3.335591
v 0.097369 2.455312 3.330696
v 0.100513 2.455312 3.325501
v 0.103179 2.455312 3.320050
v 0.105343 2.455312 3.314389
v 0.106979 2.455312 3.308561
v 0.108063 2.455312 3.302613
v 0.112815 2.455312 3.266612
v 0.117465 2.455312 3.230539
v 0.122012 2.455312 3.194405
v 0.126449 2.455312 3.158221
v 0.130774 2.455312 3.121999
v 0.134983 2.455312 3.085749
v 0.449665 3.399757 1.690999
v 0.092022 3.399757 1.747336
v -0.269560 3.399757 1.728871
v -0.619604 3.399757 1.636397
v -0.943127 3.399757 1.473870
v -1.226283 3.399757 1.248248
v -1.456950 3.399757 0.969187
v -1.625257 3.399757 0.648633
v -1.723998 3.399757 0.300305
v -1.749982 3.136487 0.012461
v -1.729594 2.856811 -0.266884
v -1.668481 2.565622 -0.528144
v -1.571743 2.266423 -0.769740
v -1.432015 1.699753 -1.006143
v -1.257028 1.133090 -1.217773
v -0.999558 0.782576 -1.436693
v -0.706984 0.442835 -1.601085
v -0.572783 0.300195 -1.653873
v -0.458131 0.180748 -1.689223
v -0.367328 0.082981 -1.711249
v -0.300548 -0.000243 -1.724242
v -0.648876 -0.000243 -1.625500
v -0.969431 -0.000243 -1.457194
v -1.248491 -0.000243 -1.226526
v -1.474113 -0.000243 -0.943371
v -1.636640 -0.000243 -0.619847
v -1.729115 -0.000243 -0.269803
v -1.747579 -0.000243 0.091778
v -1.691243 -0.000243 0.449421
v -1.562517 -0.000243 0.787818
v -1.411402 0.263047 1.034428
v -1.228138 0.542706 1.246459
v -1.022954 0.833898 1.419642
v -0.800890 1.133090 1.555737
v -0.547623 1.699753 1.661867
v 1.239827 3.399757 -1.235286
v 1.467437 3.399757 -0.953726
v 1.632237 3.399757 -0.631355
v 1.727174 3.399757 -0.281970
v 1.748183 3.399757 0.079472
v 1.694367 3.399757 0.437503
v 1.568027 3.399757 0.776797
v 1.374572 3.399757 1.082832
v -0.155127 1.699753 1.742868
v -0.425898 1.133090 1.697140
v -0.744223 0.782576 1.583624
v -1.032877 0.442835 1.412443
v -1.145694 0.300195 1.322616
v -1.233634 0.180748 1.241000
v -1.298111 0.082981 1.173375
v -1.342752 -0.000243 1.122038
v -1.083076 -0.000243 1.374328
v -0.777041 -0.000243 1.567784
v -0.437746 -0.000243 1.694123
v -0.079716 -0.000243 1.747940
v 0.281727 -0.000243 1.726931
v 0.631111 -0.000243 1.631994
v 0.953483 -0.000243 1.467194
v 1.235042 -0.000243 1.239584
v 1.463739 -0.000243 0.958906
v 1.601752 0.263047 0.704731
v 1.693745 0.542706 0.440005
v 1.741134 0.833898 0.175718
v 1.747964 1.133090 -0.084642
v 1.713241 1.699753 -0.357043
v 1.587142 1.699753 -0.737455
v 1.682926 1.133090 -0.480097
v 1.743781 0.782576 -0.147661
v 1.739861 0.442835 0.187911
v 1.718476 0.300195 0.330527
v 1.691765 0.180748 0.447494
v 1.665439 0.082981 0.537145
v 1.643301 -0.000243 0.601474
v 1.731952 -0.000243 0.250442
v 1.746471 -0.000243 -0.111320
v 1.686238 -0.000243 -0.468327
v 1.553829 -0.000243 -0.805299
v 1.354913 -0.000243 -1.107813
v 1.098003 -0.000243 -1.362920
v 0.794096 -0.000243 -1.559702
v 0.456200 -0.000243 -1.689735
v 0.098778 -0.000243 -1.747453
v -0.190350 0.263047 -1.739889
v -0.465606 0.542706 -1.687193
v -0.718180 0.833898 -1.596090
v -0.947073 1.133090 -1.471825
v -1.165618 1.699753 -1.305554
v -1.355464 2.266423 -1.107139
v -1.542826 2.616954 -0.826191
v -1.672051 2.956691 -0.516735
v -1.708892 3.099325 -0.377413
v -1.730698 3.218765 -0.259515
v -1.742045 3.316530 -0.166826
v -1.747210 3.399757 -0.099021
v -1.689491 3.399757 -0.456444
v -1.559459 3.399757 -0.794340
v -1.362677 3.399757 -1.098246
v -1.107570 3.399757 -1.355156
v -0.805056 3.399757 -1.554072
v -0.468084 3.399757 -1.686481
v -0.111076 3.399757 -1.746715
v 0.250685 3.399757 -1.732195
v 3.133162 1.133090 -0.407309
v 3.594094 1.133090 -0.514678
v 3.607430 1.133090 -0.519179
v 3.619696 1.133090 -0.526090
v 3.630491 1.133090 -0.535131
v 3.639412 1.133090 -0.546016
v 3.646030 1.133090 -0.558412
v 3.650141 1.133090 -0.571839
v 3.651741 1.133090 -0.585814
v 3.650828 1.133090 -0.599855
v 3.647400 1.133090 -0.613478
v 3.641455 1.133090 -0.626200
v 3.633090 1.133090 -0.637494
v 3.622720 1.133090 -0.646968
v 3.610778 1.133090 -0.654406
v 3.597699 1.133090 -0.659595
v 3.583917 1.133090 -0.662323
v 3.569867 1.133090 -0.662375
v 3.232915 1.133090 -0.629826
v 2.103575 1.984182 -0.702764
v 2.527239 1.984182 -0.915068
v 2.950902 1.984182 -1.127372
v 3.374566 1.984182 -1.339676
v 3.386436 1.984182 -1.347193
v 3.396655 1.984182 -1.356833
v 3.404970 1.984182 -1.368184
v 3.411126 1.984182 -1.380835
v 3.414869 1.984182 -1.394373
v 3.415945 1.984182 -1.408386
v 3.414213 1.984182 -1.422321
v 3.409869 1.984182 -1.435680
v 3.403174 1.984182 -1.448055
v 3.394386 1.984182 -1.459038
v 3.383763 1.984182 -1.468222
v 3.371566 1.984182 -1.475199
v 3.358222 1.984182 -1.479671
v 3.344272 1.984182 -1.481585
v 3.330209 1.984182 -1.480913
v 3.316523 1.984182 -1.477631
v 2.868475 1.984182 -1.323171
v 2.420428 1.984182 -1.168711
v 1.972380 1.984182 -1.014250
v 2.187398 1.417516 -0.366099
v 2.638989 1.417516 -0.509732
v 3.090579 1.417516 -0.653365
v 3.542169 1.417516 -0.796998
v 3.555066 1.417516 -0.802572
v 3.566664 1.417516 -0.810500
v 3.576647 1.417516 -0.820416
v 3.584701 1.417516 -0.831951
v 3.590510 1.417516 -0.844740
v 3.593757 1.417516 -0.858414
v 3.594220 1.417516 -0.872448
v 3.592013 1.417516 -0.886321
v 3.587330 1.417516 -0.899589
v 3.580362 1.417516 -0.911808
v 3.571302 1.417516 -0.922536
v 3.560342 1.417516 -0.931330
v 3.547858 1.417516 -0.937829
v 3.534378 1.417516 -0.941895
v 3.520382 1.417516 -0.943425
v 3.506351 1.417516 -0.942317
v 3.039697 1.417516 -0.859623
v 2.573042 1.417516 -0.776929
v 2.106388 1.417516 -0.694236
v 2.045941 1.699753 -0.856259
v 2.504740 1.699753 -0.975062
v 2.963539 1.699753 -1.093866
v 3.422337 1.699753 -1.212670
v 3.436240 1.699753 -1.214868
v 3.450313 1.699753 -1.214433
v 3.464069 1.699753 -1.211430
v 3.477021 1.699753 -1.205923
v 3.488633 1.699753 -1.198010
v 3.498502 1.699753 -1.188020
v 3.506400 1.699753 -1.176381
v 3.512103 1.699753 -1.163518
v 3.515384 1.699753 -1.149859
v 3.516017 1.699753 -1.135831
v 3.513844 1.699753 -1.121945
v 3.509050 1.699753 -1.108743
v 3.501919 1.699753 -1.096615
v 3.492739 1.699753 -1.085951
v 3.481794 1.699753 -1.077143
v 3.469370 1.699753 -1.070581
v 3.030338 1.699753 -0.892197
v 2.591306 1.699753 -0.713812
v 2.152273 1.699753 -0.535427
v -1.214052 1.133090 2.916688
v -1.351533 1.133090 3.369551
v -1.354304 1.133090 3.383350
v -1.354451 1.133090 3.397429
v -1.352019 1.133090 3.411298
v -1.347053 1.133090 3.424467
v -1.339627 1.133090 3.436396
v -1.330054 1.133090 3.446669
v -1.318751 1.133090 3.455042
v -1.306135 1.133090 3.461272
v -1.292623 1.133090 3.465115
v -1.278633 1.133090 3.466327
v -1.264670 1.133090 3.464731
v -1.251280 1.133090 3.460486
v -1.238868 1.133090 3.453863
v -1.227834 1.133090 3.445132
v -1.218581 1.133090 3.434560
v -1.211511 1.133090 3.422419
v -1.071223 1.133090 3.114335
v -0.443387 1.984182 2.172766
v -0.471358 1.984182 2.645822
v -0.499329 1.984182 3.118877
v -0.527301 1.984182 3.591933
v -0.526725 1.984182 3.605971
v -0.523486 1.984182 3.619642
v -0.517814 1.984182 3.632518
v -0.509936 1.984182 3.644174
v -0.500083 1.984182 3.654185
v -0.488485 1.984182 3.662123
v -0.475551 1.984182 3.667590
v -0.461810 1.984182 3.670508
v -0.447746 1.984182 3.670898
v -0.433840 1.984182 3.668779
v -0.420575 1.984182 3.664171
v -0.408434 1.984182 3.657097
v -0.397889 1.984182 3.647776
v -0.389257 1.984182 3.636652
v -0.382807 1.984182 3.624137
v -0.378806 1.984182 3.610643
v -0.288549 1.984182 3.145393
v -0.198292 1.984182 2.680142
v -0.108034 1.984182 2.214892
v -0.776859 1.417516 2.077028
v -0.878264 1.417516 2.539933
v -0.979670 1.417516 3.002838
v -1.081075 1.417516 3.465743
v -1.082696 1.417516 3.479699
v -1.081629 1.417516 3.493707
v -1.078034 1.417516 3.507310
v -1.072070 1.417516 3.520053
v -1.063899 1.417516 3.531478
v -1.053681 1.417516 3.541127
v -1.041758 1.417516 3.548545
v -1.028641 1.417516 3.553570
v -1.014809 1.417516 3.556148
v -1.000742 1.417516 3.556224
v -0.986921 1.417516 3.553741
v -0.973826 1.417516 3.548647
v -0.961956 1.417516 3.541085
v -0.951695 1.417516 3.531444
v -0.943372 1.417516 3.520088
v -0.937316 1.417516 3.507383
v -0.775603 1.417516 3.061901
v -0.613891 1.417516 2.616420
v -0.452179 1.417516 2.170939
v -0.281639 1.699753 2.199601
v -0.408152 1.699753 2.656334
v -0.534664 1.699753 3.113068
v -0.661176 1.699753 3.569801
v -0.666224 1.699753 3.582940
v -0.673637 1.699753 3.594910
v -0.683116 1.699753 3.605322
v -0.694361 1.699753 3.613785
v -0.707020 1.699753 3.619885
v -0.720606 1.699753 3.623437
v -0.734635 1.699753 3.624457
v -0.748626 1.699753 3.622965
v -0.762096 1.699753 3.618977
v -0.774561 1.699753 3.612510
v -0.785500 1.699753 3.603686
v -0.794536 1.699753 3.592933
v -0.801474 1.699753 3.580694
v -0.806119 1.699753 3.567411
v -0.808274 1.699753 3.553529
v -0.807745 1.699753 3.539489
v -0.742715 1.699753 3.070083
v -0.677684 1.699753 2.600678
v -0.612654 1.699753 2.131272
v 1.736096 -0.000243 0.944871
v 1.750702 -0.000243 0.942618
v 1.764591 -0.000243 0.937549
v 1.777249 -0.000243 0.929908
v 1.788163 -0.000243 0.919942
v 1.794243 -0.000243 0.912162
v 1.799248 -0.000243 0.903651
v 1.803092 -0.000243 0.894556
v 1.805707 -0.000243 0.885036
v 1.807193 -0.000243 0.870324
v 1.805770 -0.000243 0.855600
v 1.801545 -0.000243 0.841423
v 1.794630 -0.000243 0.828353
v 1.831625 0.070590 0.858447
v 1.709551 0.035173 0.639378
v 2.213743 0.353923 0.512749
v 1.804397 0.247673 0.413046
v 1.851820 0.353923 0.299879
v 2.627703 0.660868 0.138244
v 1.988820 0.660868 -0.027045
v 2.977977 0.920590 -0.178645
v 2.136359 0.991423 -0.379118
v 1.774564 0.035173 0.711082
v 1.839577 0.035173 0.782785
v 1.851445 0.035173 0.799593
v 1.858615 0.035173 0.817986
v 1.860837 0.035173 0.836679
v 1.860757 0.035173 0.839016
v 1.860592 0.035173 0.841419
v 1.859955 0.035173 0.846384
v 1.858824 0.035173 0.851500
v 1.857110 0.035173 0.856667
v 1.854800 0.035173 0.861745
v 1.853424 0.035173 0.864207
v 1.852682 0.035173 0.865411
v 1.851904 0.035173 0.866594
v 1.851092 0.035173 0.867755
v 1.850247 0.035173 0.868890
v 1.849371 0.035173 0.870000
v 1.848467 0.035173 0.871082
v 1.847536 0.035173 0.872136
v 1.846580 0.035173 0.873159
v 1.845600 0.035173 0.874151
v 1.844598 0.035173 0.875110
v 1.838267 0.035173 0.880504
v 1.831451 0.035173 0.885365
v 1.824213 0.035173 0.889662
v 1.816614 0.035173 0.893366
v 1.808718 0.035173 0.896448
v 1.800585 0.035173 0.898877
v 1.783860 0.035173 0.901659
v 1.927155 0.141423 0.772022
v 1.850468 0.070590 0.855135
v 1.859667 0.070590 0.852475
v 1.868637 0.070590 0.849183
v 1.877320 0.070590 0.845289
v 1.885653 0.070590 0.840821
v 1.893578 0.070590 0.835808
v 1.901034 0.070590 0.830279
v 1.902221 0.070590 0.829288
v 1.903381 0.070590 0.828245
v 1.904510 0.070590 0.827153
v 1.905604 0.070590 0.826012
v 1.906660 0.070590 0.824827
v 1.907674 0.070590 0.823599
v 1.908644 0.070590 0.822332
v 1.909566 0.070590 0.821026
v 1.910436 0.070590 0.819686
v 1.911250 0.070590 0.818316
v 1.912714 0.070590 0.815500
v 1.914971 0.070590 0.809682
v 1.916328 0.070590 0.803832
v 1.916818 0.070590 0.798211
v 1.916628 0.070590 0.792999
v 1.916343 0.070590 0.790586
v 1.915967 0.070590 0.788322
v 1.910194 0.070590 0.770582
v 1.899631 0.070590 0.753133
v 1.884523 0.070590 0.737217
v 1.804941 0.070590 0.669437
v 1.725359 0.070590 0.601656
v 1.756974 0.141423 0.526212
v 1.865695 0.141423 0.586146
v 1.974416 0.141423 0.646081
v 1.996005 0.141423 0.660212
v 2.013351 0.141423 0.675775
v 2.026227 0.141423 0.691609
v 2.027515 0.141423 0.693726
v 2.028699 0.141423 0.696160
v 2.030545 0.141423 0.701866
v 2.031337 0.141423 0.708496
v 2.030695 0.141423 0.715713
v 2.028542 0.141423 0.723011
v 2.026902 0.141423 0.726534
v 2.025942 0.141423 0.728237
v 2.024889 0.141423 0.729890
v 2.023748 0.141423 0.731486
v 2.022529 0.141423 0.733017
v 2.021236 0.141423 0.734481
v 2.019877 0.141423 0.735872
v 2.018457 0.141423 0.737186
v 2.016985 0.141423 0.738417
v 2.015465 0.141423 0.739562
v 2.013904 0.141423 0.740615
v 2.004199 0.141423 0.746415
v 1.994057 0.141423 0.751734
v 1.983533 0.141423 0.756544
v 1.972684 0.141423 0.760818
v 1.961565 0.141423 0.764530
v 1.950233 0.141423 0.767652
v 1.788590 0.212257 0.450768
v 1.926449 0.212257 0.502856
v 2.064309 0.212257 0.554945
v 2.092378 0.212257 0.567292
v 2.116508 0.212257 0.580968
v 2.136487 0.212257 0.594896
v 2.138686 0.212257 0.596865
v 2.140770 0.212257 0.599320
v 2.144272 0.212257 0.605521
v 2.146345 0.212257 0.613161
v 2.146419 0.212257 0.621744
v 2.144371 0.212257 0.630521
v 2.142554 0.212257 0.634752
v 2.141449 0.212257 0.636787
v 2.140212 0.212257 0.638754
v 2.138853 0.212257 0.640639
v 2.137383 0.212257 0.642435
v 2.135812 0.212257 0.644135
v 2.134149 0.212257 0.645732
v 2.132405 0.212257 0.647219
v 2.130588 0.212257 0.648589
v 2.128708 0.212257 0.649835
v 2.126775 0.212257 0.650951
v 2.114821 0.212257 0.657022
v 2.102461 0.212257 0.662646
v 2.089746 0.212257 0.667798
v 2.076730 0.212257 0.672452
v 2.063463 0.212257 0.676585
v 2.049998 0.212257 0.680170
v 2.022684 0.212257 0.685598
v 2.047957 0.353923 0.336276
v 2.244094 0.353923 0.372672
v 2.285125 0.353923 0.381451
v 2.322822 0.353923 0.391354
v 2.357007 0.353923 0.401470
v 2.361030 0.353923 0.403144
v 2.364913 0.353923 0.405641
v 2.371725 0.353923 0.412830
v 2.376362 0.353923 0.422490
v 2.377866 0.353923 0.433806
v 2.376028 0.353923 0.445543
v 2.373858 0.353923 0.451188
v 2.372462 0.353923 0.453889
v 2.370858 0.353923 0.456482
v 2.369062 0.353923 0.458947
v 2.367092 0.353923 0.461271
v 2.364964 0.353923 0.463443
v 2.362695 0.353923 0.465452
v 2.360300 0.353923 0.467285
v 2.357794 0.353923 0.468932
v 2.355194 0.353923 0.470382
v 2.352516 0.353923 0.471623
v 2.336064 0.353923 0.478237
v 2.319269 0.353923 0.484472
v 2.302173 0.353923 0.490307
v 2.284822 0.353923 0.495722
v 2.267259 0.353923 0.500694
v 2.249529 0.353923 0.505204
v 2.309272 0.424757 0.426325
v 2.118213 0.283090 0.599174
v 2.149764 0.283090 0.592687
v 2.165361 0.283090 0.588639
v 2.180776 0.283090 0.584087
v 2.195960 0.283090 0.579053
v 2.210865 0.283090 0.573559
v 2.225443 0.283090 0.567630
v 2.239646 0.283090 0.561287
v 2.241951 0.283090 0.560109
v 2.244191 0.283090 0.558761
v 2.246352 0.283090 0.557252
v 2.248422 0.283090 0.555592
v 2.250388 0.283090 0.553789
v 2.252237 0.283090 0.551853
v 2.253957 0.283090 0.549793
v 2.255535 0.283090 0.547618
v 2.256955 0.283090 0.545338
v 2.258206 0.283090 0.542970
v 2.260199 0.283090 0.538032
v 2.262143 0.283090 0.527775
v 2.261353 0.283090 0.517826
v 2.257999 0.283090 0.509175
v 2.252842 0.283090 0.502480
v 2.249858 0.283090 0.500004
v 2.246747 0.283090 0.498183
v 2.219665 0.283090 0.486161
v 2.188752 0.283090 0.474371
v 2.154201 0.283090 0.463809
v 1.987203 0.283090 0.419566
v 1.820205 0.283090 0.375324
v 1.915051 0.495590 0.148991
v 2.169466 0.495590 0.169696
v 2.423880 0.495590 0.190400
v 2.477872 0.495590 0.195610
v 2.529136 0.495590 0.201739
v 2.577527 0.495590 0.208043
v 2.583373 0.495590 0.209423
v 2.589056 0.495590 0.211962
v 2.599179 0.495590 0.220140
v 2.606379 0.495590 0.231819
v 2.609314 0.495590 0.245867
v 2.607684 0.495590 0.260564
v 2.605162 0.495590 0.267625
v 2.603475 0.495590 0.270990
v 2.601504 0.495590 0.274209
v 2.599271 0.495590 0.277255
v 2.596801 0.495590 0.280107
v 2.594117 0.495590 0.282751
v 2.591241 0.495590 0.285171
v 2.588195 0.495590 0.287351
v 2.585001 0.495590 0.289276
v 2.581681 0.495590 0.290929
v 2.578258 0.495590 0.292296
v 2.557308 0.495590 0.299451
v 2.536077 0.495590 0.306297
v 2.514600 0.495590 0.312816
v 2.492914 0.495590 0.318991
v 2.471056 0.495590 0.324804
v 2.449060 0.495590 0.330238
v 2.404801 0.495590 0.339901
v 2.349294 0.424757 0.417721
v 2.369157 0.424757 0.412749
v 2.388868 0.424757 0.407356
v 2.408387 0.424757 0.401562
v 2.427673 0.424757 0.395385
v 2.446686 0.424757 0.388844
v 2.465387 0.424757 0.381960
v 2.468438 0.424757 0.380656
v 2.471397 0.424757 0.379104
v 2.474247 0.424757 0.377318
v 2.476968 0.424757 0.375311
v 2.479541 0.424757 0.373097
v 2.481946 0.424757 0.370689
v 2.484166 0.424757 0.368101
v 2.486181 0.424757 0.365345
v 2.487968 0.424757 0.362439
v 2.489510 0.424757 0.359407
v 2.491856 0.424757 0.353054
v 2.493590 0.424757 0.339836
v 2.491370 0.424757 0.327155
v 2.485452 0.424757 0.316485
v 2.476985 0.424757 0.308801
v 2.472201 0.424757 0.306283
v 2.467267 0.424757 0.304756
v 2.425979 0.424757 0.296546
v 2.381498 0.424757 0.288530
v 2.333987 0.424757 0.281536
v 2.108711 0.424757 0.252986
v 1.883436 0.424757 0.224435
v 2.073128 0.849757 -0.228230
v 2.473236 0.849757 -0.246755
v 2.873344 0.849757 -0.265281
v 2.959739 0.849757 -0.268993
v 3.044922 0.849757 -0.272297
v 3.128827 0.849757 -0.275523
v 3.139231 0.849757 -0.274880
v 3.149413 0.849757 -0.272237
v 3.167813 0.849757 -0.261587
v 3.181421 0.849757 -0.244858
v 3.187933 0.849757 -0.223978
v 3.186827 0.849757 -0.201882
v 3.183422 0.849757 -0.191284
v 3.181008 0.849757 -0.186257
v 3.178120 0.849757 -0.181472
v 3.174793 0.849757 -0.176976
v 3.171073 0.849757 -0.172803
v 3.166998 0.849757 -0.168978
v 3.162605 0.849757 -0.165530
v 3.157932 0.849757 -0.162483
v 3.153017 0.849757 -0.159865
v 3.147897 0.849757 -0.157703
v 3.142611 0.849757 -0.156023
v 3.110416 0.849757 -0.147512
v 3.078096 0.849757 -0.139139
v 3.045667 0.849757 -0.130911
v 3.013145 0.849757 -0.122837
v 2.980546 0.849757 -0.114922
v 2.947886 0.849757 -0.107177
v 2.882448 0.849757 -0.092221
v 2.755076 0.755312 0.023012
v 2.814866 0.755312 0.009467
v 2.844682 0.755312 0.002338
v 2.874417 0.755312 -0.005016
v 2.904049 0.755312 -0.012584
v 2.933558 0.755312 -0.020356
v 2.962921 0.755312 -0.028322
v 2.992117 0.755312 -0.036471
v 2.996906 0.755312 -0.038068
v 3.001546 0.755312 -0.040094
v 3.006002 0.755312 -0.042527
v 3.010241 0.755312 -0.045343
v 3.014229 0.755312 -0.048517
v 3.017934 0.755312 -0.052027
v 3.021320 0.755312 -0.055848
v 3.024356 0.755312 -0.059957
v 3.026999 0.755312 -0.064325
v 3.029220 0.755312 -0.068909
v 3.032389 0.755312 -0.078563
v 3.033634 0.755312 -0.098686
v 3.028076 0.755312 -0.117744
v 3.016177 0.755312 -0.133126
v 2.999985 0.755312 -0.143117
v 2.991002 0.755312 -0.145733
v 2.981814 0.755312 -0.146572
v 2.907379 0.755312 -0.145887
v 2.831241 0.755312 -0.145099
v 2.753487 0.755312 -0.143766
v 2.392231 0.755312 -0.135702
v 2.030974 0.755312 -0.127637
v 3.169036 1.062257 -0.351494
v 3.247182 1.062257 -0.369625
v 3.286241 1.062257 -0.378758
v 3.325284 1.062257 -0.387933
v 3.364307 1.062257 -0.397148
v 3.403308 1.062257 -0.406401
v 3.442281 1.062257 -0.415691
v 3.481223 1.062257 -0.425015
v 3.487627 1.062257 -0.426883
v 3.493827 1.062257 -0.429350
v 3.499774 1.062257 -0.432384
v 3.505423 1.062257 -0.435950
v 3.510726 1.062257 -0.440016
v 3.515636 1.062257 -0.444549
v 3.520106 1.062257 -0.449514
v 3.524089 1.062257 -0.454880
v 3.527528 1.062257 -0.460605
v 3.530378 1.062257 -0.466630
v 3.534312 1.062257 -0.479350
v 3.535104 1.062257 -0.505886
v 3.526446 1.062257 -0.530864
v 3.508993 1.062257 -0.550622
v 3.485628 1.062257 -0.562756
v 3.472746 1.062257 -0.565462
v 3.459607 1.062257 -0.565662
v 3.354393 1.062257 -0.556718
v 3.248859 1.062257 -0.547755
v 3.143023 1.062257 -0.538690
v 2.655498 1.062257 -0.496626
v 2.167974 1.062257 -0.454562
v 1.946667 0.566423 0.073547
v 2.230220 0.566423 0.086405
v 2.513773 0.566423 0.099264
v 2.574245 0.566423 0.102689
v 2.632293 0.566423 0.106932
v 2.687787 0.566423 0.111330
v 2.694544 0.566423 0.112562
v 2.701128 0.566423 0.115122
v 2.712906 0.566423 0.123794
v 2.721387 0.566423 0.136484
v 2.725038 0.566423 0.151898
v 2.723513 0.566423 0.168075
v 2.720814 0.566423 0.175843
v 2.718982 0.566423 0.179540
v 2.716828 0.566423 0.183073
v 2.714375 0.566423 0.186409
v 2.711655 0.566423 0.189525
v 2.708693 0.566423 0.192405
v 2.705513 0.566423 0.195031
v 2.702142 0.566423 0.197384
v 2.698604 0.566423 0.199448
v 2.694924 0.566423 0.201203
v 2.691128 0.566423 0.202632
v 2.667929 0.566423 0.210059
v 2.644480 0.566423 0.217210
v 2.620813 0.566423 0.224071
v 2.596960 0.566423 0.230625
v 2.572954 0.566423 0.236859
v 2.548825 0.566423 0.242755
v 2.500331 0.566423 0.253476
v 2.070449 0.247673 0.642386
v 2.099881 0.247673 0.636428
v 2.114412 0.247673 0.632612
v 2.128753 0.247673 0.628270
v 2.142853 0.247673 0.623425
v 2.156663 0.247673 0.618103
v 2.170132 0.247673 0.612326
v 2.183210 0.247673 0.606119
v 2.185330 0.247673 0.604972
v 2.187389 0.247673 0.603675
v 2.189379 0.247673 0.602235
v 2.191286 0.247673 0.600662
v 2.193100 0.247673 0.598962
v 2.194810 0.247673 0.597144
v 2.196405 0.247673 0.595216
v 2.197874 0.247673 0.593186
v 2.199202 0.247673 0.591063
v 2.200380 0.247673 0.588861
v 2.202285 0.247673 0.584277
v 2.204281 0.247673 0.574759
v 2.203849 0.247673 0.565493
v 2.201135 0.247673 0.557348
v 2.196806 0.247673 0.550900
v 2.194272 0.247673 0.548435
v 2.191617 0.247673 0.546539
v 2.168086 0.247673 0.533564
v 2.140565 0.247673 0.520832
v 2.109255 0.247673 0.509377
v 1.956826 0.247673 0.461211
v 3.073507 0.991423 -0.265070
v 3.147417 0.991423 -0.282142
v 3.184342 0.991423 -0.290813
v 3.221237 0.991423 -0.299567
v 3.258094 0.991423 -0.308402
v 3.294904 0.991423 -0.317314
v 3.331659 0.991423 -0.326298
v 3.368352 0.991423 -0.335351
v 3.374384 0.991423 -0.337156
v 3.380223 0.991423 -0.339522
v 3.385827 0.991423 -0.342417
v 3.391150 0.991423 -0.345810
v 3.396150 0.991423 -0.349670
v 3.400782 0.991423 -0.353967
v 3.405002 0.991423 -0.358668
v 3.408766 0.991423 -0.363744
v 3.412021 0.991423 -0.369156
v 3.414726 0.991423 -0.374848
v 3.418484 0.991423 -0.386860
v 3.419380 0.991423 -0.411917
v 3.411438 0.991423 -0.435529
v 3.395266 0.991423 -0.454277
v 3.373556 0.991423 -0.465916
v 3.361574 0.991423 -0.468602
v 3.349347 0.991423 -0.468949
v 3.251236 0.991423 -0.461911
v 3.152486 0.991423 -0.454834
v 3.053130 0.991423 -0.447553
v 2.594744 0.991423 -0.413336
v 2.104743 0.920590 -0.303674
v 3.047652 0.920590 -0.194660
v 3.082444 0.920590 -0.202868
v 3.117191 0.920590 -0.211202
v 3.151880 0.920590 -0.219657
v 3.186500 0.920590 -0.228226
v 3.221038 0.920590 -0.236905
v 3.255482 0.920590 -0.245687
v 3.261141 0.920590 -0.247430
v 3.266620 0.920590 -0.249694
v 3.271879 0.920590 -0.252450
v 3.276878 0.920590 -0.255670
v 3.281574 0.920590 -0.259324
v 3.285927 0.920590 -0.263385
v 3.289897 0.920590 -0.267822
v 3.293443 0.920590 -0.272608
v 3.296514 0.920590 -0.277707
v 3.299074 0.920590 -0.283066
v 3.302655 0.920590 -0.294371
v 3.303657 0.920590 -0.317948
v 3.296429 0.920590 -0.340193
v 3.281540 0.920590 -0.357932
v 3.261485 0.920590 -0.369076
v 3.250403 0.920590 -0.371741
v 3.239087 0.920590 -0.372236
v 3.148079 0.920590 -0.367104
v 3.056112 0.920590 -0.361914
v 2.963237 0.920590 -0.356417
v 2.533990 0.920590 -0.330045
v 2.681845 0.660868 0.126111
v 2.708818 0.660868 0.119598
v 2.735689 0.660868 0.112805
v 2.762431 0.660868 0.105743
v 2.789019 0.660868 0.098427
v 2.815425 0.660868 0.090868
v 2.841623 0.660868 0.083080
v 2.845915 0.660868 0.081567
v 2.850075 0.660868 0.079677
v 2.854072 0.660868 0.077429
v 2.857877 0.660868 0.074844
v 2.861461 0.660868 0.071944
v 2.864795 0.660868 0.068749
v 2.867848 0.660868 0.065280
v 2.870592 0.660868 0.061558
v 2.872990 0.660868 0.057608
v 2.875017 0.660868 0.053467
v 2.877951 0.660868 0.044756
v 2.879336 0.660868 0.026606
v 2.874732 0.660868 0.009370
v 2.864541 0.660868 -0.004666
v 2.850556 0.660868 -0.013998
v 2.842773 0.660868 -0.016585
v 2.834801 0.660868 -0.017621
v 2.769836 0.660868 -0.019478
v 2.702743 0.660868 -0.021205
v 2.633630 0.660868 -0.022251
v 2.311225 0.660868 -0.024648
v -1.686541 -0.000243 1.030703
v -1.691893 -0.000243 1.044479
v -1.694447 -0.000243 1.059042
v -1.694159 -0.000243 1.073824
v -1.690985 -0.000243 1.088258
v -1.687288 -0.000243 1.097414
v -1.682419 -0.000243 1.106004
v -1.676465 -0.000243 1.113880
v -1.669528 -0.000243 1.120906
v -1.657530 -0.000243 1.129549
v -1.644067 -0.000243 1.135678
v -1.629677 -0.000243 1.139108
v -1.614901 -0.000243 1.139654
v -1.659460 0.070590 1.156646
v -1.408704 0.035173 1.160461
v -1.551136 0.353923 1.660418
v -1.260117 0.247673 1.355766
v -1.185824 0.353923 1.453419
v -1.433785 0.660868 2.206171
v -0.971199 0.660868 1.735527
v -1.334488 0.920590 2.667962
v -0.740064 0.991423 2.039335
v -1.503307 0.035173 1.180912
v -1.597911 0.035173 1.201363
v -1.618401 0.035173 1.203237
v -1.637915 0.035173 1.200250
v -1.655215 0.035173 1.192828
v -1.657199 0.035173 1.191590
v -1.659197 0.035173 1.190245
v -1.663178 0.035173 1.187211
v -1.667043 0.035173 1.183674
v -1.670661 0.035173 1.179606
v -1.673903 0.035173 1.175066
v -1.675348 0.035173 1.172644
v -1.676020 0.035173 1.171400
v -1.676656 0.035173 1.170134
v -1.677254 0.035173 1.168850
v -1.677815 0.035173 1.167551
v -1.678339 0.035173 1.166238
v -1.678824 0.035173 1.164914
v -1.679271 0.035173 1.163580
v -1.679679 0.035173 1.162240
v -1.680048 0.035173 1.160896
v -1.680378 0.035173 1.159549
v -1.681883 0.035173 1.151369
v -1.682684 0.035173 1.143036
v -1.682787 0.035173 1.134619
v -1.682196 0.035173 1.126186
v -1.680916 0.035173 1.117807
v -1.678953 0.035173 1.109549
v -1.673000 0.035173 1.093674
v -1.632379 0.141423 1.282589
v -1.666013 0.070590 1.174620
v -1.668309 0.070590 1.183916
v -1.669944 0.070590 1.193331
v -1.670912 0.070590 1.202797
v -1.671210 0.070590 1.212248
v -1.670830 0.070590 1.221618
v -1.669770 0.070590 1.230839
v -1.669506 0.070590 1.232363
v -1.669183 0.070590 1.233889
v -1.668801 0.070590 1.235413
v -1.668360 0.070590 1.236930
v -1.667862 0.070590 1.238437
v -1.667306 0.070590 1.239930
v -1.666693 0.070590 1.241403
v -1.666023 0.070590 1.242855
v -1.665298 0.070590 1.244278
v -1.664518 0.070590 1.245669
v -1.662811 0.070590 1.248344
v -1.658902 0.070590 1.253208
v -1.654513 0.070590 1.257308
v -1.649891 0.070590 1.260543
v -1.645282 0.070590 1.262984
v -1.643050 0.070590 1.263944
v -1.640902 0.070590 1.264750
v -1.622651 0.070590 1.268620
v -1.602259 0.070590 1.268198
v -1.580921 0.070590 1.263071
v -1.482430 0.070590 1.228042
v -1.383940 0.070590 1.193012
v -1.334411 0.141423 1.258114
v -1.440676 0.141423 1.322301
v -1.546941 0.141423 1.386489
v -1.569974 0.141423 1.398120
v -1.592124 0.141423 1.405361
v -1.612276 0.141423 1.408595
v -1.614752 0.141423 1.408652
v -1.617452 0.141423 1.408460
v -1.623317 0.141423 1.407206
v -1.629455 0.141423 1.404576
v -1.635384 0.141423 1.400412
v -1.640627 0.141423 1.394899
v -1.642859 0.141423 1.391717
v -1.643853 0.141423 1.390034
v -1.644759 0.141423 1.388295
v -1.645570 0.141423 1.386510
v -1.646287 0.141423 1.384688
v -1.646908 0.141423 1.382836
v -1.647433 0.141423 1.380963
v -1.647861 0.141423 1.379078
v -1.648191 0.141423 1.377186
v -1.648422 0.141423 1.375298
v -1.648554 0.141423 1.373420
v -1.648725 0.141423 1.362115
v -1.648260 0.141423 1.350672
v -1.647163 0.141423 1.339153
v -1.645440 0.141423 1.327620
v -1.643095 0.141423 1.316135
v -1.640134 0.141423 1.304760
v -1.284882 0.212257 1.323215
v -1.398922 0.212257 1.416561
v -1.512961 0.212257 1.509907
v -1.537689 0.212257 1.528042
v -1.561598 0.212257 1.542101
v -1.583649 0.212257 1.552440
v -1.586454 0.212257 1.553359
v -1.589622 0.212257 1.553937
v -1.596743 0.212257 1.553869
v -1.604396 0.212257 1.551844
v -1.611866 0.212257 1.547617
v -1.618444 0.212257 1.541454
v -1.621199 0.212257 1.537766
v -1.622409 0.212257 1.535790
v -1.623494 0.212257 1.533736
v -1.624447 0.212257 1.531616
v -1.625268 0.212257 1.529445
v -1.625954 0.212257 1.527235
v -1.626506 0.212257 1.524997
v -1.626921 0.212257 1.522742
v -1.627199 0.212257 1.520484
v -1.627338 0.212257 1.518233
v -1.627338 0.212257 1.516001
v -1.626619 0.212257 1.502613
v -1.625310 0.212257 1.489096
v -1.623414 0.212257 1.475510
v -1.620936 0.212257 1.461910
v -1.617882 0.212257 1.448354
v -1.614254 0.212257 1.434901
v -1.605298 0.212257 1.408532
v -1.315413 0.353923 1.605080
v -1.445002 0.353923 1.756742
v -1.473119 0.353923 1.787886
v -1.500544 0.353923 1.815581
v -1.526397 0.353923 1.840129
v -1.529858 0.353923 1.842775
v -1.533963 0.353923 1.844890
v -1.543595 0.353923 1.847194
v -1.554279 0.353923 1.846380
v -1.564831 0.353923 1.842025
v -1.574076 0.353923 1.834564
v -1.577880 0.353923 1.829863
v -1.579521 0.353923 1.827303
v -1.580964 0.353923 1.824618
v -1.582201 0.353923 1.821829
v -1.583229 0.353923 1.818961
v -1.584047 0.353923 1.816033
v -1.584651 0.353923 1.813063
v -1.585041 0.353923 1.810072
v -1.585215 0.353923 1.807079
v -1.585171 0.353923 1.804102
v -1.584907 0.353923 1.801162
v -1.582408 0.353923 1.783608
v -1.579410 0.353923 1.765945
v -1.575916 0.353923 1.748222
v -1.571929 0.353923 1.730488
v -1.567454 0.353923 1.712792
v -1.562494 0.353923 1.695183
v -1.524055 0.424757 1.786361
v -1.578217 0.283090 1.534475
v -1.588374 0.283090 1.565042
v -1.592668 0.283090 1.580573
v -1.596433 0.283090 1.596199
v -1.599665 0.283090 1.611866
v -1.602360 0.283090 1.627521
v -1.604514 0.283090 1.643110
v -1.606122 0.283090 1.658582
v -1.606255 0.283090 1.661168
v -1.606207 0.283090 1.663781
v -1.605981 0.283090 1.666407
v -1.605578 0.283090 1.669030
v -1.605000 0.283090 1.671634
v -1.604248 0.283090 1.674203
v -1.603324 0.283090 1.676723
v -1.602229 0.283090 1.679177
v -1.600965 0.283090 1.681547
v -1.599540 0.283090 1.683814
v -1.596260 0.283090 1.688009
v -1.588348 0.283090 1.694821
v -1.579337 0.283090 1.699112
v -1.570169 0.283090 1.700532
v -1.561792 0.283090 1.699413
v -1.558156 0.283090 1.698067
v -1.555023 0.283090 1.696284
v -1.531071 0.283090 1.678841
v -1.505404 0.283090 1.657964
v -1.478981 0.283090 1.633324
v -1.357167 0.283090 1.510821
v -1.235353 0.283090 1.388317
v -1.086766 0.495590 1.583623
v -1.231904 0.495590 1.793600
v -1.377042 0.495590 2.003577
v -1.408549 0.495590 2.047730
v -1.439490 0.495590 2.089062
v -1.469145 0.495590 2.127818
v -1.473262 0.495590 2.132190
v -1.478303 0.495590 2.135843
v -1.490447 0.495590 2.140520
v -1.504161 0.495590 2.140916
v -1.517795 0.495590 2.136434
v -1.529708 0.495590 2.127674
v -1.534562 0.495590 2.121959
v -1.536632 0.495590 2.118816
v -1.538435 0.495590 2.115499
v -1.539956 0.495590 2.112042
v -1.541191 0.495590 2.108477
v -1.542139 0.495590 2.104830
v -1.542797 0.495590 2.101130
v -1.543161 0.495590 2.097402
v -1.543231 0.495590 2.093674
v -1.543003 0.495590 2.089972
v -1.542475 0.495590 2.086324
v -1.538197 0.495590 2.064603
v -1.533510 0.495590 2.042793
v -1.528417 0.495590 2.020935
v -1.522922 0.495590 1.999067
v -1.517027 0.495590 1.977230
v -1.510735 0.495590 1.955464
v -1.496974 0.495590 1.912304
v -1.536615 0.424757 1.825323
v -1.542240 0.424757 1.845011
v -1.547426 0.424757 1.864778
v -1.552167 0.424757 1.884578
v -1.556460 0.424757 1.904369
v -1.560303 0.424757 1.924105
v -1.563691 0.424757 1.943743
v -1.564087 0.424757 1.947037
v -1.564223 0.424757 1.950376
v -1.564101 0.424757 1.953737
v -1.563724 0.424757 1.957096
v -1.563093 0.424757 1.960432
v -1.562210 0.424757 1.963719
v -1.561079 0.424757 1.966936
v -1.559700 0.424757 1.970059
v -1.558077 0.424757 1.973059
v -1.556221 0.424757 1.975911
v -1.551892 0.424757 1.981119
v -1.541313 0.424757 1.989229
v -1.529220 0.424757 1.993648
v -1.517021 0.424757 1.993857
v -1.506133 0.424757 1.990366
v -1.501560 0.424757 1.987483
v -1.497771 0.424757 1.983973
v -1.470017 0.424757 1.952322
v -1.440834 0.424757 1.917808
v -1.411022 0.424757 1.880159
v -1.273658 0.424757 1.699340
v -1.136295 0.424757 1.518521
v -0.839122 0.849757 1.909131
v -1.023132 0.849757 2.264898
v -1.207143 0.849757 2.620665
v -1.247125 0.849757 2.697341
v -1.286856 0.849757 2.772763
v -1.326015 0.849757 2.847040
v -1.331773 0.849757 2.855729
v -1.339153 0.849757 2.863225
v -1.357576 0.849757 2.873835
v -1.378868 0.849757 2.877256
v -1.400206 0.849757 2.872455
v -1.418789 0.849757 2.860449
v -1.426265 0.849757 2.852202
v -1.429411 0.849757 2.847597
v -1.432112 0.849757 2.842704
v -1.434342 0.849757 2.837575
v -1.436096 0.849757 2.832266
v -1.437370 0.849757 2.826825
v -1.438160 0.849757 2.821296
v -1.438462 0.849757 2.815726
v -1.438272 0.849757 2.810161
v -1.437584 0.849757 2.804646
v -1.436396 0.849757 2.799228
v -1.427669 0.849757 2.767091
v -1.418761 0.849757 2.734914
v -1.409672 0.849757 2.702716
v -1.400404 0.849757 2.670514
v -1.390958 0.849757 2.638325
v -1.381336 0.849757 2.606168
v -1.361569 0.849757 2.542019
v -1.397677 0.755312 2.374095
v -1.415842 0.755312 2.432647
v -1.424576 0.755312 2.462033
v -1.433075 0.755312 2.491461
v -1.441337 0.755312 2.520908
v -1.449361 0.755312 2.550349
v -1.457143 0.755312 2.579761
v -1.464684 0.755312 2.609120
v -1.465696 0.755312 2.614066
v -1.466261 0.755312 2.619097
v -1.466382 0.755312 2.624173
v -1.466063 0.755312 2.629252
v -1.465308 0.755312 2.634293
v -1.464121 0.755312 2.639256
v -1.462505 0.755312 2.644099
v -1.460465 0.755312 2.648782
v -1.458003 0.755312 2.653256
v -1.455144 0.755312 2.657471
v -1.448368 0.755312 2.665042
v -1.431563 0.755312 2.676183
v -1.412280 0.755312 2.680898
v -1.393008 0.755312 2.678284
v -1.376260 0.755312 2.669257
v -1.369503 0.755312 2.662785
v -1.364183 0.755312 2.655248
v -1.327558 0.755312 2.590443
v -1.290172 0.755312 2.524112
v -1.252449 0.755312 2.456108
v -1.078805 0.755312 2.139218
v -0.905160 0.755312 1.822329
v -1.280326 1.062257 2.919848
v -1.303697 1.062257 2.996590
v -1.315317 1.062257 3.034982
v -1.326893 1.062257 3.073382
v -1.338424 1.062257 3.111785
v -1.349911 1.062257 3.150187
v -1.361353 1.062257 3.188583
v -1.372749 1.062257 3.226970
v -1.374333 1.062257 3.233450
v -1.375296 1.062257 3.240053
v -1.375642 1.062257 3.246721
v -1.375378 1.062257 3.253396
v -1.374509 1.062257 3.260021
v -1.373038 1.062257 3.266540
v -1.370973 1.062257 3.272894
v -1.368318 1.062257 3.279026
v -1.365078 1.062257 3.284866
v -1.361286 1.062257 3.290347
v -1.352238 1.062257 3.300114
v -1.329653 1.062257 3.314068
v -1.303692 1.062257 3.319059
v -1.277854 1.062257 3.313823
v -1.255664 1.062257 3.299655
v -1.246879 1.062257 3.289852
v -1.240137 1.062257 3.278574
v -1.195275 1.062257 3.182984
v -1.150271 1.062257 3.087107
v -1.105203 1.062257 2.990917
v -0.897869 1.062257 2.547677
v -0.690535 1.062257 2.104437
v -1.037237 0.566423 1.648724
v -1.190150 0.566423 1.887859
v -1.343062 0.566423 2.126994
v -1.376265 0.566423 2.177653
v -1.408963 0.566423 2.225802
v -1.440519 0.566423 2.271662
v -1.444964 0.566423 2.276898
v -1.450473 0.566423 2.281319
v -1.463873 0.566423 2.287183
v -1.479103 0.566423 2.288184
v -1.494277 0.566423 2.283638
v -1.507524 0.566423 2.274229
v -1.512902 0.566423 2.268008
v -1.515188 0.566423 2.264572
v -1.517170 0.566423 2.260940
v -1.518833 0.566423 2.257149
v -1.520172 0.566423 2.253235
v -1.521185 0.566423 2.249229
v -1.521869 0.566423 2.245163
v -1.522222 0.566423 2.241067
v -1.522239 0.566423 2.236971
v -1.521919 0.566423 2.232907
v -1.521259 0.566423 2.228905
v -1.516091 0.566423 2.205100
v -1.510560 0.566423 2.181217
v -1.504668 0.566423 2.157291
v -1.498418 0.566423 2.133356
v -1.491813 0.566423 2.109449
v -1.484855 0.566423 2.085605
v -1.469893 0.566423 2.038247
v -1.591757 0.247673 1.471503
v -1.601314 0.247673 1.499971
v -1.605275 0.247673 1.514464
v -1.608685 0.247673 1.529054
v -1.611539 0.247673 1.543688
v -1.613835 0.247673 1.558309
v -1.615566 0.247673 1.572862
v -1.616730 0.247673 1.587291
v -1.616796 0.247673 1.589700
v -1.616703 0.247673 1.592133
v -1.616451 0.247673 1.594575
v -1.616042 0.247673 1.597013
v -1.615477 0.247673 1.599434
v -1.614758 0.247673 1.601824
v -1.613886 0.247673 1.604170
v -1.612862 0.247673 1.606457
v -1.611687 0.247673 1.608669
v -1.610370 0.247673 1.610790
v -1.607352 0.247673 1.614731
v -1.600107 0.247673 1.621219
v -1.591867 0.247673 1.625478
v -1.583456 0.247673 1.627200
v -1.575707 0.247673 1.626675
v -1.572305 0.247673 1.625713
v -1.569336 0.247673 1.624362
v -1.546334 0.247673 1.610471
v -1.521546 0.247673 1.593003
v -1.495971 0.247673 1.571615
v -1.378044 0.247673 1.463691
v -1.307407 0.991423 2.793905
v -1.329577 0.991423 2.866449
v -1.340531 0.991423 2.902763
v -1.351396 0.991423 2.939092
v -1.362173 0.991423 2.975428
v -1.372861 0.991423 3.011762
v -1.383458 0.991423 3.048086
v -1.393965 0.991423 3.084389
v -1.395417 0.991423 3.090515
v -1.396288 0.991423 3.096755
v -1.396582 0.991423 3.103056
v -1.396306 0.991423 3.109363
v -1.395462 0.991423 3.115623
v -1.394057 0.991423 3.121782
v -1.392096 0.991423 3.127787
v -1.389582 0.991423 3.133585
v -1.386523 0.991423 3.139110
v -1.382946 0.991423 3.144299
v -1.374421 0.991423 3.153559
v -1.353170 0.991423 3.166864
v -1.328751 0.991423 3.171791
v -1.304428 0.991423 3.167161
v -1.283494 0.991423 3.154178
v -1.275177 0.991423 3.145145
v -1.268763 0.991423 3.134730
v -1.225802 0.991423 3.046244
v -1.182555 0.991423 2.957185
v -1.139183 0.991423 2.867500
v -0.939624 0.991423 2.453417
v -0.789593 0.920590 1.974233
v -1.355456 0.920590 2.736309
v -1.365744 0.920590 2.770544
v -1.375900 0.920590 2.804803
v -1.385922 0.920590 2.839072
v -1.395811 0.920590 2.873338
v -1.405564 0.920590 2.907588
v -1.415180 0.920590 2.941809
v -1.416500 0.920590 2.947581
v -1.417280 0.920590 2.953458
v -1.417522 0.920590 2.959391
v -1.417233 0.920590 2.965329
v -1.416416 0.920590 2.971224
v -1.415077 0.920590 2.977024
v -1.413219 0.920590 2.982681
v -1.410847 0.920590 2.988144
v -1.407967 0.920590 2.993354
v -1.404605 0.920590 2.998250
v -1.396605 0.920590 3.007004
v -1.376688 0.920590 3.019659
v -1.353809 0.920590 3.024523
v -1.331002 0.920590 3.020498
v -1.311324 0.920590 3.008702
v -1.303475 0.920590 3.000437
v -1.297389 0.920590 2.990885
v -1.256329 0.920590 2.909503
v -1.214840 0.920590 2.827263
v -1.173163 0.920590 2.744082
v -0.981378 0.920590 2.359158
v -1.450349 0.660868 2.259126
v -1.458195 0.660868 2.285741
v -1.465747 0.660868 2.312409
v -1.473003 0.660868 2.339099
v -1.479960 0.660868 2.365783
v -1.486617 0.660868 2.392431
v -1.492972 0.660868 2.419012
v -1.493808 0.660868 2.423486
v -1.494250 0.660868 2.428034
v -1.494302 0.660868 2.432620
v -1.493966 0.660868 2.437207
v -1.493247 0.660868 2.441761
v -1.492147 0.660868 2.446245
v -1.490669 0.660868 2.450624
v -1.488818 0.660868 2.454861
v -1.486596 0.660868 2.458914
v -1.484023 0.660868 2.462739
v -1.477946 0.660868 2.469636
v -1.462920 0.660868 2.479910
v -1.445691 0.660868 2.484541
v -1.428441 0.660868 2.482734
v -1.413366 0.660868 2.475288
v -1.407234 0.660868 2.469842
v -1.402351 0.660868 2.463455
v -1.368261 0.660868 2.408122
v -1.333218 0.660868 2.350882
v -1.297756 0.660868 2.291551
v -1.134477 0.660868 2.013539
v -1.968494 3.399757 0.179486
v -1.981017 3.399757 0.171625
v -1.991764 3.399757 0.161460
v -2.000359 3.399757 0.149420
v -2.006428 3.399757 0.135937
v -2.008923 3.399757 0.126383
v -2.010141 3.399757 0.116585
v -2.010062 3.399757 0.106712
v -2.008687 3.399757 0.096934
v -2.004219 3.399757 0.082847
v -1.997077 3.399757 0.069901
v -1.987584 3.399757 0.058566
v -1.976060 3.399757 0.049312
v -3.015156 2.266423 -2.022862
v -3.028075 2.266423 -2.028387
v -3.041808 2.266423 -2.031349
v -3.055872 2.266423 -2.031774
v -3.069785 2.266423 -2.029683
v -3.083062 2.266423 -2.025100
v -3.095221 2.266423 -2.018050
v -3.105724 2.266423 -2.008730
v -3.114275 2.266423 -1.997584
v -3.120682 2.266423 -1.985058
v -3.124757 2.266423 -1.971594
v -3.126310 2.266423 -1.957638
v -3.125152 2.266423 -1.943634
v -3.121280 2.266423 -1.930103
v -3.114957 2.266423 -1.917522
v -3.106438 2.266423 -1.906312
v -3.095981 2.266423 -1.896891
v -2.713097 2.266423 -1.613754
v -1.812203 2.455312 -1.139842
v -2.681247 2.455312 -1.383098
v -1.815026 2.691423 -0.867276
v -2.449602 2.762257 -0.875258
v -1.820953 3.187257 -0.294886
v -2.253595 3.021979 -0.445548
v -1.823070 3.364340 -0.090462
v -2.021950 3.328923 0.062292
v -2.752522 2.360868 -1.539357
v -2.815941 2.360868 -1.586137
v -2.847597 2.360868 -1.609602
v -2.879212 2.360868 -1.633110
v -2.910782 2.360868 -1.656657
v -2.942304 2.360868 -1.680239
v -2.973773 2.360868 -1.703851
v -3.005185 2.360868 -1.727489
v -3.010217 2.360868 -1.731675
v -3.014833 2.360868 -1.736321
v -3.019002 2.360868 -1.741377
v -3.022696 2.360868 -1.746795
v -3.025886 2.360868 -1.752528
v -3.028541 2.360868 -1.758527
v -3.030633 2.360868 -1.764745
v -3.032133 2.360868 -1.771133
v -3.033003 2.360868 -1.777632
v -3.033229 2.360868 -1.784172
v -3.031835 2.360868 -1.797169
v -3.022264 2.360868 -1.821403
v -3.004808 2.360868 -1.840575
v -2.981475 2.360868 -1.851650
v -2.955785 2.360868 -1.853587
v -2.943164 2.360868 -1.851074
v -2.931284 2.360868 -1.846212
v -2.840216 2.360868 -1.797814
v -2.748768 2.360868 -1.749224
v -2.657003 2.360868 -1.700348
v -2.234038 2.360868 -1.474608
v -1.811074 2.360868 -1.248869
v -1.813332 2.549757 -1.030816
v -2.173264 2.549757 -1.206522
v -2.533195 2.549757 -1.382228
v -2.610990 2.549757 -1.419885
v -2.687835 2.549757 -1.456688
v -2.763539 2.549757 -1.492913
v -2.773344 2.549757 -1.496450
v -2.783740 2.549757 -1.498062
v -2.804854 2.549757 -1.495584
v -2.823982 2.549757 -1.485626
v -2.838241 2.549757 -1.469042
v -2.845991 2.549757 -1.448319
v -2.847069 2.549757 -1.437241
v -2.846847 2.549757 -1.431668
v -2.846095 2.549757 -1.426130
v -2.844824 2.549757 -1.420683
v -2.843064 2.549757 -1.415377
v -2.840840 2.549757 -1.410250
v -2.838176 2.549757 -1.405341
v -2.835095 2.549757 -1.400691
v -2.831621 2.549757 -1.396339
v -2.827779 2.549757 -1.392323
v -2.823593 2.549757 -1.388684
v -2.797402 2.549757 -1.368090
v -2.771041 2.549757 -1.347574
v -2.744523 2.549757 -1.327147
v -2.717858 2.549757 -1.306825
v -2.691059 2.549757 -1.286619
v -2.664137 2.549757 -1.266544
v -2.609971 2.549757 -1.226840
v -2.556515 2.620590 -1.109646
v -2.607210 2.620590 -1.146697
v -2.632357 2.620590 -1.165501
v -2.657350 2.620590 -1.184468
v -2.682175 2.620590 -1.203581
v -2.706818 2.620590 -1.222824
v -2.731263 2.620590 -1.242180
v -2.755496 2.620590 -1.261632
v -2.759365 2.620590 -1.265066
v -2.762917 2.620590 -1.268845
v -2.766129 2.620590 -1.272934
v -2.768980 2.620590 -1.277296
v -2.771448 2.620590 -1.281895
v -2.773510 2.620590 -1.286695
v -2.775145 2.620590 -1.291660
v -2.776330 2.620590 -1.296754
v -2.777039 2.620590 -1.301932
v -2.777259 2.620590 -1.307142
v -2.776299 2.620590 -1.317501
v -2.769233 2.620590 -1.336906
v -2.756172 2.620590 -1.352520
v -2.738622 2.620590 -1.362059
v -2.719223 2.620590 -1.364740
v -2.709661 2.620590 -1.363466
v -2.700635 2.620590 -1.360425
v -2.630692 2.620590 -1.328765
v -2.559323 2.620590 -1.296384
v -2.486767 2.620590 -1.262933
v -2.150473 2.620590 -1.105989
v -1.814179 2.620590 -0.949046
v -1.816719 2.833090 -0.703736
v -2.082101 2.833090 -0.804392
v -2.347483 2.833090 -0.905048
v -2.404323 2.833090 -0.925878
v -2.459263 2.833090 -0.944998
v -2.511922 2.833090 -0.962964
v -2.518613 2.833090 -0.964513
v -2.525672 2.833090 -0.964775
v -2.539924 2.833090 -0.961485
v -2.552743 2.833090 -0.953201
v -2.562208 2.833090 -0.940500
v -2.567225 2.833090 -0.925045
v -2.567829 2.833090 -0.916844
v -2.567613 2.833090 -0.912723
v -2.567037 2.833090 -0.908625
v -2.566109 2.833090 -0.904591
v -2.564849 2.833090 -0.900651
v -2.563272 2.833090 -0.896832
v -2.561395 2.833090 -0.893161
v -2.559233 2.833090 -0.889663
v -2.556804 2.833090 -0.886366
v -2.554122 2.833090 -0.883295
v -2.551205 2.833090 -0.880477
v -2.532845 2.833090 -0.864450
v -2.514147 2.833090 -0.848576
v -2.495133 2.833090 -0.832882
v -2.475827 2.833090 -0.817397
v -2.456251 2.833090 -0.802145
v -2.436430 2.833090 -0.787155
v -2.396145 2.833090 -0.758064
v -2.324870 2.927535 -0.601806
v -2.360528 2.927535 -0.627358
v -2.377982 2.927535 -0.640654
v -2.395149 2.927535 -0.654254
v -2.412003 2.927535 -0.668127
v -2.428516 2.927535 -0.682243
v -2.444660 2.927535 -0.696569
v -2.460408 2.927535 -0.711075
v -2.462903 2.927535 -0.713619
v -2.465198 2.927535 -0.716375
v -2.467280 2.927535 -0.719320
v -2.469134 2.927535 -0.722434
v -2.470749 2.927535 -0.725693
v -2.472110 2.927535 -0.729075
v -2.473204 2.927535 -0.732560
v -2.474018 2.927535 -0.736124
v -2.474535 2.927535 -0.739741
v -2.474749 2.927535 -0.743378
v -2.474303 2.927535 -0.750620
v -2.470197 2.927535 -0.764319
v -2.462330 2.927535 -0.775727
v -2.451613 2.927535 -0.783453
v -2.439649 2.927535 -0.787012
v -2.433703 2.927535 -0.787201
v -2.428049 2.927535 -0.786314
v -2.383072 2.927535 -0.774435
v -2.335434 2.927535 -0.761209
v -2.285580 2.927535 -0.745988
v -2.051714 2.927535 -0.670349
v -1.817848 2.927535 -0.594709
v -2.128863 3.187257 -0.172095
v -2.151797 3.187257 -0.187917
v -2.162742 3.187257 -0.196552
v -2.173287 3.187257 -0.205611
v -2.183396 3.187257 -0.215051
v -2.193029 3.187257 -0.224828
v -2.202150 3.187257 -0.234898
v -2.210719 3.187257 -0.245219
v -2.212051 3.187257 -0.247010
v -2.213282 3.187257 -0.248899
v -2.214407 3.187257 -0.250878
v -2.215419 3.187257 -0.252935
v -2.216311 3.187257 -0.255060
v -2.217079 3.187257 -0.257243
v -2.217716 3.187257 -0.259475
v -2.218216 3.187257 -0.261745
v -2.218571 3.187257 -0.264041
v -2.218779 3.187257 -0.266348
v -2.218768 3.187257 -0.270952
v -2.217166 3.187257 -0.279822
v -2.213694 3.187257 -0.287671
v -2.208760 3.187257 -0.293862
v -2.203087 3.187257 -0.298165
v -2.200200 3.187257 -0.299592
v -2.197400 3.187257 -0.300528
v -2.173548 3.187257 -0.305386
v -2.145990 3.187257 -0.308369
v -2.115344 3.187257 -0.308573
v -1.968148 3.187257 -0.301730
v -1.820106 3.116423 -0.376656
v -1.990939 3.116423 -0.402262
v -2.161772 3.116423 -0.427868
v -2.197656 3.116423 -0.431871
v -2.230691 3.116423 -0.433308
v -2.260305 3.116423 -0.433015
v -2.263882 3.116423 -0.432577
v -2.267604 3.116423 -0.431487
v -2.274993 3.116423 -0.427387
v -2.281504 3.116423 -0.420777
v -2.286175 3.116423 -0.411957
v -2.288459 3.116423 -0.401770
v -2.288589 3.116423 -0.396447
v -2.288380 3.116423 -0.393777
v -2.287980 3.116423 -0.391121
v -2.287395 3.116423 -0.388498
v -2.286633 3.116423 -0.385925
v -2.285703 3.116423 -0.383414
v -2.284614 3.116423 -0.380980
v -2.283372 3.116423 -0.378635
v -2.281987 3.116423 -0.376393
v -2.280465 3.116423 -0.374267
v -2.278816 3.116423 -0.372270
v -2.268289 3.116423 -0.360809
v -2.257253 3.116423 -0.349578
v -2.245743 3.116423 -0.338618
v -2.233795 3.116423 -0.327968
v -2.221444 3.116423 -0.317671
v -2.208724 3.116423 -0.307765
v -2.182319 3.116423 -0.289289
v -1.911172 3.364340 -0.050399
v -1.999274 3.364340 -0.010336
v -2.016823 3.364340 0.000385
v -2.030691 3.364340 0.014420
v -2.040139 3.364340 0.030690
v -2.040993 3.364340 0.032868
v -2.041794 3.364340 0.035139
v -2.043179 3.364340 0.039949
v -2.044170 3.364340 0.045094
v -2.044646 3.364340 0.050517
v -2.044539 3.364340 0.056095
v -2.044254 3.364340 0.058900
v -2.044050 3.364340 0.060300
v -2.043805 3.364340 0.061695
v -2.043520 3.364340 0.063083
v -2.043195 3.364340 0.064460
v -2.042831 3.364340 0.065826
v -2.042430 3.364340 0.067178
v -2.041994 3.364340 0.068515
v -2.041522 3.364340 0.069834
v -2.041015 3.364340 0.071133
v -2.040476 3.364340 0.072411
v -2.036802 3.364340 0.079877
v -2.032471 3.364340 0.087046
v -2.027527 3.364340 0.093864
v -2.022018 3.364340 0.100281
v -2.015987 3.364340 0.106244
v -2.009481 3.364340 0.111701
v -1.995222 3.364340 0.120889
v -2.075407 3.258090 -0.054901
v -2.037944 3.328923 0.051777
v -2.045338 3.328923 0.045685
v -2.052272 3.328923 0.039103
v -2.058701 3.328923 0.032081
v -2.064582 3.328923 0.024671
v -2.069872 3.328923 0.016922
v -2.074525 3.328923 0.008885
v -2.075223 3.328923 0.007504
v -2.075874 3.328923 0.006087
v -2.076476 3.328923 0.004636
v -2.077028 3.328923 0.003156
v -2.077527 3.328923 0.001649
v -2.077972 3.328923 0.000120
v -2.078359 3.328923 -0.001429
v -2.078687 3.328923 -0.002993
v -2.078954 3.328923 -0.004568
v -2.079159 3.328923 -0.006149
v -2.079385 3.328923 -0.009314
v -2.079150 3.328923 -0.015551
v -2.078075 3.328923 -0.021459
v -2.076295 3.328923 -0.026813
v -2.074053 3.328923 -0.031522
v -2.072834 3.328923 -0.033624
v -2.071592 3.328923 -0.035553
v -2.059262 3.328923 -0.049541
v -2.042656 3.328923 -0.061366
v -2.022488 3.328923 -0.069983
v -1.922567 3.328923 -0.100665
v -1.822647 3.328923 -0.131347
v -1.821800 3.258090 -0.213117
v -1.945358 3.258090 -0.201197
v -2.068916 3.258090 -0.189278
v -2.094323 3.258090 -0.184867
v -2.116405 3.258090 -0.177464
v -2.134496 3.258090 -0.168040
v -2.136517 3.258090 -0.166608
v -2.138570 3.258090 -0.164843
v -2.142528 3.258090 -0.160338
v -2.145884 3.258090 -0.154565
v -2.148158 3.258090 -0.147686
v -2.149076 3.258090 -0.140133
v -2.148969 3.258090 -0.136248
v -2.148763 3.258090 -0.134304
v -2.148452 3.258090 -0.132369
v -2.148038 3.258090 -0.130452
v -2.147525 3.258090 -0.128562
v -2.146919 3.258090 -0.126705
v -2.146223 3.258090 -0.124889
v -2.145441 3.258090 -0.123121
v -2.144578 3.258090 -0.121406
v -2.143637 3.258090 -0.119753
v -2.142622 3.258090 -0.118167
v -2.136011 3.258090 -0.108988
v -2.128806 3.258090 -0.100079
v -2.121049 3.258090 -0.091485
v -2.112780 3.258090 -0.083254
v -2.104040 3.258090 -0.075434
v -2.094871 3.258090 -0.068070
v -1.818977 3.021979 -0.485683
v -2.021326 3.021979 -0.536306
v -2.223676 3.021979 -0.586928
v -2.266545 3.021979 -0.596540
v -2.306882 3.021979 -0.603872
v -2.344177 3.021979 -0.609664
v -2.348793 3.021979 -0.609889
v -2.353626 3.021979 -0.609250
v -2.363303 3.021979 -0.605420
v -2.371917 3.021979 -0.598252
v -2.378186 3.021979 -0.588138
v -2.381381 3.021979 -0.576195
v -2.381669 3.021979 -0.569913
v -2.381458 3.021979 -0.566759
v -2.380999 3.021979 -0.563622
v -2.380300 3.021979 -0.560529
v -2.379372 3.021979 -0.557500
v -2.378226 3.021979 -0.554553
v -2.376874 3.021979 -0.551707
v -2.375326 3.021979 -0.548978
v -2.373592 3.021979 -0.546384
v -2.371684 3.021979 -0.543943
v -2.369612 3.021979 -0.541673
v -2.356474 3.021979 -0.528689
v -2.342884 3.021979 -0.515910
v -2.328873 3.021979 -0.503372
v -2.314472 3.021979 -0.491111
v -2.299713 3.021979 -0.479162
v -2.284626 3.021979 -0.467561
v -1.815872 2.762257 -0.785506
v -2.104892 2.762257 -0.904924
v -2.393911 2.762257 -1.024343
v -2.455990 2.762257 -1.049380
v -2.516406 2.762257 -1.072920
v -2.574826 2.762257 -1.095451
v -2.582296 2.762257 -1.097497
v -2.590189 2.762257 -1.098096
v -2.606156 2.762257 -1.095010
v -2.620552 2.762257 -1.086307
v -2.631216 2.762257 -1.072635
v -2.636917 2.762257 -1.055863
v -2.637639 2.762257 -1.046943
v -2.637422 2.762257 -1.042459
v -2.636802 2.762257 -1.038001
v -2.635788 2.762257 -1.033614
v -2.634403 2.762257 -1.029332
v -2.632664 2.762257 -1.025186
v -2.630590 2.762257 -1.021206
v -2.628199 2.762257 -1.017420
v -2.625508 2.762257 -1.013859
v -2.622536 2.762257 -1.010552
v -2.619302 2.762257 -1.007529
v -2.598985 2.762257 -0.990360
v -2.578371 2.762257 -0.973325
v -2.557480 2.762257 -0.956449
v -2.536334 2.762257 -0.939754
v -2.514953 2.762257 -0.923264
v -2.493357 2.762257 -0.907002
v -2.127682 2.691423 -1.005457
v -2.440339 2.691423 -1.143638
v -2.507656 2.691423 -1.172882
v -2.573549 2.691423 -1.200843
v -2.637731 2.691423 -1.227938
v -2.645979 2.691423 -1.230482
v -2.654706 2.691423 -1.231418
v -2.672389 2.691423 -1.228535
v -2.688362 2.691423 -1.219413
v -2.700225 2.691423 -1.204771
v -2.706608 2.691423 -1.186682
v -2.707449 2.691423 -1.177042
v -2.707230 2.691423 -1.172195
v -2.706566 2.691423 -1.167378
v -2.705466 2.691423 -1.162637
v -2.703956 2.691423 -1.158014
v -2.702056 2.691423 -1.153541
v -2.699785 2.691423 -1.149251
v -2.697164 2.691423 -1.145177
v -2.694212 2.691423 -1.141352
v -2.690951 2.691423 -1.137809
v -2.687399 2.691423 -1.134581
v -2.665124 2.691423 -1.116270
v -2.642594 2.691423 -1.098075
v -2.619828 2.691423 -1.080015
v -2.596842 2.691423 -1.062111
v -2.573655 2.691423 -1.044382
v -2.550284 2.691423 -1.026849
v -2.503058 2.691423 -0.992452
v -2.203651 2.455312 -1.340565
v -2.595099 2.455312 -1.541288
v -2.679879 2.455312 -1.584554
v -2.764025 2.455312 -1.627251
v -2.847412 2.455312 -1.669562
v -2.858254 2.455312 -1.673762
v -2.869762 2.455312 -1.675824
v -2.893164 2.455312 -1.673617
v -2.914395 2.455312 -1.663100
v -2.930252 2.455312 -1.645223
v -2.938913 2.455312 -1.622744
v -2.940149 2.455312 -1.610706
v -2.939925 2.455312 -1.604650
v -2.939114 2.455312 -1.598631
v -2.937729 2.455312 -1.592714
v -2.935803 2.455312 -1.586952
v -2.933363 2.455312 -1.581389
v -2.930436 2.455312 -1.576068
v -2.927048 2.455312 -1.571034
v -2.923227 2.455312 -1.566330
v -2.918998 2.455312 -1.561999
v -2.914389 2.455312 -1.558086
v -2.885587 2.455312 -1.535971
v -2.856673 2.455312 -1.513906
v -2.827653 2.455312 -1.491902
v -2.798535 2.455312 -1.469967
v -2.769328 2.455312 -1.448111
v -2.740039 2.455312 -1.426341
v -1.919111 1.133090 -2.510108
v -2.242561 1.133090 -2.855602
v -2.253126 1.133090 -2.864901
v -2.265245 1.133090 -2.872068
v -2.278472 1.133090 -2.876897
v -2.292359 1.133090 -2.879180
v -2.306403 1.133090 -2.878714
v -2.320087 1.133090 -2.875560
v -2.332990 1.133090 -2.869958
v -2.344693 1.133090 -2.862147
v -2.354777 1.133090 -2.852367
v -2.362822 1.133090 -2.840857
v -2.368421 1.133090 -2.827966
v -2.371440 1.133090 -2.814248
v -2.371910 1.133090 -2.800187
v -2.369865 1.133090 -2.786266
v -2.365336 1.133090 -2.772967
v -2.358357 1.133090 -2.760773
v -2.161692 1.133090 -2.485239
v -1.660188 1.984182 -1.470732
v -2.055880 1.984182 -1.731484
v -2.451573 1.984182 -1.992235
v -2.847266 1.984182 -2.252987
v -2.859711 1.984182 -2.259508
v -2.873169 1.984182 -2.263538
v -2.887157 1.984182 -2.265063
v -2.901190 1.984182 -2.264070
v -2.914786 1.984182 -2.260542
v -2.927460 1.984182 -2.254467
v -2.938662 1.984182 -2.245999
v -2.948059 1.984182 -2.235558
v -2.955429 1.984182 -2.223573
v -2.960546 1.984182 -2.210470
v -2.963188 1.984182 -2.196679
v -2.963132 1.984182 -2.182628
v -2.960333 1.984182 -2.168835
v -2.955016 1.984182 -2.155797
v -2.947402 1.984182 -2.143954
v -2.937716 1.984182 -2.133742
v -2.579926 1.984182 -1.822952
v -2.222136 1.984182 -1.512162
v -1.864346 1.984182 -1.201371
v -1.410540 1.417516 -1.711658
v -1.760725 1.417516 -2.030930
v -2.110909 1.417516 -2.350202
v -2.461094 1.417516 -2.669475
v -2.472370 1.417516 -2.677856
v -2.485035 1.417516 -2.683936
v -2.498614 1.417516 -2.687625
v -2.512631 1.417516 -2.688831
v -2.526610 1.417516 -2.687467
v -2.540076 1.417516 -2.683443
v -2.552461 1.417516 -2.676826
v -2.563372 1.417516 -2.667979
v -2.572521 1.417516 -2.657289
v -2.579620 1.417516 -2.645145
v -2.584380 1.417516 -2.631935
v -2.586516 1.417516 -2.618046
v -2.585902 1.417516 -2.603986
v -2.582683 1.417516 -2.590278
v -2.577010 1.417516 -2.577393
v -2.569035 1.417516 -2.565795
v -2.264093 1.417516 -2.203008
v -1.959151 1.417516 -1.840220
v -1.654209 1.417516 -1.477433
v -1.764301 1.699753 -1.344072
v -2.096588 1.699753 -1.682002
v -2.428875 1.699753 -2.019931
v -2.761161 1.699753 -2.357861
v -2.770016 1.699753 -2.368802
v -2.776675 1.699753 -2.381207
v -2.780953 1.699753 -2.394622
v -2.782660 1.699753 -2.408592
v -2.781613 1.699753 -2.422605
v -2.777896 1.699753 -2.436146
v -2.771765 1.699753 -2.448806
v -2.763477 1.699753 -2.460177
v -2.753289 1.699753 -2.469847
v -2.741456 1.699753 -2.477409
v -2.728345 1.699753 -2.482471
v -2.714514 1.699753 -2.484920
v -2.700445 1.699753 -2.484809
v -2.686620 1.699753 -2.482190
v -2.673520 1.699753 -2.477115
v -2.661625 1.699753 -2.469637
v -2.287623 1.699753 -2.178616
v -1.913621 1.699753 -1.887595
v -1.539620 1.699753 -1.596574
v -0.049555 -0.000243 -1.976303
v -0.058809 -0.000243 -1.987827
v -0.070144 -0.000243 -1.997320
v -0.083090 -0.000243 -2.004462
v -0.097177 -0.000243 -2.008930
v -0.106955 -0.000243 -2.010306
v -0.116828 -0.000243 -2.010385
v -0.126626 -0.000243 -2.009166
v -0.136180 -0.000243 -2.006671
v -0.149664 -0.000243 -2.000602
v -0.161703 -0.000243 -1.992007
v -0.171868 -0.000243 -1.981261
v -0.179729 -0.000243 -1.968737
v -0.172165 0.070590 -2.015822
v -0.300847 0.035173 -1.800569
v -0.662607 0.353923 -2.173897
v -0.544280 0.247673 -1.769542
v -0.665996 0.353923 -1.754028
v -1.193918 0.660868 -2.345144
v -1.017621 0.660868 -1.709211
v -1.643489 0.920590 -2.490046
v -1.396294 0.991423 -1.660947
v -0.271257 0.035173 -1.892723
v -0.241666 0.035173 -1.984877
v -0.233044 0.035173 -2.003560
v -0.220700 0.035173 -2.018966
v -0.205623 0.035173 -2.030237
v -0.203558 0.035173 -2.031336
v -0.201395 0.035173 -2.032394
v -0.196777 0.035173 -2.034325
v -0.191781 0.035173 -2.035903
v -0.186449 0.035173 -2.037002
v -0.180896 0.035173 -2.037541
v -0.178077 0.035173 -2.037581
v -0.176663 0.035173 -2.037540
v -0.175249 0.035173 -2.037458
v -0.173838 0.035173 -2.037335
v -0.172432 0.035173 -2.037171
v -0.171033 0.035173 -2.036968
v -0.169643 0.035173 -2.036726
v -0.168265 0.035173 -2.036446
v -0.166901 0.035173 -2.036129
v -0.165552 0.035173 -2.035777
v -0.164221 0.035173 -2.035389
v -0.156384 0.035173 -2.032603
v -0.148767 0.035173 -2.029130
v -0.141426 0.035173 -2.025010
v -0.134419 0.035173 -2.020282
v -0.127802 0.035173 -2.014984
v -0.121632 0.035173 -2.009156
v -0.110860 0.035173 -1.996063
v -0.294776 0.141423 -2.055341
v -0.184454 0.070590 -2.030485
v -0.191358 0.070590 -2.037121
v -0.198694 0.070590 -2.043244
v -0.206407 0.070590 -2.048816
v -0.214444 0.070590 -2.053799
v -0.222747 0.070590 -2.058155
v -0.231264 0.070590 -2.061847
v -0.232716 0.070590 -2.062381
v -0.234199 0.070590 -2.062864
v -0.235709 0.070590 -2.063295
v -0.237244 0.070590 -2.063672
v -0.238798 0.070590 -2.063994
v -0.240368 0.070590 -2.064259
v -0.241951 0.070590 -2.064465
v -0.243543 0.070590 -2.064611
v -0.245138 0.070590 -2.064694
v -0.246732 0.070590 -2.064714
v -0.249903 0.070590 -2.064574
v -0.256070 0.070590 -2.063620
v -0.261815 0.070590 -2.061870
v -0.266927 0.070590 -2.059484
v -0.271346 0.070590 -2.056713
v -0.273293 0.070590 -2.055260
v -0.275066 0.070590 -2.053803
v -0.287542 0.070590 -2.039932
v -0.297373 0.070590 -2.022060
v -0.303602 0.070590 -2.001018
v -0.322511 0.070590 -1.898208
v -0.341419 0.070590 -1.795398
v -0.422564 0.141423 -1.785055
v -0.425019 0.141423 -1.909177
v -0.427475 0.141423 -2.033300
v -0.426031 0.141423 -2.059062
v -0.421226 0.141423 -2.081865
v -0.413952 0.141423 -2.100934
v -0.412763 0.141423 -2.103107
v -0.411247 0.141423 -2.105350
v -0.407228 0.141423 -2.109801
v -0.401882 0.141423 -2.113802
v -0.395311 0.141423 -2.116855
v -0.387915 0.141423 -2.118639
v -0.384044 0.141423 -2.118981
v -0.382089 0.141423 -2.119001
v -0.380130 0.141423 -2.118915
v -0.378178 0.141423 -2.118725
v -0.376242 0.141423 -2.118435
v -0.374328 0.141423 -2.118047
v -0.372444 0.141423 -2.117565
v -0.370597 0.141423 -2.116993
v -0.368794 0.141423 -2.116333
v -0.367043 0.141423 -2.115589
v -0.365350 0.141423 -2.114764
v -0.355475 0.141423 -2.109260
v -0.345797 0.141423 -2.103136
v -0.336370 0.141423 -2.096427
v -0.327243 0.141423 -2.089168
v -0.318470 0.141423 -2.081395
v -0.310099 0.141423 -2.073142
v -0.503708 0.212257 -1.774713
v -0.527528 0.212257 -1.920147
v -0.551347 0.212257 -2.065581
v -0.554689 0.212257 -2.096063
v -0.554910 0.212257 -2.123798
v -0.552838 0.212257 -2.148065
v -0.552232 0.212257 -2.150954
v -0.551148 0.212257 -2.153987
v -0.547529 0.212257 -2.160119
v -0.541949 0.212257 -2.165735
v -0.534553 0.212257 -2.170090
v -0.525927 0.212257 -2.172705
v -0.521355 0.212257 -2.173247
v -0.519040 0.212257 -2.173308
v -0.516718 0.212257 -2.173220
v -0.514406 0.212257 -2.172985
v -0.512115 0.212257 -2.172611
v -0.509858 0.212257 -2.172100
v -0.507644 0.212257 -2.171458
v -0.505484 0.212257 -2.170691
v -0.503389 0.212257 -2.169802
v -0.501370 0.212257 -2.168798
v -0.499437 0.212257 -2.167681
v -0.488202 0.212257 -2.160365
v -0.477151 0.212257 -2.152473
v -0.466332 0.212257 -2.144037
v -0.455793 0.212257 -2.135092
v -0.445581 0.212257 -2.125669
v -0.435744 0.212257 -2.115800
v -0.417386 0.212257 -2.094859
v -0.732545 0.353923 -1.942086
v -0.799093 0.353923 -2.130144
v -0.812006 0.353923 -2.170067
v -0.822278 0.353923 -2.207665
v -0.830610 0.353923 -2.242328
v -0.831171 0.353923 -2.246648
v -0.830951 0.353923 -2.251260
v -0.828131 0.353923 -2.260754
v -0.822083 0.353923 -2.269600
v -0.813036 0.353923 -2.276560
v -0.801952 0.353923 -2.280837
v -0.795978 0.353923 -2.281781
v -0.792941 0.353923 -2.281921
v -0.789894 0.353923 -2.281829
v -0.786860 0.353923 -2.281506
v -0.783863 0.353923 -2.280962
v -0.780918 0.353923 -2.280206
v -0.778044 0.353923 -2.279245
v -0.775259 0.353923 -2.278087
v -0.772579 0.353923 -2.276741
v -0.770024 0.353923 -2.275214
v -0.767610 0.353923 -2.273515
v -0.753656 0.353923 -2.262574
v -0.739859 0.353923 -2.251146
v -0.726258 0.353923 -2.239259
v -0.712893 0.353923 -2.226940
v -0.699805 0.353923 -2.214216
v -0.687035 0.353923 -2.201116
v -0.785217 0.424757 -2.213416
v -0.539996 0.283090 -2.134378
v -0.561390 0.283090 -2.158458
v -0.572693 0.283090 -2.169942
v -0.584343 0.283090 -2.181016
v -0.596295 0.283090 -2.191648
v -0.608505 0.283090 -2.201809
v -0.620929 0.283090 -2.211470
v -0.633523 0.283090 -2.220598
v -0.635697 0.283090 -2.222006
v -0.637984 0.283090 -2.223272
v -0.640371 0.283090 -2.224389
v -0.642844 0.283090 -2.225351
v -0.645388 0.283090 -2.226153
v -0.647989 0.283090 -2.226786
v -0.650633 0.283090 -2.227246
v -0.653306 0.283090 -2.227525
v -0.655990 0.283090 -2.227615
v -0.658666 0.283090 -2.227514
v -0.663939 0.283090 -2.226771
v -0.673794 0.283090 -2.223325
v -0.682016 0.283090 -2.217667
v -0.687830 0.283090 -2.210437
v -0.691049 0.283090 -2.202623
v -0.691702 0.283090 -2.198801
v -0.691724 0.283090 -2.195197
v -0.688594 0.283090 -2.165732
v -0.683348 0.283090 -2.133065
v -0.675220 0.283090 -2.097862
v -0.630036 0.283090 -1.931116
v -0.584852 0.283090 -1.764371
v -0.828285 0.495590 -1.733343
v -0.937562 0.495590 -1.964025
v -1.046838 0.495590 -2.194706
v -1.069322 0.495590 -2.244070
v -1.089646 0.495590 -2.291531
v -1.108382 0.495590 -2.336591
v -1.110110 0.495590 -2.342343
v -1.110753 0.495590 -2.348534
v -1.108732 0.495590 -2.361390
v -1.102217 0.495590 -2.373465
v -1.091519 0.495590 -2.383031
v -1.077976 0.495590 -2.388968
v -1.070601 0.495590 -2.390314
v -1.066843 0.495590 -2.390535
v -1.063069 0.495590 -2.390438
v -1.059315 0.495590 -2.390027
v -1.055610 0.495590 -2.389314
v -1.051978 0.495590 -2.388312
v -1.048444 0.495590 -2.387031
v -1.045033 0.495590 -2.385483
v -1.041770 0.495590 -2.383679
v -1.038678 0.495590 -2.381631
v -1.035783 0.495590 -2.379349
v -1.019111 0.495590 -2.364784
v -1.002566 0.495590 -2.349820
v -0.986183 0.495590 -2.334480
v -0.969992 0.495590 -2.318787
v -0.954029 0.495590 -2.302764
v -0.938325 0.495590 -2.286432
v -0.907827 0.495590 -2.252934
v -0.812680 0.424757 -2.243774
v -0.826917 0.424757 -2.258490
v -0.841443 0.424757 -2.272863
v -0.856220 0.424757 -2.286870
v -0.871213 0.424757 -2.300483
v -0.886383 0.424757 -2.313679
v -0.901696 0.424757 -2.326432
v -0.904351 0.424757 -2.328422
v -0.907174 0.424757 -2.330210
v -0.910146 0.424757 -2.331785
v -0.913244 0.424757 -2.333138
v -0.916448 0.424757 -2.334259
v -0.919736 0.424757 -2.335138
v -0.923088 0.424757 -2.335766
v -0.926482 0.424757 -2.336134
v -0.929892 0.424757 -2.336228
v -0.933289 0.424757 -2.336047
v -0.939964 0.424757 -2.334902
v -0.952278 0.424757 -2.329796
v -0.962150 0.424757 -2.321532
v -0.968431 0.424757 -2.311072
v -0.970852 0.424757 -2.299897
v -0.970641 0.424757 -2.294495
v -0.969496 0.424757 -2.289459
v -0.955962 0.424757 -2.249598
v -0.940664 0.424757 -2.207068
v -0.922965 0.424757 -2.162425
v -0.835053 0.424757 -1.953055
v -0.747141 0.424757 -1.743686
v -1.234006 0.849757 -1.681631
v -1.450104 0.849757 -2.018872
v -1.666201 0.849757 -2.356113
v -1.712614 0.849757 -2.429077
v -1.758066 0.849757 -2.501196
v -1.802813 0.849757 -2.572248
v -1.807458 0.849757 -2.581578
v -1.810260 0.849757 -2.591718
v -1.810236 0.849757 -2.612978
v -1.802553 0.849757 -2.633127
v -1.787727 0.849757 -2.649206
v -1.768038 0.849757 -2.659297
v -1.757158 0.849757 -2.661647
v -1.751597 0.849757 -2.662070
v -1.746008 0.849757 -2.661962
v -1.740451 0.849757 -2.661328
v -1.734977 0.849757 -2.660193
v -1.729628 0.849757 -2.658576
v -1.724445 0.849757 -2.656496
v -1.719470 0.849757 -2.653973
v -1.714745 0.849757 -2.651025
v -1.710313 0.849757 -2.647672
v -1.706215 0.849757 -2.643934
v -1.682747 0.849757 -2.620308
v -1.659335 0.849757 -2.596505
v -1.635995 0.849757 -2.572534
v -1.612741 0.849757 -2.548407
v -1.589588 0.849757 -2.524132
v -1.566550 0.849757 -2.499721
v -1.520879 0.849757 -2.450528
v -1.357399 0.755312 -2.397836
v -1.399023 0.755312 -2.442844
v -1.420106 0.755312 -2.465101
v -1.441342 0.755312 -2.487175
v -1.462712 0.755312 -2.509053
v -1.484197 0.755312 -2.530722
v -1.505777 0.755312 -2.552168
v -1.527433 0.755312 -2.573378
v -1.531210 0.755312 -2.576728
v -1.535285 0.755312 -2.579733
v -1.539620 0.755312 -2.582375
v -1.544178 0.755312 -2.584639
v -1.548921 0.755312 -2.586506
v -1.553813 0.755312 -2.587959
v -1.558815 0.755312 -2.588981
v -1.563891 0.755312 -2.589556
v -1.568996 0.755312 -2.589661
v -1.574076 0.755312 -2.589292
v -1.584021 0.755312 -2.587209
v -1.602071 0.755312 -2.578226
v -1.615797 0.755312 -2.563884
v -1.623169 0.755312 -2.545888
v -1.623725 0.755312 -2.526869
v -1.621499 0.755312 -2.517782
v -1.617631 0.755312 -2.509406
v -1.579821 0.755312 -2.445285
v -1.541070 0.755312 -2.379742
v -1.501038 0.755312 -2.313072
v -1.313426 0.755312 -2.004246
v -1.125814 0.755312 -1.695421
v -1.888710 1.062257 -2.569084
v -1.943485 1.062257 -2.627695
v -1.970924 1.062257 -2.656954
v -1.998391 1.062257 -2.686178
v -2.025883 1.062257 -2.715367
v -2.053397 1.062257 -2.744515
v -2.080928 1.062257 -2.773622
v -2.108474 1.062257 -2.802685
v -2.113294 1.062257 -2.807297
v -2.118531 1.062257 -2.811432
v -2.124132 1.062257 -2.815066
v -2.130045 1.062257 -2.818175
v -2.136218 1.062257 -2.820735
v -2.142598 1.062257 -2.822721
v -2.149133 1.062257 -2.824109
v -2.155772 1.062257 -2.824876
v -2.162449 1.062257 -2.824991
v -2.169092 1.062257 -2.824447
v -2.182074 1.062257 -2.821494
v -2.205451 1.062257 -2.808912
v -2.222754 1.062257 -2.788925
v -2.231139 1.062257 -2.763931
v -2.229964 1.062257 -2.737629
v -2.225867 1.062257 -2.725120
v -2.219471 1.062257 -2.713642
v -2.159118 1.062257 -2.626995
v -2.098589 1.062257 -2.540082
v -2.037819 1.062257 -2.452958
v -1.757629 1.062257 -2.051781
v -1.477439 1.062257 -1.650604
v -0.909429 0.566423 -1.723001
v -1.040070 0.566423 -1.974994
v -1.170711 0.566423 -2.226988
v -1.197981 0.566423 -2.281071
v -1.223330 0.566423 -2.333464
v -1.247268 0.566423 -2.383722
v -1.249580 0.566423 -2.390190
v -1.250655 0.566423 -2.397171
v -1.249033 0.566423 -2.411707
v -1.242285 0.566423 -2.425397
v -1.230761 0.566423 -2.436266
v -1.215988 0.566423 -2.443034
v -1.207912 0.566423 -2.444581
v -1.203794 0.566423 -2.444842
v -1.199657 0.566423 -2.444743
v -1.195542 0.566423 -2.444287
v -1.191483 0.566423 -2.443490
v -1.187508 0.566423 -2.442364
v -1.183644 0.566423 -2.440924
v -1.179921 0.566423 -2.439181
v -1.176365 0.566423 -2.437148
v -1.173005 0.566423 -2.434839
v -1.169869 0.566423 -2.432266
v -1.151838 0.566423 -2.415889
v -1.133920 0.566423 -2.399157
v -1.116145 0.566423 -2.382091
v -1.098542 0.566423 -2.364711
v -1.081141 0.566423 -2.347037
v -1.063970 0.566423 -2.329090
v -1.030438 0.566423 -2.292453
v -0.478691 0.247673 -2.114619
v -0.498567 0.247673 -2.137129
v -0.509137 0.247673 -2.147805
v -0.520068 0.247673 -2.158054
v -0.531314 0.247673 -2.167843
v -0.542828 0.247673 -2.177141
v -0.554565 0.247673 -2.185917
v -0.566480 0.247673 -2.194140
v -0.568533 0.247673 -2.195402
v -0.570686 0.247673 -2.196537
v -0.572928 0.247673 -2.197540
v -0.575244 0.247673 -2.198405
v -0.577623 0.247673 -2.199126
v -0.580052 0.247673 -2.199698
v -0.582519 0.247673 -2.200116
v -0.585012 0.247673 -2.200372
v -0.587515 0.247673 -2.200461
v -0.590011 0.247673 -2.200381
v -0.594933 0.247673 -2.199738
v -0.604174 0.247673 -2.196708
v -0.611982 0.247673 -2.191701
v -0.617679 0.247673 -2.185278
v -0.621099 0.247673 -2.178305
v -0.621967 0.247673 -2.174878
v -0.622281 0.247673 -2.171631
v -0.621752 0.247673 -2.144765
v -0.619018 0.247673 -2.114564
v -0.613284 0.247673 -2.081722
v -0.578782 0.247673 -1.925632
v -1.766100 0.991423 -2.529565
v -1.817840 0.991423 -2.585037
v -1.843812 0.991423 -2.612680
v -1.869841 0.991423 -2.640255
v -1.895921 0.991423 -2.667756
v -1.922043 0.991423 -2.695178
v -1.948201 0.991423 -2.722518
v -1.974388 0.991423 -2.749768
v -1.978967 0.991423 -2.754089
v -1.983936 0.991423 -2.757963
v -1.989245 0.991423 -2.761368
v -1.994845 0.991423 -2.764282
v -2.000688 0.991423 -2.766682
v -2.006724 0.991423 -2.768545
v -2.012906 0.991423 -2.769849
v -2.019184 0.991423 -2.770571
v -2.025498 0.991423 -2.770684
v -2.031780 0.991423 -2.770180
v -2.044062 0.991423 -2.767428
v -2.066210 0.991423 -2.755677
v -2.082687 0.991423 -2.736992
v -2.090838 0.991423 -2.713613
v -2.090063 0.991423 -2.688992
v -2.086397 0.991423 -2.677273
v -2.080585 0.991423 -2.666510
v -2.025434 0.991423 -2.585062
v -1.969930 0.991423 -2.503081
v -1.913947 0.991423 -2.420676
v -1.655121 0.991423 -2.040811
v -1.315150 0.920590 -1.671289
v -1.692195 0.920590 -2.542379
v -1.716700 0.920590 -2.568406
v -1.741291 0.920590 -2.594331
v -1.765958 0.920590 -2.620145
v -1.790689 0.920590 -2.645842
v -1.815474 0.920590 -2.671413
v -1.840301 0.920590 -2.696851
v -1.844640 0.920590 -2.700881
v -1.849341 0.920590 -2.704494
v -1.854357 0.920590 -2.707671
v -1.859645 0.920590 -2.710389
v -1.865158 0.920590 -2.712629
v -1.870851 0.920590 -2.714369
v -1.876679 0.920590 -2.715589
v -1.882596 0.920590 -2.716266
v -1.888547 0.920590 -2.716377
v -1.894469 0.920590 -2.715914
v -1.906050 0.920590 -2.713363
v -1.926968 0.920590 -2.702442
v -1.942620 0.920590 -2.685060
v -1.950537 0.920590 -2.663295
v -1.950161 0.920590 -2.640355
v -1.946928 0.920590 -2.629426
v -1.941699 0.920590 -2.619379
v -1.891750 0.920590 -2.543129
v -1.841272 0.920590 -2.466079
v -1.790074 0.920590 -2.388395
v -1.552612 0.920590 -2.029842
v -1.231497 0.660868 -2.385967
v -1.250623 0.660868 -2.406069
v -1.269942 0.660868 -2.425943
v -1.289429 0.660868 -2.445572
v -1.309059 0.660868 -2.464940
v -1.328808 0.660868 -2.484029
v -1.348651 0.660868 -2.502822
v -1.352108 0.660868 -2.505783
v -1.355825 0.660868 -2.508440
v -1.359770 0.660868 -2.510778
v -1.363911 0.660868 -2.512781
v -1.368214 0.660868 -2.514435
v -1.372648 0.660868 -2.515724
v -1.377179 0.660868 -2.516634
v -1.381774 0.660868 -2.517149
v -1.386395 0.660868 -2.517251
v -1.390994 0.660868 -2.516936
v -1.400005 0.660868 -2.515121
v -1.416416 0.660868 -2.507246
v -1.429041 0.660868 -2.494641
v -1.436101 0.660868 -2.478797
v -1.437190 0.660868 -2.462020
v -1.435539 0.660868 -2.453986
v -1.432450 0.660868 -2.446564
v -1.401575 0.660868 -2.389375
v -1.369525 0.660868 -2.330407
v -1.335874 0.660868 -2.270030
v -1.176748 0.660868 -1.989620
v -1.397641 -0.000243 0.080997
v -1.378703 -0.000243 -0.243511
v -1.285438 -0.000243 -0.554904
v -1.122875 -0.000243 -0.836396
v -0.899778 -0.000243 -1.072810
v -0.628174 -0.000243 -1.251402
v -0.322704 -0.000243 -1.362544
v 0.000163 -0.000243 -1.400243
v 0.323020 -0.000243 -1.362469
v 0.628464 -0.000243 -1.251256
v 0.900027 -0.000243 -1.072601
v 1.123070 -0.000243 -0.836135
v 1.285567 -0.000243 -0.554606
v 1.378759 -0.000243 -0.243191
v 1.397622 -0.000243 0.081322
v 1.341139 -0.000243 0.401437
v 1.212354 -0.000243 0.699898
v 1.018212 -0.000243 0.960613
v 0.769177 -0.000243 1.169529
v 0.478675 -0.000243 1.315382
v 0.162369 -0.000243 1.390309
v -0.162692 -0.000243 1.390272
v -0.478981 -0.000243 1.315271
v -0.769448 -0.000243 1.169350
v -1.018435 -0.000243 0.960377
v -1.212517 -0.000243 0.699616
v -1.341232 -0.000243 0.401126
vt -0.265630 0.071175 0.000000
vt -1.390534 0.162530 0.000000
vt -0.275000 0.000000 0.000000
vt -1.390534 -0.162530 0.000000
vt -0.265630 -0.071175 0.000000
vt -1.315570 -0.478828 0.000000
vt -0.238157 -0.137500 0.000000
vt -1.169683 -0.769313 0.000000
vt -0.194454 -0.194454 0.000000
vt -0.960738 -1.018323 0.000000
vt -0.137500 -0.238157 0.000000
vt -0.700000 -1.212436 0.000000
vt -0.401525 -1.341185 0.000000
vt -1.315570 0.478828 0.000000
vt -0.238157 0.137500 0.000000
vt -1.169683 0.769313 0.000000
vt -0.194454 0.194454 0.000000
vt -0.960738 1.018323 0.000000
vt -0.137500 0.238157 0.000000
vt -0.700000 1.212436 0.000000
vt -0.401525 1.341185 0.000000
vt -0.071175 0.265630 0.000000
vt -0.081403 1.397631 0.000000
vt 0.000000 0.275000 0.000000
vt 0.243107 1.378731 0.000000
vt 0.071175 0.265630 0.000000
vt 0.554512 1.285503 0.000000
vt 0.137500 0.238157 0.000000
vt 0.836022 1.122972 0.000000
vt 0.194454 0.194454 0.000000
vt 1.072462 0.899903 0.000000
vt 0.238157 0.137500 0.000000
vt 1.251086 0.628319 0.000000
vt 0.265630 0.071175 0.000000
vt 1.362263 0.322862 0.000000
vt 0.275000 0.000000 0.000000
vt 1.400000 -0.000000 0.000000
vt 1.362263 -0.322862 0.000000
vt 0.265630 -0.071175 0.000000
vt 1.251086 -0.628319 0.000000
vt 0.238157 -0.137500 0.000000
vt 1.072462 -0.899903 0.000000
vt 0.194454 -0.194454 0.000000
vt 0.836022 -1.122972 0.000000
vt 0.137500 -0.238157 0.000000
vt 0.554512 -1.285503 0.000000
vt 0.071175 -0.265630 0.000000
vt 0.243107 -1.378731 0.000000
vt 0.000000 -0.275000 0.000000
vt -0.081403 -1.397631 0.000000
vt -0.071175 -0.265630 0.000000
vt 1.000000 -0.791943 0.000000
vt 0.000000 -0.791943 0.000000
vt 1.000000 -0.863938 0.000000
vt 0.000000 -0.863938 0.000000
vt 1.000000 0.863938 0.000000
vt 0.000000 0.863938 0.000000
vt 1.000000 0.791943 0.000000
vt 0.000000 0.791943 0.000000
vt 1.000000 0.719948 0.000000
vt 0.000000 0.719948 0.000000
vt 1.000000 0.647953 0.000000
vt 0.000000 0.647953 0.000000
vt 1.000000 0.575959 0.000000
vt 0.000000 0.575959 0.000000
vt 1.000000 0.503964 0.000000
vt 0.000000 0.503964 0.000000
vt 1.000000 0.431969 0.000000
vt 0.000000 0.431969 0.000000
vt 1.000000 0.359974 0.000000
vt 0.000000 0.359974 0.000000
vt 1.000000 0.287979 0.000000
vt 0.000000 0.287979 0.000000
vt 1.000000 0.215984 0.000000
vt 0.000000 0.215984 0.000000
vt 1.000000 0.143990 0.000000
vt 0.000000 0.143990 0.000000
vt 1.000000 0.071995 0.000000
vt 0.000000 0.071995 0.000000
vt 1.000000 0.000000 0.000000
vt 0.000000 0.000000 0.000000
vt 1.000000 -0.071995 0.000000
vt -0.000000 -0.071995 0.000000
vt 1.000000 -0.143990 0.000000
vt -0.000000 -0.143990 0.000000
vt 1.000000 -0.215984 0.000000
vt -0.000000 -0.215984 0.000000
vt 1.000000 -0.287979 0.000000
vt -0.000000 -0.287979 0.000000
vt 1.000000 -0.359974 0.000000
vt -0.000000 -0.359974 0.000000
vt 1.000000 -0.431969 0.000000
vt -0.000000 -0.431969 0.000000
vt 1.000000 -0.503964 0.000000
vt 0.000000 -0.503964 0.000000
vt 1.000000 -0.575959 0.000000
vt 0.000000 -0.575959 0.000000
vt 1.000000 -0.647953 0.000000
vt 0.000000 -0.647953 0.000000
vt 1.000000 -0.719948 0.000000
vt 0.000000 -0.719948 0.000000
vt -0.813530 0.000000 0.000000
vt -0.000000 0.000000 0.000000
vt -0.892435 0.220071 0.000000
vt -0.051172 0.697193 0.000000
vt -0.892435 0.440143 0.000000
vt -0.892435 0.660214 0.000000
vt -0.940936 0.660214 0.000000
vt -0.940936 0.825268 0.000000
vt -0.965187 0.825268 0.000000
vt -0.965187 0.990321 0.000000
vt -0.989438 0.990321 0.000000
vt -0.989438 1.155375 0.000000
vt -1.013689 1.155375 0.000000
vt -1.013689 1.320428 0.000000
vt -1.037939 1.320428 0.000000
vt -1.037939 1.540500 0.000000
vt -1.062190 1.540500 0.000000
vt -1.062190 1.760571 0.000000
vt -1.086441 1.760571 0.000000
vt -1.086441 1.980642 0.000000
vt -1.090483 1.980642 0.000000
vt -1.090483 2.145696 0.000000
vt -1.094524 2.145696 0.000000
vt -1.094524 2.310749 0.000000
vt -1.098566 2.310749 0.000000
vt -1.098566 2.475803 0.000000
vt -1.102608 2.475803 0.000000
vt -1.102608 2.558330 0.000000
vt -1.106650 2.558330 0.000000
vt -1.118775 2.640856 0.000000
vt -1.110691 2.558330 0.000000
vt -1.114733 2.558330 0.000000
vt -1.110691 2.475803 0.000000
vt -1.114733 2.475803 0.000000
vt -1.110691 2.310749 0.000000
vt -1.114733 2.310749 0.000000
vt -1.110691 2.145696 0.000000
vt -1.114733 2.145696 0.000000
vt -1.110691 1.980642 0.000000
vt -1.114733 1.980642 0.000000
vt -1.110691 1.760571 0.000000
vt -1.114733 1.760571 0.000000
vt -1.110691 1.540500 0.000000
vt -1.114733 1.540500 0.000000
vt -1.110691 1.320428 0.000000
vt -1.114733 1.320428 0.000000
vt -1.110691 1.155375 0.000000
vt -1.114733 1.155375 0.000000
vt -1.110691 0.990321 0.000000
vt -1.114733 0.990321 0.000000
vt -1.110691 0.825268 0.000000
vt -1.114733 0.825268 0.000000
vt -1.110691 0.660214 0.000000
vt -1.114733 0.660214 0.000000
vt -1.110691 0.440143 0.000000
vt -1.114733 0.440143 0.000000
vt -1.110691 0.220071 0.000000
vt -1.114733 0.220071 0.000000
vt -1.110691 0.000000 0.000000
vt -1.118775 0.000000 0.000000
vt -1.118775 0.220071 0.000000
vt -1.122817 0.220071 0.000000
vt -1.122817 0.440143 0.000000
vt -1.126858 0.440143 0.000000
vt -1.126858 0.660214 0.000000
vt -1.134942 0.660214 0.000000
vt -1.134942 0.825268 0.000000
vt -1.151109 0.825268 0.000000
vt -1.151109 0.990321 0.000000
vt -1.167276 0.990321 0.000000
vt -1.167276 1.155375 0.000000
vt -1.183443 1.155375 0.000000
vt -1.183443 1.320428 0.000000
vt -1.199610 1.320428 0.000000
vt -1.199610 1.540500 0.000000
vt -1.207693 1.540500 0.000000
vt -1.207693 1.760571 0.000000
vt -1.215777 1.760571 0.000000
vt -1.215777 1.980642 0.000000
vt -1.280413 1.980642 0.000000
vt -1.280413 2.145696 0.000000
vt -1.345049 2.145696 0.000000
vt -1.345049 2.310749 0.000000
vt -1.409686 2.310749 0.000000
vt -1.409686 2.475803 0.000000
vt -1.707164 2.475803 0.000000
vt -1.707164 2.558330 0.000000
vt -2.004642 2.558330 0.000000
vt -2.302120 2.640856 0.000000
vt -2.234642 2.446936 0.000000
vt -0.892435 0.825268 0.000000
vt -0.096335 1.375834 0.000000
vt -0.892435 0.990321 0.000000
vt -0.892435 1.155375 0.000000
vt -0.940936 1.155375 0.000000
vt -0.940936 1.320428 0.000000
vt -0.965187 1.320428 0.000000
vt -0.965187 1.540500 0.000000
vt -0.989438 1.540500 0.000000
vt -0.989438 1.760571 0.000000
vt -1.013689 1.760571 0.000000
vt -1.013689 1.980642 0.000000
vt -1.037939 1.980642 0.000000
vt -1.037939 2.145696 0.000000
vt -1.062190 2.145696 0.000000
vt -1.062190 2.310749 0.000000
vt -1.086441 2.310749 0.000000
vt -1.086441 2.475803 0.000000
vt -1.090483 2.475803 0.000000
vt -1.090483 2.558330 0.000000
vt -1.094524 2.558330 0.000000
vt -1.086441 2.640856 0.000000
vt -1.098566 2.558330 0.000000
vt -0.114321 2.027579 0.000000
vt -0.892435 1.540500 0.000000
vt -0.892435 1.320428 0.000000
vt -0.000000 2.640856 0.000000
vt -0.892435 2.475803 0.000000
vt -0.892435 2.310749 0.000000
vt -0.892435 2.145696 0.000000
vt -0.940936 2.310749 0.000000
vt -0.940936 2.145696 0.000000
vt -0.965187 2.310749 0.000000
vt -0.965187 2.145696 0.000000
vt -0.989438 2.310749 0.000000
vt -0.989438 2.145696 0.000000
vt -1.013689 2.310749 0.000000
vt -1.013689 2.145696 0.000000
vt -1.037939 2.310749 0.000000
vt -0.892435 2.558330 0.000000
vt -0.892435 2.640856 0.000000
vt -0.940936 2.640856 0.000000
vt -0.989438 2.640856 0.000000
vt -0.965187 2.558330 0.000000
vt -0.940936 2.558330 0.000000
vt -1.037939 2.640856 0.000000
vt -1.013689 2.558330 0.000000
vt -0.989438 2.558330 0.000000
vt -0.965187 2.475803 0.000000
vt -0.940936 2.475803 0.000000
vt -1.062190 2.558330 0.000000
vt -1.037939 2.558330 0.000000
vt -1.013689 2.475803 0.000000
vt -0.989438 2.475803 0.000000
vt -1.151109 2.640856 0.000000
vt -1.126858 2.558330 0.000000
vt -1.122817 2.558330 0.000000
vt -1.118775 2.558330 0.000000
vt -1.118775 2.475803 0.000000
vt -1.183443 2.640856 0.000000
vt -1.151109 2.558330 0.000000
vt -1.134942 2.558330 0.000000
vt -1.126858 2.475803 0.000000
vt -1.122817 2.475803 0.000000
vt -1.122817 2.310749 0.000000
vt -1.118775 2.310749 0.000000
vt -1.118775 2.145696 0.000000
vt -1.215777 2.640856 0.000000
vt -1.183443 2.558330 0.000000
vt -1.167276 2.558330 0.000000
vt -1.151109 2.475803 0.000000
vt -1.134942 2.475803 0.000000
vt -1.134942 2.310749 0.000000
vt -1.126858 2.310749 0.000000
vt -1.126858 2.145696 0.000000
vt -1.122817 2.145696 0.000000
vt -1.122817 1.980642 0.000000
vt -1.118775 1.980642 0.000000
vt -1.118775 1.760571 0.000000
vt -1.264254 2.640856 0.000000
vt -1.215777 2.558330 0.000000
vt -1.207693 2.558330 0.000000
vt -1.199610 2.558330 0.000000
vt -1.199610 2.475803 0.000000
vt -1.183443 2.475803 0.000000
vt -1.183443 2.310749 0.000000
vt -1.167276 2.310749 0.000000
vt -1.167276 2.145696 0.000000
vt -1.151109 2.145696 0.000000
vt -1.151109 1.980642 0.000000
vt -1.134942 1.980642 0.000000
vt -1.134942 1.760571 0.000000
vt -1.126858 1.760571 0.000000
vt -1.126858 1.540500 0.000000
vt -1.122817 1.540500 0.000000
vt -1.122817 1.320428 0.000000
vt -1.118775 1.320428 0.000000
vt -1.118775 1.155375 0.000000
vt -1.312731 2.640856 0.000000
vt -1.280413 2.558330 0.000000
vt -1.215777 2.475803 0.000000
vt -1.280413 2.475803 0.000000
vt -1.215777 2.310749 0.000000
vt -1.280413 2.310749 0.000000
vt -1.215777 2.145696 0.000000
vt -1.361208 2.640856 0.000000
vt -1.345049 2.558330 0.000000
vt -1.345049 2.475803 0.000000
vt -1.409686 2.640856 0.000000
vt -1.409686 2.558330 0.000000
vt -2.201895 2.219110 0.000000
vt -2.004642 2.310749 0.000000
vt -2.004642 2.475803 0.000000
vt -2.004642 2.145696 0.000000
vt -2.191710 1.940837 0.000000
vt -2.004642 1.980642 0.000000
vt -2.004642 1.760571 0.000000
vt -1.707164 1.760571 0.000000
vt -1.707164 1.540500 0.000000
vt -1.409686 1.540500 0.000000
vt -1.409686 1.320428 0.000000
vt -1.345049 1.320428 0.000000
vt -1.345049 1.155375 0.000000
vt -1.280413 1.155375 0.000000
vt -1.280413 0.990321 0.000000
vt -1.215777 0.990321 0.000000
vt -1.215777 0.825268 0.000000
vt -1.207693 0.825268 0.000000
vt -1.207693 0.660214 0.000000
vt -1.199610 0.660214 0.000000
vt -1.199610 0.440143 0.000000
vt -1.183443 0.440143 0.000000
vt -1.183443 0.220071 0.000000
vt -1.167276 0.220071 0.000000
vt -1.175359 0.000000 0.000000
vt -1.167276 0.000000 0.000000
vt -2.198620 1.608475 0.000000
vt -2.004642 1.540500 0.000000
vt -1.707164 1.320428 0.000000
vt -1.409686 1.155375 0.000000
vt -1.345049 0.990321 0.000000
vt -1.280413 0.825268 0.000000
vt -1.215777 0.660214 0.000000
vt -1.207693 0.440143 0.000000
vt -1.199610 0.220071 0.000000
vt -1.191526 0.000000 0.000000
vt -1.183443 0.000000 0.000000
vt -2.243807 0.816917 0.000000
vt -2.004642 1.155375 0.000000
vt -2.004642 1.320428 0.000000
vt -2.302120 0.000000 0.000000
vt -2.004642 0.440143 0.000000
vt -2.004642 0.660214 0.000000
vt -2.004642 0.825268 0.000000
vt -1.707164 0.660214 0.000000
vt -1.707164 0.825268 0.000000
vt -1.409686 0.660214 0.000000
vt -1.409686 0.825268 0.000000
vt -1.345049 0.660214 0.000000
vt -1.345049 0.825268 0.000000
vt -1.280413 0.660214 0.000000
vt -1.215777 0.000000 0.000000
vt -1.707164 0.220071 0.000000
vt -2.004642 0.220071 0.000000
vt -1.707164 0.440143 0.000000
vt -1.409686 0.220071 0.000000
vt -1.409686 0.440143 0.000000
vt -1.345049 0.220071 0.000000
vt -1.345049 0.440143 0.000000
vt -1.280413 0.220071 0.000000
vt -1.280413 0.440143 0.000000
vt -1.215777 0.220071 0.000000
vt -1.215777 0.440143 0.000000
vt -1.207693 0.220071 0.000000
vt -1.207693 0.000000 0.000000
vt -1.199610 0.000000 0.000000
vt -1.159192 0.000000 0.000000
vt -1.151109 0.220071 0.000000
vt -1.167276 0.440143 0.000000
vt -1.151109 0.440143 0.000000
vt -1.167276 0.660214 0.000000
vt -1.151109 0.660214 0.000000
vt -1.167276 0.825268 0.000000
vt -1.151109 0.000000 0.000000
vt -1.143025 0.000000 0.000000
vt -1.134942 0.220071 0.000000
vt -1.134942 0.000000 0.000000
vt -1.126858 0.000000 0.000000
vt -1.126858 0.220071 0.000000
vt -1.134942 0.440143 0.000000
vt -1.106650 0.220071 0.000000
vt -1.102608 0.000000 0.000000
vt -1.102608 0.220071 0.000000
vt -1.098566 0.220071 0.000000
vt -1.102608 0.440143 0.000000
vt -1.098566 0.440143 0.000000
vt -1.102608 0.660214 0.000000
vt -1.098566 0.660214 0.000000
vt -1.102608 0.825268 0.000000
vt -1.098566 0.825268 0.000000
vt -1.102608 0.990321 0.000000
vt -1.098566 0.990321 0.000000
vt -1.102608 1.155375 0.000000
vt -1.098566 1.155375 0.000000
vt -1.102608 1.320428 0.000000
vt -1.098566 1.320428 0.000000
vt -1.102608 1.540500 0.000000
vt -1.098566 1.540500 0.000000
vt -1.102608 1.760571 0.000000
vt -1.098566 1.760571 0.000000
vt -1.102608 1.980642 0.000000
vt -1.098566 1.980642 0.000000
vt -1.102608 2.145696 0.000000
vt -1.098566 2.145696 0.000000
vt -1.102608 2.310749 0.000000
vt -1.094524 0.000000 0.000000
vt -1.094524 0.220071 0.000000
vt -1.094524 0.440143 0.000000
vt -1.094524 0.660214 0.000000
vt -1.094524 0.825268 0.000000
vt -1.094524 0.990321 0.000000
vt -1.094524 1.155375 0.000000
vt -1.094524 1.320428 0.000000
vt -1.094524 1.540500 0.000000
vt -1.094524 1.760571 0.000000
vt -1.094524 1.980642 0.000000
vt -1.090483 0.220071 0.000000
vt -1.086441 0.000000 0.000000
vt -1.086441 0.220071 0.000000
vt -1.062190 0.220071 0.000000
vt -1.086441 0.440143 0.000000
vt -1.062190 0.440143 0.000000
vt -1.086441 0.660214 0.000000
vt -1.062190 0.660214 0.000000
vt -1.086441 0.825268 0.000000
vt -1.062190 0.825268 0.000000
vt -1.086441 0.990321 0.000000
vt -1.062190 0.990321 0.000000
vt -1.086441 1.155375 0.000000
vt -1.062190 1.155375 0.000000
vt -1.086441 1.320428 0.000000
vt -1.062190 1.320428 0.000000
vt -1.086441 1.540500 0.000000
vt -0.989438 0.220071 0.000000
vt -1.013689 0.220071 0.000000
vt -1.037939 0.220071 0.000000
vt -1.037939 0.440143 0.000000
vt -2.004642 0.990321 0.000000
vt -1.707164 0.990321 0.000000
vt -1.409686 0.990321 0.000000
vt -0.892435 1.760571 0.000000
vt -0.892435 1.980642 0.000000
vt -0.940936 0.220071 0.000000
vt -0.965187 0.220071 0.000000
vt -0.989438 0.440143 0.000000
vt -1.013689 0.440143 0.000000
vt -1.013689 0.660214 0.000000
vt -1.037939 0.660214 0.000000
vt -1.037939 0.825268 0.000000
vt -0.940936 0.440143 0.000000
vt -0.965187 0.440143 0.000000
vt -0.965187 0.660214 0.000000
vt -1.090483 0.440143 0.000000
vt -1.090483 0.660214 0.000000
vt -1.090483 0.825268 0.000000
vt -1.090483 0.990321 0.000000
vt -1.090483 1.155375 0.000000
vt -1.090483 1.320428 0.000000
vt -1.090483 1.540500 0.000000
vt -1.090483 1.760571 0.000000
vt -1.106650 0.440143 0.000000
vt -1.106650 0.660214 0.000000
vt -1.106650 0.825268 0.000000
vt -1.106650 0.990321 0.000000
vt -1.106650 1.155375 0.000000
vt -1.106650 1.320428 0.000000
vt -1.106650 1.540500 0.000000
vt -1.106650 1.760571 0.000000
vt -1.106650 1.980642 0.000000
vt -1.106650 2.145696 0.000000
vt -1.106650 2.310749 0.000000
vt -1.106650 2.475803 0.000000
vt -1.118775 0.440143 0.000000
vt -1.118775 0.660214 0.000000
vt -1.118775 0.825268 0.000000
vt -1.118775 0.990321 0.000000
vt -1.183443 0.660214 0.000000
vt -1.199610 0.825268 0.000000
vt -1.183443 0.825268 0.000000
vt -1.199610 0.990321 0.000000
vt -1.183443 0.990321 0.000000
vt -1.199610 1.155375 0.000000
vt -1.122817 0.660214 0.000000
vt -1.126858 0.825268 0.000000
vt -1.122817 0.825268 0.000000
vt -1.126858 0.990321 0.000000
vt -1.122817 0.990321 0.000000
vt -1.126858 1.155375 0.000000
vt -1.122817 1.155375 0.000000
vt -1.126858 1.320428 0.000000
vt -0.989438 0.660214 0.000000
vt -1.013689 0.825268 0.000000
vt -0.989438 0.825268 0.000000
vt -1.013689 0.990321 0.000000
vt -0.940936 0.990321 0.000000
vt -0.965187 1.155375 0.000000
vt -0.989438 1.320428 0.000000
vt -1.013689 1.540500 0.000000
vt -1.037939 1.760571 0.000000
vt -1.062190 1.980642 0.000000
vt -1.086441 2.145696 0.000000
vt -1.090483 2.310749 0.000000
vt -1.094524 2.475803 0.000000
vt -1.037939 0.990321 0.000000
vt -1.134942 0.990321 0.000000
vt -1.151109 1.155375 0.000000
vt -1.167276 1.320428 0.000000
vt -1.183443 1.540500 0.000000
vt -1.199610 1.760571 0.000000
vt -1.207693 1.980642 0.000000
vt -1.207693 0.990321 0.000000
vt -1.215777 1.155375 0.000000
vt -1.280413 1.320428 0.000000
vt -1.345049 1.540500 0.000000
vt -1.409686 1.760571 0.000000
vt -1.707164 1.980642 0.000000
vt -1.707164 1.155375 0.000000
vt -1.215777 1.320428 0.000000
vt -1.280413 1.540500 0.000000
vt -1.215777 1.540500 0.000000
vt -1.280413 1.760571 0.000000
vt -1.207693 1.320428 0.000000
vt -1.207693 1.155375 0.000000
vt -1.151109 1.320428 0.000000
vt -1.167276 1.540500 0.000000
vt -1.151109 1.540500 0.000000
vt -1.167276 1.760571 0.000000
vt -1.151109 1.760571 0.000000
vt -1.167276 1.980642 0.000000
vt -1.134942 1.320428 0.000000
vt -1.134942 1.540500 0.000000
vt -1.134942 1.155375 0.000000
vt -1.118775 1.540500 0.000000
vt -1.037939 1.155375 0.000000
vt -0.940936 1.540500 0.000000
vt -0.940936 1.760571 0.000000
vt -0.940936 1.980642 0.000000
vt -0.965187 1.760571 0.000000
vt -0.989438 1.980642 0.000000
vt -1.122817 1.760571 0.000000
vt -1.126858 1.980642 0.000000
vt -1.134942 2.145696 0.000000
vt -1.151109 2.310749 0.000000
vt -1.167276 2.475803 0.000000
vt -1.183443 1.760571 0.000000
vt -1.199610 1.980642 0.000000
vt -1.207693 2.145696 0.000000
vt -1.345049 1.760571 0.000000
vt -1.409686 1.980642 0.000000
vt -1.707164 2.145696 0.000000
vt -0.965187 1.980642 0.000000
vt -1.183443 2.145696 0.000000
vt -1.183443 1.980642 0.000000
vt -1.199610 2.145696 0.000000
vt -1.199610 2.310749 0.000000
vt -1.207693 2.310749 0.000000
vt -1.409686 2.145696 0.000000
vt -1.345049 1.980642 0.000000
vt -1.707164 2.310749 0.000000
vt -1.207693 2.475803 0.000000
vt -1.086441 2.558330 0.000000
vt -1.062190 2.475803 0.000000
vt -1.037939 2.475803 0.000000
vt -0.813530 0.000000 0.000000
vt -0.000000 0.000000 0.000000
vt -0.892435 0.220071 0.000000
vt -0.051172 0.697193 0.000000
vt -0.892435 0.440143 0.000000
vt -0.892435 0.660214 0.000000
vt -0.940936 0.660214 0.000000
vt -0.940936 0.825268 0.000000
vt -0.965187 0.825268 0.000000
vt -0.965187 0.990321 0.000000
vt -0.989438 0.990321 0.000000
vt -0.989438 1.155375 0.000000
vt -1.013689 1.155375 0.000000
vt -1.013689 1.320428 0.000000
vt -1.037939 1.320428 0.000000
vt -1.037939 1.540500 0.000000
vt -1.062190 1.540500 0.000000
vt -1.062190 1.760571 0.000000
vt -1.086441 1.760571 0.000000
vt -1.086441 1.980642 0.000000
vt -1.090483 1.980642 0.000000
vt -1.090483 2.145696 0.000000
vt -1.094524 2.145696 0.000000
vt -1.094524 2.310749 0.000000
vt -1.098566 2.310749 0.000000
vt -1.098566 2.475803 0.000000
vt -1.102608 2.475803 0.000000
vt -1.102608 2.558330 0.000000
vt -1.106650 2.558330 0.000000
vt -1.118775 2.640856 0.000000
vt -1.110691 2.558330 0.000000
vt -1.114733 2.558330 0.000000
vt -1.110691 2.475803 0.000000
vt -1.114733 2.475803 0.000000
vt -1.110691 2.310749 0.000000
vt -1.114733 2.310749 0.000000
vt -1.110691 2.145696 0.000000
vt -1.114733 2.145696 0.000000
vt -1.110691 1.980642 0.000000
vt -1.114733 1.980642 0.000000
vt -1.110691 1.760571 0.000000
vt -1.114733 1.760571 0.000000
vt -1.110691 1.540500 0.000000
vt -1.114733 1.540500 0.000000
vt -1.110691 1.320428 0.000000
vt -1.114733 1.320428 0.000000
vt -1.110691 1.155375 0.000000
vt -1.114733 1.155375 0.000000
vt -1.110691 0.990321 0.000000
vt -1.114733 0.990321 0.000000
vt -1.110691 0.825268 0.000000
vt -1.114733 0.825268 0.000000
vt -1.110691 0.660214 0.000000
vt -1.114733 0.660214 0.000000
vt -1.110691 0.440143 0.000000
vt -1.114733 0.440143 0.000000
vt -1.110691 0.220071 0.000000
vt -1.114733 0.220071 0.000000
vt -1.110691 0.000000 0.000000
vt -1.118775 0.000000 0.000000
vt -1.118775 0.220071 0.000000
vt -1.122817 0.220071 0.000000
vt -1.122817 0.440143 0.000000
vt -1.126858 0.440143 0.000000
vt -1.126858 0.660214 0.000000
vt -1.134942 0.660214 0.000000
vt -1.134942 0.825268 0.000000
vt -1.151109 0.825268 0.000000
vt -1.151109 0.990321 0.000000
vt -1.167276 0.990321 0.000000
vt -1.167276 1.155375 0.000000
vt -1.183443 1.155375 0.000000
vt -1.183443 1.320428 0.000000
vt -1.199610 1.320428 0.000000
vt -1.199610 1.540500 0.000000
vt -1.207693 1.540500 0.000000
vt -1.207693 1.760571 0.000000
vt -1.215777 1.760571 0.000000
vt -1.215777 1.980642 0.000000
vt -1.280413 1.980642 0.000000
vt -1.280413 2.145696 0.000000
vt -1.345049 2.145696 0.000000
vt -1.345049 2.310749 0.000000
vt -1.409686 2.310749 0.000000
vt -1.409686 2.475803 0.000000
vt -1.707164 2.475803 0.000000
vt -1.707164 2.558330 0.000000
vt -2.004642 2.558330 0.000000
vt -2.302120 2.640856 0.000000
vt -2.234642 2.446936 0.000000
vt -0.892435 0.825268 0.000000
vt -0.096335 1.375834 0.000000
vt -0.892435 0.990321 0.000000
vt -0.892435 1.155375 0.000000
vt -0.940936 1.155375 0.000000
vt -0.940936 1.320428 0.000000
vt -0.965187 1.320428 0.000000
vt -0.965187 1.540500 0.000000
vt -0.989438 1.540500 0.000000
vt -0.989438 1.760571 0.000000
vt -1.013689 1.760571 0.000000
vt -1.013689 1.980642 0.000000
vt -1.037939 1.980642 0.000000
vt -1.037939 2.145696 0.000000
vt -1.062190 2.145696 0.000000
vt -1.062190 2.310749 0.000000
vt -1.086441 2.310749 0.000000
vt -1.086441 2.475803 0.000000
vt -1.090483 2.475803 0.000000
vt -1.090483 2.558330 0.000000
vt -1.094524 2.558330 0.000000
vt -1.086441 2.640856 0.000000
vt -1.098566 2.558330 0.000000
vt -0.114321 2.027579 0.000000
vt -0.892435 1.540500 0.000000
vt -0.892435 1.320428 0.000000
vt -0.000000 2.640856 0.000000
vt -0.892435 2.475803 0.000000
vt -0.892435 2.310749 0.000000
vt -0.892435 2.145696 0.000000
vt -0.940936 2.310749 0.000000
vt -0.940936 2.145696 0.000000
vt -0.965187 2.310749 0.000000
vt -0.965187 2.145696 0.000000
vt -0.989438 2.310749 0.000000
vt -0.989438 2.145696 0.000000
vt -1.013689 2.310749 0.000000
vt -1.013689 2.145696 0.000000
vt -1.037939 2.310749 0.000000
vt -0.892435 2.558330 0.000000
vt -0.892435 2.640856 0.000000
vt -0.940936 2.640856 0.000000
vt -0.989438 2.640856 0.000000
vt -0.965187 2.558330 0.000000
vt -0.940936 2.558330 0.000000
vt -1.037939 2.640856 0.000000
vt -1.013689 2.558330 0.000000
vt -0.989438 2.558330 0.000000
vt -0.965187 2.475803 0.000000
vt -0.940936 2.475803 0.000000
vt -1.062190 2.558330 0.000000
vt -1.037939 2.558330 0.000000
vt -1.013689 2.475803 0.000000
vt -0.989438 2.475803 0.000000
vt -1.151109 2.640856 0.000000
vt -1.126858 2.558330 0.000000
vt -1.122817 2.558330 0.000000
vt -1.118775 2.558330 0.000000
vt -1.118775 2.475803 0.000000
vt -1.183443 2.640856 0.000000
vt -1.151109 2.558330 0.000000
vt -1.134942 2.558330 0.000000
vt -1.126858 2.475803 0.000000
vt -1.122817 2.475803 0.000000
vt -1.122817 2.310749 0.000000
vt -1.118775 2.310749 0.000000
vt -1.118775 2.145696 0.000000
vt -1.215777 2.640856 0.000000
vt -1.183443 2.558330 0.000000
vt -1.167276 2.558330 0.000000
vt -1.151109 2.475803 0.000000
vt -1.134942 2.475803 0.000000
vt -1.134942 2.310749 0.000000
vt -1.126858 2.310749 0.000000
vt -1.126858 2.145696 0.000000
vt -1.122817 2.145696 0.000000
vt -1.122817 1.980642 0.000000
vt -1.118775 1.980642 0.000000
vt -1.118775 1.760571 0.000000
vt -1.264254 2.640856 0.000000
vt -1.215777 2.558330 0.000000
vt -1.207693 2.558330 0.000000
vt -1.199610 2.558330 0.000000
vt -1.199610 2.475803 0.000000
vt -1.183443 2.475803 0.000000
vt -1.183443 2.310749 0.000000
vt -1.167276 2.310749 0.000000
vt -1.167276 2.145696 0.000000
vt -1.151109 2.145696 0.000000
vt -1.151109 1.980642 0.000000
vt -1.134942 1.980642 0.000000
vt -1.134942 1.760571 0.000000
vt -1.126858 1.760571 0.000000
vt -1.126858 1.540500 0.000000
vt -1.122817 1.540500 0.000000
vt -1.122817 1.320428 0.000000
vt -1.118775 1.320428 0.000000
vt -1.118775 1.155375 0.000000
vt -1.312731 2.640856 0.000000
vt -1.280413 2.558330 0.000000
vt -1.215777 2.475803 0.000000
vt -1.280413 2.475803 0.000000
vt -1.215777 2.310749 0.000000
vt -1.280413 2.310749 0.000000
vt -1.215777 2.145696 0.000000
vt -1.361208 2.640856 0.000000
vt -1.345049 2.558330 0.000000
vt -1.345049 2.475803 0.000000
vt -1.409686 2.640856 0.000000
vt -1.409686 2.558330 0.000000
vt -2.201895 2.219110 0.000000
vt -2.004642 2.310749 0.000000
vt -2.004642 2.475803 0.000000
vt -2.004642 2.145696 0.000000
vt -2.191710 1.940837 0.000000
vt -2.004642 1.980642 0.000000
vt -2.004642 1.760571 0.000000
vt -1.707164 1.760571 0.000000
vt -1.707164 1.540500 0.000000
vt -1.409686 1.540500 0.000000
vt -1.409686 1.320428 0.000000
vt -1.345049 1.320428 0.000000
vt -1.345049 1.155375 0.000000
vt -1.280413 1.155375 0.000000
vt -1.280413 0.990321 0.000000
vt -1.215777 0.990321 0.000000
vt -1.215777 0.825268 0.000000
vt -1.207693 0.825268 0.000000
vt -1.207693 0.660214 0.000000
vt -1.199610 0.660214 0.000000
vt -1.199610 0.440143 0.000000
vt -1.183443 0.440143 0.000000
vt -1.183443 0.220071 0.000000
vt -1.167276 0.220071 0.000000
vt -1.175359 0.000000 0.000000
vt -1.167276 0.000000 0.000000
vt -2.198620 1.608475 0.000000
vt -2.004642 1.540500 0.000000
vt -1.707164 1.320428 0.000000
vt -1.409686 1.155375 0.000000
vt -1.345049 0.990321 0.000000
vt -1.280413 0.825268 0.000000
vt -1.215777 0.660214 0.000000
vt -1.207693 0.440143 0.000000
vt -1.199610 0.220071 0.000000
vt -1.191526 0.000000 0.000000
vt -1.183443 0.000000 0.000000
vt -2.243807 0.816917 0.000000
vt -2.004642 1.155375 0.000000
vt -2.004642 1.320428 0.000000
vt -2.302120 0.000000 0.000000
vt -2.004642 0.440143 0.000000
vt -2.004642 0.660214 0.000000
vt -2.004642 0.825268 0.000000
vt -1.707164 0.660214 0.000000
vt -1.707164 0.825268 0.000000
vt -1.409686 0.660214 0.000000
vt -1.409686 0.825268 0.000000
vt -1.345049 0.660214 0.000000
vt -1.345049 0.825268 0.000000
vt -1.280413 0.660214 0.000000
vt -1.215777 0.000000 0.000000
vt -1.707164 0.220071 0.000000
vt -2.004642 0.220071 0.000000
vt -1.707164 0.440143 0.000000
vt -1.409686 0.220071 0.000000
vt -1.409686 0.440143 0.000000
vt -1.345049 0.220071 0.000000
vt -1.345049 0.440143 0.000000
vt -1.280413 0.220071 0.000000
vt -1.280413 0.440143 0.000000
vt -1.215777 0.220071 0.000000
vt -1.215777 0.440143 0.000000
vt -1.207693 0.220071 0.000000
vt -1.207693 0.000000 0.000000
vt -1.199610 0.000000 0.000000
vt -1.159192 0.000000 0.000000
vt -1.151109 0.220071 0.000000
vt -1.167276 0.440143 0.000000
vt -1.151109 0.440143 0.000000
vt -1.167276 0.660214 0.000000
vt -1.151109 0.660214 0.000000
vt -1.167276 0.825268 0.000000
vt -1.151109 0.000000 0.000000
vt -1.143025 0.000000 0.000000
vt -1.134942 0.220071 0.000000
vt -1.134942 0.000000 0.000000
vt -1.126858 0.000000 0.000000
vt -1.126858 0.220071 0.000000
vt -1.134942 0.440143 0.000000
vt -1.106650 0.220071 0.000000
vt -1.102608 0.000000 0.000000
vt -1.102608 0.220071 0.000000
vt -1.098566 0.220071 0.000000
vt -1.102608 0.440143 0.000000
vt -1.098566 0.440143 0.000000
vt -1.102608 0.660214 0.000000
vt -1.098566 0.660214 0.000000
vt -1.102608 0.825268 0.000000
vt -1.098566 0.825268 0.000000
vt -1.102608 0.990321 0.000000
vt -1.098566 0.990321 0.000000
vt -1.102608 1.155375 0.000000
vt -1.098566 1.155375 0.000000
vt -1.102608 1.320428 0.000000
vt -1.098566 1.320428 0.000000
vt -1.102608 1.540500 0.000000
vt -1.098566 1.540500 0.000000
vt -1.102608 1.760571 0.000000
vt -1.098566 1.760571 0.000000
vt -1.102608 1.980642 0.000000
vt -1.098566 1.980642 0.000000
vt -1.102608 2.145696 0.000000
vt -1.098566 2.145696 0.000000
vt -1.102608 2.310749 0.000000
vt -1.094524 0.000000 0.000000
vt -1.094524 0.220071 0.000000
vt -1.094524 0.440143 0.000000
vt -1.094524 0.660214 0.000000
vt -1.094524 0.825268 0.000000
vt -1.094524 0.990321 0.000000
vt -1.094524 1.155375 0.000000
vt -1.094524 1.320428 0.000000
vt -1.094524 1.540500 0.000000
vt -1.094524 1.760571 0.000000
vt -1.094524 1.980642 0.000000
vt -1.090483 0.220071 0.000000
vt -1.086441 0.000000 0.000000
vt -1.086441 0.220071 0.000000
vt -1.062190 0.220071 0.000000
vt -1.086441 0.440143 0.000000
vt -1.062190 0.440143 0.000000
vt -1.086441 0.660214 0.000000
vt -1.062190 0.660214 0.000000
vt -1.086441 0.825268 0.000000
vt -1.062190 0.825268 0.000000
vt -1.086441 0.990321 0.000000
vt -1.062190 0.990321 0.000000
vt -1.086441 1.155375 0.000000
vt -1.062190 1.155375 0.000000
vt -1.086441 1.320428 0.000000
vt -1.062190 1.320428 0.000000
vt -1.086441 1.540500 0.000000
vt -0.989438 0.220071 0.000000
vt -1.013689 0.220071 0.000000
vt -1.037939 0.220071 0.000000
vt -1.037939 0.440143 0.000000
vt -2.004642 0.990321 0.000000
vt -1.707164 0.990321 0.000000
vt -1.409686 0.990321 0.000000
vt -0.892435 1.760571 0.000000
vt -0.892435 1.980642 0.000000
vt -0.940936 0.220071 0.000000
vt -0.965187 0.220071 0.000000
vt -0.989438 0.440143 0.000000
vt -1.013689 0.440143 0.000000
vt -1.013689 0.660214 0.000000
vt -1.037939 0.660214 0.000000
vt -1.037939 0.825268 0.000000
vt -0.940936 0.440143 0.000000
vt -0.965187 0.440143 0.000000
vt -0.965187 0.660214 0.000000
vt -1.090483 0.440143 0.000000
vt -1.090483 0.660214 0.000000
vt -1.090483 0.825268 0.000000
vt -1.090483 0.990321 0.000000
vt -1.090483 1.155375 0.000000
vt -1.090483 1.320428 0.000000
vt -1.090483 1.540500 0.000000
vt -1.090483 1.760571 0.000000
vt -1.106650 0.440143 0.000000
vt -1.106650 0.660214 0.000000
vt -1.106650 0.825268 0.000000
vt -1.106650 0.990321 0.000000
vt -1.106650 1.155375 0.000000
vt -1.106650 1.320428 0.000000
vt -1.106650 1.540500 0.000000
vt -1.106650 1.760571 0.000000
vt -1.106650 1.980642 0.000000
vt -1.106650 2.145696 0.000000
vt -1.106650 2.310749 0.000000
vt -1.106650 2.475803 0.000000
vt -1.118775 0.440143 0.000000
vt -1.118775 0.660214 0.000000
vt -1.118775 0.825268 0.000000
vt -1.118775 0.990321 0.000000
vt -1.183443 0.660214 0.000000
vt -1.199610 0.825268 0.000000
vt -1.183443 0.825268 0.000000
vt -1.199610 0.990321 0.000000
vt -1.183443 0.990321 0.000000
vt -1.199610 1.155375 0.000000
vt -1.122817 0.660214 0.000000
vt -1.126858 0.825268 0.000000
vt -1.122817 0.825268 0.000000
vt -1.126858 0.990321 0.000000
vt -1.122817 0.990321 0.000000
vt -1.126858 1.155375 0.000000
vt -1.122817 1.155375 0.000000
vt -1.126858 1.320428 0.000000
vt -0.989438 0.660214 0.000000
vt -1.013689 0.825268 0.000000
vt -0.989438 0.825268 0.000000
vt -1.013689 0.990321 0.000000
vt -0.940936 0.990321 0.000000
vt -0.965187 1.155375 0.000000
vt -0.989438 1.320428 0.000000
vt -1.013689 1.540500 0.000000
vt -1.037939 1.760571 0.000000
vt -1.062190 1.980642 0.000000
vt -1.086441 2.145696 0.000000
vt -1.090483 2.310749 0.000000
vt -1.094524 2.475803 0.000000
vt -1.037939 0.990321 0.000000
vt -1.134942 0.990321 0.000000
vt -1.151109 1.155375 0.000000
vt -1.167276 1.320428 0.000000
vt -1.183443 1.540500 0.000000
vt -1.199610 1.760571 0.000000
vt -1.207693 1.980642 0.000000
vt -1.207693 0.990321 0.000000
vt -1.215777 1.155375 0.000000
vt -1.280413 1.320428 0.000000
vt -1.345049 1.540500 0.000000
vt -1.409686 1.760571 0.000000
vt -1.707164 1.980642 0.000000
vt -1.707164 1.155375 0.000000
vt -1.215777 1.320428 0.000000
vt -1.280413 1.540500 0.000000
vt -1.215777 1.540500 0.000000
vt -1.280413 1.760571 0.000000
vt -1.207693 1.320428 0.000000
vt -1.207693 1.155375 0.000000
vt -1.151109 1.320428 0.000000
vt -1.167276 1.540500 0.000000
vt -1.151109 1.540500 0.000000
vt -1.167276 1.760571 0.000000
vt -1.151109 1.760571 0.000000
vt -1.167276 1.980642 0.000000
vt -1.134942 1.320428 0.000000
vt -1.134942 1.540500 0.000000
vt -1.134942 1.155375 0.000000
vt -1.118775 1.540500 0.000000
vt -1.037939 1.155375 0.000000
vt -0.940936 1.540500 0.000000
vt -0.940936 1.760571 0.000000
vt -0.940936 1.980642 0.000000
vt -0.965187 1.760571 0.000000
vt -0.989438 1.980642 0.000000
vt -1.122817 1.760571 0.000000
vt -1.126858 1.980642 0.000000
vt -1.134942 2.145696 0.000000
vt -1.151109 2.310749 0.000000
vt -1.167276 2.475803 0.000000
vt -1.183443 1.760571 0.000000
vt -1.199610 1.980642 0.000000
vt -1.207693 2.145696 0.000000
vt -1.345049 1.760571 0.000000
vt -1.409686 1.980642 0.000000
vt -1.707164 2.145696 0.000000
vt -0.965187 1.980642 0.000000
vt -1.183443 2.145696 0.000000
vt -1.183443 1.980642 0.000000
vt -1.199610 2.145696 0.000000
vt -1.199610 2.310749 0.000000
vt -1.207693 2.310749 0.000000
vt -1.409686 2.145696 0.000000
vt -1.345049 1.980642 0.000000
vt -1.707164 2.310749 0.000000
vt -1.207693 2.475803 0.000000
vt -1.086441 2.558330 0.000000
vt -1.062190 2.475803 0.000000
vt -1.037939 2.475803 0.000000
vt -2.617197 -2.794371 0.000000
vt -3.400000 -3.121139 0.000000
vt -2.266667 -3.132589 0.000000
vt -3.400000 -3.483841 0.000000
vt -1.699996 -3.407480 0.000000
vt -1.133333 -3.682368 0.000000
vt -3.400000 -3.846542 0.000000
vt -0.834142 -3.943058 0.000000
vt -3.400000 -4.209244 0.000000
vt -0.542949 -4.211822 0.000000
vt -0.263291 -4.492372 0.000000
vt -3.400000 -4.571946 0.000000
vt -0.000000 -4.781927 0.000000
vt -3.400000 -4.934647 0.000000
vt -0.000000 -5.144629 0.000000
vt -3.400000 -5.297349 0.000000
vt -0.000000 -5.507331 0.000000
vt -3.136730 -5.586690 0.000000
vt -0.000000 -5.870032 0.000000
vt -2.857055 -5.867074 0.000000
vt -2.565865 -6.135647 0.000000
vt -3.400000 -2.758437 0.000000
vt -2.956935 -2.458502 0.000000
vt -3.400000 -2.395735 0.000000
vt -3.099568 -2.314352 0.000000
vt -3.219008 -2.194431 0.000000
vt -3.316773 -2.101040 0.000000
vt -3.400000 -2.033034 0.000000
vt -0.000000 -6.232734 0.000000
vt -2.266667 -6.396132 0.000000
vt -0.000000 -6.595436 0.000000
vt -1.699996 -6.671023 0.000000
vt -1.133333 -6.945911 0.000000
vt -0.000000 -6.958138 0.000000
vt -0.782819 -7.284398 0.000000
vt -0.000000 -7.320839 0.000000
vt -0.443078 -7.620509 0.000000
vt -0.000000 -7.683541 0.000000
vt -0.300438 -7.764759 0.000000
vt -0.180991 -7.884759 0.000000
vt -0.083224 -7.978206 0.000000
vt -0.000000 -8.046243 0.000000
vt -2.617197 0.870821 0.000000
vt -3.400000 0.544053 0.000000
vt -2.266667 0.532603 0.000000
vt -3.400000 0.181351 0.000000
vt -1.699996 0.257711 0.000000
vt -1.133333 -0.017176 0.000000
vt -3.400000 -0.181351 0.000000
vt -0.834142 -0.277866 0.000000
vt -3.400000 -0.544053 0.000000
vt -0.542949 -0.546630 0.000000
vt -0.263291 -0.827181 0.000000
vt -3.400000 -0.906754 0.000000
vt -0.000000 -1.116736 0.000000
vt -3.400000 -1.269456 0.000000
vt -0.000000 -1.479438 0.000000
vt -3.400000 -1.632158 0.000000
vt -0.000000 -1.842139 0.000000
vt -3.136730 -1.921499 0.000000
vt -0.000000 -2.204841 0.000000
vt -2.857055 -2.201883 0.000000
vt -2.565865 -2.470456 0.000000
vt -3.400000 0.906754 0.000000
vt -2.956935 1.206690 0.000000
vt -3.400000 1.269456 0.000000
vt -3.099568 1.350840 0.000000
vt -3.219008 1.470760 0.000000
vt -3.316773 1.564152 0.000000
vt -3.400000 1.632158 0.000000
vt -0.000000 -2.567543 0.000000
vt -2.266667 -2.730941 0.000000
vt -0.000000 -2.930244 0.000000
vt -1.699996 -3.005832 0.000000
vt -1.133333 -3.280720 0.000000
vt -0.000000 -3.292946 0.000000
vt -0.782819 -3.619206 0.000000
vt -0.000000 -3.655648 0.000000
vt -0.443078 -3.955318 0.000000
vt -0.000000 -4.018350 0.000000
vt -0.300438 -4.099568 0.000000
vt -0.180991 -4.219568 0.000000
vt -0.083224 -4.313015 0.000000
vt -0.000000 -4.381051 0.000000
vt -3.136730 1.743693 0.000000
vt -0.000000 1.823052 0.000000
vt -3.400000 2.033034 0.000000
vt -0.000000 2.185754 0.000000
vt -3.400000 2.395735 0.000000
vt -0.000000 2.548456 0.000000
vt -3.400000 2.758437 0.000000
vt -0.263291 2.838010 0.000000
vt -3.400000 3.121139 0.000000
vt -0.542949 3.118561 0.000000
vt -0.834142 3.387325 0.000000
vt -0.000000 1.460350 0.000000
vt -2.857055 1.463308 0.000000
vt -2.565865 1.194736 0.000000
vt -0.000000 1.097649 0.000000
vt -2.266667 0.934251 0.000000
vt -0.000000 0.734947 0.000000
vt -1.699996 0.659359 0.000000
vt -1.133333 0.384472 0.000000
vt -0.000000 0.372245 0.000000
vt -0.782819 0.045985 0.000000
vt -0.000000 0.009544 0.000000
vt -0.443078 -0.290126 0.000000
vt -0.000000 -0.353158 0.000000
vt -0.300438 -0.434376 0.000000
vt -0.180991 -0.554376 0.000000
vt -0.083224 -0.647824 0.000000
vt -0.000000 -0.715860 0.000000
vt -3.400000 3.483841 0.000000
vt -1.133333 3.648015 0.000000
vt -3.400000 3.846542 0.000000
vt -1.699996 3.922903 0.000000
vt -2.266667 4.197794 0.000000
vt -3.400000 4.209244 0.000000
vt -2.617197 4.536012 0.000000
vt -3.400000 4.571946 0.000000
vt -2.956935 4.871881 0.000000
vt -3.400000 4.934647 0.000000
vt -3.099568 5.016031 0.000000
vt -3.219008 5.135952 0.000000
vt -3.316773 5.229343 0.000000
vt -3.400000 5.297349 0.000000
vt -4.016952 0.810012 0.000000
vt -3.543064 1.216589 0.000000
vt -4.016952 1.620036 0.000000
vt -3.069176 1.216589 0.000000
vt -2.121400 1.620036 0.000000
vt -2.595288 1.216589 0.000000
vt -2.121400 1.216589 0.000000
vt -2.121400 0.810012 0.000000
vt -2.107295 0.810012 0.000000
vt -2.107295 0.406571 0.000000
vt -2.093190 0.406571 0.000000
vt -2.093160 0.000000 0.000000
vt -2.079082 0.000000 0.000000
vt -4.016952 0.000000 0.000000
vt -3.543064 0.406571 0.000000
vt -3.543064 0.810012 0.000000
vt -3.069176 0.810012 0.000000
vt -2.595288 0.810012 0.000000
vt -2.594671 0.000000 0.000000
vt -3.069176 0.406571 0.000000
vt -2.121400 0.000000 0.000000
vt -2.121400 0.406571 0.000000
vt -2.595288 0.406571 0.000000
vt -2.107275 0.000000 0.000000
vt -2.079085 0.406571 0.000000
vt -2.065013 0.000000 0.000000
vt -2.064981 0.406571 0.000000
vt -2.050926 0.000004 0.000000
vt -2.050876 0.406571 0.000000
vt -2.036882 0.000108 0.000000
vt -2.036771 0.406571 0.000000
vt -2.022673 0.000050 0.000000
vt -2.022666 0.406571 0.000000
vt -2.008491 0.000000 0.000000
vt -2.008561 0.406571 0.000000
vt -1.994466 0.000052 0.000000
vt -1.994456 0.406571 0.000000
vt -1.980459 0.000105 0.000000
vt -1.980352 0.406571 0.000000
vt -1.966297 0.000005 0.000000
vt -1.966247 0.406571 0.000000
vt -1.952176 0.000000 0.000000
vt -1.952142 0.406571 0.000000
vt -1.938033 0.000000 0.000000
vt -1.938037 0.406571 0.000000
vt -1.923900 0.000000 0.000000
vt -1.923932 0.406571 0.000000
vt -1.909807 0.000000 0.000000
vt -1.909827 0.406571 0.000000
vt -1.895723 0.000000 0.000000
vt -1.895723 0.406571 0.000000
vt -1.557203 0.000000 0.000000
vt -1.421792 0.406571 0.000000
vt -0.947861 0.406571 0.000000
vt -1.421792 0.810012 0.000000
vt -0.947861 0.810012 0.000000
vt -1.421792 1.216589 0.000000
vt -0.947861 1.216589 0.000000
vt -1.419522 1.620036 0.000000
vt -0.473931 1.216589 0.000000
vt -0.000000 1.620036 0.000000
vt -0.000000 0.810012 0.000000
vt -0.473931 0.810012 0.000000
vt -0.473931 0.406571 0.000000
vt -0.000000 0.000000 0.000000
vt -1.895723 1.620036 0.000000
vt -1.895723 1.216589 0.000000
vt -1.895723 0.810012 0.000000
vt -1.909827 1.620036 0.000000
vt -1.909827 1.216589 0.000000
vt -1.909827 0.810012 0.000000
vt -1.923932 1.620036 0.000000
vt -1.923932 1.216589 0.000000
vt -1.923932 0.810012 0.000000
vt -1.938037 1.620036 0.000000
vt -1.938037 1.216589 0.000000
vt -1.938037 0.810012 0.000000
vt -1.952142 1.620036 0.000000
vt -1.952142 1.216589 0.000000
vt -1.952142 0.810012 0.000000
vt -1.966247 1.620036 0.000000
vt -1.966247 1.216589 0.000000
vt -1.966247 0.810012 0.000000
vt -1.980352 1.620036 0.000000
vt -1.980352 1.216589 0.000000
vt -1.980352 0.810012 0.000000
vt -1.994456 1.620036 0.000000
vt -1.994456 1.216589 0.000000
vt -1.994456 0.810012 0.000000
vt -2.008561 1.620036 0.000000
vt -2.008561 1.216589 0.000000
vt -2.008561 0.810012 0.000000
vt -2.022666 1.620036 0.000000
vt -2.022666 1.216589 0.000000
vt -2.022666 0.810012 0.000000
vt -2.036771 1.620036 0.000000
vt -2.036771 1.216589 0.000000
vt -2.036771 0.810012 0.000000
vt -2.050876 1.620036 0.000000
vt -2.050876 1.216589 0.000000
vt -2.050876 0.810012 0.000000
vt -2.064981 1.620036 0.000000
vt -2.064981 1.216589 0.000000
vt -2.064981 0.810012 0.000000
vt -2.079085 1.620036 0.000000
vt -2.079085 1.216589 0.000000
vt -2.079085 0.810012 0.000000
vt -2.093190 1.620036 0.000000
vt -2.093190 1.216589 0.000000
vt -2.093190 0.810012 0.000000
vt -2.107295 1.620036 0.000000
vt -2.107295 1.216589 0.000000
vt -4.016952 0.810012 0.000000
vt -3.543064 1.216589 0.000000
vt -4.016952 1.620036 0.000000
vt -3.069176 1.216589 0.000000
vt -2.121400 1.620036 0.000000
vt -2.595288 1.216589 0.000000
vt -2.121400 1.216589 0.000000
vt -2.121400 0.810012 0.000000
vt -2.107295 0.810012 0.000000
vt -2.107295 0.406571 0.000000
vt -2.093190 0.406571 0.000000
vt -2.093160 0.000000 0.000000
vt -2.079082 0.000000 0.000000
vt -4.016952 0.000000 0.000000
vt -3.543064 0.406571 0.000000
vt -3.543064 0.810012 0.000000
vt -3.069176 0.810012 0.000000
vt -2.595288 0.810012 0.000000
vt -2.594671 0.000000 0.000000
vt -3.069176 0.406571 0.000000
vt -2.121400 0.000000 0.000000
vt -2.121400 0.406571 0.000000
vt -2.595288 0.406571 0.000000
vt -2.107275 0.000000 0.000000
vt -2.079085 0.406571 0.000000
vt -2.065013 0.000000 0.000000
vt -2.064981 0.406571 0.000000
vt -2.050926 0.000004 0.000000
vt -2.050876 0.406571 0.000000
vt -2.036882 0.000108 0.000000
vt -2.036771 0.406571 0.000000
vt -2.022673 0.000050 0.000000
vt -2.022666 0.406571 0.000000
vt -2.008491 0.000000 0.000000
vt -2.008561 0.406571 0.000000
vt -1.994466 0.000052 0.000000
vt -1.994456 0.406571 0.000000
vt -1.980459 0.000105 0.000000
vt -1.980352 0.406571 0.000000
vt -1.966297 0.000005 0.000000
vt -1.966247 0.406571 0.000000
vt -1.952176 0.000000 0.000000
vt -1.952142 0.406571 0.000000
vt -1.938033 0.000000 0.000000
vt -1.938037 0.406571 0.000000
vt -1.923900 0.000000 0.000000
vt -1.923932 0.406571 0.000000
vt -1.909807 0.000000 0.000000
vt -1.909827 0.406571 0.000000
vt -1.895723 0.000000 0.000000
vt -1.895723 0.406571 0.000000
vt -1.557203 0.000000 0.000000
vt -1.421792 0.406571 0.000000
vt -0.947861 0.406571 0.000000
vt -1.421792 0.810012 0.000000
vt -0.947861 0.810012 0.000000
vt -1.421792 1.216589 0.000000
vt -0.947861 1.216589 0.000000
vt -1.419522 1.620036 0.000000
vt -0.473931 1.216589 0.000000
vt -0.000000 1.620036 0.000000
vt -0.000000 0.810012 0.000000
vt -0.473931 0.810012 0.000000
vt -0.473931 0.406571 0.000000
vt -0.000000 0.000000 0.000000
vt -1.895723 1.620036 0.000000
vt -1.895723 1.216589 0.000000
vt -1.895723 0.810012 0.000000
vt -1.909827 1.620036 0.000000
vt -1.909827 1.216589 0.000000
vt -1.909827 0.810012 0.000000
vt -1.923932 1.620036 0.000000
vt -1.923932 1.216589 0.000000
vt -1.923932 0.810012 0.000000
vt -1.938037 1.620036 0.000000
vt -1.938037 1.216589 0.000000
vt -1.938037 0.810012 0.000000
vt -1.952142 1.620036 0.000000
vt -1.952142 1.216589 0.000000
vt -1.952142 0.810012 0.000000
vt -1.966247 1.620036 0.000000
vt -1.966247 1.216589 0.000000
vt -1.966247 0.810012 0.000000
vt -1.980352 1.620036 0.000000
vt -1.980352 1.216589 0.000000
vt -1.980352 0.810012 0.000000
vt -1.994456 1.620036 0.000000
vt -1.994456 1.216589 0.000000
vt -1.994456 0.810012 0.000000
vt -2.008561 1.620036 0.000000
vt -2.008561 1.216589 0.000000
vt -2.008561 0.810012 0.000000
vt -2.022666 1.620036 0.000000
vt -2.022666 1.216589 0.000000
vt -2.022666 0.810012 0.000000
vt -2.036771 1.620036 0.000000
vt -2.036771 1.216589 0.000000
vt -2.036771 0.810012 0.000000
vt -2.050876 1.620036 0.000000
vt -2.050876 1.216589 0.000000
vt -2.050876 0.810012 0.000000
vt -2.064981 1.620036 0.000000
vt -2.064981 1.216589 0.000000
vt -2.064981 0.810012 0.000000
vt -2.079085 1.620036 0.000000
vt -2.079085 1.216589 0.000000
vt -2.079085 0.810012 0.000000
vt -2.093190 1.620036 0.000000
vt -2.093190 1.216589 0.000000
vt -2.093190 0.810012 0.000000
vt -2.107295 1.620036 0.000000
vt -2.107295 1.216589 0.000000
vt 2.234227 0.193918 0.000000
vt 2.004348 0.082529 0.000000
vt 2.301783 0.000000 0.000000
vt 1.706914 0.082529 0.000000
vt 1.409479 0.000000 0.000000
vt 1.409479 0.082529 0.000000
vt 1.344820 0.082529 0.000000
vt 1.344820 0.165057 0.000000
vt 1.280161 0.165057 0.000000
vt 1.280161 0.330115 0.000000
vt 1.215501 0.330115 0.000000
vt 1.215501 0.495172 0.000000
vt 1.207419 0.495172 0.000000
vt 1.207419 0.577701 0.000000
vt 1.199337 0.577701 0.000000
vt 1.199337 0.660230 0.000000
vt 1.183172 0.660230 0.000000
vt 1.183172 0.825287 0.000000
vt 1.167007 0.825287 0.000000
vt 1.167007 0.990345 0.000000
vt 1.150843 0.990345 0.000000
vt 1.150843 1.155402 0.000000
vt 1.134678 1.155402 0.000000
vt 1.134678 1.320460 0.000000
vt 1.126596 1.320460 0.000000
vt 1.126596 1.540536 0.000000
vt 1.122555 1.540536 0.000000
vt 1.122555 1.760613 0.000000
vt 1.118513 1.760613 0.000000
vt 1.118513 1.980689 0.000000
vt 1.114472 1.980689 0.000000
vt 1.114472 2.145747 0.000000
vt 1.110431 2.145747 0.000000
vt 1.110431 2.310804 0.000000
vt 1.106390 2.310804 0.000000
vt 1.106390 2.475862 0.000000
vt 1.102349 2.475862 0.000000
vt 1.102349 2.640919 0.000000
vt 1.098308 2.475862 0.000000
vt 1.094267 2.640919 0.000000
vt 1.094267 2.475862 0.000000
vt 1.090225 2.475862 0.000000
vt 1.094267 2.310804 0.000000
vt 1.090225 2.310804 0.000000
vt 1.094267 2.145747 0.000000
vt 1.090225 2.145747 0.000000
vt 1.094267 1.980689 0.000000
vt 1.090225 1.980689 0.000000
vt 1.094267 1.760613 0.000000
vt 1.090225 1.760613 0.000000
vt 1.094267 1.540536 0.000000
vt 1.090225 1.540536 0.000000
vt 1.094267 1.320460 0.000000
vt 1.090225 1.320460 0.000000
vt 1.094267 1.155402 0.000000
vt 1.090225 1.155402 0.000000
vt 1.094267 0.990345 0.000000
vt 1.090225 0.990345 0.000000
vt 1.094267 0.825287 0.000000
vt 1.090225 0.825287 0.000000
vt 1.094267 0.660230 0.000000
vt 1.090225 0.660230 0.000000
vt 1.094267 0.577701 0.000000
vt 1.090225 0.577701 0.000000
vt 1.094267 0.495172 0.000000
vt 1.090225 0.495172 0.000000
vt 1.094267 0.330115 0.000000
vt 1.090225 0.330115 0.000000
vt 1.094267 0.165057 0.000000
vt 1.090225 0.165057 0.000000
vt 1.094267 0.082529 0.000000
vt 1.090225 0.082529 0.000000
vt 1.086184 0.000000 0.000000
vt 1.086184 0.082529 0.000000
vt 1.061949 0.082529 0.000000
vt 1.061949 0.165057 0.000000
vt 1.037714 0.165057 0.000000
vt 1.037714 0.330115 0.000000
vt 1.013479 0.330115 0.000000
vt 1.013479 0.495172 0.000000
vt 0.989244 0.495172 0.000000
vt 0.989244 0.577701 0.000000
vt 0.965009 0.577701 0.000000
vt 0.965009 0.660230 0.000000
vt 0.940774 0.660230 0.000000
vt 0.940774 0.825287 0.000000
vt 0.892304 0.825287 0.000000
vt 0.892304 0.990345 0.000000
vt 0.114435 0.613341 0.000000
vt 0.096428 1.265066 0.000000
vt 0.892304 1.155402 0.000000
vt 0.892304 1.320460 0.000000
vt 0.940774 1.155402 0.000000
vt 0.940774 1.320460 0.000000
vt 0.965009 1.155402 0.000000
vt 0.965009 1.320460 0.000000
vt 0.989244 1.155402 0.000000
vt 0.989244 1.320460 0.000000
vt 1.013479 1.155402 0.000000
vt 1.013479 1.320460 0.000000
vt 1.037714 1.155402 0.000000
vt 1.037714 1.320460 0.000000
vt 1.061949 1.155402 0.000000
vt 1.061949 1.320460 0.000000
vt 1.086184 1.155402 0.000000
vt 1.086184 1.320460 0.000000
vt 2.201442 0.421756 0.000000
vt 2.004348 0.330115 0.000000
vt 2.004348 0.165057 0.000000
vt 1.706914 0.165057 0.000000
vt 1.409479 0.165057 0.000000
vt 2.191244 0.700050 0.000000
vt 2.004348 0.577701 0.000000
vt 2.004348 0.495172 0.000000
vt 1.706914 0.495172 0.000000
vt 1.706914 0.330115 0.000000
vt 1.409479 0.495172 0.000000
vt 1.409479 0.330115 0.000000
vt 1.344820 0.495172 0.000000
vt 1.344820 0.330115 0.000000
vt 1.280161 0.495172 0.000000
vt 2.198161 1.032435 0.000000
vt 2.004348 0.825287 0.000000
vt 2.004348 0.660230 0.000000
vt 1.706914 0.660230 0.000000
vt 1.706914 0.577701 0.000000
vt 1.409479 0.660230 0.000000
vt 1.409479 0.577701 0.000000
vt 1.344820 0.660230 0.000000
vt 1.344820 0.577701 0.000000
vt 1.280161 0.660230 0.000000
vt 1.280161 0.577701 0.000000
vt 1.215501 0.660230 0.000000
vt 1.215501 0.577701 0.000000
vt 1.207419 0.660230 0.000000
vt 2.243398 1.824019 0.000000
vt 2.004348 1.320460 0.000000
vt 2.004348 1.155402 0.000000
vt 2.004348 0.990345 0.000000
vt 1.706914 1.155402 0.000000
vt 1.706914 0.990345 0.000000
vt 1.409479 1.155402 0.000000
vt 1.409479 0.990345 0.000000
vt 1.344820 1.155402 0.000000
vt 1.344820 0.990345 0.000000
vt 1.280161 1.155402 0.000000
vt 1.280161 0.990345 0.000000
vt 1.215501 1.155402 0.000000
vt 1.215501 0.990345 0.000000
vt 1.207419 1.155402 0.000000
vt 1.207419 0.990345 0.000000
vt 1.199337 1.155402 0.000000
vt 1.199337 0.990345 0.000000
vt 1.183172 1.155402 0.000000
vt 1.183172 0.990345 0.000000
vt 1.167007 1.155402 0.000000
vt 2.301783 2.640919 0.000000
vt 2.004348 2.310804 0.000000
vt 2.004348 2.145747 0.000000
vt 2.004348 1.980689 0.000000
vt 1.706914 2.145747 0.000000
vt 1.706914 1.980689 0.000000
vt 1.409479 2.145747 0.000000
vt 1.409479 1.980689 0.000000
vt 1.344820 2.145747 0.000000
vt 1.344820 1.980689 0.000000
vt 1.280161 2.145747 0.000000
vt 1.280161 1.980689 0.000000
vt 1.215501 2.145747 0.000000
vt 1.215501 1.980689 0.000000
vt 1.207419 2.145747 0.000000
vt 1.207419 1.980689 0.000000
vt 1.199337 2.145747 0.000000
vt 1.199337 1.980689 0.000000
vt 1.183172 2.145747 0.000000
vt 1.183172 1.980689 0.000000
vt 1.167007 2.145747 0.000000
vt 1.167007 1.980689 0.000000
vt 1.150843 2.145747 0.000000
vt 1.150843 1.980689 0.000000
vt 1.134678 2.145747 0.000000
vt 1.134678 1.980689 0.000000
vt 1.126596 2.145747 0.000000
vt 1.126596 1.980689 0.000000
vt 1.122555 2.145747 0.000000
vt 1.122555 1.980689 0.000000
vt 1.118513 2.145747 0.000000
vt 2.004348 2.475862 0.000000
vt 1.409479 2.640919 0.000000
vt 1.706914 2.475862 0.000000
vt 1.409479 2.475862 0.000000
vt 1.706914 2.310804 0.000000
vt 1.409479 2.310804 0.000000
vt 1.344820 2.475862 0.000000
vt 1.215501 2.640919 0.000000
vt 1.280161 2.475862 0.000000
vt 1.215501 2.475862 0.000000
vt 1.280161 2.310804 0.000000
vt 1.215501 2.310804 0.000000
vt 1.207419 2.640919 0.000000
vt 1.207419 2.475862 0.000000
vt 1.207419 2.310804 0.000000
vt 1.199337 2.640919 0.000000
vt 1.199337 2.475862 0.000000
vt 1.199337 2.310804 0.000000
vt 1.191254 2.640919 0.000000
vt 1.183172 2.475862 0.000000
vt 1.183172 2.310804 0.000000
vt 1.183172 2.640919 0.000000
vt 1.175090 2.640919 0.000000
vt 1.167007 2.475862 0.000000
vt 1.167007 2.640919 0.000000
vt 1.158925 2.640919 0.000000
vt 1.150843 2.475862 0.000000
vt 1.150843 2.640919 0.000000
vt 1.142760 2.640919 0.000000
vt 1.134678 2.475862 0.000000
vt 1.134678 2.640919 0.000000
vt 1.126596 2.640919 0.000000
vt 1.118513 2.640919 0.000000
vt 1.122555 2.475862 0.000000
vt 1.126596 2.475862 0.000000
vt 1.134678 2.310804 0.000000
vt 1.150843 2.310804 0.000000
vt 1.110431 2.640919 0.000000
vt 1.114472 2.475862 0.000000
vt 1.118513 2.475862 0.000000
vt 1.122555 2.310804 0.000000
vt 1.126596 2.310804 0.000000
vt 1.110431 2.475862 0.000000
vt 1.114472 2.310804 0.000000
vt 1.118513 2.310804 0.000000
vt 1.086184 2.640919 0.000000
vt 1.086184 2.475862 0.000000
vt 1.086184 2.310804 0.000000
vt 1.086184 2.145747 0.000000
vt 1.086184 1.980689 0.000000
vt 1.086184 1.760613 0.000000
vt 1.086184 1.540536 0.000000
vt 0.814992 2.640919 0.000000
vt 0.989244 2.475862 0.000000
vt 1.013479 2.475862 0.000000
vt 1.037714 2.475862 0.000000
vt 1.037714 2.310804 0.000000
vt 1.061949 2.310804 0.000000
vt 1.061949 2.145747 0.000000
vt 0.000000 2.640919 0.000000
vt 0.892304 2.475862 0.000000
vt 0.940774 2.475862 0.000000
vt 0.965009 2.475862 0.000000
vt 0.965009 2.310804 0.000000
vt 0.989244 2.310804 0.000000
vt 0.989244 2.145747 0.000000
vt 1.013479 2.145747 0.000000
vt 1.013479 1.980689 0.000000
vt 1.037714 1.980689 0.000000
vt 1.037714 1.760613 0.000000
vt 1.061949 1.760613 0.000000
vt 1.061949 1.540536 0.000000
vt 0.051222 1.943725 0.000000
vt 0.892304 2.310804 0.000000
vt 0.940774 2.310804 0.000000
vt 0.940774 2.145747 0.000000
vt 0.965009 2.145747 0.000000
vt 0.965009 1.980689 0.000000
vt 0.989244 1.980689 0.000000
vt 0.989244 1.760613 0.000000
vt 1.013479 1.760613 0.000000
vt 1.013479 1.540536 0.000000
vt 1.037714 1.540536 0.000000
vt 0.892304 1.760613 0.000000
vt 0.892304 1.980689 0.000000
vt 0.892304 2.145747 0.000000
vt 0.940774 1.980689 0.000000
vt 0.000000 0.000000 0.000000
vt 0.892304 0.165057 0.000000
vt 0.892304 0.330115 0.000000
vt 0.892304 0.495172 0.000000
vt 0.940774 0.330115 0.000000
vt 0.940774 0.495172 0.000000
vt 0.965009 0.330115 0.000000
vt 0.965009 0.495172 0.000000
vt 0.989244 0.330115 0.000000
vt 0.892304 0.082529 0.000000
vt 0.892304 0.000000 0.000000
vt 0.940774 0.000000 0.000000
vt 0.989244 0.000000 0.000000
vt 0.965009 0.082529 0.000000
vt 0.940774 0.082529 0.000000
vt 1.037714 0.000000 0.000000
vt 1.013479 0.082529 0.000000
vt 0.989244 0.082529 0.000000
vt 0.965009 0.165057 0.000000
vt 0.940774 0.165057 0.000000
vt 1.037714 0.082529 0.000000
vt 1.013479 0.165057 0.000000
vt 0.989244 0.165057 0.000000
vt 1.118513 0.000000 0.000000
vt 1.102349 0.082529 0.000000
vt 1.098308 0.082529 0.000000
vt 1.150843 0.000000 0.000000
vt 1.126596 0.082529 0.000000
vt 1.122555 0.082529 0.000000
vt 1.118513 0.082529 0.000000
vt 1.118513 0.165057 0.000000
vt 1.114472 0.165057 0.000000
vt 1.114472 0.330115 0.000000
vt 1.110431 0.330115 0.000000
vt 1.110431 0.495172 0.000000
vt 1.106390 0.495172 0.000000
vt 1.106390 0.577701 0.000000
vt 1.102349 0.577701 0.000000
vt 1.102349 0.660230 0.000000
vt 1.098308 0.660230 0.000000
vt 1.098308 0.825287 0.000000
vt 1.183172 0.000000 0.000000
vt 1.150843 0.082529 0.000000
vt 1.134678 0.082529 0.000000
vt 1.126596 0.165057 0.000000
vt 1.122555 0.165057 0.000000
vt 1.122555 0.330115 0.000000
vt 1.118513 0.330115 0.000000
vt 1.118513 0.495172 0.000000
vt 1.114472 0.495172 0.000000
vt 1.114472 0.577701 0.000000
vt 1.110431 0.577701 0.000000
vt 1.110431 0.660230 0.000000
vt 1.106390 0.660230 0.000000
vt 1.106390 0.825287 0.000000
vt 1.102349 0.825287 0.000000
vt 1.102349 0.990345 0.000000
vt 1.098308 0.990345 0.000000
vt 1.098308 1.155402 0.000000
vt 1.215501 0.000000 0.000000
vt 1.183172 0.082529 0.000000
vt 1.167007 0.082529 0.000000
vt 1.150843 0.165057 0.000000
vt 1.134678 0.165057 0.000000
vt 1.134678 0.330115 0.000000
vt 1.126596 0.330115 0.000000
vt 1.126596 0.495172 0.000000
vt 1.122555 0.495172 0.000000
vt 1.122555 0.577701 0.000000
vt 1.118513 0.577701 0.000000
vt 1.118513 0.660230 0.000000
vt 1.114472 0.660230 0.000000
vt 1.114472 0.825287 0.000000
vt 1.110431 0.825287 0.000000
vt 1.110431 0.990345 0.000000
vt 1.106390 0.990345 0.000000
vt 1.106390 1.155402 0.000000
vt 1.102349 1.155402 0.000000
vt 1.102349 1.320460 0.000000
vt 1.098308 1.320460 0.000000
vt 1.098308 1.540536 0.000000
vt 1.263996 0.000000 0.000000
vt 1.215501 0.082529 0.000000
vt 1.207419 0.082529 0.000000
vt 1.199337 0.082529 0.000000
vt 1.199337 0.165057 0.000000
vt 1.183172 0.165057 0.000000
vt 1.183172 0.330115 0.000000
vt 1.167007 0.330115 0.000000
vt 1.167007 0.495172 0.000000
vt 1.150843 0.495172 0.000000
vt 1.150843 0.577701 0.000000
vt 1.134678 0.577701 0.000000
vt 1.134678 0.660230 0.000000
vt 1.126596 0.660230 0.000000
vt 1.126596 0.825287 0.000000
vt 1.122555 0.825287 0.000000
vt 1.122555 0.990345 0.000000
vt 1.118513 0.990345 0.000000
vt 1.118513 1.155402 0.000000
vt 1.114472 1.155402 0.000000
vt 1.114472 1.320460 0.000000
vt 1.110431 1.320460 0.000000
vt 1.110431 1.540536 0.000000
vt 1.106390 1.540536 0.000000
vt 1.106390 1.760613 0.000000
vt 1.102349 1.760613 0.000000
vt 1.102349 1.980689 0.000000
vt 1.098308 1.980689 0.000000
vt 1.098308 2.145747 0.000000
vt 1.312490 0.000000 0.000000
vt 1.280161 0.082529 0.000000
vt 1.215501 0.165057 0.000000
vt 1.360985 0.000000 0.000000
vt 0.892304 0.660230 0.000000
vt 0.892304 0.577701 0.000000
vt 0.940774 0.577701 0.000000
vt 1.706914 0.825287 0.000000
vt 1.409479 0.825287 0.000000
vt 1.344820 0.825287 0.000000
vt 1.280161 0.825287 0.000000
vt 1.215501 0.825287 0.000000
vt 1.207419 0.825287 0.000000
vt 1.199337 0.825287 0.000000
vt 0.892304 1.540536 0.000000
vt 0.940774 1.540536 0.000000
vt 0.965009 1.540536 0.000000
vt 0.989244 1.540536 0.000000
vt 2.004348 1.540536 0.000000
vt 2.004348 1.760613 0.000000
vt 1.207419 0.165057 0.000000
vt 1.207419 0.330115 0.000000
vt 1.167007 0.165057 0.000000
vt 1.114472 0.082529 0.000000
vt 1.110431 0.082529 0.000000
vt 1.106390 0.082529 0.000000
vt 1.106390 0.165057 0.000000
vt 1.102349 0.165057 0.000000
vt 1.102349 0.330115 0.000000
vt 1.098308 0.330115 0.000000
vt 1.098308 0.495172 0.000000
vt 1.110431 0.165057 0.000000
vt 1.098308 0.165057 0.000000
vt 1.086184 0.165057 0.000000
vt 1.086184 0.330115 0.000000
vt 1.086184 0.495172 0.000000
vt 1.086184 0.577701 0.000000
vt 1.086184 0.660230 0.000000
vt 1.086184 0.825287 0.000000
vt 1.086184 0.990345 0.000000
vt 1.061949 0.330115 0.000000
vt 1.061949 0.495172 0.000000
vt 1.061949 0.577701 0.000000
vt 1.061949 0.660230 0.000000
vt 1.061949 0.825287 0.000000
vt 1.061949 0.990345 0.000000
vt 1.106390 0.330115 0.000000
vt 1.150843 0.330115 0.000000
vt 1.199337 0.330115 0.000000
vt 1.199337 0.495172 0.000000
vt 1.183172 0.495172 0.000000
vt 1.167007 0.577701 0.000000
vt 1.150843 0.660230 0.000000
vt 1.134678 0.825287 0.000000
vt 1.126596 0.990345 0.000000
vt 1.122555 1.155402 0.000000
vt 1.118513 1.320460 0.000000
vt 1.114472 1.540536 0.000000
vt 1.110431 1.760613 0.000000
vt 1.106390 1.980689 0.000000
vt 1.102349 2.145747 0.000000
vt 1.098308 2.310804 0.000000
vt 1.134678 0.495172 0.000000
vt 1.126596 0.577701 0.000000
vt 1.122555 0.660230 0.000000
vt 1.118513 0.825287 0.000000
vt 1.114472 0.990345 0.000000
vt 1.110431 1.155402 0.000000
vt 1.106390 1.320460 0.000000
vt 1.102349 1.540536 0.000000
vt 1.098308 1.760613 0.000000
vt 1.102349 0.495172 0.000000
vt 1.098308 0.577701 0.000000
vt 1.037714 0.495172 0.000000
vt 1.013479 0.577701 0.000000
vt 0.989244 0.660230 0.000000
vt 0.965009 0.825287 0.000000
vt 0.940774 0.990345 0.000000
vt 1.183172 0.577701 0.000000
vt 1.037714 0.577701 0.000000
vt 1.037714 0.660230 0.000000
vt 1.037714 0.825287 0.000000
vt 1.037714 0.990345 0.000000
vt 1.150843 0.825287 0.000000
vt 1.167007 0.660230 0.000000
vt 1.134678 0.990345 0.000000
vt 1.126596 1.155402 0.000000
vt 1.122555 1.320460 0.000000
vt 1.118513 1.540536 0.000000
vt 1.114472 1.760613 0.000000
vt 1.110431 1.980689 0.000000
vt 1.106390 2.145747 0.000000
vt 1.102349 2.310804 0.000000
vt 1.013479 0.825287 0.000000
vt 1.013479 0.660230 0.000000
vt 0.989244 0.825287 0.000000
vt 1.013479 0.990345 0.000000
vt 0.965009 0.990345 0.000000
vt 0.989244 0.990345 0.000000
vt 1.706914 1.320460 0.000000
vt 1.706914 1.540536 0.000000
vt 1.706914 1.760613 0.000000
vt 1.409479 1.320460 0.000000
vt 1.409479 1.540536 0.000000
vt 1.409479 1.760613 0.000000
vt 1.344820 1.320460 0.000000
vt 1.344820 1.540536 0.000000
vt 1.344820 1.760613 0.000000
vt 1.280161 1.320460 0.000000
vt 1.280161 1.540536 0.000000
vt 1.280161 1.760613 0.000000
vt 1.215501 1.320460 0.000000
vt 1.215501 1.540536 0.000000
vt 1.215501 1.760613 0.000000
vt 1.207419 1.320460 0.000000
vt 1.207419 1.540536 0.000000
vt 1.207419 1.760613 0.000000
vt 1.199337 1.320460 0.000000
vt 1.199337 1.540536 0.000000
vt 1.199337 1.760613 0.000000
vt 1.183172 1.320460 0.000000
vt 1.183172 1.540536 0.000000
vt 1.183172 1.760613 0.000000
vt 1.167007 1.320460 0.000000
vt 1.167007 1.540536 0.000000
vt 1.167007 1.760613 0.000000
vt 1.150843 1.320460 0.000000
vt 1.150843 1.540536 0.000000
vt 1.150843 1.760613 0.000000
vt 1.134678 1.760613 0.000000
vt 1.134678 1.540536 0.000000
vt 1.126596 1.760613 0.000000
vt 1.061949 1.980689 0.000000
vt 1.037714 2.145747 0.000000
vt 1.013479 2.310804 0.000000
vt 0.965009 1.760613 0.000000
vt 0.940774 1.760613 0.000000
vt 1.061949 2.475862 0.000000
vt 1.167007 2.310804 0.000000
vt 1.344820 2.310804 0.000000
vt 2.234227 0.193918 0.000000
vt 2.004348 0.082529 0.000000
vt 2.301783 0.000000 0.000000
vt 1.706914 0.082529 0.000000
vt 1.409479 0.000000 0.000000
vt 1.409479 0.082529 0.000000
vt 1.344820 0.082529 0.000000
vt 1.344820 0.165057 0.000000
vt 1.280161 0.165057 0.000000
vt 1.280161 0.330115 0.000000
vt 1.215501 0.330115 0.000000
vt 1.215501 0.495172 0.000000
vt 1.207419 0.495172 0.000000
vt 1.207419 0.577701 0.000000
vt 1.199337 0.577701 0.000000
vt 1.199337 0.660230 0.000000
vt 1.183172 0.660230 0.000000
vt 1.183172 0.825287 0.000000
vt 1.167007 0.825287 0.000000
vt 1.167007 0.990345 0.000000
vt 1.150843 0.990345 0.000000
vt 1.150843 1.155402 0.000000
vt 1.134678 1.155402 0.000000
vt 1.134678 1.320460 0.000000
vt 1.126596 1.320460 0.000000
vt 1.126596 1.540536 0.000000
vt 1.122555 1.540536 0.000000
vt 1.122555 1.760613 0.000000
vt 1.118513 1.760613 0.000000
vt 1.118513 1.980689 0.000000
vt 1.114472 1.980689 0.000000
vt 1.114472 2.145747 0.000000
vt 1.110431 2.145747 0.000000
vt 1.110431 2.310804 0.000000
vt 1.106390 2.310804 0.000000
vt 1.106390 2.475862 0.000000
vt 1.102349 2.475862 0.000000
vt 1.102349 2.640919 0.000000
vt 1.098308 2.475862 0.000000
vt 1.094267 2.640919 0.000000
vt 1.094267 2.475862 0.000000
vt 1.090225 2.475862 0.000000
vt 1.094267 2.310804 0.000000
vt 1.090225 2.310804 0.000000
vt 1.094267 2.145747 0.000000
vt 1.090225 2.145747 0.000000
vt 1.094267 1.980689 0.000000
vt 1.090225 1.980689 0.000000
vt 1.094267 1.760613 0.000000
vt 1.090225 1.760613 0.000000
vt 1.094267 1.540536 0.000000
vt 1.090225 1.540536 0.000000
vt 1.094267 1.320460 0.000000
vt 1.090225 1.320460 0.000000
vt 1.094267 1.155402 0.000000
vt 1.090225 1.155402 0.000000
vt 1.094267 0.990345 0.000000
vt 1.090225 0.990345 0.000000
vt 1.094267 0.825287 0.000000
vt 1.090225 0.825287 0.000000
vt 1.094267 0.660230 0.000000
vt 1.090225 0.660230 0.000000
vt 1.094267 0.577701 0.000000
vt 1.090225 0.577701 0.000000
vt 1.094267 0.495172 0.000000
vt 1.090225 0.495172 0.000000
vt 1.094267 0.330115 0.000000
vt 1.090225 0.330115 0.000000
vt 1.094267 0.165057 0.000000
vt 1.090225 0.165057 0.000000
vt 1.094267 0.082529 0.000000
vt 1.090225 0.082529 0.000000
vt 1.086184 0.000000 0.000000
vt 1.086184 0.082529 0.000000
vt 1.061949 0.082529 0.000000
vt 1.061949 0.165057 0.000000
vt 1.037714 0.165057 0.000000
vt 1.037714 0.330115 0.000000
vt 1.013479 0.330115 0.000000
vt 1.013479 0.495172 0.000000
vt 0.989244 0.495172 0.000000
vt 0.989244 0.577701 0.000000
vt 0.965009 0.577701 0.000000
vt 0.965009 0.660230 0.000000
vt 0.940774 0.660230 0.000000
vt 0.940774 0.825287 0.000000
vt 0.892304 0.825287 0.000000
vt 0.892304 0.990345 0.000000
vt 0.114435 0.613341 0.000000
vt 0.096428 1.265066 0.000000
vt 0.892304 1.155402 0.000000
vt 0.892304 1.320460 0.000000
vt 0.940774 1.155402 0.000000
vt 0.940774 1.320460 0.000000
vt 0.965009 1.155402 0.000000
vt 0.965009 1.320460 0.000000
vt 0.989244 1.155402 0.000000
vt 0.989244 1.320460 0.000000
vt 1.013479 1.155402 0.000000
vt 1.013479 1.320460 0.000000
vt 1.037714 1.155402 0.000000
vt 1.037714 1.320460 0.000000
vt 1.061949 1.155402 0.000000
vt 1.061949 1.320460 0.000000
vt 1.086184 1.155402 0.000000
vt 1.086184 1.320460 0.000000
vt 2.201442 0.421756 0.000000
vt 2.004348 0.330115 0.000000
vt 2.004348 0.165057 0.000000
vt 1.706914 0.165057 0.000000
vt 1.409479 0.165057 0.000000
vt 2.191244 0.700050 0.000000
vt 2.004348 0.577701 0.000000
vt 2.004348 0.495172 0.000000
vt 1.706914 0.495172 0.000000
vt 1.706914 0.330115 0.000000
vt 1.409479 0.495172 0.000000
vt 1.409479 0.330115 0.000000
vt 1.344820 0.495172 0.000000
vt 1.344820 0.330115 0.000000
vt 1.280161 0.495172 0.000000
vt 2.198161 1.032435 0.000000
vt 2.004348 0.825287 0.000000
vt 2.004348 0.660230 0.000000
vt 1.706914 0.660230 0.000000
vt 1.706914 0.577701 0.000000
vt 1.409479 0.660230 0.000000
vt 1.409479 0.577701 0.000000
vt 1.344820 0.660230 0.000000
vt 1.344820 0.577701 0.000000
vt 1.280161 0.660230 0.000000
vt 1.280161 0.577701 0.000000
vt 1.215501 0.660230 0.000000
vt 1.215501 0.577701 0.000000
vt 1.207419 0.660230 0.000000
vt 2.243398 1.824019 0.000000
vt 2.004348 1.320460 0.000000
vt 2.004348 1.155402 0.000000
vt 2.004348 0.990345 0.000000
vt 1.706914 1.155402 0.000000
vt 1.706914 0.990345 0.000000
vt 1.409479 1.155402 0.000000
vt 1.409479 0.990345 0.000000
vt 1.344820 1.155402 0.000000
vt 1.344820 0.990345 0.000000
vt 1.280161 1.155402 0.000000
vt 1.280161 0.990345 0.000000
vt 1.215501 1.155402 0.000000
vt 1.215501 0.990345 0.000000
vt 1.207419 1.155402 0.000000
vt 1.207419 0.990345 0.000000
vt 1.199337 1.155402 0.000000
vt 1.199337 0.990345 0.000000
vt 1.183172 1.155402 0.000000
vt 1.183172 0.990345 0.000000
vt 1.167007 1.155402 0.000000
vt 2.301783 2.640919 0.000000
vt 2.004348 2.310804 0.000000
vt 2.004348 2.145747 0.000000
vt 2.004348 1.980689 0.000000
vt 1.706914 2.145747 0.000000
vt 1.706914 1.980689 0.000000
vt 1.409479 2.145747 0.000000
vt 1.409479 1.980689 0.000000
vt 1.344820 2.145747 0.000000
vt 1.344820 1.980689 0.000000
vt 1.280161 2.145747 0.000000
vt 1.280161 1.980689 0.000000
vt 1.215501 2.145747 0.000000
vt 1.215501 1.980689 0.000000
vt 1.207419 2.145747 0.000000
vt 1.207419 1.980689 0.000000
vt 1.199337 2.145747 0.000000
vt 1.199337 1.980689 0.000000
vt 1.183172 2.145747 0.000000
vt 1.183172 1.980689 0.000000
vt 1.167007 2.145747 0.000000
vt 1.167007 1.980689 0.000000
vt 1.150843 2.145747 0.000000
vt 1.150843 1.980689 0.000000
vt 1.134678 2.145747 0.000000
vt 1.134678 1.980689 0.000000
vt 1.126596 2.145747 0.000000
vt 1.126596 1.980689 0.000000
vt 1.122555 2.145747 0.000000
vt 1.122555 1.980689 0.000000
vt 1.118513 2.145747 0.000000
vt 2.004348 2.475862 0.000000
vt 1.409479 2.640919 0.000000
vt 1.706914 2.475862 0.000000
vt 1.409479 2.475862 0.000000
vt 1.706914 2.310804 0.000000
vt 1.409479 2.310804 0.000000
vt 1.344820 2.475862 0.000000
vt 1.215501 2.640919 0.000000
vt 1.280161 2.475862 0.000000
vt 1.215501 2.475862 0.000000
vt 1.280161 2.310804 0.000000
vt 1.215501 2.310804 0.000000
vt 1.207419 2.640919 0.000000
vt 1.207419 2.475862 0.000000
vt 1.207419 2.310804 0.000000
vt 1.199337 2.640919 0.000000
vt 1.199337 2.475862 0.000000
vt 1.199337 2.310804 0.000000
vt 1.191254 2.640919 0.000000
vt 1.183172 2.475862 0.000000
vt 1.183172 2.310804 0.000000
vt 1.183172 2.640919 0.000000
vt 1.175090 2.640919 0.000000
vt 1.167007 2.475862 0.000000
vt 1.167007 2.640919 0.000000
vt 1.158925 2.640919 0.000000
vt 1.150843 2.475862 0.000000
vt 1.150843 2.640919 0.000000
vt 1.142760 2.640919 0.000000
vt 1.134678 2.475862 0.000000
vt 1.134678 2.640919 0.000000
vt 1.126596 2.640919 0.000000
vt 1.118513 2.640919 0.000000
vt 1.122555 2.475862 0.000000
vt 1.126596 2.475862 0.000000
vt 1.134678 2.310804 0.000000
vt 1.150843 2.310804 0.000000
vt 1.110431 2.640919 0.000000
vt 1.114472 2.475862 0.000000
vt 1.118513 2.475862 0.000000
vt 1.122555 2.310804 0.000000
vt 1.126596 2.310804 0.000000
vt 1.110431 2.475862 0.000000
vt 1.114472 2.310804 0.000000
vt 1.118513 2.310804 0.000000
vt 1.086184 2.640919 0.000000
vt 1.086184 2.475862 0.000000
vt 1.086184 2.310804 0.000000
vt 1.086184 2.145747 0.000000
vt 1.086184 1.980689 0.000000
vt 1.086184 1.760613 0.000000
vt 1.086184 1.540536 0.000000
vt 0.814992 2.640919 0.000000
vt 0.989244 2.475862 0.000000
vt 1.013479 2.475862 0.000000
vt 1.037714 2.475862 0.000000
vt 1.037714 2.310804 0.000000
vt 1.061949 2.310804 0.000000
vt 1.061949 2.145747 0.000000
vt 0.000000 2.640919 0.000000
vt 0.892304 2.475862 0.000000
vt 0.940774 2.475862 0.000000
vt 0.965009 2.475862 0.000000
vt 0.965009 2.310804 0.000000
vt 0.989244 2.310804 0.000000
vt 0.989244 2.145747 0.000000
vt 1.013479 2.145747 0.000000
vt 1.013479 1.980689 0.000000
vt 1.037714 1.980689 0.000000
vt 1.037714 1.760613 0.000000
vt 1.061949 1.760613 0.000000
vt 1.061949 1.540536 0.000000
vt 0.051222 1.943725 0.000000
vt 0.892304 2.310804 0.000000
vt 0.940774 2.310804 0.000000
vt 0.940774 2.145747 0.000000
vt 0.965009 2.145747 0.000000
vt 0.965009 1.980689 0.000000
vt 0.989244 1.980689 0.000000
vt 0.989244 1.760613 0.000000
vt 1.013479 1.760613 0.000000
vt 1.013479 1.540536 0.000000
vt 1.037714 1.540536 0.000000
vt 0.892304 1.760613 0.000000
vt 0.892304 1.980689 0.000000
vt 0.892304 2.145747 0.000000
vt 0.940774 1.980689 0.000000
vt 0.000000 0.000000 0.000000
vt 0.892304 0.165057 0.000000
vt 0.892304 0.330115 0.000000
vt 0.892304 0.495172 0.000000
vt 0.940774 0.330115 0.000000
vt 0.940774 0.495172 0.000000
vt 0.965009 0.330115 0.000000
vt 0.965009 0.495172 0.000000
vt 0.989244 0.330115 0.000000
vt 0.892304 0.082529 0.000000
vt 0.892304 0.000000 0.000000
vt 0.940774 0.000000 0.000000
vt 0.989244 0.000000 0.000000
vt 0.965009 0.082529 0.000000
vt 0.940774 0.082529 0.000000
vt 1.037714 0.000000 0.000000
vt 1.013479 0.082529 0.000000
vt 0.989244 0.082529 0.000000
vt 0.965009 0.165057 0.000000
vt 0.940774 0.165057 0.000000
vt 1.037714 0.082529 0.000000
vt 1.013479 0.165057 0.000000
vt 0.989244 0.165057 0.000000
vt 1.118513 0.000000 0.000000
vt 1.102349 0.082529 0.000000
vt 1.098308 0.082529 0.000000
vt 1.150843 0.000000 0.000000
vt 1.126596 0.082529 0.000000
vt 1.122555 0.082529 0.000000
vt 1.118513 0.082529 0.000000
vt 1.118513 0.165057 0.000000
vt 1.114472 0.165057 0.000000
vt 1.114472 0.330115 0.000000
vt 1.110431 0.330115 0.000000
vt 1.110431 0.495172 0.000000
vt 1.106390 0.495172 0.000000
vt 1.106390 0.577701 0.000000
vt 1.102349 0.577701 0.000000
vt 1.102349 0.660230 0.000000
vt 1.098308 0.660230 0.000000
vt 1.098308 0.825287 0.000000
vt 1.183172 0.000000 0.000000
vt 1.150843 0.082529 0.000000
vt 1.134678 0.082529 0.000000
vt 1.126596 0.165057 0.000000
vt 1.122555 0.165057 0.000000
vt 1.122555 0.330115 0.000000
vt 1.118513 0.330115 0.000000
vt 1.118513 0.495172 0.000000
vt 1.114472 0.495172 0.000000
vt 1.114472 0.577701 0.000000
vt 1.110431 0.577701 0.000000
vt 1.110431 0.660230 0.000000
vt 1.106390 0.660230 0.000000
vt 1.106390 0.825287 0.000000
vt 1.102349 0.825287 0.000000
vt 1.102349 0.990345 0.000000
vt 1.098308 0.990345 0.000000
vt 1.098308 1.155402 0.000000
vt 1.215501 0.000000 0.000000
vt 1.183172 0.082529 0.000000
vt 1.167007 0.082529 0.000000
vt 1.150843 0.165057 0.000000
vt 1.134678 0.165057 0.000000
vt 1.134678 0.330115 0.000000
vt 1.126596 0.330115 0.000000
vt 1.126596 0.495172 0.000000
vt 1.122555 0.495172 0.000000
vt 1.122555 0.577701 0.000000
vt 1.118513 0.577701 0.000000
vt 1.118513 0.660230 0.000000
vt 1.114472 0.660230 0.000000
vt 1.114472 0.825287 0.000000
vt 1.110431 0.825287 0.000000
vt 1.110431 0.990345 0.000000
vt 1.106390 0.990345 0.000000
vt 1.106390 1.155402 0.000000
vt 1.102349 1.155402 0.000000
vt 1.102349 1.320460 0.000000
vt 1.098308 1.320460 0.000000
vt 1.098308 1.540536 0.000000
vt 1.263996 0.000000 0.000000
vt 1.215501 0.082529 0.000000
vt 1.207419 0.082529 0.000000
vt 1.199337 0.082529 0.000000
vt 1.199337 0.165057 0.000000
vt 1.183172 0.165057 0.000000
vt 1.183172 0.330115 0.000000
vt 1.167007 0.330115 0.000000
vt 1.167007 0.495172 0.000000
vt 1.150843 0.495172 0.000000
vt 1.150843 0.577701 0.000000
vt 1.134678 0.577701 0.000000
vt 1.134678 0.660230 0.000000
vt 1.126596 0.660230 0.000000
vt 1.126596 0.825287 0.000000
vt 1.122555 0.825287 0.000000
vt 1.122555 0.990345 0.000000
vt 1.118513 0.990345 0.000000
vt 1.118513 1.155402 0.000000
vt 1.114472 1.155402 0.000000
vt 1.114472 1.320460 0.000000
vt 1.110431 1.320460 0.000000
vt 1.110431 1.540536 0.000000
vt 1.106390 1.540536 0.000000
vt 1.106390 1.760613 0.000000
vt 1.102349 1.760613 0.000000
vt 1.102349 1.980689 0.000000
vt 1.098308 1.980689 0.000000
vt 1.098308 2.145747 0.000000
vt 1.312490 0.000000 0.000000
vt 1.280161 0.082529 0.000000
vt 1.215501 0.165057 0.000000
vt 1.360985 0.000000 0.000000
vt 0.892304 0.660230 0.000000
vt 0.892304 0.577701 0.000000
vt 0.940774 0.577701 0.000000
vt 1.706914 0.825287 0.000000
vt 1.409479 0.825287 0.000000
vt 1.344820 0.825287 0.000000
vt 1.280161 0.825287 0.000000
vt 1.215501 0.825287 0.000000
vt 1.207419 0.825287 0.000000
vt 1.199337 0.825287 0.000000
vt 0.892304 1.540536 0.000000
vt 0.940774 1.540536 0.000000
vt 0.965009 1.540536 0.000000
vt 0.989244 1.540536 0.000000
vt 2.004348 1.540536 0.000000
vt 2.004348 1.760613 0.000000
vt 1.207419 0.165057 0.000000
vt 1.207419 0.330115 0.000000
vt 1.167007 0.165057 0.000000
vt 1.114472 0.082529 0.000000
vt 1.110431 0.082529 0.000000
vt 1.106390 0.082529 0.000000
vt 1.106390 0.165057 0.000000
vt 1.102349 0.165057 0.000000
vt 1.102349 0.330115 0.000000
vt 1.098308 0.330115 0.000000
vt 1.098308 0.495172 0.000000
vt 1.110431 0.165057 0.000000
vt 1.098308 0.165057 0.000000
vt 1.086184 0.165057 0.000000
vt 1.086184 0.330115 0.000000
vt 1.086184 0.495172 0.000000
vt 1.086184 0.577701 0.000000
vt 1.086184 0.660230 0.000000
vt 1.086184 0.825287 0.000000
vt 1.086184 0.990345 0.000000
vt 1.061949 0.330115 0.000000
vt 1.061949 0.495172 0.000000
vt 1.061949 0.577701 0.000000
vt 1.061949 0.660230 0.000000
vt 1.061949 0.825287 0.000000
vt 1.061949 0.990345 0.000000
vt 1.106390 0.330115 0.000000
vt 1.150843 0.330115 0.000000
vt 1.199337 0.330115 0.000000
vt 1.199337 0.495172 0.000000
vt 1.183172 0.495172 0.000000
vt 1.167007 0.577701 0.000000
vt 1.150843 0.660230 0.000000
vt 1.134678 0.825287 0.000000
vt 1.126596 0.990345 0.000000
vt 1.122555 1.155402 0.000000
vt 1.118513 1.320460 0.000000
vt 1.114472 1.540536 0.000000
vt 1.110431 1.760613 0.000000
vt 1.106390 1.980689 0.000000
vt 1.102349 2.145747 0.000000
vt 1.098308 2.310804 0.000000
vt 1.134678 0.495172 0.000000
vt 1.126596 0.577701 0.000000
vt 1.122555 0.660230 0.000000
vt 1.118513 0.825287 0.000000
vt 1.114472 0.990345 0.000000
vt 1.110431 1.155402 0.000000
vt 1.106390 1.320460 0.000000
vt 1.102349 1.540536 0.000000
vt 1.098308 1.760613 0.000000
vt 1.102349 0.495172 0.000000
vt 1.098308 0.577701 0.000000
vt 1.037714 0.495172 0.000000
vt 1.013479 0.577701 0.000000
vt 0.989244 0.660230 0.000000
vt 0.965009 0.825287 0.000000
vt 0.940774 0.990345 0.000000
vt 1.183172 0.577701 0.000000
vt 1.037714 0.577701 0.000000
vt 1.037714 0.660230 0.000000
vt 1.037714 0.825287 0.000000
vt 1.037714 0.990345 0.000000
vt 1.150843 0.825287 0.000000
vt 1.167007 0.660230 0.000000
vt 1.134678 0.990345 0.000000
vt 1.126596 1.155402 0.000000
vt 1.122555 1.320460 0.000000
vt 1.118513 1.540536 0.000000
vt 1.114472 1.760613 0.000000
vt 1.110431 1.980689 0.000000
vt 1.106390 2.145747 0.000000
vt 1.102349 2.310804 0.000000
vt 1.013479 0.825287 0.000000
vt 1.013479 0.660230 0.000000
vt 0.989244 0.825287 0.000000
vt 1.013479 0.990345 0.000000
vt 0.965009 0.990345 0.000000
vt 0.989244 0.990345 0.000000
vt 1.706914 1.320460 0.000000
vt 1.706914 1.540536 0.000000
vt 1.706914 1.760613 0.000000
vt 1.409479 1.320460 0.000000
vt 1.409479 1.540536 0.000000
vt 1.409479 1.760613 0.000000
vt 1.344820 1.320460 0.000000
vt 1.344820 1.540536 0.000000
vt 1.344820 1.760613 0.000000
vt 1.280161 1.320460 0.000000
vt 1.280161 1.540536 0.000000
vt 1.280161 1.760613 0.000000
vt 1.215501 1.320460 0.000000
vt 1.215501 1.540536 0.000000
vt 1.215501 1.760613 0.000000
vt 1.207419 1.320460 0.000000
vt 1.207419 1.540536 0.000000
vt 1.207419 1.760613 0.000000
vt 1.199337 1.320460 0.000000
vt 1.199337 1.540536 0.000000
vt 1.199337 1.760613 0.000000
vt 1.183172 1.320460 0.000000
vt 1.183172 1.540536 0.000000
vt 1.183172 1.760613 0.000000
vt 1.167007 1.320460 0.000000
vt 1.167007 1.540536 0.000000
vt 1.167007 1.760613 0.000000
vt 1.150843 1.320460 0.000000
vt 1.150843 1.540536 0.000000
vt 1.150843 1.760613 0.000000
vt 1.134678 1.760613 0.000000
vt 1.134678 1.540536 0.000000
vt 1.126596 1.760613 0.000000
vt 1.061949 1.980689 0.000000
vt 1.037714 2.145747 0.000000
vt 1.013479 2.310804 0.000000
vt 0.965009 1.760613 0.000000
vt 0.940774 1.760613 0.000000
vt 1.061949 2.475862 0.000000
vt 1.167007 2.310804 0.000000
vt 1.344820 2.310804 0.000000
vt -0.813530 0.000000 0.000000
vt -0.000000 0.000000 0.000000
vt -0.892435 0.220071 0.000000
vt -0.051172 0.697193 0.000000
vt -0.892435 0.440143 0.000000
vt -0.892435 0.660214 0.000000
vt -0.940936 0.660214 0.000000
vt -0.940936 0.825268 0.000000
vt -0.965187 0.825268 0.000000
vt -0.965187 0.990321 0.000000
vt -0.989438 0.990321 0.000000
vt -0.989438 1.155375 0.000000
vt -1.013689 1.155375 0.000000
vt -1.013689 1.320428 0.000000
vt -1.037939 1.320428 0.000000
vt -1.037939 1.540500 0.000000
vt -1.062190 1.540500 0.000000
vt -1.062190 1.760571 0.000000
vt -1.086441 1.760571 0.000000
vt -1.086441 1.980642 0.000000
vt -1.090483 1.980642 0.000000
vt -1.090483 2.145696 0.000000
vt -1.094524 2.145696 0.000000
vt -1.094524 2.310749 0.000000
vt -1.098566 2.310749 0.000000
vt -1.098566 2.475803 0.000000
vt -1.102608 2.475803 0.000000
vt -1.102608 2.558330 0.000000
vt -1.106650 2.558330 0.000000
vt -1.118775 2.640856 0.000000
vt -1.110691 2.558330 0.000000
vt -1.114733 2.558330 0.000000
vt -1.110691 2.475803 0.000000
vt -1.114733 2.475803 0.000000
vt -1.110691 2.310749 0.000000
vt -1.114733 2.310749 0.000000
vt -1.110691 2.145696 0.000000
vt -1.114733 2.145696 0.000000
vt -1.110691 1.980642 0.000000
vt -1.114733 1.980642 0.000000
vt -1.110691 1.760571 0.000000
vt -1.114733 1.760571 0.000000
vt -1.110691 1.540500 0.000000
vt -1.114733 1.540500 0.000000
vt -1.110691 1.320428 0.000000
vt -1.114733 1.320428 0.000000
vt -1.110691 1.155375 0.000000
vt -1.114733 1.155375 0.000000
vt -1.110691 0.990321 0.000000
vt -1.114733 0.990321 0.000000
vt -1.110691 0.825268 0.000000
vt -1.114733 0.825268 0.000000
vt -1.110691 0.660214 0.000000
vt -1.114733 0.660214 0.000000
vt -1.110691 0.440143 0.000000
vt -1.114733 0.440143 0.000000
vt -1.110691 0.220071 0.000000
vt -1.114733 0.220071 0.000000
vt -1.110691 0.000000 0.000000
vt -1.118775 0.000000 0.000000
vt -1.118775 0.220071 0.000000
vt -1.122817 0.220071 0.000000
vt -1.122817 0.440143 0.000000
vt -1.126858 0.440143 0.000000
vt -1.126858 0.660214 0.000000
vt -1.134942 0.660214 0.000000
vt -1.134942 0.825268 0.000000
vt -1.151109 0.825268 0.000000
vt -1.151109 0.990321 0.000000
vt -1.167276 0.990321 0.000000
vt -1.167276 1.155375 0.000000
vt -1.183443 1.155375 0.000000
vt -1.183443 1.320428 0.000000
vt -1.199610 1.320428 0.000000
vt -1.199610 1.540500 0.000000
vt -1.207693 1.540500 0.000000
vt -1.207693 1.760571 0.000000
vt -1.215777 1.760571 0.000000
vt -1.215777 1.980642 0.000000
vt -1.280413 1.980642 0.000000
vt -1.280413 2.145696 0.000000
vt -1.345049 2.145696 0.000000
vt -1.345049 2.310749 0.000000
vt -1.409686 2.310749 0.000000
vt -1.409686 2.475803 0.000000
vt -1.707164 2.475803 0.000000
vt -1.707164 2.558330 0.000000
vt -2.004642 2.558330 0.000000
vt -2.302120 2.640856 0.000000
vt -2.234642 2.446936 0.000000
vt -0.892435 0.825268 0.000000
vt -0.096335 1.375834 0.000000
vt -0.892435 0.990321 0.000000
vt -0.892435 1.155375 0.000000
vt -0.940936 1.155375 0.000000
vt -0.940936 1.320428 0.000000
vt -0.965187 1.320428 0.000000
vt -0.965187 1.540500 0.000000
vt -0.989438 1.540500 0.000000
vt -0.989438 1.760571 0.000000
vt -1.013689 1.760571 0.000000
vt -1.013689 1.980642 0.000000
vt -1.037939 1.980642 0.000000
vt -1.037939 2.145696 0.000000
vt -1.062190 2.145696 0.000000
vt -1.062190 2.310749 0.000000
vt -1.086441 2.310749 0.000000
vt -1.086441 2.475803 0.000000
vt -1.090483 2.475803 0.000000
vt -1.090483 2.558330 0.000000
vt -1.094524 2.558330 0.000000
vt -1.086441 2.640856 0.000000
vt -1.098566 2.558330 0.000000
vt -0.114321 2.027579 0.000000
vt -0.892435 1.540500 0.000000
vt -0.892435 1.320428 0.000000
vt -0.000000 2.640856 0.000000
vt -0.892435 2.475803 0.000000
vt -0.892435 2.310749 0.000000
vt -0.892435 2.145696 0.000000
vt -0.940936 2.310749 0.000000
vt -0.940936 2.145696 0.000000
vt -0.965187 2.310749 0.000000
vt -0.965187 2.145696 0.000000
vt -0.989438 2.310749 0.000000
vt -0.989438 2.145696 0.000000
vt -1.013689 2.310749 0.000000
vt -1.013689 2.145696 0.000000
vt -1.037939 2.310749 0.000000
vt -0.892435 2.558330 0.000000
vt -0.892435 2.640856 0.000000
vt -0.940936 2.640856 0.000000
vt -0.989438 2.640856 0.000000
vt -0.965187 2.558330 0.000000
vt -0.940936 2.558330 0.000000
vt -1.037939 2.640856 0.000000
vt -1.013689 2.558330 0.000000
vt -0.989438 2.558330 0.000000
vt -0.965187 2.475803 0.000000
vt -0.940936 2.475803 0.000000
vt -1.062190 2.558330 0.000000
vt -1.037939 2.558330 0.000000
vt -1.013689 2.475803 0.000000
vt -0.989438 2.475803 0.000000
vt -1.151109 2.640856 0.000000
vt -1.126858 2.558330 0.000000
vt -1.122817 2.558330 0.000000
vt -1.118775 2.558330 0.000000
vt -1.118775 2.475803 0.000000
vt -1.183443 2.640856 0.000000
vt -1.151109 2.558330 0.000000
vt -1.134942 2.558330 0.000000
vt -1.126858 2.475803 0.000000
vt -1.122817 2.475803 0.000000
vt -1.122817 2.310749 0.000000
vt -1.118775 2.310749 0.000000
vt -1.118775 2.145696 0.000000
vt -1.215777 2.640856 0.000000
vt -1.183443 2.558330 0.000000
vt -1.167276 2.558330 0.000000
vt -1.151109 2.475803 0.000000
vt -1.134942 2.475803 0.000000
vt -1.134942 2.310749 0.000000
vt -1.126858 2.310749 0.000000
vt -1.126858 2.145696 0.000000
vt -1.122817 2.145696 0.000000
vt -1.122817 1.980642 0.000000
vt -1.118775 1.980642 0.000000
vt -1.118775 1.760571 0.000000
vt -1.264254 2.640856 0.000000
vt -1.215777 2.558330 0.000000
vt -1.207693 2.558330 0.000000
vt -1.199610 2.558330 0.000000
vt -1.199610 2.475803 0.000000
vt -1.183443 2.475803 0.000000
vt -1.183443 2.310749 0.000000
vt -1.167276 2.310749 0.000000
vt -1.167276 2.145696 0.000000
vt -1.151109 2.145696 0.000000
vt -1.151109 1.980642 0.000000
vt -1.134942 1.980642 0.000000
vt -1.134942 1.760571 0.000000
vt -1.126858 1.760571 0.000000
vt -1.126858 1.540500 0.000000
vt -1.122817 1.540500 0.000000
vt -1.122817 1.320428 0.000000
vt -1.118775 1.320428 0.000000
vt -1.118775 1.155375 0.000000
vt -1.312731 2.640856 0.000000
vt -1.280413 2.558330 0.000000
vt -1.215777 2.475803 0.000000
vt -1.280413 2.475803 0.000000
vt -1.215777 2.310749 0.000000
vt -1.280413 2.310749 0.000000
vt -1.215777 2.145696 0.000000
vt -1.361208 2.640856 0.000000
vt -1.345049 2.558330 0.000000
vt -1.345049 2.475803 0.000000
vt -1.409686 2.640856 0.000000
vt -1.409686 2.558330 0.000000
vt -2.201895 2.219110 0.000000
vt -2.004642 2.310749 0.000000
vt -2.004642 2.475803 0.000000
vt -2.004642 2.145696 0.000000
vt -2.191710 1.940837 0.000000
vt -2.004642 1.980642 0.000000
vt -2.004642 1.760571 0.000000
vt -1.707164 1.760571 0.000000
vt -1.707164 1.540500 0.000000
vt -1.409686 1.540500 0.000000
vt -1.409686 1.320428 0.000000
vt -1.345049 1.320428 0.000000
vt -1.345049 1.155375 0.000000
vt -1.280413 1.155375 0.000000
vt -1.280413 0.990321 0.000000
vt -1.215777 0.990321 0.000000
vt -1.215777 0.825268 0.000000
vt -1.207693 0.825268 0.000000
vt -1.207693 0.660214 0.000000
vt -1.199610 0.660214 0.000000
vt -1.199610 0.440143 0.000000
vt -1.183443 0.440143 0.000000
vt -1.183443 0.220071 0.000000
vt -1.167276 0.220071 0.000000
vt -1.175359 0.000000 0.000000
vt -1.167276 0.000000 0.000000
vt -2.198620 1.608475 0.000000
vt -2.004642 1.540500 0.000000
vt -1.707164 1.320428 0.000000
vt -1.409686 1.155375 0.000000
vt -1.345049 0.990321 0.000000
vt -1.280413 0.825268 0.000000
vt -1.215777 0.660214 0.000000
vt -1.207693 0.440143 0.000000
vt -1.199610 0.220071 0.000000
vt -1.191526 0.000000 0.000000
vt -1.183443 0.000000 0.000000
vt -2.243807 0.816917 0.000000
vt -2.004642 1.155375 0.000000
vt -2.004642 1.320428 0.000000
vt -2.302120 0.000000 0.000000
vt -2.004642 0.440143 0.000000
vt -2.004642 0.660214 0.000000
vt -2.004642 0.825268 0.000000
vt -1.707164 0.660214 0.000000
vt -1.707164 0.825268 0.000000
vt -1.409686 0.660214 0.000000
vt -1.409686 0.825268 0.000000
vt -1.345049 0.660214 0.000000
vt -1.345049 0.825268 0.000000
vt -1.280413 0.660214 0.000000
vt -1.215777 0.000000 0.000000
vt -1.707164 0.220071 0.000000
vt -2.004642 0.220071 0.000000
vt -1.707164 0.440143 0.000000
vt -1.409686 0.220071 0.000000
vt -1.409686 0.440143 0.000000
vt -1.345049 0.220071 0.000000
vt -1.345049 0.440143 0.000000
vt -1.280413 0.220071 0.000000
vt -1.280413 0.440143 0.000000
vt -1.215777 0.220071 0.000000
vt -1.215777 0.440143 0.000000
vt -1.207693 0.220071 0.000000
vt -1.207693 0.000000 0.000000
vt -1.199610 0.000000 0.000000
vt -1.159192 0.000000 0.000000
vt -1.151109 0.220071 0.000000
vt -1.167276 0.440143 0.000000
vt -1.151109 0.440143 0.000000
vt -1.167276 0.660214 0.000000
vt -1.151109 0.660214 0.000000
vt -1.167276 0.825268 0.000000
vt -1.151109 0.000000 0.000000
vt -1.143025 0.000000 0.000000
vt -1.134942 0.220071 0.000000
vt -1.134942 0.000000 0.000000
vt -1.126858 0.000000 0.000000
vt -1.126858 0.220071 0.000000
vt -1.134942 0.440143 0.000000
vt -1.106650 0.220071 0.000000
vt -1.102608 0.000000 0.000000
vt -1.102608 0.220071 0.000000
vt -1.098566 0.220071 0.000000
vt -1.102608 0.440143 0.000000
vt -1.098566 0.440143 0.000000
vt -1.102608 0.660214 0.000000
vt -1.098566 0.660214 0.000000
vt -1.102608 0.825268 0.000000
vt -1.098566 0.825268 0.000000
vt -1.102608 0.990321 0.000000
vt -1.098566 0.990321 0.000000
vt -1.102608 1.155375 0.000000
vt -1.098566 1.155375 0.000000
vt -1.102608 1.320428 0.000000
vt -1.098566 1.320428 0.000000
vt -1.102608 1.540500 0.000000
vt -1.098566 1.540500 0.000000
vt -1.102608 1.760571 0.000000
vt -1.098566 1.760571 0.000000
vt -1.102608 1.980642 0.000000
vt -1.098566 1.980642 0.000000
vt -1.102608 2.145696 0.000000
vt -1.098566 2.145696 0.000000
vt -1.102608 2.310749 0.000000
vt -1.094524 0.000000 0.000000
vt -1.094524 0.220071 0.000000
vt -1.094524 0.440143 0.000000
vt -1.094524 0.660214 0.000000
vt -1.094524 0.825268 0.000000
vt -1.094524 0.990321 0.000000
vt -1.094524 1.155375 0.000000
vt -1.094524 1.320428 0.000000
vt -1.094524 1.540500 0.000000
vt -1.094524 1.760571 0.000000
vt -1.094524 1.980642 0.000000
vt -1.090483 0.220071 0.000000
vt -1.086441 0.000000 0.000000
vt -1.086441 0.220071 0.000000
vt -1.062190 0.220071 0.000000
vt -1.086441 0.440143 0.000000
vt -1.062190 0.440143 0.000000
vt -1.086441 0.660214 0.000000
vt -1.062190 0.660214 0.000000
vt -1.086441 0.825268 0.000000
vt -1.062190 0.825268 0.000000
vt -1.086441 0.990321 0.000000
vt -1.062190 0.990321 0.000000
vt -1.086441 1.155375 0.000000
vt -1.062190 1.155375 0.000000
vt -1.086441 1.320428 0.000000
vt -1.062190 1.320428 0.000000
vt -1.086441 1.540500 0.000000
vt -0.989438 0.220071 0.000000
vt -1.013689 0.220071 0.000000
vt -1.037939 0.220071 0.000000
vt -1.037939 0.440143 0.000000
vt -2.004642 0.990321 0.000000
vt -1.707164 0.990321 0.000000
vt -1.409686 0.990321 0.000000
vt -0.892435 1.760571 0.000000
vt -0.892435 1.980642 0.000000
vt -0.940936 0.220071 0.000000
vt -0.965187 0.220071 0.000000
vt -0.989438 0.440143 0.000000
vt -1.013689 0.440143 0.000000
vt -1.013689 0.660214 0.000000
vt -1.037939 0.660214 0.000000
vt -1.037939 0.825268 0.000000
vt -0.940936 0.440143 0.000000
vt -0.965187 0.440143 0.000000
vt -0.965187 0.660214 0.000000
vt -1.090483 0.440143 0.000000
vt -1.090483 0.660214 0.000000
vt -1.090483 0.825268 0.000000
vt -1.090483 0.990321 0.000000
vt -1.090483 1.155375 0.000000
vt -1.090483 1.320428 0.000000
vt -1.090483 1.540500 0.000000
vt -1.090483 1.760571 0.000000
vt -1.106650 0.440143 0.000000
vt -1.106650 0.660214 0.000000
vt -1.106650 0.825268 0.000000
vt -1.106650 0.990321 0.000000
vt -1.106650 1.155375 0.000000
vt -1.106650 1.320428 0.000000
vt -1.106650 1.540500 0.000000
vt -1.106650 1.760571 0.000000
vt -1.106650 1.980642 0.000000
vt -1.106650 2.145696 0.000000
vt -1.106650 2.310749 0.000000
vt -1.106650 2.475803 0.000000
vt -1.118775 0.440143 0.000000
vt -1.118775 0.660214 0.000000
vt -1.118775 0.825268 0.000000
vt -1.118775 0.990321 0.000000
vt -1.183443 0.660214 0.000000
vt -1.199610 0.825268 0.000000
vt -1.183443 0.825268 0.000000
vt -1.199610 0.990321 0.000000
vt -1.183443 0.990321 0.000000
vt -1.199610 1.155375 0.000000
vt -1.122817 0.660214 0.000000
vt -1.126858 0.825268 0.000000
vt -1.122817 0.825268 0.000000
vt -1.126858 0.990321 0.000000
vt -1.122817 0.990321 0.000000
vt -1.126858 1.155375 0.000000
vt -1.122817 1.155375 0.000000
vt -1.126858 1.320428 0.000000
vt -0.989438 0.660214 0.000000
vt -1.013689 0.825268 0.000000
vt -0.989438 0.825268 0.000000
vt -1.013689 0.990321 0.000000
vt -0.940936 0.990321 0.000000
vt -0.965187 1.155375 0.000000
vt -0.989438 1.320428 0.000000
vt -1.013689 1.540500 0.000000
vt -1.037939 1.760571 0.000000
vt -1.062190 1.980642 0.000000
vt -1.086441 2.145696 0.000000
vt -1.090483 2.310749 0.000000
vt -1.094524 2.475803 0.000000
vt -1.037939 0.990321 0.000000
vt -1.134942 0.990321 0.000000
vt -1.151109 1.155375 0.000000
vt -1.167276 1.320428 0.000000
vt -1.183443 1.540500 0.000000
vt -1.199610 1.760571 0.000000
vt -1.207693 1.980642 0.000000
vt -1.207693 0.990321 0.000000
vt -1.215777 1.155375 0.000000
vt -1.280413 1.320428 0.000000
vt -1.345049 1.540500 0.000000
vt -1.409686 1.760571 0.000000
vt -1.707164 1.980642 0.000000
vt -1.707164 1.155375 0.000000
vt -1.215777 1.320428 0.000000
vt -1.280413 1.540500 0.000000
vt -1.215777 1.540500 0.000000
vt -1.280413 1.760571 0.000000
vt -1.207693 1.320428 0.000000
vt -1.207693 1.155375 0.000000
vt -1.151109 1.320428 0.000000
vt -1.167276 1.540500 0.000000
vt -1.151109 1.540500 0.000000
vt -1.167276 1.760571 0.000000
vt -1.151109 1.760571 0.000000
vt -1.167276 1.980642 0.000000
vt -1.134942 1.320428 0.000000
vt -1.134942 1.540500 0.000000
vt -1.134942 1.155375 0.000000
vt -1.118775 1.540500 0.000000
vt -1.037939 1.155375 0.000000
vt -0.940936 1.540500 0.000000
vt -0.940936 1.760571 0.000000
vt -0.940936 1.980642 0.000000
vt -0.965187 1.760571 0.000000
vt -0.989438 1.980642 0.000000
vt -1.122817 1.760571 0.000000
vt -1.126858 1.980642 0.000000
vt -1.134942 2.145696 0.000000
vt -1.151109 2.310749 0.000000
vt -1.167276 2.475803 0.000000
vt -1.183443 1.760571 0.000000
vt -1.199610 1.980642 0.000000
vt -1.207693 2.145696 0.000000
vt -1.345049 1.760571 0.000000
vt -1.409686 1.980642 0.000000
vt -1.707164 2.145696 0.000000
vt -0.965187 1.980642 0.000000
vt -1.183443 2.145696 0.000000
vt -1.183443 1.980642 0.000000
vt -1.199610 2.145696 0.000000
vt -1.199610 2.310749 0.000000
vt -1.207693 2.310749 0.000000
vt -1.409686 2.145696 0.000000
vt -1.345049 1.980642 0.000000
vt -1.707164 2.310749 0.000000
vt -1.207693 2.475803 0.000000
vt -1.086441 2.558330 0.000000
vt -1.062190 2.475803 0.000000
vt -1.037939 2.475803 0.000000
vt -4.016952 0.810012 0.000000
vt -3.543064 1.216589 0.000000
vt -4.016952 1.620036 0.000000
vt -3.069176 1.216589 0.000000
vt -2.121400 1.620036 0.000000
vt -2.595288 1.216589 0.000000
vt -2.121400 1.216589 0.000000
vt -2.121400 0.810012 0.000000
vt -2.107295 0.810012 0.000000
vt -2.107295 0.406571 0.000000
vt -2.093190 0.406571 0.000000
vt -2.093160 0.000000 0.000000
vt -2.079082 0.000000 0.000000
vt -4.016952 0.000000 0.000000
vt -3.543064 0.406571 0.000000
vt -3.543064 0.810012 0.000000
vt -3.069176 0.810012 0.000000
vt -2.595288 0.810012 0.000000
vt -2.594671 0.000000 0.000000
vt -3.069176 0.406571 0.000000
vt -2.121400 0.000000 0.000000
vt -2.121400 0.406571 0.000000
vt -2.595288 0.406571 0.000000
vt -2.107275 0.000000 0.000000
vt -2.079085 0.406571 0.000000
vt -2.065013 0.000000 0.000000
vt -2.064981 0.406571 0.000000
vt -2.050926 0.000004 0.000000
vt -2.050876 0.406571 0.000000
vt -2.036882 0.000108 0.000000
vt -2.036771 0.406571 0.000000
vt -2.022673 0.000050 0.000000
vt -2.022666 0.406571 0.000000
vt -2.008491 0.000000 0.000000
vt -2.008561 0.406571 0.000000
vt -1.994466 0.000052 0.000000
vt -1.994456 0.406571 0.000000
vt -1.980459 0.000105 0.000000
vt -1.980352 0.406571 0.000000
vt -1.966297 0.000005 0.000000
vt -1.966247 0.406571 0.000000
vt -1.952176 0.000000 0.000000
vt -1.952142 0.406571 0.000000
vt -1.938033 0.000000 0.000000
vt -1.938037 0.406571 0.000000
vt -1.923900 0.000000 0.000000
vt -1.923932 0.406571 0.000000
vt -1.909807 0.000000 0.000000
vt -1.909827 0.406571 0.000000
vt -1.895723 0.000000 0.000000
vt -1.895723 0.406571 0.000000
vt -1.557203 0.000000 0.000000
vt -1.421792 0.406571 0.000000
vt -0.947861 0.406571 0.000000
vt -1.421792 0.810012 0.000000
vt -0.947861 0.810012 0.000000
vt -1.421792 1.216589 0.000000
vt -0.947861 1.216589 0.000000
vt -1.419522 1.620036 0.000000
vt -0.473931 1.216589 0.000000
vt -0.000000 1.620036 0.000000
vt -0.000000 0.810012 0.000000
vt -0.473931 0.810012 0.000000
vt -0.473931 0.406571 0.000000
vt -0.000000 0.000000 0.000000
vt -1.895723 1.620036 0.000000
vt -1.895723 1.216589 0.000000
vt -1.895723 0.810012 0.000000
vt -1.909827 1.620036 0.000000
vt -1.909827 1.216589 0.000000
vt -1.909827 0.810012 0.000000
vt -1.923932 1.620036 0.000000
vt -1.923932 1.216589 0.000000
vt -1.923932 0.810012 0.000000
vt -1.938037 1.620036 0.000000
vt -1.938037 1.216589 0.000000
vt -1.938037 0.810012 0.000000
vt -1.952142 1.620036 0.000000
vt -1.952142 1.216589 0.000000
vt -1.952142 0.810012 0.000000
vt -1.966247 1.620036 0.000000
vt -1.966247 1.216589 0.000000
vt -1.966247 0.810012 0.000000
vt -1.980352 1.620036 0.000000
vt -1.980352 1.216589 0.000000
vt -1.980352 0.810012 0.000000
vt -1.994456 1.620036 0.000000
vt -1.994456 1.216589 0.000000
vt -1.994456 0.810012 0.000000
vt -2.008561 1.620036 0.000000
vt -2.008561 1.216589 0.000000
vt -2.008561 0.810012 0.000000
vt -2.022666 1.620036 0.000000
vt -2.022666 1.216589 0.000000
vt -2.022666 0.810012 0.000000
vt -2.036771 1.620036 0.000000
vt -2.036771 1.216589 0.000000
vt -2.036771 0.810012 0.000000
vt -2.050876 1.620036 0.000000
vt -2.050876 1.216589 0.000000
vt -2.050876 0.810012 0.000000
vt -2.064981 1.620036 0.000000
vt -2.064981 1.216589 0.000000
vt -2.064981 0.810012 0.000000
vt -2.079085 1.620036 0.000000
vt -2.079085 1.216589 0.000000
vt -2.079085 0.810012 0.000000
vt -2.093190 1.620036 0.000000
vt -2.093190 1.216589 0.000000
vt -2.093190 0.810012 0.000000
vt -2.107295 1.620036 0.000000
vt -2.107295 1.216589 0.000000
vt 2.234227 0.193918 0.000000
vt 2.004348 0.082529 0.000000
vt 2.301783 0.000000 0.000000
vt 1.706914 0.082529 0.000000
vt 1.409479 0.000000 0.000000
vt 1.409479 0.082529 0.000000
vt 1.344820 0.082529 0.000000
vt 1.344820 0.165057 0.000000
vt 1.280161 0.165057 0.000000
vt 1.280161 0.330115 0.000000
vt 1.215501 0.330115 0.000000
vt 1.215501 0.495172 0.000000
vt 1.207419 0.495172 0.000000
vt 1.207419 0.577701 0.000000
vt 1.199337 0.577701 0.000000
vt 1.199337 0.660230 0.000000
vt 1.183172 0.660230 0.000000
vt 1.183172 0.825287 0.000000
vt 1.167007 0.825287 0.000000
vt 1.167007 0.990345 0.000000
vt 1.150843 0.990345 0.000000
vt 1.150843 1.155402 0.000000
vt 1.134678 1.155402 0.000000
vt 1.134678 1.320460 0.000000
vt 1.126596 1.320460 0.000000
vt 1.126596 1.540536 0.000000
vt 1.122555 1.540536 0.000000
vt 1.122555 1.760613 0.000000
vt 1.118513 1.760613 0.000000
vt 1.118513 1.980689 0.000000
vt 1.114472 1.980689 0.000000
vt 1.114472 2.145747 0.000000
vt 1.110431 2.145747 0.000000
vt 1.110431 2.310804 0.000000
vt 1.106390 2.310804 0.000000
vt 1.106390 2.475862 0.000000
vt 1.102349 2.475862 0.000000
vt 1.102349 2.640919 0.000000
vt 1.098308 2.475862 0.000000
vt 1.094267 2.640919 0.000000
vt 1.094267 2.475862 0.000000
vt 1.090225 2.475862 0.000000
vt 1.094267 2.310804 0.000000
vt 1.090225 2.310804 0.000000
vt 1.094267 2.145747 0.000000
vt 1.090225 2.145747 0.000000
vt 1.094267 1.980689 0.000000
vt 1.090225 1.980689 0.000000
vt 1.094267 1.760613 0.000000
vt 1.090225 1.760613 0.000000
vt 1.094267 1.540536 0.000000
vt 1.090225 1.540536 0.000000
vt 1.094267 1.320460 0.000000
vt 1.090225 1.320460 0.000000
vt 1.094267 1.155402 0.000000
vt 1.090225 1.155402 0.000000
vt 1.094267 0.990345 0.000000
vt 1.090225 0.990345 0.000000
vt 1.094267 0.825287 0.000000
vt 1.090225 0.825287 0.000000
vt 1.094267 0.660230 0.000000
vt 1.090225 0.660230 0.000000
vt 1.094267 0.577701 0.000000
vt 1.090225 0.577701 0.000000
vt 1.094267 0.495172 0.000000
vt 1.090225 0.495172 0.000000
vt 1.094267 0.330115 0.000000
vt 1.090225 0.330115 0.000000
vt 1.094267 0.165057 0.000000
vt 1.090225 0.165057 0.000000
vt 1.094267 0.082529 0.000000
vt 1.090225 0.082529 0.000000
vt 1.086184 0.000000 0.000000
vt 1.086184 0.082529 0.000000
vt 1.061949 0.082529 0.000000
vt 1.061949 0.165057 0.000000
vt 1.037714 0.165057 0.000000
vt 1.037714 0.330115 0.000000
vt 1.013479 0.330115 0.000000
vt 1.013479 0.495172 0.000000
vt 0.989244 0.495172 0.000000
vt 0.989244 0.577701 0.000000
vt 0.965009 0.577701 0.000000
vt 0.965009 0.660230 0.000000
vt 0.940774 0.660230 0.000000
vt 0.940774 0.825287 0.000000
vt 0.892304 0.825287 0.000000
vt 0.892304 0.990345 0.000000
vt 0.114435 0.613341 0.000000
vt 0.096428 1.265066 0.000000
vt 0.892304 1.155402 0.000000
vt 0.892304 1.320460 0.000000
vt 0.940774 1.155402 0.000000
vt 0.940774 1.320460 0.000000
vt 0.965009 1.155402 0.000000
vt 0.965009 1.320460 0.000000
vt 0.989244 1.155402 0.000000
vt 0.989244 1.320460 0.000000
vt 1.013479 1.155402 0.000000
vt 1.013479 1.320460 0.000000
vt 1.037714 1.155402 0.000000
vt 1.037714 1.320460 0.000000
vt 1.061949 1.155402 0.000000
vt 1.061949 1.320460 0.000000
vt 1.086184 1.155402 0.000000
vt 1.086184 1.320460 0.000000
vt 2.201442 0.421756 0.000000
vt 2.004348 0.330115 0.000000
vt 2.004348 0.165057 0.000000
vt 1.706914 0.165057 0.000000
vt 1.409479 0.165057 0.000000
vt 2.191244 0.700050 0.000000
vt 2.004348 0.577701 0.000000
vt 2.004348 0.495172 0.000000
vt 1.706914 0.495172 0.000000
vt 1.706914 0.330115 0.000000
vt 1.409479 0.495172 0.000000
vt 1.409479 0.330115 0.000000
vt 1.344820 0.495172 0.000000
vt 1.344820 0.330115 0.000000
vt 1.280161 0.495172 0.000000
vt 2.198161 1.032435 0.000000
vt 2.004348 0.825287 0.000000
vt 2.004348 0.660230 0.000000
vt 1.706914 0.660230 0.000000
vt 1.706914 0.577701 0.000000
vt 1.409479 0.660230 0.000000
vt 1.409479 0.577701 0.000000
vt 1.344820 0.660230 0.000000
vt 1.344820 0.577701 0.000000
vt 1.280161 0.660230 0.000000
vt 1.280161 0.577701 0.000000
vt 1.215501 0.660230 0.000000
vt 1.215501 0.577701 0.000000
vt 1.207419 0.660230 0.000000
vt 2.243398 1.824019 0.000000
vt 2.004348 1.320460 0.000000
vt 2.004348 1.155402 0.000000
vt 2.004348 0.990345 0.000000
vt 1.706914 1.155402 0.000000
vt 1.706914 0.990345 0.000000
vt 1.409479 1.155402 0.000000
vt 1.409479 0.990345 0.000000
vt 1.344820 1.155402 0.000000
vt 1.344820 0.990345 0.000000
vt 1.280161 1.155402 0.000000
vt 1.280161 0.990345 0.000000
vt 1.215501 1.155402 0.000000
vt 1.215501 0.990345 0.000000
vt 1.207419 1.155402 0.000000
vt 1.207419 0.990345 0.000000
vt 1.199337 1.155402 0.000000
vt 1.199337 0.990345 0.000000
vt 1.183172 1.155402 0.000000
vt 1.183172 0.990345 0.000000
vt 1.167007 1.155402 0.000000
vt 2.301783 2.640919 0.000000
vt 2.004348 2.310804 0.000000
vt 2.004348 2.145747 0.000000
vt 2.004348 1.980689 0.000000
vt 1.706914 2.145747 0.000000
vt 1.706914 1.980689 0.000000
vt 1.409479 2.145747 0.000000
vt 1.409479 1.980689 0.000000
vt 1.344820 2.145747 0.000000
vt 1.344820 1.980689 0.000000
vt 1.280161 2.145747 0.000000
vt 1.280161 1.980689 0.000000
vt 1.215501 2.145747 0.000000
vt 1.215501 1.980689 0.000000
vt 1.207419 2.145747 0.000000
vt 1.207419 1.980689 0.000000
vt 1.199337 2.145747 0.000000
vt 1.199337 1.980689 0.000000
vt 1.183172 2.145747 0.000000
vt 1.183172 1.980689 0.000000
vt 1.167007 2.145747 0.000000
vt 1.167007 1.980689 0.000000
vt 1.150843 2.145747 0.000000
vt 1.150843 1.980689 0.000000
vt 1.134678 2.145747 0.000000
vt 1.134678 1.980689 0.000000
vt 1.126596 2.145747 0.000000
vt 1.126596 1.980689 0.000000
vt 1.122555 2.145747 0.000000
vt 1.122555 1.980689 0.000000
vt 1.118513 2.145747 0.000000
vt 2.004348 2.475862 0.000000
vt 1.409479 2.640919 0.000000
vt 1.706914 2.475862 0.000000
vt 1.409479 2.475862 0.000000
vt 1.706914 2.310804 0.000000
vt 1.409479 2.310804 0.000000
vt 1.344820 2.475862 0.000000
vt 1.215501 2.640919 0.000000
vt 1.280161 2.475862 0.000000
vt 1.215501 2.475862 0.000000
vt 1.280161 2.310804 0.000000
vt 1.215501 2.310804 0.000000
vt 1.207419 2.640919 0.000000
vt 1.207419 2.475862 0.000000
vt 1.207419 2.310804 0.000000
vt 1.199337 2.640919 0.000000
vt 1.199337 2.475862 0.000000
vt 1.199337 2.310804 0.000000
vt 1.191254 2.640919 0.000000
vt 1.183172 2.475862 0.000000
vt 1.183172 2.310804 0.000000
vt 1.183172 2.640919 0.000000
vt 1.175090 2.640919 0.000000
vt 1.167007 2.475862 0.000000
vt 1.167007 2.640919 0.000000
vt 1.158925 2.640919 0.000000
vt 1.150843 2.475862 0.000000
vt 1.150843 2.640919 0.000000
vt 1.142760 2.640919 0.000000
vt 1.134678 2.475862 0.000000
vt 1.134678 2.640919 0.000000
vt 1.126596 2.640919 0.000000
vt 1.118513 2.640919 0.000000
vt 1.122555 2.475862 0.000000
vt 1.126596 2.475862 0.000000
vt 1.134678 2.310804 0.000000
vt 1.150843 2.310804 0.000000
vt 1.110431 2.640919 0.000000
vt 1.114472 2.475862 0.000000
vt 1.118513 2.475862 0.000000
vt 1.122555 2.310804 0.000000
vt 1.126596 2.310804 0.000000
vt 1.110431 2.475862 0.000000
vt 1.114472 2.310804 0.000000
vt 1.118513 2.310804 0.000000
vt 1.086184 2.640919 0.000000
vt 1.086184 2.475862 0.000000
vt 1.086184 2.310804 0.000000
vt 1.086184 2.145747 0.000000
vt 1.086184 1.980689 0.000000
vt 1.086184 1.760613 0.000000
vt 1.086184 1.540536 0.000000
vt 0.814992 2.640919 0.000000
vt 0.989244 2.475862 0.000000
vt 1.013479 2.475862 0.000000
vt 1.037714 2.475862 0.000000
vt 1.037714 2.310804 0.000000
vt 1.061949 2.310804 0.000000
vt 1.061949 2.145747 0.000000
vt 0.000000 2.640919 0.000000
vt 0.892304 2.475862 0.000000
vt 0.940774 2.475862 0.000000
vt 0.965009 2.475862 0.000000
vt 0.965009 2.310804 0.000000
vt 0.989244 2.310804 0.000000
vt 0.989244 2.145747 0.000000
vt 1.013479 2.145747 0.000000
vt 1.013479 1.980689 0.000000
vt 1.037714 1.980689 0.000000
vt 1.037714 1.760613 0.000000
vt 1.061949 1.760613 0.000000
vt 1.061949 1.540536 0.000000
vt 0.051222 1.943725 0.000000
vt 0.892304 2.310804 0.000000
vt 0.940774 2.310804 0.000000
vt 0.940774 2.145747 0.000000
vt 0.965009 2.145747 0.000000
vt 0.965009 1.980689 0.000000
vt 0.989244 1.980689 0.000000
vt 0.989244 1.760613 0.000000
vt 1.013479 1.760613 0.000000
vt 1.013479 1.540536 0.000000
vt 1.037714 1.540536 0.000000
vt 0.892304 1.760613 0.000000
vt 0.892304 1.980689 0.000000
vt 0.892304 2.145747 0.000000
vt 0.940774 1.980689 0.000000
vt 0.000000 0.000000 0.000000
vt 0.892304 0.165057 0.000000
vt 0.892304 0.330115 0.000000
vt 0.892304 0.495172 0.000000
vt 0.940774 0.330115 0.000000
vt 0.940774 0.495172 0.000000
vt 0.965009 0.330115 0.000000
vt 0.965009 0.495172 0.000000
vt 0.989244 0.330115 0.000000
vt 0.892304 0.082529 0.000000
vt 0.892304 0.000000 0.000000
vt 0.940774 0.000000 0.000000
vt 0.989244 0.000000 0.000000
vt 0.965009 0.082529 0.000000
vt 0.940774 0.082529 0.000000
vt 1.037714 0.000000 0.000000
vt 1.013479 0.082529 0.000000
vt 0.989244 0.082529 0.000000
vt 0.965009 0.165057 0.000000
vt 0.940774 0.165057 0.000000
vt 1.037714 0.082529 0.000000
vt 1.013479 0.165057 0.000000
vt 0.989244 0.165057 0.000000
vt 1.118513 0.000000 0.000000
vt 1.102349 0.082529 0.000000
vt 1.098308 0.082529 0.000000
vt 1.150843 0.000000 0.000000
vt 1.126596 0.082529 0.000000
vt 1.122555 0.082529 0.000000
vt 1.118513 0.082529 0.000000
vt 1.118513 0.165057 0.000000
vt 1.114472 0.165057 0.000000
vt 1.114472 0.330115 0.000000
vt 1.110431 0.330115 0.000000
vt 1.110431 0.495172 0.000000
vt 1.106390 0.495172 0.000000
vt 1.106390 0.577701 0.000000
vt 1.102349 0.577701 0.000000
vt 1.102349 0.660230 0.000000
vt 1.098308 0.660230 0.000000
vt 1.098308 0.825287 0.000000
vt 1.183172 0.000000 0.000000
vt 1.150843 0.082529 0.000000
vt 1.134678 0.082529 0.000000
vt 1.126596 0.165057 0.000000
vt 1.122555 0.165057 0.000000
vt 1.122555 0.330115 0.000000
vt 1.118513 0.330115 0.000000
vt 1.118513 0.495172 0.000000
vt 1.114472 0.495172 0.000000
vt 1.114472 0.577701 0.000000
vt 1.110431 0.577701 0.000000
vt 1.110431 0.660230 0.000000
vt 1.106390 0.660230 0.000000
vt 1.106390 0.825287 0.000000
vt 1.102349 0.825287 0.000000
vt 1.102349 0.990345 0.000000
vt 1.098308 0.990345 0.000000
vt 1.098308 1.155402 0.000000
vt 1.215501 0.000000 0.000000
vt 1.183172 0.082529 0.000000
vt 1.167007 0.082529 0.000000
vt 1.150843 0.165057 0.000000
vt 1.134678 0.165057 0.000000
vt 1.134678 0.330115 0.000000
vt 1.126596 0.330115 0.000000
vt 1.126596 0.495172 0.000000
vt 1.122555 0.495172 0.000000
vt 1.122555 0.577701 0.000000
vt 1.118513 0.577701 0.000000
vt 1.118513 0.660230 0.000000
vt 1.114472 0.660230 0.000000
vt 1.114472 0.825287 0.000000
vt 1.110431 0.825287 0.000000
vt 1.110431 0.990345 0.000000
vt 1.106390 0.990345 0.000000
vt 1.106390 1.155402 0.000000
vt 1.102349 1.155402 0.000000
vt 1.102349 1.320460 0.000000
vt 1.098308 1.320460 0.000000
vt 1.098308 1.540536 0.000000
vt 1.263996 0.000000 0.000000
vt 1.215501 0.082529 0.000000
vt 1.207419 0.082529 0.000000
vt 1.199337 0.082529 0.000000
vt 1.199337 0.165057 0.000000
vt 1.183172 0.165057 0.000000
vt 1.183172 0.330115 0.000000
vt 1.167007 0.330115 0.000000
vt 1.167007 0.495172 0.000000
vt 1.150843 0.495172 0.000000
vt 1.150843 0.577701 0.000000
vt 1.134678 0.577701 0.000000
vt 1.134678 0.660230 0.000000
vt 1.126596 0.660230 0.000000
vt 1.126596 0.825287 0.000000
vt 1.122555 0.825287 0.000000
vt 1.122555 0.990345 0.000000
vt 1.118513 0.990345 0.000000
vt 1.118513 1.155402 0.000000
vt 1.114472 1.155402 0.000000
vt 1.114472 1.320460 0.000000
vt 1.110431 1.320460 0.000000
vt 1.110431 1.540536 0.000000
vt 1.106390 1.540536 0.000000
vt 1.106390 1.760613 0.000000
vt 1.102349 1.760613 0.000000
vt 1.102349 1.980689 0.000000
vt 1.098308 1.980689 0.000000
vt 1.098308 2.145747 0.000000
vt 1.312490 0.000000 0.000000
vt 1.280161 0.082529 0.000000
vt 1.215501 0.165057 0.000000
vt 1.360985 0.000000 0.000000
vt 0.892304 0.660230 0.000000
vt 0.892304 0.577701 0.000000
vt 0.940774 0.577701 0.000000
vt 1.706914 0.825287 0.000000
vt 1.409479 0.825287 0.000000
vt 1.344820 0.825287 0.000000
vt 1.280161 0.825287 0.000000
vt 1.215501 0.825287 0.000000
vt 1.207419 0.825287 0.000000
vt 1.199337 0.825287 0.000000
vt 0.892304 1.540536 0.000000
vt 0.940774 1.540536 0.000000
vt 0.965009 1.540536 0.000000
vt 0.989244 1.540536 0.000000
vt 2.004348 1.540536 0.000000
vt 2.004348 1.760613 0.000000
vt 1.207419 0.165057 0.000000
vt 1.207419 0.330115 0.000000
vt 1.167007 0.165057 0.000000
vt 1.114472 0.082529 0.000000
vt 1.110431 0.082529 0.000000
vt 1.106390 0.082529 0.000000
vt 1.106390 0.165057 0.000000
vt 1.102349 0.165057 0.000000
vt 1.102349 0.330115 0.000000
vt 1.098308 0.330115 0.000000
vt 1.098308 0.495172 0.000000
vt 1.110431 0.165057 0.000000
vt 1.098308 0.165057 0.000000
vt 1.086184 0.165057 0.000000
vt 1.086184 0.330115 0.000000
vt 1.086184 0.495172 0.000000
vt 1.086184 0.577701 0.000000
vt 1.086184 0.660230 0.000000
vt 1.086184 0.825287 0.000000
vt 1.086184 0.990345 0.000000
vt 1.061949 0.330115 0.000000
vt 1.061949 0.495172 0.000000
vt 1.061949 0.577701 0.000000
vt 1.061949 0.660230 0.000000
vt 1.061949 0.825287 0.000000
vt 1.061949 0.990345 0.000000
vt 1.106390 0.330115 0.000000
vt 1.150843 0.330115 0.000000
vt 1.199337 0.330115 0.000000
vt 1.199337 0.495172 0.000000
vt 1.183172 0.495172 0.000000
vt 1.167007 0.577701 0.000000
vt 1.150843 0.660230 0.000000
vt 1.134678 0.825287 0.000000
vt 1.126596 0.990345 0.000000
vt 1.122555 1.155402 0.000000
vt 1.118513 1.320460 0.000000
vt 1.114472 1.540536 0.000000
vt 1.110431 1.760613 0.000000
vt 1.106390 1.980689 0.000000
vt 1.102349 2.145747 0.000000
vt 1.098308 2.310804 0.000000
vt 1.134678 0.495172 0.000000
vt 1.126596 0.577701 0.000000
vt 1.122555 0.660230 0.000000
vt 1.118513 0.825287 0.000000
vt 1.114472 0.990345 0.000000
vt 1.110431 1.155402 0.000000
vt 1.106390 1.320460 0.000000
vt 1.102349 1.540536 0.000000
vt 1.098308 1.760613 0.000000
vt 1.102349 0.495172 0.000000
vt 1.098308 0.577701 0.000000
vt 1.037714 0.495172 0.000000
vt 1.013479 0.577701 0.000000
vt 0.989244 0.660230 0.000000
vt 0.965009 0.825287 0.000000
vt 0.940774 0.990345 0.000000
vt 1.183172 0.577701 0.000000
vt 1.037714 0.577701 0.000000
vt 1.037714 0.660230 0.000000
vt 1.037714 0.825287 0.000000
vt 1.037714 0.990345 0.000000
vt 1.150843 0.825287 0.000000
vt 1.167007 0.660230 0.000000
vt 1.134678 0.990345 0.000000
vt 1.126596 1.155402 0.000000
vt 1.122555 1.320460 0.000000
vt 1.118513 1.540536 0.000000
vt 1.114472 1.760613 0.000000
vt 1.110431 1.980689 0.000000
vt 1.106390 2.145747 0.000000
vt 1.102349 2.310804 0.000000
vt 1.013479 0.825287 0.000000
vt 1.013479 0.660230 0.000000
vt 0.989244 0.825287 0.000000
vt 1.013479 0.990345 0.000000
vt 0.965009 0.990345 0.000000
vt 0.989244 0.990345 0.000000
vt 1.706914 1.320460 0.000000
vt 1.706914 1.540536 0.000000
vt 1.706914 1.760613 0.000000
vt 1.409479 1.320460 0.000000
vt 1.409479 1.540536 0.000000
vt 1.409479 1.760613 0.000000
vt 1.344820 1.320460 0.000000
vt 1.344820 1.540536 0.000000
vt 1.344820 1.760613 0.000000
vt 1.280161 1.320460 0.000000
vt 1.280161 1.540536 0.000000
vt 1.280161 1.760613 0.000000
vt 1.215501 1.320460 0.000000
vt 1.215501 1.540536 0.000000
vt 1.215501 1.760613 0.000000
vt 1.207419 1.320460 0.000000
vt 1.207419 1.540536 0.000000
vt 1.207419 1.760613 0.000000
vt 1.199337 1.320460 0.000000
vt 1.199337 1.540536 0.000000
vt 1.199337 1.760613 0.000000
vt 1.183172 1.320460 0.000000
vt 1.183172 1.540536 0.000000
vt 1.183172 1.760613 0.000000
vt 1.167007 1.320460 0.000000
vt 1.167007 1.540536 0.000000
vt 1.167007 1.760613 0.000000
vt 1.150843 1.320460 0.000000
vt 1.150843 1.540536 0.000000
vt 1.150843 1.760613 0.000000
vt 1.134678 1.760613 0.000000
vt 1.134678 1.540536 0.000000
vt 1.126596 1.760613 0.000000
vt 1.061949 1.980689 0.000000
vt 1.037714 2.145747 0.000000
vt 1.013479 2.310804 0.000000
vt 0.965009 1.760613 0.000000
vt 0.940774 1.760613 0.000000
vt 1.061949 2.475862 0.000000
vt 1.167007 2.310804 0.000000
vt 1.344820 2.310804 0.000000
vt 2.400000 -4.072435 0.000000
vt 0.000000 -4.072435 0.000000
vt 2.400000 -4.398230 0.000000
vt 0.000000 -4.398230 0.000000
vt 2.400000 4.398230 0.000000
vt 0.000000 4.398230 0.000000
vt 2.400000 4.072435 0.000000
vt 0.000000 4.072435 0.000000
vt 2.400000 3.746640 0.000000
vt 0.000000 3.746640 0.000000
vt 2.400000 3.420845 0.000000
vt 0.000000 3.420845 0.000000
vt 2.400000 3.095051 0.000000
vt 0.000000 3.095051 0.000000
vt 2.400000 2.769256 0.000000
vt 0.000000 2.769256 0.000000
vt 2.400000 2.443461 0.000000
vt 0.000000 2.443461 0.000000
vt 2.400000 2.117666 0.000000
vt 0.000000 2.117666 0.000000
vt 2.400000 1.791871 0.000000
vt 0.000000 1.791871 0.000000
vt 2.400000 1.466077 0.000000
vt 0.000000 1.466077 0.000000
vt 2.400000 1.140282 0.000000
vt 0.000000 1.140282 0.000000
vt 2.400000 0.814487 0.000000
vt 0.000000 0.814487 0.000000
vt 2.400000 0.488692 0.000000
vt 0.000000 0.488692 0.000000
vt 2.400000 0.162897 0.000000
vt 0.000000 0.162897 0.000000
vt 2.400000 -0.162897 0.000000
vt 0.000000 -0.162897 0.000000
vt 2.400000 -0.488692 0.000000
vt 0.000000 -0.488692 0.000000
vt 2.400000 -0.814487 0.000000
vt 0.000000 -0.814487 0.000000
vt 2.400000 -1.140282 0.000000
vt 0.000000 -1.140282 0.000000
vt 2.400000 -1.466077 0.000000
vt 0.000000 -1.466077 0.000000
vt 2.400000 -1.791871 0.000000
vt 0.000000 -1.791871 0.000000
vt 2.400000 -2.117666 0.000000
vt 0.000000 -2.117666 0.000000
vt 2.400000 -2.443461 0.000000
vt 0.000000 -2.443461 0.000000
vt 2.400000 -2.769256 0.000000
vt 0.000000 -2.769256 0.000000
vt 2.400000 -3.095051 0.000000
vt 0.000000 -3.095051 0.000000
vt 2.400000 -3.420845 0.000000
vt 0.000000 -3.420845 0.000000
vt 2.400000 -3.746640 0.000000
vt 0.000000 -3.746640 0.000000
vt 0.265630 -0.071175 0.000000
vt 1.740612 -0.181026 0.000000
vt 0.275000 0.000000 0.000000
vt 1.740612 0.181026 0.000000
vt 0.265630 0.071175 0.000000
vt 1.666109 0.535331 0.000000
vt 0.238157 0.137500 0.000000
vt 1.520294 0.866722 0.000000
vt 0.194454 0.194454 0.000000
vt 1.309406 1.161015 0.000000
vt 0.137500 0.238157 0.000000
vt 1.042472 1.405614 0.000000
vt 0.696062 1.605614 0.000000
vt 1.044265 1.678326 0.000000
vt 0.931341 1.743523 0.000000
vt 1.042864 1.693039 0.000000
vt 1.038609 1.707199 0.000000
vt 1.666109 -0.535331 0.000000
vt 0.238157 -0.137500 0.000000
vt 1.520294 -0.866722 0.000000
vt 0.194454 -0.194454 0.000000
vt 1.309406 -1.161015 0.000000
vt 0.137500 -0.238157 0.000000
vt 1.042472 -1.405614 0.000000
vt 0.696062 -1.605614 0.000000
vt 1.044265 -1.678326 0.000000
vt 0.931341 -1.743523 0.000000
vt 1.042863 -1.693046 0.000000
vt 1.038603 -1.707212 0.000000
vt 1.031703 -1.720297 0.000000
vt 1.022379 -1.731773 0.000000
vt 1.014963 -1.738292 0.000000
vt 1.006754 -1.743779 0.000000
vt 0.997896 -1.748140 0.000000
vt 0.988541 -1.751301 0.000000
vt 0.944783 -1.749666 0.000000
vt 0.959173 -1.753061 0.000000
vt 0.071175 -0.265630 0.000000
vt 0.350766 -1.714486 0.000000
vt -0.000000 -0.275000 0.000000
vt -0.009543 -1.749974 0.000000
vt -0.369444 -1.710559 0.000000
vt -0.071175 -0.265630 0.000000
vt -0.713532 -1.597927 0.000000
vt -0.137500 -0.238157 0.000000
vt -1.027079 -1.416901 0.000000
vt -1.296665 -1.175228 0.000000
vt -0.194454 -0.194454 0.000000
vt -1.510750 -0.883252 0.000000
vt -0.238157 -0.137500 0.000000
vt -1.660172 -0.553471 0.000000
vt -0.265630 -0.071175 0.000000
vt -1.738534 -0.200000 0.000000
vt -0.275000 0.000000 0.000000
vt -1.738534 0.200000 0.000000
vt -0.265630 0.071175 0.000000
vt -1.660172 0.553471 0.000000
vt -0.238157 0.137500 0.000000
vt -1.510750 0.883252 0.000000
vt -0.194454 0.194454 0.000000
vt -1.296665 1.175228 0.000000
vt -0.137500 0.238157 0.000000
vt -1.027079 1.416901 0.000000
vt -0.713532 1.597927 0.000000
vt -0.071175 0.265630 0.000000
vt -0.369444 1.710559 0.000000
vt -0.000000 0.275000 0.000000
vt -0.009543 1.749974 0.000000
vt 0.350766 1.714486 0.000000
vt 0.071175 0.265630 0.000000
vt 0.973947 -1.753632 0.000000
vt 1.031716 1.720279 0.000000
vt 1.022400 1.731752 0.000000
vt 1.014986 1.738273 0.000000
vt 1.006780 1.743764 0.000000
vt 0.997923 1.748129 0.000000
vt 0.988570 1.751293 0.000000
vt 0.973969 1.753630 0.000000
vt 0.959188 1.753063 0.000000
vt 0.944790 1.749669 0.000000
vt -1.975606 -0.065197 0.000000
vt -1.975606 0.065197 0.000000
vt -1.987652 -0.056622 0.000000
vt -1.997791 -0.045851 0.000000
vt -2.005673 -0.033333 0.000000
vt -2.010949 -0.019520 0.000000
vt -2.012886 -0.009838 0.000000
vt -2.013534 0.000015 0.000000
vt -2.012882 0.009867 0.000000
vt -2.010941 0.019548 0.000000
vt -2.005663 0.033353 0.000000
vt -1.997782 0.045862 0.000000
vt -1.987647 0.056627 0.000000
vt 1.362263 -0.322862 0.000000
vt 1.714486 -0.350766 0.000000
vt 1.400000 -0.000000 0.000000
vt 1.749974 0.009543 0.000000
vt 1.710559 0.369444 0.000000
vt 1.605614 -0.696062 0.000000
vt 1.251086 -0.628319 0.000000
vt 1.405614 -1.042472 0.000000
vt 1.072462 -0.899903 0.000000
vt 1.161015 -1.309406 0.000000
vt 0.836022 -1.122972 0.000000
vt 0.866722 -1.520294 0.000000
vt 0.554512 -1.285503 0.000000
vt 0.535331 -1.666109 0.000000
vt 0.243107 -1.378731 0.000000
vt 0.181026 -1.740612 0.000000
vt -0.081403 -1.397631 0.000000
vt -0.181026 -1.740612 0.000000
vt -0.401525 -1.341185 0.000000
vt -0.535331 -1.666109 0.000000
vt -0.700000 -1.212436 0.000000
vt -0.866722 -1.520294 0.000000
vt -1.161015 -1.309406 0.000000
vt -0.960738 -1.018323 0.000000
vt -1.405614 -1.042472 0.000000
vt -1.169683 -0.769313 0.000000
vt -1.605614 -0.696062 0.000000
vt -1.315570 -0.478828 0.000000
vt -1.714486 -0.350766 0.000000
vt -1.390534 -0.162530 0.000000
vt -1.749974 0.009544 0.000000
vt -1.390534 0.162530 0.000000
vt -1.710559 0.369445 0.000000
vt -1.315570 0.478828 0.000000
vt -1.597927 0.713532 0.000000
vt -1.169683 0.769313 0.000000
vt -1.416901 1.027079 0.000000
vt -0.960738 1.018323 0.000000
vt -1.175228 1.296665 0.000000
vt -0.883252 1.510750 0.000000
vt -0.700000 1.212436 0.000000
vt -0.553471 1.660172 0.000000
vt -0.401525 1.341185 0.000000
vt -0.200000 1.738534 0.000000
vt -0.081403 1.397631 0.000000
vt 0.200000 1.738534 0.000000
vt 0.243107 1.378731 0.000000
vt 0.553471 1.660172 0.000000
vt 0.554512 1.285503 0.000000
vt 0.883252 1.510750 0.000000
vt 0.836022 1.122972 0.000000
vt 1.175228 1.296665 0.000000
vt 1.072462 0.899903 0.000000
vt 1.416901 1.027079 0.000000
vt 1.251086 0.628319 0.000000
vt 1.597927 0.713532 0.000000
vt 1.362263 0.322862 0.000000
vt 0.065197 1.975606 0.000000
vt -0.065197 1.975606 0.000000
vt -0.056627 1.987647 0.000000
vt -0.045862 1.997782 0.000000
vt 0.056622 1.987652 0.000000
vt 0.045851 1.997791 0.000000
vt 0.033333 2.005673 0.000000
vt 0.019520 2.010949 0.000000
vt 0.009838 2.012886 0.000000
vt -0.000015 2.013534 0.000000
vt -0.009867 2.012882 0.000000
vt -0.019548 2.010941 0.000000
vt -0.033353 2.005663 0.000000
vt -1.678326 -1.044265 0.000000
vt -1.743523 -0.931341 0.000000
vt -1.693039 -1.042864 0.000000
vt -1.707199 -1.038609 0.000000
vt -1.720279 -1.031716 0.000000
vt -1.731752 -1.022400 0.000000
vt -1.738273 -1.014986 0.000000
vt -1.743764 -1.006780 0.000000
vt -1.748129 -0.997923 0.000000
vt -1.751293 -0.988570 0.000000
vt -1.753630 -0.973969 0.000000
vt -1.753063 -0.959188 0.000000
vt -1.749669 -0.944790 0.000000
vt 1.678326 -1.044265 0.000000
vt 1.743523 -0.931341 0.000000
vt 1.693046 -1.042863 0.000000
vt 1.707212 -1.038603 0.000000
vt 1.720297 -1.031703 0.000000
vt 1.731773 -1.022379 0.000000
vt 1.738291 -1.014962 0.000000
vt 1.743779 -1.006754 0.000000
vt 1.748140 -0.997896 0.000000
vt 1.751301 -0.988541 0.000000
vt 1.753632 -0.973947 0.000000
vt 1.753061 -0.959173 0.000000
vt 1.749666 -0.944783 0.000000
vn 0.000000 -1.000000 -0.000000
vn 0.000000 -1.000000 -0.000000
vn 0.000000 -1.000000 -0.000000
vn 0.000000 -1.000000 -0.000000
vn 0.000000 -1.000000 -0.000000
vn 0.000000 -1.000000 -0.000000
vn 0.000000 -1.000000 -0.000000
vn 0.000000 -1.000000 -0.000000
vn 0.000000 -1.000000 -0.000000
vn 0.000000 -1.000000 -0.000000
vn 0.000000 -1.000000 -0.000000
vn 0.000000 -1.000000 -0.000000
vn 0.000000 -1.000000 -0.000000
vn 0.000000 -1.000000 -0.000000
vn 0.000000 -1.000000 -0.000000
vn 0.000000 -1.000000 -0.000000
vn 0.000000 -1.000000 -0.000000
vn 0.000000 -1.000000 -0.000000
vn 0.000000 -1.000000 -0.000000
vn 0.000000 -1.000000 -0.000000
vn 0.000000 -1.000000 -0.000000
vn 0.000000 -1.000000 -0.000000
vn 0.000000 -1.000000 -0.000000
vn 0.000000 -1.000000 -0.000000
vn 0.000000 -1.000000 -0.000000
vn 0.000000 -1.000000 -0.000000
vn 0.000000 -1.000000 -0.000000
vn 0.000000 -1.000000 -0.000000
vn 0.000000 -1.000000 -0.000000
vn 0.000000 -1.000000 -0.000000
vn 0.000000 -1.000000 -0.000000
vn 0.000000 -1.000000 -0.000000
vn 0.000000 -1.000000 -0.000000
vn 0.000000 -1.000000 -0.000000
vn 0.000000 -1.000000 -0.000000
vn 0.000000 -1.000000 -0.000000
vn 0.000000 -1.000000 -0.000000
vn 0.000000 -1.000000 -0.000000
vn 0.000000 -1.000000 -0.000000
vn 0.000000 -1.000000 -0.000000
vn 0.000000 -1.000000 -0.000000
vn 0.000000 -1.000000 -0.000000
vn 0.000000 -1.000000 -0.000000
vn 0.000000 -1.000000 -0.000000
vn 0.000000 -1.000000 -0.000000
vn 0.000000 -1.000000 -0.000000
vn 0.000000 -1.000000 -0.000000
vn 0.000000 -1.000000 -0.000000
vn 0.000000 -1.000000 -0.000000
vn 0.000000 -1.000000 -0.000000
vn 0.000000 -1.000000 -0.000000
vn -0.979317 -0.000000 -0.202331
vn -0.979317 -0.000000 -0.202331
vn -0.998315 0.000000 0.058029
vn -0.998315 0.000000 0.058029
vn -0.949279 0.000000 0.314435
vn -0.949279 0.000000 0.314435
vn -0.835552 0.000000 0.549412
vn -0.835552 0.000000 0.549412
vn -0.664883 0.000000 0.746948
vn -0.664883 0.000000 0.746948
vn -0.448903 0.000000 0.893581
vn -0.448903 0.000000 0.893581
vn -0.202331 0.000000 0.979317
vn -0.202331 0.000000 0.979317
vn 0.058029 0.000000 0.998315
vn 0.058029 0.000000 0.998315
vn 0.314435 0.000000 0.949279
vn 0.314435 0.000000 0.949279
vn 0.549412 0.000000 0.835552
vn 0.549412 0.000000 0.835552
vn 0.746948 0.000000 0.664883
vn 0.746948 0.000000 0.664883
vn 0.893581 0.000000 0.448903
vn 0.893581 0.000000 0.448903
vn 0.979317 0.000000 0.202331
vn 0.979317 0.000000 0.202331
vn 0.998315 -0.000000 -0.058029
vn 0.998315 -0.000000 -0.058029
vn 0.949279 -0.000000 -0.314435
vn 0.949279 -0.000000 -0.314435
vn 0.835552 -0.000000 -0.549412
vn 0.835552 -0.000000 -0.549412
vn 0.664883 -0.000000 -0.746948
vn 0.664883 -0.000000 -0.746948
vn 0.448903 -0.000000 -0.893581
vn 0.448903 -0.000000 -0.893581
vn 0.202331 -0.000000 -0.979317
vn 0.202331 -0.000000 -0.979317
vn -0.058029 -0.000000 -0.998315
vn -0.058029 -0.000000 -0.998315
vn -0.314435 -0.000000 -0.949279
vn -0.314435 -0.000000 -0.949279
vn -0.549412 -0.000000 -0.835552
vn -0.549412 -0.000000 -0.835552
vn -0.746948 -0.000000 -0.664883
vn -0.746948 -0.000000 -0.664883
vn -0.893581 -0.000000 -0.448903
vn -0.893581 -0.000000 -0.448903
vn -0.299884 -0.659699 -0.689105
vn -0.305688 -0.642751 -0.702443
vn -0.300573 -0.663145 -0.685488
vn -0.311817 -0.646246 -0.696518
vn -0.302009 -0.665277 -0.682786
vn -0.303681 -0.667753 -0.679620
vn -0.298601 -0.660803 -0.688605
vn -0.298407 -0.660497 -0.688983
vn -0.295303 -0.655105 -0.695437
vn -0.294143 -0.653217 -0.697702
vn -0.290246 -0.645686 -0.706291
vn -0.287765 -0.641509 -0.711096
vn -0.282834 -0.631181 -0.722230
vn -0.278444 -0.623530 -0.730534
vn -0.272064 -0.609326 -0.744784
vn -0.261893 -0.590942 -0.763020
vn -0.252475 -0.569242 -0.782445
vn -0.233766 -0.534112 -0.812452
vn -0.218749 -0.498840 -0.838634
vn -0.181655 -0.426439 -0.886087
vn -0.124892 -0.312851 -0.941555
vn -0.082286 -0.227761 -0.970234
vn -0.023287 -0.107187 -0.993966
vn 0.031672 0.004802 -0.999487
vn 0.081660 0.109226 -0.990657
vn 0.143581 0.237849 -0.960631
vn 0.175328 0.305981 -0.935754
vn 0.204371 0.367275 -0.907382
vn 0.224936 0.412295 -0.882846
vn 0.278233 0.528779 -0.801860
vn 0.244175 0.454388 -0.856686
vn 0.262124 0.493623 -0.829233
vn 0.231938 0.428158 -0.873433
vn 0.256748 0.481999 -0.837710
vn 0.213142 0.388012 -0.896670
vn 0.248729 0.464692 -0.849821
vn 0.199465 0.358902 -0.911813
vn 0.243041 0.452438 -0.858039
vn 0.189108 0.336912 -0.922349
vn 0.238800 0.443314 -0.863972
vn 0.178693 0.314842 -0.932171
vn 0.234584 0.434251 -0.869711
vn 0.170857 0.298267 -0.939066
vn 0.231438 0.427495 -0.873890
vn 0.164755 0.285376 -0.944148
vn 0.229002 0.422267 -0.877068
vn 0.160999 0.277448 -0.947155
vn 0.227507 0.419062 -0.878992
vn 0.157779 0.270658 -0.949658
vn 0.226229 0.416321 -0.880623
vn 0.154990 0.264778 -0.951772
vn 0.225124 0.413951 -0.882022
vn 0.152551 0.259638 -0.953581
vn 0.224159 0.411882 -0.883236
vn 0.149738 0.253712 -0.955620
vn 0.223047 0.409499 -0.884625
vn 0.147328 0.248639 -0.957326
vn 0.222095 0.407461 -0.885804
vn 0.145241 0.244246 -0.958775
vn 0.282077 0.537172 -0.794908
vn 0.282018 0.537042 -0.795017
vn 0.328001 0.638533 -0.696197
vn 0.327354 0.637086 -0.697825
vn 0.359082 0.708744 -0.607242
vn 0.358047 0.706368 -0.610612
vn 0.395591 0.794435 -0.460847
vn 0.394683 0.792211 -0.465432
vn 0.424639 0.870812 -0.247726
vn 0.424098 0.869050 -0.254742
vn 0.430970 0.898865 -0.079418
vn 0.431033 0.897923 -0.089134
vn 0.425372 0.902409 0.068674
vn 0.426484 0.902855 0.054440
vn 0.410392 0.887661 0.208892
vn 0.414943 0.892368 0.177487
vn 0.401876 0.876498 0.265043
vn 0.410631 0.886431 0.213592
vn 0.393754 0.864532 0.312317
vn 0.410936 0.884683 0.220152
vn 0.418139 0.873546 0.249154
vn 0.432993 0.885884 0.166515
vn 0.437286 0.872299 0.218805
vn 0.453998 0.881786 0.127829
vn 0.453589 0.866930 0.206616
vn 0.472852 0.874429 0.108561
vn 0.553026 0.823433 0.126968
vn 0.571692 0.818587 0.055522
vn 0.687832 0.722790 0.066801
vn 0.871934 0.487558 -0.044932
vn 0.735281 0.647450 0.200425
vn -0.305126 -0.669891 -0.676864
vn -0.322193 -0.651868 -0.686484
vn -0.306774 -0.672323 -0.673700
vn -0.308669 -0.675116 -0.670032
vn -0.297923 -0.659733 -0.689923
vn -0.297616 -0.659250 -0.690517
vn -0.291173 -0.648377 -0.703438
vn -0.288493 -0.643998 -0.708546
vn -0.279806 -0.628066 -0.726114
vn -0.273065 -0.616622 -0.738385
vn -0.260704 -0.592414 -0.762286
vn -0.245778 -0.566003 -0.786914
vn -0.226528 -0.526360 -0.819531
vn -0.202661 -0.482259 -0.852265
vn -0.172497 -0.417576 -0.892118
vn -0.121669 -0.319419 -0.939770
vn -0.070409 -0.205939 -0.976029
vn 0.036831 0.010700 -0.999264
vn 0.074008 0.089469 -0.993236
vn 0.134640 0.214686 -0.967358
vn 0.159204 0.268408 -0.950058
vn 0.189850 0.326663 -0.925877
vn 0.182459 0.319303 -0.929922
vn -0.343441 -0.661332 -0.666850
vn -0.314431 -0.683574 -0.658680
vn -0.310871 -0.678355 -0.665728
vn -0.411228 -0.671404 -0.616530
vn -0.349142 -0.733330 -0.583376
vn -0.338593 -0.718444 -0.607612
vn -0.330858 -0.707393 -0.624602
vn -0.293332 -0.652484 -0.698728
vn -0.294616 -0.654514 -0.696286
vn -0.267329 -0.609119 -0.746665
vn -0.274735 -0.621385 -0.733758
vn -0.238103 -0.556524 -0.795982
vn -0.253139 -0.582516 -0.772396
vn -0.204747 -0.492445 -0.845917
vn -0.229314 -0.536649 -0.812049
vn -0.166254 -0.414285 -0.894834
vn -0.355981 -0.742858 -0.566956
vn -0.364300 -0.754307 -0.546174
vn -0.288413 -0.644682 -0.707957
vn -0.172203 -0.440347 -0.881159
vn -0.247869 -0.576611 -0.778512
vn -0.290132 -0.647412 -0.704756
vn 0.000864 -0.093247 -0.995643
vn -0.134524 -0.363787 -0.921717
vn -0.196673 -0.483884 -0.852746
vn -0.256044 -0.590316 -0.765486
vn -0.291448 -0.649500 -0.702287
vn 0.022721 -0.034493 -0.999147
vn -0.060631 -0.212967 -0.975176
vn -0.164866 -0.419770 -0.892531
vn -0.214386 -0.515114 -0.829877
vn 0.339676 0.654055 -0.675894
vn 0.308467 0.594517 -0.742561
vn 0.294457 0.564110 -0.771411
vn 0.278837 0.530096 -0.800780
vn 0.279301 0.531110 -0.799946
vn 0.383815 0.731151 -0.564007
vn 0.367502 0.720366 -0.588230
vn 0.332241 0.645778 -0.687450
vn 0.317580 0.614846 -0.721878
vn 0.299854 0.576013 -0.760458
vn 0.307319 0.592519 -0.744632
vn 0.279970 0.532571 -0.798740
vn 0.280429 0.533572 -0.797910
vn 0.415975 0.781175 -0.465544
vn 0.410137 0.804191 -0.430192
vn 0.392506 0.771255 -0.501103
vn 0.383936 0.760692 -0.523394
vn 0.345955 0.677174 -0.649423
vn 0.362782 0.716160 -0.596241
vn 0.329682 0.641982 -0.692220
vn 0.337312 0.659182 -0.672086
vn 0.312230 0.603404 -0.733768
vn 0.315702 0.611115 -0.725859
vn 0.280763 0.534301 -0.797305
vn 0.281088 0.535011 -0.796713
vn 0.448916 0.828626 -0.334445
vn 0.432632 0.837392 -0.334071
vn 0.428049 0.831801 -0.353385
vn 0.422873 0.824669 -0.375631
vn 0.432680 0.862215 -0.263390
vn 0.422918 0.844532 -0.328491
vn 0.431788 0.881239 -0.192294
vn 0.421726 0.854727 -0.302638
vn 0.426991 0.873363 -0.234342
vn 0.409942 0.827885 -0.382824
vn 0.414827 0.841404 -0.346349
vn 0.378837 0.753990 -0.536640
vn 0.384386 0.767254 -0.513389
vn 0.347391 0.682033 -0.643545
vn 0.350797 0.689789 -0.633351
vn 0.321378 0.623748 -0.712499
vn 0.323165 0.627731 -0.708180
vn 0.281510 0.535932 -0.795945
vn 0.281621 0.536175 -0.795742
vn 0.470368 0.853251 -0.225203
vn 0.460472 0.867021 -0.190368
vn 0.439839 0.872220 -0.213951
vn 0.458952 0.883197 -0.096572
vn 0.437203 0.899162 -0.019019
vn 0.447892 0.892398 0.054949
vn 0.424976 0.897129 0.120646
vn 0.484316 0.865904 -0.125090
vn 0.476499 0.876340 -0.070547
vn 0.470092 0.882600 0.005556
vn 0.491293 0.870626 -0.025317
vn 0.482463 0.874662 0.046856
vn 0.623616 0.698517 0.350965
vn 0.597761 0.754016 0.272289
vn 0.655604 0.739951 0.150519
vn 0.551404 0.755650 0.353477
vn 0.541157 0.710986 0.449053
vn 0.515033 0.752737 0.410036
vn 0.478061 0.746759 0.462395
vn 0.438514 0.792343 0.424144
vn 0.418343 0.781208 0.463360
vn 0.389372 0.813877 0.431271
vn 0.377832 0.801915 0.462791
vn 0.377240 0.813476 0.442659
vn 0.369475 0.804355 0.465297
vn 0.365938 0.812620 0.453584
vn 0.359196 0.803632 0.474503
vn 0.354124 0.808842 0.469438
vn 0.348619 0.800486 0.487531
vn 0.383002 0.852029 0.356870
vn 0.380037 0.847916 0.369610
vn 0.400957 0.876664 0.265884
vn 0.398749 0.873906 0.278004
vn 0.421826 0.900203 0.108154
vn 0.421037 0.899592 0.116029
vn 0.430528 0.901197 -0.049889
vn 0.426906 0.903346 0.041444
vn 0.430403 0.901547 -0.044335
vn 0.482072 0.709240 0.514378
vn 0.450318 0.740565 0.498776
vn 0.402301 0.771582 0.492763
vn 0.370476 0.794030 0.481937
vn 0.362667 0.796167 0.484346
vn 0.353278 0.795596 0.492160
vn 0.343798 0.793077 0.502823
vn 0.376612 0.843092 0.383873
vn 0.396855 0.871494 0.288103
vn 0.410331 0.888499 0.205424
vn 0.420347 0.899029 0.122696
vn 0.410661 0.696808 0.588062
vn 0.415834 0.731071 0.540941
vn 0.428899 0.734889 0.525341
vn 0.375406 0.687151 0.622008
vn 0.377375 0.718382 0.584393
vn 0.386871 0.721708 0.573993
vn 0.395169 0.724513 0.564732
vn 0.369609 0.750111 0.548382
vn 0.376192 0.754620 0.537613
vn 0.353278 0.774894 0.524151
vn 0.358333 0.780615 0.512091
vn 0.351340 0.782181 0.514541
vn 0.356664 0.788809 0.500571
vn 0.348051 0.788395 0.507241
vn 0.329392 0.770479 0.545768
vn 0.355464 0.740128 0.570838
vn 0.369307 0.715461 0.593067
vn 0.361997 0.744788 0.560579
vn 0.342226 0.762132 0.549579
vn 0.347362 0.768105 0.537916
vn 0.339733 0.767428 0.543725
vn 0.345121 0.774327 0.530386
vn 0.336736 0.772498 0.538382
vn 0.341975 0.779908 0.524210
vn 0.333492 0.776977 0.533938
vn 0.338242 0.784439 0.519854
vn 0.373679 0.838903 0.395735
vn 0.371140 0.835238 0.405750
vn 0.395214 0.869372 0.296644
vn 0.430336 0.892838 -0.132857
vn 0.425952 0.875219 -0.229253
vn 0.430659 0.900749 -0.056437
vn 0.425565 0.873898 -0.234940
vn 0.430790 0.900160 -0.064275
vn 0.425084 0.872282 -0.241720
vn 0.430885 0.899590 -0.071244
vn 0.426270 0.876317 -0.224416
vn 0.416827 0.848515 -0.326002
vn 0.397451 0.799013 -0.451232
vn 0.398165 0.800775 -0.447464
vn 0.360698 0.712455 -0.601918
vn 0.359954 0.710745 -0.604379
vn 0.396606 0.796932 -0.455635
vn 0.061083 0.068392 -0.995787
vn -0.033824 -0.126823 -0.991349
vn -0.029229 -0.117460 -0.992647
vn -0.114770 -0.290830 -0.949866
vn -0.023877 -0.106547 -0.994021
vn -0.108783 -0.278816 -0.954163
vn -0.017567 -0.093670 -0.995448
vn -0.101658 -0.264502 -0.959012
vn -0.012043 -0.082386 -0.996528
vn -0.095360 -0.251836 -0.963060
vn -0.005670 -0.069356 -0.997576
vn -0.088025 -0.237069 -0.967497
vn 0.001760 -0.054151 -0.998531
vn -0.079383 -0.219648 -0.972344
vn 0.010525 -0.036192 -0.999289
vn -0.069064 -0.198814 -0.977601
vn 0.024967 -0.006550 -0.999667
vn -0.051774 -0.163831 -0.985129
vn 0.043839 0.032278 -0.998517
vn -0.028667 -0.116935 -0.992726
vn 0.069369 0.084979 -0.993965
vn 0.003445 -0.051492 -0.998667
vn 0.095081 0.138262 -0.985821
vn 0.036643 0.016494 -0.999192
vn 0.129164 0.209222 -0.969300
vn -0.194038 -0.448861 -0.872281
vn -0.189048 -0.439029 -0.878359
vn -0.183138 -0.427368 -0.885334
vn -0.176033 -0.413330 -0.893404
vn -0.169688 -0.400778 -0.900324
vn -0.162222 -0.385988 -0.908128
vn -0.153320 -0.368325 -0.916968
vn -0.142542 -0.346898 -0.927008
vn -0.124121 -0.310183 -0.942539
vn -0.098812 -0.259544 -0.960663
vn -0.062377 -0.186270 -0.980517
vn -0.249609 -0.557848 -0.791518
vn -0.300961 -0.656613 -0.691579
vn -0.297136 -0.649376 -0.700015
vn -0.297175 -0.652112 -0.697450
vn -0.292542 -0.640666 -0.709906
vn -0.293277 -0.644953 -0.705708
vn -0.286924 -0.629994 -0.721652
vn -0.288549 -0.636251 -0.715489
vn -0.281820 -0.620278 -0.732006
vn -0.284288 -0.628391 -0.724089
vn -0.275706 -0.608614 -0.744026
vn -0.279224 -0.619031 -0.734053
vn -0.268260 -0.594374 -0.758127
vn -0.273114 -0.607708 -0.745721
vn -0.259011 -0.576637 -0.774857
vn -0.265605 -0.593751 -0.759548
vn -0.242598 -0.545032 -0.802550
vn -0.297939 -0.658585 -0.691012
vn -0.297574 -0.656716 -0.692945
vn -0.297320 -0.654559 -0.695093
vn -0.294131 -0.648883 -0.701739
vn 0.404723 0.727622 0.553864
vn 0.383694 0.759648 0.525085
vn 0.364026 0.786963 0.498170
vn -0.318970 -0.690202 -0.649522
vn -0.324955 -0.698887 -0.637150
vn -0.299014 -0.661453 -0.687801
vn -0.298418 -0.660165 -0.689296
vn -0.296213 -0.655697 -0.694492
vn -0.295108 -0.652462 -0.698000
vn -0.292160 -0.647366 -0.703960
vn -0.290292 -0.642035 -0.709592
vn -0.286858 -0.635897 -0.716482
vn -0.298824 -0.661154 -0.688171
vn -0.297450 -0.658594 -0.691215
vn -0.296306 -0.656736 -0.693469
vn -0.244254 -0.547478 -0.800380
vn -0.237756 -0.534874 -0.810791
vn -0.231899 -0.523494 -0.819864
vn -0.224941 -0.509950 -0.830273
vn -0.216548 -0.493584 -0.842308
vn -0.206248 -0.473451 -0.856332
vn -0.188294 -0.438242 -0.878914
vn -0.162900 -0.388209 -0.907060
vn 0.065118 0.076751 -0.994922
vn 0.069842 0.086544 -0.993797
vn 0.073950 0.095064 -0.992721
vn 0.078659 0.104838 -0.991374
vn 0.084108 0.116157 -0.989663
vn 0.090484 0.129414 -0.987454
vn 0.100878 0.151052 -0.983365
vn 0.114274 0.178992 -0.977192
vn 0.132125 0.216317 -0.967342
vn 0.149872 0.253534 -0.955646
vn 0.173198 0.302625 -0.937241
vn 0.204802 0.369479 -0.906389
vn 0.281949 0.536891 -0.795143
vn 0.281868 0.536714 -0.795292
vn 0.281797 0.536559 -0.795421
vn 0.281715 0.536381 -0.795570
vn 0.422735 0.900861 0.098715
vn 0.402865 0.878997 0.255077
vn 0.423513 0.901377 0.090308
vn 0.405036 0.881590 0.242372
vn 0.424387 0.901902 0.080433
vn 0.407524 0.884472 0.227230
vn 0.326591 0.635379 -0.699737
vn 0.357133 0.704272 -0.613561
vn 0.325921 0.633882 -0.701405
vn 0.356069 0.701836 -0.616961
vn 0.325146 0.632152 -0.703324
vn 0.354816 0.698968 -0.620927
vn 0.324239 0.630129 -0.705554
vn 0.353318 0.695542 -0.625610
vn -0.294162 -0.652262 -0.698587
vn -0.289541 -0.642832 -0.709178
vn -0.292352 -0.649225 -0.702166
vn -0.286474 -0.637510 -0.715202
vn -0.298183 -0.660144 -0.689418
vn -0.292784 -0.651004 -0.700336
vn -0.284798 -0.636506 -0.716764
vn -0.270970 -0.610458 -0.744255
vn -0.247672 -0.565090 -0.786977
vn -0.205311 -0.480255 -0.852762
vn -0.138114 -0.340696 -0.929974
vn -0.019506 -0.101276 -0.994667
vn 0.109718 0.165471 -0.980092
vn -0.282807 -0.628643 -0.724450
vn 0.393615 0.789596 -0.470749
vn 0.423427 0.866900 -0.263046
vn 0.431054 0.896670 -0.100872
vn 0.428184 0.903191 0.030066
vn 0.420497 0.897336 0.134054
vn 0.421175 0.896317 0.138662
vn 0.386381 0.856641 0.341870
vn 0.360452 0.818296 0.447734
vn 0.373660 0.822679 0.428459
vn 0.389403 0.827241 0.405015
vn 0.403402 0.827662 0.390182
vn 0.464358 0.804798 0.369692
vn 0.392312 0.765273 0.510342
vn 0.367775 0.829016 0.421278
vn 0.385809 0.837918 0.386063
vn 0.379442 0.845517 0.375666
vn 0.400522 0.855197 0.328969
vn 0.394742 0.867651 0.302259
vn 0.390260 0.861825 0.323968
vn 0.422577 0.864226 -0.273025
vn 0.430950 0.894237 -0.120919
vn 0.421027 0.859461 -0.289938
vn 0.430517 0.890266 -0.148596
vn 0.418684 0.852478 -0.313026
vn 0.429266 0.883149 -0.189152
vn 0.390787 0.782707 -0.484412
vn 0.388116 0.776237 -0.496813
vn 0.392338 0.786481 -0.476989
vn 0.281327 0.535533 -0.796279
vn -0.277961 -0.619943 -0.733763
vn -0.297111 -0.658454 -0.691494
vn -0.296450 -0.657411 -0.692769
vn -0.295546 -0.655983 -0.694506
vn -0.284930 -0.638164 -0.715236
vn -0.263473 -0.600255 -0.755166
vn 0.319005 0.618462 -0.718150
vn 0.342542 0.671021 -0.657568
vn 0.372539 0.739062 -0.561250
vn 0.401367 0.805050 -0.436806
vn 0.407901 0.813177 -0.415162
vn 0.430116 0.902766 -0.003690
vn 0.427106 0.901446 0.070539
vn 0.429808 0.901131 0.056817
vn 0.404110 0.842879 0.355317
vn 0.420597 0.843192 0.334852
vn 0.488678 0.814284 0.313267
vn -0.279963 -0.630005 -0.724372
vn 0.432974 0.894828 -0.108706
vn 0.432063 0.900266 -0.053313
vn 0.432350 0.901706 0.000443
vn 0.436181 0.893947 -0.102975
vn 0.437093 0.897316 -0.061426
vn 0.435974 0.855463 0.279481
vn 0.421866 0.859877 0.287472
vn 0.518201 0.822040 0.236048
vn 0.436483 0.867941 -0.236983
vn 0.108835 0.158309 -0.981373
vn -0.038176 -0.155700 -0.987066
vn -0.106172 -0.300467 -0.947864
vn 0.746725 -0.659699 0.084845
vn 0.761178 -0.642751 0.086488
vn 0.743937 -0.663145 0.082440
vn 0.759110 -0.646246 0.078218
vn 0.742315 -0.665277 0.079845
vn 0.740409 -0.667753 0.076814
vn 0.745650 -0.660803 0.085706
vn 0.745880 -0.660497 0.086064
vn 0.749918 -0.655105 0.091978
vn 0.751299 -0.653217 0.094116
vn 0.756789 -0.645686 0.101785
vn 0.759710 -0.641509 0.106337
vn 0.766886 -0.631181 0.116174
vn 0.771883 -0.623530 0.124127
vn 0.781033 -0.609326 0.136778
vn 0.791741 -0.590942 0.154704
vn 0.803854 -0.569242 0.172573
vn 0.820487 -0.534112 0.203779
vn 0.835653 -0.498840 0.229875
vn 0.858202 -0.426439 0.285726
vn 0.877857 -0.312851 0.362618
vn 0.881390 -0.227761 0.413855
vn 0.872443 -0.107187 0.476816
vn 0.849745 0.004802 0.527172
vn 0.817104 0.109226 0.566048
vn 0.760141 0.237849 0.604660
vn 0.722722 0.305981 0.619716
vn 0.683630 0.367275 0.630681
vn 0.652099 0.412295 0.636223
vn 0.555315 0.528779 0.641887
vn 0.619824 0.454388 0.639804
vn 0.587075 0.493623 0.641623
vn 0.640446 0.428158 0.637581
vn 0.597104 0.481999 0.641205
vn 0.669968 0.388012 0.632922
vn 0.611602 0.464692 0.640316
vn 0.689921 0.358902 0.628649
vn 0.621563 0.452438 0.639499
vn 0.704224 0.336912 0.624947
vn 0.628821 0.443314 0.638793
vn 0.717938 0.314842 0.620838
vn 0.635900 0.434251 0.638011
vn 0.727827 0.298267 0.617499
vn 0.641092 0.427495 0.637376
vn 0.735279 0.285376 0.614756
vn 0.645062 0.422267 0.636856
vn 0.739761 0.277448 0.613006
vn 0.647476 0.419062 0.636523
vn 0.743538 0.270658 0.611470
vn 0.649527 0.416321 0.636232
vn 0.746764 0.264778 0.610112
vn 0.651292 0.413951 0.635974
vn 0.749550 0.259638 0.608903
vn 0.652826 0.411882 0.635745
vn 0.752722 0.253712 0.607486
vn 0.654584 0.409499 0.635476
vn 0.755405 0.248639 0.606253
vn 0.656082 0.407461 0.635242
vn 0.757703 0.244246 0.605169
vn 0.547372 0.537172 0.641740
vn 0.547496 0.537042 0.641743
vn 0.438924 0.638533 0.632156
vn 0.440657 0.637086 0.632410
vn 0.346345 0.708744 0.614595
vn 0.349782 0.706368 0.615384
vn 0.201310 0.794435 0.573015
vn 0.205734 0.792211 0.574522
vn 0.002217 0.870812 0.491611
vn 0.008565 0.869050 0.494651
vn -0.146707 0.898865 0.412940
vn -0.138324 0.897923 0.417852
vn -0.272159 0.902409 0.334046
vn -0.260388 0.902855 0.342126
vn -0.386102 0.887661 0.250964
vn -0.361179 0.892368 0.270608
vn -0.430472 0.876498 0.215513
vn -0.390292 0.886431 0.248821
vn -0.467351 0.864532 0.184843
vn -0.396125 0.884683 0.245805
vn -0.424843 0.873546 0.237541
vn -0.360703 0.885884 0.291726
vn -0.408134 0.872299 0.269298
vn -0.337702 0.881786 0.329259
vn -0.405729 0.866930 0.289511
vn -0.330443 0.874429 0.355221
vn -0.386470 0.823433 0.415450
vn -0.333930 0.818587 0.467339
vn -0.401768 0.722790 0.562279
vn -0.397055 0.487558 0.777583
vn -0.541214 0.647450 0.536560
vn 0.738744 -0.669891 0.074185
vn 0.755609 -0.651868 0.064215
vn 0.736828 -0.672323 0.071176
vn 0.734599 -0.675116 0.067701
vn 0.746452 -0.659733 0.086953
vn 0.746813 -0.659250 0.087516
vn 0.754782 -0.648377 0.099556
vn 0.757866 -0.643998 0.104431
vn 0.768737 -0.628066 0.120738
vn 0.775993 -0.616622 0.132711
vn 0.790511 -0.592414 0.155366
vn 0.804376 -0.566003 0.180607
vn 0.822998 -0.526360 0.213586
vn 0.839413 -0.482259 0.250623
vn 0.858846 -0.417576 0.296672
vn 0.874699 -0.319419 0.364517
vn 0.880470 -0.205939 0.427038
vn 0.846972 0.010700 0.531529
vn 0.823164 0.089469 0.560711
vn 0.770437 0.214686 0.600281
vn 0.743173 0.268408 0.612904
vn 0.706908 0.326663 0.627353
vn 0.714106 0.319303 0.622975
vn 0.749229 -0.661332 0.035996
vn 0.727649 -0.683574 0.057035
vn 0.731973 -0.678355 0.063642
vn 0.739544 -0.671404 -0.047869
vn 0.679789 -0.733330 -0.010678
vn 0.695504 -0.718444 0.010576
vn 0.706350 -0.707393 0.025769
vn 0.751782 -0.652484 0.095331
vn 0.750309 -0.654514 0.092998
vn 0.780295 -0.609119 0.141819
vn 0.772821 -0.621385 0.128951
vn 0.808392 -0.556524 0.191788
vn 0.795484 -0.582516 0.166974
vn 0.834959 -0.492445 0.245643
vn 0.817912 -0.536649 0.207432
vn 0.858076 -0.414285 0.303437
vn 0.668989 -0.742858 -0.024811
vn 0.655150 -0.754307 -0.042406
vn 0.757315 -0.644682 0.104206
vn 0.849207 -0.440347 0.291447
vn 0.798146 -0.576611 0.174595
vn 0.755403 -0.647412 0.101117
vn 0.861820 -0.093247 0.498570
vn 0.865493 -0.363787 0.344357
vn 0.836836 -0.483884 0.256050
vn 0.790952 -0.590316 0.161003
vn 0.753923 -0.649500 0.098742
vn 0.853926 -0.034493 0.519250
vn 0.874843 -0.212967 0.435080
vn 0.855388 -0.419770 0.303487
vn 0.825888 -0.515114 0.229275
vn 0.415503 0.654055 0.632115
vn 0.488844 0.594517 0.638421
vn 0.520833 0.564110 0.640713
vn 0.554078 0.530096 0.641870
vn 0.553123 0.531110 0.641855
vn 0.296537 0.731151 0.614397
vn 0.325671 0.720366 0.612381
vn 0.429229 0.645778 0.631454
vn 0.466374 0.614846 0.635971
vn 0.508649 0.576013 0.639910
vn 0.491210 0.592519 0.638462
vn 0.551744 0.532571 0.641831
vn 0.550796 0.533572 0.641814
vn 0.195185 0.781175 0.593017
vn 0.167489 0.804191 0.570285
vn 0.237715 0.771255 0.590472
vn 0.261304 0.760692 0.594195
vn 0.389439 0.677174 0.624318
vn 0.334969 0.716160 0.612300
vn 0.434639 0.641982 0.631623
vn 0.413388 0.659182 0.628164
vn 0.479347 0.603404 0.637283
vn 0.470761 0.611115 0.636335
vn 0.550105 0.534301 0.641800
vn 0.549430 0.535011 0.641786
vn 0.065180 0.828626 0.555995
vn 0.072998 0.837392 0.541706
vn 0.092016 0.831801 0.547394
vn 0.113870 0.824669 0.554035
vn 0.011762 0.862215 0.506407
vn 0.073022 0.844532 0.530503
vn -0.049362 0.881239 0.470086
vn 0.051230 0.854727 0.516544
vn -0.010549 0.873363 0.486956
vn 0.126564 0.827885 0.546432
vn 0.092533 0.841404 0.532425
vn 0.275325 0.753990 0.596402
vn 0.252415 0.767254 0.589583
vn 0.383631 0.682033 0.622622
vn 0.373099 0.689789 0.620474
vn 0.456353 0.623748 0.634571
vn 0.451719 0.627731 0.633959
vn 0.548554 0.535932 0.641767
vn 0.548323 0.536175 0.641762
vn -0.040153 0.853251 0.519952
vn -0.065373 0.867021 0.493965
vn -0.034633 0.872220 0.487887
vn -0.145842 0.883197 0.445751
vn -0.202131 0.899162 0.388138
vn -0.271533 0.892398 0.360411
vn -0.316971 0.897129 0.307717
vn -0.133827 0.865904 0.481975
vn -0.177154 0.876340 0.447934
vn -0.239858 0.882600 0.404333
vn -0.223721 0.870626 0.438131
vn -0.281810 0.874662 0.394397
vn -0.615753 0.698517 0.364585
vn -0.534690 0.754016 0.381532
vn -0.458155 0.739951 0.492510
vn -0.581822 0.755650 0.300791
vn -0.659469 0.710986 0.244129
vn -0.612617 0.752737 0.241013
vn -0.639476 0.746759 0.182815
vn -0.586576 0.792343 0.167692
vn -0.610454 0.781208 0.130616
vn -0.568177 0.813877 0.121570
vn -0.589705 0.801915 0.095817
vn -0.571974 0.813476 0.105370
vn -0.587697 0.804355 0.087326
vn -0.575784 0.812620 0.090119
vn -0.590530 0.803632 0.073822
vn -0.583607 0.808842 0.071961
vn -0.596523 0.800486 0.058147
vn -0.500559 0.852029 0.153254
vn -0.510110 0.847916 0.144317
vn -0.430741 0.876664 0.214297
vn -0.440133 0.873906 0.206325
vn -0.304577 0.900203 0.311234
vn -0.311002 0.899592 0.306614
vn -0.172059 0.901197 0.397793
vn -0.249345 0.903346 0.348990
vn -0.176806 0.901547 0.394908
vn -0.686501 0.709240 0.160298
vn -0.657111 0.740565 0.140599
vn -0.627896 0.771582 0.102022
vn -0.602608 0.794030 0.079873
vn -0.600789 0.796167 0.071906
vn -0.602862 0.795596 0.059868
vn -0.607357 0.793077 0.046326
vn -0.520750 0.843092 0.134219
vn -0.447932 0.871494 0.199635
vn -0.383067 0.888499 0.252645
vn -0.316432 0.899029 0.302683
vn -0.714607 0.696808 0.061612
vn -0.676386 0.731071 0.089652
vn -0.669409 0.734889 0.108767
vn -0.726378 0.687151 0.014107
vn -0.694787 0.718382 0.034620
vn -0.690528 0.721708 0.048044
vn -0.686657 0.724513 0.059860
vn -0.659717 0.750111 0.045900
vn -0.653683 0.754620 0.056985
vn -0.630567 0.774894 0.043872
vn -0.622651 0.780615 0.054280
vn -0.621276 0.782181 0.046999
vn -0.611839 0.788809 0.058595
vn -0.613309 0.788395 0.047801
vn -0.637345 0.770479 0.012378
vn -0.672092 0.740128 0.022422
vn -0.698265 0.715461 0.023295
vn -0.666475 0.744788 0.033209
vn -0.647062 0.762132 0.021587
vn -0.639530 0.768105 0.031867
vn -0.640746 0.767428 0.022355
vn -0.631888 0.774327 0.033691
vn -0.634621 0.772498 0.022431
vn -0.624967 0.779908 0.034054
vn -0.629150 0.776977 0.021844
vn -0.619328 0.784439 0.032999
vn -0.529556 0.838903 0.125748
vn -0.536960 0.835238 0.118542
vn -0.454508 0.869372 0.193944
vn -0.100110 0.892838 0.439110
vn -0.014437 0.875219 0.483512
vn -0.166453 0.900749 0.401180
vn -0.009319 0.873898 0.486020
vn -0.159732 0.900160 0.405213
vn -0.003207 0.872282 0.488993
vn -0.153743 0.899590 0.408780
vn -0.018785 0.876317 0.481369
vn 0.073912 0.848515 0.523984
vn 0.192053 0.799013 0.569819
vn 0.188433 0.800775 0.568553
vn 0.340927 0.712455 0.613333
vn 0.343430 0.710745 0.613919
vn 0.196288 0.796932 0.571289
vn 0.831835 0.068392 0.550793
vn 0.875445 -0.126823 0.466382
vn 0.874272 -0.117460 0.471011
vn 0.879993 -0.290830 0.375539
vn 0.872786 -0.106547 0.476332
vn 0.880721 -0.278816 0.382872
vn 0.870867 -0.093670 0.482510
vn 0.881358 -0.264502 0.391468
vn 0.869040 -0.082386 0.487834
vn 0.881715 -0.251836 0.398946
vn 0.866761 -0.069356 0.493878
vn 0.881889 -0.237069 0.407516
vn 0.863873 -0.054151 0.500790
vn 0.881766 -0.219648 0.417424
vn 0.860148 -0.036192 0.508760
vn 0.881159 -0.198814 0.428989
vn 0.853253 -0.006550 0.521456
vn 0.879034 -0.163831 0.447727
vn 0.842822 0.032278 0.537224
vn 0.874059 -0.116935 0.471537
vn 0.826114 0.084979 0.557058
vn 0.863149 -0.051492 0.502317
vn 0.806205 0.138262 0.575254
vn 0.847004 0.016494 0.531330
vn 0.774856 0.209222 0.596510
vn 0.852436 -0.448861 0.268099
vn 0.855205 -0.439029 0.275459
vn 0.858291 -0.427368 0.284064
vn 0.861727 -0.413330 0.294253
vn 0.864547 -0.400778 0.303208
vn 0.867573 -0.385988 0.313576
vn 0.870778 -0.368325 0.325705
vn 0.874083 -0.346898 0.340059
vn 0.878324 -0.310183 0.363777
vn 0.881364 -0.259544 0.394758
vn 0.880341 -0.186270 0.436238
vn 0.810279 -0.557848 0.179591
vn 0.749406 -0.656613 0.085150
vn 0.754799 -0.649376 0.092680
vn 0.752597 -0.652112 0.091364
vn 0.761067 -0.640666 0.101604
vn 0.757800 -0.644953 0.098869
vn 0.768431 -0.629994 0.112343
vn 0.763906 -0.636251 0.107854
vn 0.774846 -0.620278 0.121940
vn 0.769223 -0.628391 0.115844
vn 0.782199 -0.608614 0.133245
vn 0.775321 -0.619031 0.125211
vn 0.790687 -0.594374 0.146744
vn 0.782371 -0.607708 0.136337
vn 0.800551 -0.576637 0.163118
vn 0.790591 -0.593751 0.149753
vn 0.816327 -0.545032 0.191178
vn 0.747403 -0.658585 0.087484
vn 0.748895 -0.656716 0.088766
vn 0.750628 -0.654559 0.090059
vn 0.754790 -0.648883 0.096145
vn -0.682022 0.727622 0.073568
vn -0.646584 0.759648 0.069746
vn -0.613441 0.786963 0.066171
vn 0.721988 -0.690202 0.048525
vn 0.714266 -0.698887 0.037156
vn 0.745160 -0.661453 0.084947
vn 0.746157 -0.660165 0.086211
vn 0.749554 -0.655697 0.090718
vn 0.752040 -0.652462 0.093429
vn 0.755727 -0.647366 0.098962
vn 0.759671 -0.642035 0.103396
vn 0.763921 -0.635897 0.109815
vn 0.745385 -0.661154 0.085296
vn 0.747334 -0.658594 0.088009
vn 0.748715 -0.656736 0.090126
vn 0.815276 -0.547478 0.188659
vn 0.821044 -0.534874 0.199492
vn 0.825973 -0.523494 0.209101
vn 0.831508 -0.509950 0.220332
vn 0.837734 -0.493584 0.233617
vn 0.844730 -0.473451 0.249550
vn 0.855309 -0.438242 0.276390
vn 0.866987 -0.388209 0.312454
vn 0.829069 0.076751 0.553854
vn 0.825732 0.086544 0.557383
vn 0.822746 0.095064 0.560403
vn 0.819226 0.104838 0.563807
vn 0.815020 0.116157 0.567671
vn 0.809918 0.129414 0.572088
vn 0.801180 0.151052 0.579046
vn 0.789136 0.178992 0.587560
vn 0.771680 0.216317 0.598095
vn 0.752678 0.253534 0.607616
vn 0.725075 0.302625 0.618614
vn 0.682555 0.369479 0.630558
vn 0.547640 0.536891 0.641747
vn 0.547809 0.536714 0.641750
vn 0.547957 0.536559 0.641754
vn 0.548126 0.536381 0.641758
vn -0.296858 0.900861 0.316742
vn -0.422335 0.878997 0.221353
vn -0.289965 0.901377 0.321619
vn -0.412418 0.881590 0.229586
vn -0.281850 0.901902 0.327313
vn -0.400549 0.884472 0.239311
vn 0.442695 0.635379 0.632704
vn 0.352793 0.704272 0.616066
vn 0.444474 0.633882 0.632958
vn 0.356270 0.701836 0.616846
vn 0.446523 0.632152 0.633246
vn 0.360330 0.698968 0.617743
vn 0.448908 0.630129 0.633577
vn 0.365135 0.695542 0.618787
vn 0.752075 -0.652262 0.094541
vn 0.758937 -0.642832 0.103839
vn 0.754270 -0.649225 0.097898
vn 0.762620 -0.637510 0.109507
vn 0.746145 -0.660144 0.086475
vn 0.752901 -0.651004 0.096609
vn 0.763135 -0.636506 0.111740
vn 0.780029 -0.610458 0.137461
vn 0.805378 -0.565090 0.178998
vn 0.841169 -0.480255 0.248576
vn 0.874438 -0.340696 0.345376
vn 0.871160 -0.101276 0.480441
vn 0.793926 0.165471 0.585065
vn 0.768796 -0.628643 0.117307
vn 0.210874 0.789596 0.576255
vn 0.016091 0.866900 0.498222
vn -0.128169 0.896670 0.423739
vn -0.240130 0.903191 0.355786
vn -0.326343 0.897336 0.297134
vn -0.330672 0.896317 0.295417
vn -0.489259 0.856641 0.163681
vn -0.567975 0.818296 0.088294
vn -0.557887 0.822679 0.109370
vn -0.545455 0.827241 0.134726
vn -0.539609 0.827662 0.154265
vn -0.552341 0.804798 0.217300
vn -0.638125 0.765273 0.084581
vn -0.548725 0.829016 0.107864
vn -0.527245 0.837918 0.141089
vn -0.515057 0.845517 0.140773
vn -0.485157 0.855197 0.182377
vn -0.459135 0.867651 0.190727
vn -0.475695 0.861825 0.175991
vn 0.025158 0.864226 0.502475
vn -0.110756 0.894237 0.433674
vn 0.040580 0.859461 0.509589
vn -0.086571 0.890266 0.447137
vn 0.061747 0.852478 0.519104
vn -0.050822 0.883149 0.466332
vn 0.224120 0.782707 0.580637
vn 0.236194 0.776237 0.584525
vn 0.216916 0.786481 0.578269
vn 0.548934 0.535533 0.641776
vn 0.774438 -0.619943 0.126161
vn 0.747407 -0.658454 0.088441
vn 0.748180 -0.657411 0.089651
vn 0.749233 -0.655983 0.091303
vn 0.761877 -0.638164 0.110861
vn 0.785730 -0.600255 0.149409
vn 0.462434 0.618462 0.635342
vn 0.398199 0.671021 0.625434
vn 0.299787 0.739062 0.603253
vn 0.177602 0.805050 0.565997
vn 0.155590 0.813177 0.560834
vn -0.211862 0.902766 0.374336
vn -0.274642 0.901446 0.334615
vn -0.264110 0.901131 0.343816
vn -0.509769 0.842879 0.172311
vn -0.500289 0.843192 0.196822
vn -0.515636 0.814284 0.266574
vn 0.767306 -0.630005 0.119731
vn -0.122345 0.894828 0.429320
vn -0.169861 0.900266 0.400834
vn -0.216558 0.901706 0.374204
vn -0.128912 0.893947 0.429232
vn -0.165350 0.897316 0.409247
vn -0.460025 0.855463 0.237824
vn -0.459891 0.859877 0.221611
vn -0.463524 0.822040 0.330751
vn -0.013008 0.867941 0.496496
vn 0.795476 0.158309 0.584941
vn 0.873913 -0.155700 0.460472
vn 0.873961 -0.300467 0.381985
vn 0.032069 0.000000 0.999486
vn -0.154034 0.000000 0.988065
vn -0.160496 0.000000 0.987037
vn -0.354059 0.000000 0.935223
vn -0.312927 0.000000 0.949777
vn -0.457652 0.000000 0.889132
vn -0.538930 0.000000 0.842351
vn -0.584544 0.000000 0.811362
vn -0.700733 0.000000 0.713424
vn -0.701783 0.000000 0.712391
vn -0.806502 0.000000 0.591231
vn -0.832543 0.000000 0.553960
vn -0.892867 0.000000 0.450321
vn -0.928718 0.000000 0.370786
vn -0.966424 0.000000 0.256951
vn -0.985142 0.000000 0.171742
vn -0.998617 0.000000 0.052584
vn -0.999974 -0.000000 0.007260
vn -0.988065 -0.000000 -0.154034
vn -0.988324 -0.000000 -0.152364
vn -0.953417 -0.000000 -0.301657
vn 0.052584 0.000000 0.998617
vn 0.222131 0.000000 0.975017
vn 0.256951 0.000000 0.966424
vn 0.301601 0.000000 0.953434
vn 0.366177 0.000000 0.930545
vn 0.415292 0.000000 0.909688
vn 0.450321 0.000000 0.892867
vn -0.935223 -0.000000 -0.354059
vn -0.898139 -0.000000 -0.439713
vn -0.842351 -0.000000 -0.538930
vn -0.818294 -0.000000 -0.574800
vn -0.718302 -0.000000 -0.695732
vn -0.713424 -0.000000 -0.700733
vn -0.571176 -0.000000 -0.820828
vn -0.553960 -0.000000 -0.832543
vn -0.403989 -0.000000 -0.914764
vn -0.370786 -0.000000 -0.928718
vn -0.327301 -0.000000 -0.944920
vn -0.261788 -0.000000 -0.965126
vn -0.209903 -0.000000 -0.977722
vn -0.171742 -0.000000 -0.985142
vn 0.849545 -0.000000 -0.527515
vn 0.932707 -0.000000 -0.360635
vn 0.935047 -0.000000 -0.354525
vn 0.986957 -0.000000 -0.160987
vn 0.978995 -0.000000 -0.203885
vn 0.998836 -0.000000 -0.048228
vn 0.998962 0.000000 0.045552
vn 0.994932 0.000000 0.100549
vn 0.968209 0.000000 0.250141
vn 0.967840 0.000000 0.251567
vn 0.915272 0.000000 0.402836
vn 0.896015 0.000000 0.444023
vn 0.836423 0.000000 0.548085
vn 0.785470 0.000000 0.618900
vn 0.705738 0.000000 0.708472
vn 0.641304 0.000000 0.767287
vn 0.544847 0.000000 0.838535
vn 0.506274 0.000000 0.862373
vn 0.360635 0.000000 0.932707
vn 0.362211 0.000000 0.932096
vn 0.215466 0.000000 0.976511
vn 0.838535 -0.000000 -0.544847
vn 0.733324 -0.000000 -0.679880
vn 0.708472 -0.000000 -0.705738
vn 0.674898 -0.000000 -0.737911
vn 0.622787 -0.000000 -0.782391
vn 0.580167 -0.000000 -0.814497
vn 0.548085 -0.000000 -0.836423
vn 0.160987 0.000000 0.986957
vn 0.068267 0.000000 0.997667
vn -0.045552 0.000000 0.998962
vn -0.088644 0.000000 0.996063
vn -0.243370 0.000000 0.969933
vn -0.250141 0.000000 0.968209
vn -0.425270 0.000000 0.905067
vn -0.444023 0.000000 0.896015
vn -0.590214 0.000000 0.807247
vn -0.618900 0.000000 0.785470
vn -0.654675 0.000000 0.755911
vn -0.704929 0.000000 0.709277
vn -0.741781 0.000000 0.670642
vn -0.767287 0.000000 0.641304
vn 0.493700 -0.000000 -0.869632
vn 0.453769 -0.000000 -0.891119
vn 0.343838 -0.000000 -0.939029
vn 0.260686 -0.000000 -0.965424
vn 0.143249 -0.000000 -0.989687
vn 0.056444 -0.000000 -0.998406
vn -0.063472 -0.000000 -0.997984
vn -0.108770 -0.000000 -0.994067
vn -0.267476 -0.000000 -0.963564
vn -0.266057 -0.000000 -0.963957
vn -0.410388 -0.000000 -0.911911
vn 0.627430 -0.000000 -0.778673
vn 0.626113 -0.000000 -0.779732
vn 0.737951 -0.000000 -0.674854
vn 0.774236 -0.000000 -0.632897
vn 0.829871 -0.000000 -0.557955
vn 0.887902 -0.000000 -0.460032
vn 0.906938 -0.000000 -0.421264
vn 0.961672 -0.000000 -0.274202
vn 0.963564 -0.000000 -0.267476
vn 0.996446 -0.000000 -0.084239
vn 0.997984 -0.000000 -0.063472
vn 0.994203 0.000000 0.107517
vn 0.989687 0.000000 0.143249
vn 0.981975 0.000000 0.189010
vn 0.966717 0.000000 0.255848
vn 0.951684 0.000000 0.307080
vn 0.939029 0.000000 0.343838
vn -0.460032 -0.000000 -0.887902
vn -0.541185 -0.000000 -0.840904
vn -0.632897 -0.000000 -0.774236
vn -0.666067 -0.000000 -0.745892
vn -0.774551 -0.000000 -0.632512
vn -0.778673 -0.000000 -0.627430
vn -0.881615 -0.000000 -0.471970
vn -0.891119 -0.000000 -0.453769
vn -0.955455 -0.000000 -0.295137
vn -0.965424 -0.000000 -0.260686
vn -0.976499 -0.000000 -0.215523
vn -0.988964 -0.000000 -0.148154
vn -0.995459 -0.000000 -0.095191
vn -0.998406 -0.000000 -0.056444
vn 0.339985 0.429240 0.836757
vn 0.382812 0.519501 0.763920
vn 0.465652 0.433475 0.771536
vn 0.360266 0.594432 0.718929
vn 0.363420 0.710876 0.602148
vn 0.337925 0.656554 0.674347
vn 0.316527 0.707696 0.631646
vn 0.266369 0.706589 0.655576
vn 0.396465 0.694721 0.600149
vn 0.347994 0.695796 0.628306
vn 0.473344 0.670435 0.571369
vn 0.425119 0.673969 0.604186
vn 0.550853 0.633764 0.543051
vn 0.204430 0.433598 0.877611
vn 0.258996 0.519456 0.814301
vn 0.321918 0.518308 0.792291
vn 0.303038 0.593225 0.745823
vn 0.284314 0.655382 0.699742
vn 0.170425 0.660058 0.731628
vn 0.243744 0.594392 0.766346
vn 0.159545 0.710934 0.684922
vn 0.214154 0.707665 0.673312
vn 0.228630 0.656518 0.718827
vn 0.296081 0.699180 0.650756
vn 0.594390 0.629951 0.499862
vn 0.676857 0.573359 0.461653
vn 0.713919 0.569163 0.407889
vn 0.802532 0.482900 0.350358
vn 0.830224 0.478413 0.286092
vn 0.915821 0.349292 0.198162
vn 0.930638 0.344305 0.123968
vn 0.984128 0.176863 0.014559
vn 0.982696 0.174059 -0.063344
vn 0.985328 -0.007847 -0.170491
vn 0.968999 -0.008103 -0.246930
vn 0.923548 -0.183822 -0.336555
vn 0.894087 -0.183464 -0.408595
vn 0.812506 -0.339355 -0.473996
vn 0.771995 -0.338650 -0.537903
vn 0.666201 -0.469179 -0.579696
vn 0.618706 -0.466965 -0.631781
vn 0.501423 -0.568808 -0.651945
vn 0.449087 -0.565981 -0.691366
vn 0.346419 -0.633941 -0.691457
vn 0.291718 -0.630786 -0.719033
vn 0.203623 -0.675082 -0.709086
vn 0.147855 -0.671853 -0.725777
vn 0.067780 -0.699646 -0.711268
vn 0.011618 -0.696460 -0.717502
vn -0.067627 -0.710866 -0.700069
vn -0.123283 -0.707670 -0.695704
vn -0.070899 -0.675504 -0.733940
vn -0.131617 -0.656520 -0.742737
vn -0.140319 -0.594388 -0.791842
vn -0.189339 -0.655366 -0.731195
vn -0.201809 -0.593199 -0.779351
vn -0.245842 -0.656520 -0.713122
vn -0.262096 -0.594384 -0.760272
vn -0.278499 -0.519436 -0.807852
vn -0.359580 -0.433543 -0.826282
vn -0.226416 -0.429185 -0.874377
vn -0.214384 -0.518269 -0.827911
vn -0.149100 -0.519444 -0.841396
vn -0.086652 -0.433420 -0.897017
vn -0.280626 -0.710925 -0.644852
vn -0.230274 -0.707672 -0.667963
vn -0.177388 -0.706579 -0.685040
vn -0.155109 -0.699815 -0.697280
vn -0.100428 -0.696427 -0.710565
vn -0.044389 -0.695335 -0.717313
vn -0.025148 -0.675359 -0.737060
vn 0.032859 -0.671782 -0.740020
vn 0.090987 -0.670679 -0.736146
vn 0.115770 -0.634470 -0.764228
vn 0.176032 -0.630667 -0.755825
vn 0.235110 -0.629553 -0.740531
vn 0.274821 -0.569812 -0.774460
vn 0.335820 -0.565795 -0.753061
vn 0.394273 -0.564700 -0.725026
vn 0.453503 -0.470753 -0.756787
vn 0.512688 -0.466690 -0.720660
vn 0.568027 -0.465700 -0.678579
vn 0.624675 -0.341982 -0.702019
vn 0.678755 -0.338279 -0.651812
vn 0.728046 -0.337540 -0.596671
vn 0.773984 -0.185787 -0.605336
vn 0.819494 -0.183011 -0.543081
vn 0.859659 -0.182691 -0.477086
vn 0.884829 -0.008917 -0.465831
vn 0.918636 -0.007609 -0.395033
vn 0.946816 -0.007831 -0.321680
vn 0.940769 0.174919 -0.290442
vn 0.960711 0.174532 -0.215809
vn 0.974822 0.173775 -0.139726
vn 0.933102 0.346528 -0.096118
vn 0.938439 0.344701 -0.022685
vn 0.937737 0.343567 0.051095
vn 0.872409 0.481382 0.084694
vn 0.864523 0.478713 0.153083
vn 0.850512 0.477425 0.220670
vn 0.787131 0.572396 0.229758
vn 0.768655 0.569382 0.291503
vn 0.744203 0.568085 0.351342
vn 0.692081 0.633229 0.346476
vn 0.664965 0.630108 0.400980
vn 0.632251 0.628856 0.452546
vn 0.591049 0.673682 0.443636
vn 0.556588 0.670543 0.490492
vn 0.517105 0.669349 0.533455
vn 0.482657 0.699007 0.527666
vn 0.441685 0.695863 0.566294
vn -0.894646 0.429240 -0.123943
vn -0.852980 0.519501 -0.050436
vn -0.900996 0.433475 0.017498
vn -0.802744 0.594432 -0.047465
vn -0.703185 0.710876 0.013657
vn -0.752964 0.656554 -0.044522
vn -0.705285 0.707696 -0.041703
vn -0.700930 0.706589 -0.097106
vn -0.717977 0.694721 0.043274
vn -0.718126 0.695796 -0.012781
vn -0.731492 0.670435 0.124243
vn -0.735800 0.673969 0.066071
vn -0.745722 0.633764 0.205528
vn -0.862249 0.433598 -0.261764
vn -0.834703 0.519456 -0.182853
vn -0.847104 0.518308 -0.117356
vn -0.797420 0.593225 -0.110473
vn -0.748152 0.655382 -0.103648
vn -0.718821 0.660058 -0.218222
vn -0.785548 0.594392 -0.172085
vn -0.672932 0.710934 -0.204291
vn -0.690182 0.707665 -0.151194
vn -0.736837 0.656518 -0.161414
vn -0.711612 0.699180 -0.068964
vn -0.730088 0.629951 0.264826
vn -0.738232 0.573359 0.355349
vn -0.710202 0.569163 0.414327
vn -0.704685 0.482900 0.519834
vn -0.662875 0.478413 0.575949
vn -0.629523 0.349292 0.694043
vn -0.572678 0.344305 0.743972
vn -0.504673 0.176863 0.845000
vn -0.436491 0.174059 0.882711
vn -0.345014 -0.007847 0.938565
vn -0.270652 -0.008103 0.962643
vn -0.170309 -0.183822 0.968093
vn -0.093190 -0.183464 0.978599
vn 0.004240 -0.339355 0.940649
vn 0.079840 -0.338650 0.937519
vn 0.168931 -0.469179 0.866795
vn 0.237786 -0.466965 0.851705
vn 0.313889 -0.568808 0.760218
vn 0.374197 -0.565981 0.734604
vn 0.425610 -0.633941 0.645736
vn 0.476842 -0.630786 0.612152
vn 0.512275 -0.675082 0.530885
vn 0.554614 -0.671853 0.490935
vn 0.582086 -0.699646 0.414333
vn 0.615566 -0.696460 0.368812
vn 0.640091 -0.710866 0.291468
vn 0.664139 -0.707670 0.241086
vn 0.671060 -0.675504 0.305570
vn 0.709038 -0.656520 0.257385
vn 0.755915 -0.594388 0.274401
vn 0.727903 -0.655366 0.201625
vn 0.775842 -0.593199 0.214904
vn 0.740503 -0.656520 0.143656
vn 0.789463 -0.594384 0.153154
vn 0.838870 -0.519436 0.162738
vn 0.895371 -0.433543 0.101735
vn 0.870441 -0.429185 0.241107
vn 0.824184 -0.518269 0.228294
vn 0.803220 -0.519444 0.291573
vn 0.820165 -0.433420 0.373466
vn 0.698772 -0.710925 0.079397
vn 0.693610 -0.707672 0.134558
vn 0.681955 -0.706579 0.188898
vn 0.681417 -0.699815 0.214312
vn 0.665582 -0.696427 0.268309
vn 0.643406 -0.695335 0.320214
vn 0.650887 -0.675359 0.346752
vn 0.624447 -0.671782 0.398466
vn 0.592028 -0.670679 0.446870
vn 0.603956 -0.634470 0.482374
vn 0.566548 -0.630667 0.530361
vn 0.523763 -0.629553 0.573877
vn 0.533291 -0.569812 0.625232
vn 0.484260 -0.565795 0.667359
vn 0.430755 -0.564700 0.703963
vn 0.428645 -0.470753 0.771139
vn 0.367766 -0.466690 0.804331
vn 0.303653 -0.465700 0.831215
vn 0.295629 -0.341982 0.891993
vn 0.225108 -0.338279 0.913725
vn 0.152710 -0.337540 0.928842
vn 0.137244 -0.185787 0.972958
vn 0.060575 -0.183011 0.981243
vn -0.016661 -0.182691 0.983029
vn -0.038993 -0.008917 0.999200
vn -0.117210 -0.007609 0.993078
vn -0.194825 -0.007831 0.980807
vn -0.218854 0.174919 0.959951
vn -0.293459 0.174532 0.939904
vn -0.366405 0.173775 0.914084
vn -0.383310 0.346528 0.856149
vn -0.449574 0.344701 0.824054
vn -0.513118 0.343567 0.786557
vn -0.509551 0.481382 0.713182
vn -0.564835 0.478713 0.672157
vn -0.616361 0.477425 0.626230
vn -0.592541 0.572396 0.566796
vn -0.636777 0.569382 0.519923
vn -0.676373 0.568085 0.468828
vn -0.646097 0.633229 0.426122
vn -0.679742 0.630108 0.375387
vn -0.708042 0.628856 0.321273
vn -0.679725 0.673682 0.290046
vn -0.703072 0.670543 0.236773
vn -0.720538 0.669349 0.181099
vn -0.698301 0.699007 0.154160
vn -0.711267 0.695863 0.099363
vn 0.470211 -0.647634 -0.599560
vn 0.511917 -0.722847 -0.464148
vn 0.726277 -0.487698 -0.484430
vn 0.425503 -0.818601 -0.385798
vn 0.409268 -0.870620 -0.272983
vn 0.359108 -0.874659 -0.325598
vn 0.424447 -0.876327 -0.227805
vn 0.373881 -0.882594 -0.285027
vn 0.425935 -0.883179 -0.196401
vn 0.326618 -0.892400 -0.311355
vn 0.362211 -0.899157 -0.245601
vn 0.269038 -0.897146 -0.350352
vn 0.311011 -0.901138 -0.302031
vn 0.281000 -0.899293 -0.335128
vn 0.321814 -0.902121 -0.287424
vn 0.300653 -0.901455 -0.311427
vn 0.378559 -0.900256 -0.215017
vn 0.354079 -0.902417 -0.245501
vn 0.439195 -0.888851 -0.130582
vn 0.425448 -0.892487 -0.149869
vn 0.516459 -0.856260 -0.009420
vn 0.508527 -0.860750 -0.022573
vn 0.606642 -0.777878 0.163984
vn 0.602826 -0.782547 0.155629
vn 0.657050 -0.695269 0.291353
vn 0.654980 -0.699710 0.285318
vn 0.681216 -0.630481 0.372073
vn 0.680467 -0.632978 0.369193
vn 0.700990 -0.536025 0.470416
vn 0.700962 -0.536236 0.470217
vn 0.707086 -0.411265 0.575231
vn 0.707037 -0.409440 0.576591
vn 0.690723 -0.254356 0.676908
vn 0.690001 -0.250328 0.679142
vn 0.644509 -0.071584 0.761239
vn 0.642563 -0.065661 0.763415
vn 0.567577 0.120749 0.814417
vn 0.564284 0.127637 0.815655
vn 0.472846 0.294258 0.830560
vn 0.364611 0.449439 0.815514
vn 0.370225 0.442226 0.816927
vn 0.269689 0.560607 0.782936
vn 0.376515 0.434051 0.818435
vn 0.276436 0.553361 0.785732
vn 0.383607 0.424711 0.820040
vn 0.284093 0.545029 0.788818
vn 0.391662 0.413945 0.821736
vn 0.292852 0.535353 0.792234
vn 0.404258 0.396756 0.824112
vn 0.306689 0.519745 0.797375
vn 0.419588 0.375232 0.826527
vn 0.323763 0.499924 0.803277
vn 0.438592 0.347575 0.828752
vn 0.345300 0.474001 0.809994
vn 0.456061 0.321128 0.829991
vn 0.365476 0.448736 0.815514
vn 0.477169 0.287752 0.830367
vn 0.390360 0.416186 0.821224
vn 0.502990 0.244566 0.828968
vn 0.421592 0.372976 0.826529
vn 0.534887 0.187056 0.823958
vn 0.461441 0.313555 0.829913
vn 0.553581 0.150818 0.819025
vn 0.485482 0.275044 0.829854
vn 0.574312 0.108002 0.811481
vn 0.512762 0.228523 0.827558
vn 0.621764 -0.003973 0.783194
vn 0.577767 0.102091 0.809791
vn 0.672914 -0.164680 0.721157
vn 0.652056 -0.088652 0.752970
vn 0.694763 -0.267677 0.667573
vn 0.685343 -0.213921 0.696091
vn 0.704959 -0.325978 0.629898
vn 0.672966 -0.157517 0.722707
vn 0.614398 0.035216 0.788210
vn 0.558269 0.156411 0.814783
vn 0.480315 0.301038 0.823816
vn 0.400429 0.414805 0.817064
vn 0.340384 0.492862 0.800766
vn 0.300446 0.537047 0.788234
vn 0.257697 0.582849 0.770635
vn 0.247675 0.592487 0.766561
vn 0.212060 0.626326 0.750164
vn 0.207526 0.630294 0.748106
vn 0.177224 0.656236 0.733448
vn 0.175832 0.657363 0.732774
vn 0.128901 0.692364 0.709942
vn 0.136446 0.686914 0.713815
vn 0.122329 0.661654 0.739763
vn 0.151016 0.652223 0.742832
vn 0.142605 0.682406 0.716928
vn 0.147725 0.678617 0.719483
vn 0.173858 0.658956 0.731813
vn 0.173133 0.659541 0.731458
vn 0.189778 0.645510 0.739798
vn 0.186002 0.648684 0.737979
vn 0.206006 0.630734 0.748155
vn 0.199059 0.636831 0.744863
vn 0.222630 0.614457 0.756887
vn 0.212362 0.623877 0.752117
vn 0.239739 0.596483 0.765985
vn 0.225973 0.609697 0.759741
vn 0.257426 0.576577 0.775430
vn 0.239954 0.594148 0.767731
vn 0.275784 0.554464 0.785183
vn 0.254367 0.577064 0.776076
vn 0.290848 -0.698714 -0.653610
vn 0.317063 -0.754105 -0.575150
vn 0.436107 -0.740019 -0.512038
vn 0.367893 -0.823454 -0.431947
vn 0.314574 -0.874429 -0.369346
vn 0.166221 -0.711200 -0.683055
vn 0.197701 -0.754628 -0.625661
vn 0.231456 -0.755761 -0.612579
vn 0.205136 -0.814345 -0.542920
vn 0.274878 -0.822079 -0.498626
vn 0.183020 -0.855495 -0.484389
vn 0.240617 -0.866944 -0.436477
vn 0.220307 -0.872325 -0.436480
vn 0.287998 -0.881794 -0.373492
vn 0.248085 -0.885905 -0.391952
vn 0.079885 -0.709473 -0.700191
vn 0.120995 -0.748477 -0.652030
vn 0.168553 -0.752868 -0.636223
vn 0.151975 -0.804880 -0.573648
vn 0.176827 -0.809678 -0.559601
vn 0.137659 -0.843242 -0.519608
vn 0.159031 -0.849361 -0.503284
vn 0.166971 -0.859922 -0.482343
vn 0.192081 -0.866283 -0.461149
vn 0.186858 -0.873586 -0.449368
vn 0.215578 -0.880114 -0.422995
vn 0.198393 -0.884721 -0.421793
vn 0.231256 -0.891585 -0.389354
vn 0.255237 -0.896338 -0.362536
vn -0.021317 -0.697069 -0.716687
vn 0.030713 -0.735080 -0.677284
vn 0.054622 -0.739266 -0.671195
vn 0.084040 -0.743787 -0.663112
vn 0.050880 -0.778798 -0.625208
vn 0.077617 -0.786705 -0.612430
vn 0.047475 -0.810822 -0.583364
vn 0.071851 -0.820622 -0.566937
vn 0.062018 -0.823718 -0.563597
vn 0.090168 -0.834917 -0.542939
vn 0.069623 -0.834001 -0.547353
vn 0.100558 -0.846405 -0.522960
vn 0.070206 -0.841238 -0.536088
vn 0.103044 -0.854817 -0.508596
vn 0.156596 -0.874222 -0.459579
vn 0.181696 -0.881403 -0.436022
vn 0.220853 -0.891179 -0.396262
vn 0.241021 -0.894881 -0.375629
vn 0.321254 -0.903155 -0.284792
vn 0.335625 -0.903126 -0.267806
vn 0.414726 -0.894932 -0.164619
vn -0.069831 -0.687429 -0.722887
vn -0.051882 -0.717111 -0.695026
vn -0.042593 -0.719403 -0.693285
vn -0.032005 -0.721933 -0.691223
vn -0.040820 -0.746248 -0.664415
vn -0.030577 -0.750300 -0.660390
vn -0.039134 -0.769889 -0.636977
vn -0.029226 -0.775054 -0.631219
vn -0.036096 -0.776360 -0.629256
vn -0.025044 -0.782338 -0.622351
vn -0.034814 -0.782084 -0.622200
vn -0.023325 -0.788549 -0.614529
vn -0.035315 -0.786640 -0.616401
vn -0.024102 -0.793230 -0.608445
vn 0.075800 -0.844322 -0.530447
vn 0.084432 -0.848000 -0.523228
vn 0.156195 -0.874613 -0.458972
vn 0.163099 -0.876713 -0.452519
vn 0.275449 -0.900378 -0.336818
vn 0.280330 -0.900874 -0.331422
vn 0.380413 -0.900605 -0.210227
vn 0.384082 -0.900148 -0.205462
vn 0.482636 -0.873476 -0.064050
vn 0.485442 -0.872231 -0.059656
vn 0.590854 -0.796208 0.130173
vn 0.592612 -0.794290 0.133844
vn 0.650990 -0.707931 0.273945
vn 0.651893 -0.706108 0.276491
vn 0.679439 -0.636335 0.365295
vn 0.679843 -0.635026 0.366819
vn 0.700944 -0.536371 0.470089
vn -0.060095 -0.715026 -0.696510
vn -0.062824 -0.757032 -0.650351
vn -0.057887 -0.739263 -0.670924
vn -0.055774 -0.760933 -0.646429
vn -0.049857 -0.742586 -0.667892
vn -0.047924 -0.765202 -0.642005
vn -0.054547 -0.766014 -0.640506
vn -0.061273 -0.770661 -0.634292
vn -0.053836 -0.770969 -0.634593
vn -0.053671 -0.775445 -0.629130
vn -0.044906 -0.776251 -0.628822
vn -0.045085 -0.780744 -0.623222
vn 0.055735 -0.835337 -0.546905
vn 0.061623 -0.838037 -0.542122
vn 0.068261 -0.841018 -0.536683
vn 0.140139 -0.869430 -0.473763
vn 0.144853 -0.870995 -0.469452
vn 0.150165 -0.872715 -0.464563
vn 0.206696 -0.888533 -0.409618
vn 0.267433 -0.899463 -0.345608
vn 0.271187 -0.899907 -0.341503
vn 0.264101 -0.899047 -0.349235
vn 0.317859 -0.903350 -0.287966
vn 0.374379 -0.901283 -0.218011
vn 0.371868 -0.901539 -0.221230
vn 0.424660 -0.892814 -0.150158
vn 0.478000 -0.875465 -0.071259
vn 0.476063 -0.876271 -0.074252
vn 0.529140 -0.848436 0.012921
vn 0.587922 -0.799341 0.124102
vn 0.586688 -0.800637 0.121563
vn 0.648831 -0.712203 0.267928
vn 0.700901 -0.536694 0.469784
vn 0.678760 -0.638511 0.362751
vn 0.649474 -0.710944 0.269709
vn 0.589302 -0.797877 0.126951
vn 0.480175 -0.874542 -0.067885
vn 0.688743 -0.243489 0.682895
vn 0.706946 -0.406374 0.578867
vn 0.700914 -0.536598 0.469874
vn 0.679081 -0.637488 0.363949
vn 0.650189 -0.709530 0.271701
vn 0.689344 -0.246727 0.681125
vn 0.706990 -0.407821 0.577795
vn 0.700928 -0.536491 0.469975
vn 0.171044 0.656937 0.734287
vn 0.176994 0.651639 0.737591
vn 0.183726 0.645570 0.741272
vn 0.191405 0.638554 0.745395
vn 0.200241 0.630353 0.750039
vn 0.214313 0.617009 0.757212
vn 0.231879 0.599854 0.765772
vn 0.172349 0.659556 0.731630
vn 0.173449 0.657993 0.732775
vn 0.174590 0.656153 0.734154
vn 0.179188 0.652176 0.736586
vn 0.181438 0.649032 0.738808
vn 0.187879 0.643280 0.742221
vn 0.173723 0.643136 0.745786
vn 0.168356 0.662975 0.729466
vn 0.170270 0.661838 0.730054
vn 0.171289 0.660838 0.730721
vn 0.172651 0.659727 0.731404
vn 0.174796 0.657521 0.732880
vn 0.177554 0.655216 0.734280
vn 0.180958 0.651602 0.736661
vn 0.185496 0.647696 0.738973
vn 0.190352 0.642373 0.742376
vn 0.199746 0.633964 0.747122
vn 0.206969 0.625818 0.752008
vn 0.221490 0.612113 0.759118
vn 0.165292 0.646619 0.744689
vn 0.166400 0.664484 0.728541
vn 0.170538 0.661624 0.730186
vn 0.170838 0.661383 0.730333
vn 0.174182 0.658475 0.732169
vn 0.175917 0.657051 0.733033
vn 0.180687 0.652583 0.735858
vn 0.185593 0.648430 0.738305
vn 0.192627 0.641489 0.742554
vn 0.201377 0.633759 0.746858
vn 0.211335 0.623386 0.752813
vn 0.157932 0.670954 0.724485
vn 0.161747 0.668052 0.726323
vn 0.164212 0.666166 0.727501
vn 0.171177 0.661111 0.730500
vn 0.038126 0.671683 0.739857
vn 0.068071 0.733423 0.676356
vn 0.090944 0.718579 0.689473
vn 0.107249 0.707562 0.698465
vn 0.181572 0.652696 0.735541
vn 0.179054 0.654749 0.734332
vn 0.231011 0.609384 0.758475
vn 0.217340 0.621665 0.752527
vn 0.283856 0.556856 0.780600
vn 0.052819 0.742926 0.667286
vn 0.033784 0.754347 0.655606
vn 0.191146 0.644800 0.740065
vn 0.387650 0.440650 0.809663
vn 0.265695 0.576832 0.772445
vn 0.187815 0.647563 0.738504
vn 0.594797 0.093841 0.798379
vn 0.442013 0.364232 0.819731
vn 0.351028 0.484202 0.801453
vn 0.251335 0.590556 0.766860
vn 0.185254 0.649676 0.737294
vn 0.533188 0.213558 0.818598
vn 0.400227 0.420207 0.814398
vn 0.323144 0.515441 0.793662
vn 0.701962 -0.528298 0.477651
vn 0.705595 -0.366623 0.606402
vn 0.701436 -0.318610 0.637554
vn 0.676114 -0.653732 0.339861
vn 0.690850 -0.594116 0.412009
vn 0.696819 -0.563671 0.443529
vn 0.701802 -0.529615 0.476426
vn 0.701678 -0.530630 0.475479
vn 0.706099 -0.481462 0.519248
vn 0.706885 -0.464134 0.533754
vn 0.706251 -0.387376 0.592578
vn 0.704298 -0.358238 0.612887
vn 0.690599 -0.252787 0.677622
vn 0.686866 -0.232952 0.688439
vn 0.656405 -0.108991 0.746494
vn 0.648764 -0.084157 0.756322
vn 0.598594 0.052320 0.799342
vn 0.575935 0.103477 0.810920
vn 0.644751 -0.730930 0.223688
vn 0.646120 -0.720128 0.252873
vn 0.677043 -0.645442 0.353577
vn 0.685823 -0.614470 0.389967
vn 0.694616 -0.575588 0.431517
vn 0.691165 -0.592113 0.414358
vn 0.701495 -0.532091 0.474113
vn 0.701369 -0.533093 0.473174
vn 0.707220 -0.451866 0.543743
vn 0.707304 -0.446987 0.547653
vn 0.703272 -0.346512 0.620756
vn 0.702262 -0.336228 0.627518
vn 0.683315 -0.215547 0.697582
vn 0.676826 -0.186499 0.712127
vn 0.635076 -0.043081 0.771247
vn 0.623350 -0.010646 0.781870
vn 0.557023 0.143008 0.818092
vn 0.541171 0.174300 0.822650
vn 0.611776 -0.781021 0.125444
vn 0.585981 -0.804062 0.100549
vn 0.614171 -0.771084 0.168000
vn 0.620601 -0.760506 0.191011
vn 0.665355 -0.676878 0.314863
vn 0.647114 -0.715915 0.262124
vn 0.677838 -0.641640 0.358936
vn 0.671945 -0.658862 0.338219
vn 0.688625 -0.603012 0.402707
vn 0.687596 -0.607176 0.398183
vn 0.701319 -0.533484 0.472807
vn 0.701276 -0.533822 0.472490
vn 0.707354 -0.442732 0.551035
vn 0.707391 -0.435669 0.556589
vn 0.700351 -0.319052 0.638525
vn 0.698620 -0.305292 0.647091
vn 0.671143 -0.163281 0.723123
vn 0.666183 -0.144335 0.731688
vn 0.613303 0.015520 0.789695
vn 0.604653 0.037024 0.795628
vn 0.527775 0.199595 0.825600
vn 0.512913 0.226558 0.828005
vn 0.559908 -0.828555 0.000486
vn 0.546642 -0.837307 0.009963
vn 0.554496 -0.831708 0.028201
vn 0.563625 -0.824567 0.049148
vn 0.504477 -0.862156 -0.046799
vn 0.535513 -0.844451 0.011281
vn 0.461311 -0.881201 -0.103326
vn 0.519120 -0.854656 -0.008758
vn 0.482567 -0.873314 -0.066716
vn 0.557542 -0.827782 0.062641
vn 0.547888 -0.835337 0.045057
vn 0.628893 -0.747039 0.215468
vn 0.624418 -0.753793 0.204691
vn 0.667477 -0.670716 0.323441
vn 0.663994 -0.679359 0.312382
vn 0.685177 -0.616484 0.387918
vn 0.683961 -0.620934 0.382935
vn 0.701148 -0.534812 0.471558
vn 0.701102 -0.535164 0.471227
vn 0.707344 -0.425466 0.564485
vn 0.707297 -0.421662 0.567391
vn 0.695699 -0.284649 0.659529
vn 0.694096 -0.274336 0.665561
vn 0.656876 -0.111372 0.745728
vn 0.652657 -0.097348 0.751373
vn 0.586708 0.079083 0.805928
vn 0.579790 0.094493 0.809268
vn 0.490510 0.265244 0.830088
vn 0.483921 0.276212 0.830378
vn 0.511874 -0.853216 -0.100034
vn 0.483151 -0.866989 -0.122051
vn 0.480703 -0.872175 -0.090751
vn 0.463270 -0.865888 -0.188730
vn 0.119443 0.699082 0.704994
vn 0.113757 0.703062 0.701971
vn 0.178072 0.655548 0.733858
vn 0.110568 -0.795457 -0.595838
vn 0.101366 -0.831465 -0.546252
vn 0.124491 -0.847108 -0.516633
vn 0.138806 -0.859821 -0.491367
vn 0.144640 -0.869637 -0.472028
vn 0.213611 -0.889029 -0.404967
vn 0.266782 -0.898543 -0.348495
vn 0.153345 0.674417 0.722252
vn 0.172343 0.660175 0.731072
vn 0.181916 0.652093 0.735990
vn 0.191583 0.643306 0.741251
vn 0.005081 -0.730086 -0.683337
vn -0.015354 -0.725729 -0.687810
vn 0.491761 -0.867891 -0.070263
vn 0.387438 -0.897304 -0.211509
vn 0.575213 -0.813057 0.089818
vn 0.705359 -0.493100 0.509236
vn 0.707323 -0.453822 0.541978
vn 0.707478 -0.411685 0.574448
vn 0.705349 -0.368828 0.605350
vn 0.699187 -0.305276 0.646486
vn 0.682104 -0.208451 0.700916
vn 0.656668 -0.108412 0.746347
vn 0.625584 -0.015664 0.780000
vn 0.707486 -0.427563 0.562719
vn 0.688517 -0.237096 0.685368
vn 0.625776 -0.009873 0.779940
vn 0.525758 0.206712 0.825135
vn 0.443916 0.341375 0.828493
vn 0.411058 0.388756 0.824561
vn 0.382786 0.427038 0.819215
vn 0.337266 0.484396 0.807225
vn 0.302689 0.524782 0.795603
vn 0.462996 0.320059 0.826557
vn 0.393760 0.418146 0.818601
vn 0.366873 0.452687 0.812699
vn 0.343943 0.480769 0.806576
vn 0.307192 0.523337 0.794828
vn 0.279257 0.553819 0.784411
vn 0.698363 -0.301915 0.648951
vn 0.582892 -0.804919 0.111094
vn 0.411511 -0.893928 -0.177626
vn 0.346700 -0.901704 -0.258319
vn 0.412359 -0.894807 -0.171113
vn 0.468907 -0.878917 -0.087359
vn 0.539684 -0.841317 0.030446
vn 0.617065 -0.764256 0.187469
vn 0.661211 -0.685935 0.303799
vn 0.682963 -0.624478 0.378929
vn 0.701064 -0.535454 0.470954
vn 0.707226 -0.417491 0.570554
vn 0.692715 -0.265907 0.670402
vn 0.649043 -0.085718 0.755907
vn 0.575268 0.104352 0.811282
vn 0.478071 0.285803 0.830521
vn 0.634056 -0.738847 0.228208
vn 0.669565 -0.665291 0.330258
vn 0.686692 -0.610732 0.394286
vn 0.701204 -0.534376 0.471969
vn 0.707379 -0.430047 0.560958
vn 0.697074 -0.294031 0.653937
vn 0.661848 -0.128602 0.738525
vn 0.594881 0.060323 0.801547
vn 0.500699 0.247925 0.829358
vn 0.664569 -0.137456 0.734475
vn 0.611528 0.020852 0.790948
vn 0.345802 0.482735 0.804604
vn 0.285207 0.553078 0.782791
vn 0.239110 0.600587 0.762969
vn 0.200143 0.636684 0.744698
vn 0.174740 0.658246 0.732242
vn 0.394008 -0.898135 -0.195221
vn 0.324896 0.506938 0.798409
vn 0.307114 0.526803 0.792565
vn 0.278601 0.557338 0.782149
vn 0.256839 0.579599 0.773369
vn 0.526524 -0.850127 0.007598
vn 0.457412 -0.883112 -0.104342
vn 0.611289 -0.771968 0.174330
vn 0.658938 -0.691102 0.296948
vn 0.682132 -0.627368 0.375641
vn 0.701023 -0.535769 0.470657
vn 0.707155 -0.414091 0.573115
vn 0.691519 -0.258891 0.674371
vn 0.646658 -0.078224 0.758758
vn 0.571220 0.113039 0.812976
vn 0.251345 0.587156 0.769463
vn 0.272229 0.566386 0.777880
vn 0.225253 0.613428 0.756946
vn 0.235309 0.602578 0.762581
vn 0.194388 0.641605 0.741994
vn 0.214536 0.623139 0.752111
vn 0.028809 -0.771731 -0.635297
vn 0.004802 -0.763491 -0.645801
vn -0.014598 -0.756413 -0.653932
vn 0.027057 -0.802030 -0.596670
vn 0.004542 -0.791721 -0.610866
vn -0.013887 -0.782804 -0.622113
vn 0.038604 -0.813588 -0.580160
vn 0.012974 -0.801656 -0.597645
vn -0.007840 -0.791319 -0.611353
vn 0.044209 -0.822788 -0.566627
vn 0.016738 -0.809637 -0.586693
vn -0.005299 -0.798318 -0.602213
vn 0.043773 -0.829123 -0.557350
vn 0.015752 -0.815137 -0.579054
vn -0.006317 -0.803299 -0.595543
vn 0.136410 -0.867711 -0.477985
vn 0.114994 -0.860098 -0.496998
vn 0.098091 -0.853585 -0.511636
vn 0.204676 -0.887696 -0.412436
vn 0.187537 -0.883518 -0.429214
vn 0.174021 -0.879876 -0.442193
vn 0.309763 -0.902862 -0.298140
vn 0.297617 -0.902254 -0.312030
vn 0.288052 -0.901564 -0.322813
vn 0.406141 -0.896652 -0.176253
vn 0.397051 -0.898250 -0.188406
vn 0.389881 -0.899354 -0.197877
vn 0.502123 -0.864165 -0.033034
vn 0.495289 -0.867611 -0.044047
vn 0.489859 -0.870208 -0.052692
vn 0.595356 -0.791238 0.139618
vn 0.598691 -0.787430 0.146711
vn 0.653294 -0.703238 0.280470
vn 0.195264 0.636599 0.746065
vn 0.184398 0.647626 0.739309
vn 0.176974 0.655004 0.734608
vn 0.178625 0.654820 0.734373
vn 0.171705 0.660688 0.730759
vn 0.175772 0.654034 0.735760
vn 0.377206 -0.900977 -0.214373
vn -0.045860 -0.770941 -0.635253
vn 0.284129 -0.647634 0.706994
vn 0.146005 -0.722847 0.675407
vn 0.056390 -0.487698 0.871190
vn 0.121359 -0.818601 0.561395
vn 0.031776 -0.870620 0.490928
vn 0.102422 -0.874659 0.473796
vn -0.014939 -0.876327 0.481484
vn 0.059901 -0.882594 0.466304
vn -0.042879 -0.883179 0.467072
vn 0.106333 -0.892400 0.438537
vn 0.031591 -0.899157 0.436485
vn 0.168895 -0.897146 0.408170
vn 0.106061 -0.901138 0.420359
vn 0.149729 -0.899293 0.410917
vn 0.088010 -0.902121 0.422412
vn 0.119377 -0.901455 0.416086
vn -0.003070 -0.900256 0.435350
vn 0.035571 -0.902417 0.429393
vn -0.106510 -0.888851 0.445645
vn -0.082934 -0.892487 0.443383
vn -0.250071 -0.856260 0.451977
vn -0.234715 -0.860750 0.451684
vn -0.445335 -0.777878 0.443376
vn -0.436192 -0.782547 0.444248
vn -0.580844 -0.695269 0.423345
vn -0.574583 -0.699710 0.424571
vn -0.662833 -0.630481 0.403914
vn -0.659964 -0.632978 0.404705
vn -0.757887 -0.536025 0.371867
vn -0.757701 -0.536236 0.371942
vn -0.851708 -0.411265 0.324739
vn -0.852861 -0.409440 0.324016
vn -0.931581 -0.254356 0.259730
vn -0.933155 -0.250328 0.257987
vn -0.981506 -0.071584 0.177542
vn -0.982418 -0.065661 0.174768
vn -0.989095 0.120749 0.084328
vn -0.988520 0.127637 0.080857
vn -0.955708 0.294258 -0.005784
vn -0.888562 0.449439 -0.091995
vn -0.892592 0.442226 -0.087839
vn -0.812886 0.560607 -0.157911
vn -0.897043 0.434051 -0.083146
vn -0.818682 0.553361 -0.153465
vn -0.901979 0.424711 -0.077806
vn -0.825183 0.545029 -0.148377
vn -0.907476 0.413945 -0.071679
vn -0.832521 0.535353 -0.142499
vn -0.915831 0.396756 -0.061958
vn -0.843892 0.519745 -0.133087
vn -0.925587 0.375232 -0.049890
vn -0.857539 0.499924 -0.121252
vn -0.937016 0.347575 -0.034544
vn -0.874126 0.474001 -0.105959
vn -0.946824 0.321128 -0.020035
vn -0.888994 0.448736 -0.091245
vn -0.957703 0.287752 -0.001943
vn -0.906381 0.416186 -0.072550
vn -0.969403 0.244566 0.021118
vn -0.926591 0.372976 -0.048155
vn -0.981012 0.187056 0.051247
vn -0.949446 0.313555 -0.015337
vn -0.986087 0.150818 0.069903
vn -0.961416 0.275044 0.005513
vn -0.989919 0.108002 0.091629
vn -0.973067 0.228523 0.030286
vn -0.989148 -0.003973 0.146866
vn -0.990184 0.102091 0.095466
vn -0.960997 -0.164680 0.222182
vn -0.978119 -0.088652 0.188212
vn -0.925516 -0.267677 0.267896
vn -0.945504 -0.213921 0.245479
vn -0.897987 -0.325978 0.295563
vn -0.962366 -0.157517 0.221452
vn -0.989809 0.035216 0.137980
vn -0.984757 0.156411 0.076083
vn -0.953604 0.301038 0.004057
vn -0.907813 0.414805 -0.061751
vn -0.863676 0.492862 -0.105602
vn -0.832854 0.537047 -0.133923
vn -0.796239 0.582849 -0.162145
vn -0.787699 0.592487 -0.168787
vn -0.755691 0.626326 -0.191432
vn -0.751642 0.630294 -0.194330
vn -0.723796 0.656236 -0.213244
vn -0.722517 0.657363 -0.214112
vn -0.679278 0.692364 -0.243340
vn -0.686405 0.686914 -0.238742
vn -0.701818 0.661654 -0.263942
vn -0.718820 0.652223 -0.240632
vn -0.692180 0.682406 -0.234965
vn -0.696953 0.678617 -0.231808
vn -0.720698 0.658956 -0.215341
vn -0.720028 0.659541 -0.215792
vn -0.735573 0.645510 -0.205546
vn -0.732109 0.648684 -0.207907
vn -0.750925 0.630734 -0.195671
vn -0.744600 0.636831 -0.200042
vn -0.766798 0.614457 -0.185641
vn -0.757534 0.623877 -0.192147
vn -0.783232 0.596483 -0.175372
vn -0.770941 0.609697 -0.184172
vn -0.800255 0.576577 -0.164777
vn -0.784851 0.594148 -0.176059
vn -0.817881 0.554464 -0.153755
vn -0.799285 0.577064 -0.167750
vn 0.420619 -0.698714 0.578687
vn 0.339563 -0.754105 0.562160
vn 0.225385 -0.740019 0.633699
vn 0.190131 -0.823454 0.534578
vn 0.162576 -0.874429 0.457102
vn 0.508433 -0.711200 0.485480
vn 0.442988 -0.754628 0.484044
vn 0.414781 -0.755761 0.506736
vn 0.367615 -0.814345 0.449113
vn 0.294384 -0.822079 0.487364
vn 0.327983 -0.855495 0.400695
vn 0.257691 -0.866944 0.426618
vn 0.267849 -0.872325 0.409031
vn 0.179455 -0.881794 0.436159
vn 0.215398 -0.885905 0.410824
vn 0.566440 -0.709473 0.419278
vn 0.504177 -0.748477 0.430799
vn 0.466708 -0.752868 0.464083
vn 0.420806 -0.804880 0.418438
vn 0.396215 -0.809678 0.432937
vn 0.381165 -0.843242 0.379020
vn 0.356341 -0.849361 0.389367
vn 0.334236 -0.859922 0.385772
vn 0.303326 -0.866283 0.396921
vn 0.295735 -0.873586 0.386508
vn 0.258536 -0.880114 0.398194
vn 0.266087 -0.884721 0.382710
vn 0.221562 -0.891585 0.394951
vn 0.186347 -0.896338 0.402310
vn 0.631328 -0.697069 0.339882
vn 0.571189 -0.735080 0.365241
vn 0.553961 -0.739266 0.382902
vn 0.532252 -0.743787 0.404337
vn 0.516006 -0.778798 0.356667
vn 0.491572 -0.786705 0.373433
vn 0.481471 -0.810822 0.332796
vn 0.455056 -0.820622 0.345693
vn 0.457080 -0.823718 0.335508
vn 0.425115 -0.834917 0.349557
vn 0.439210 -0.834001 0.333972
vn 0.402618 -0.846405 0.348566
vn 0.429163 -0.841238 0.328844
vn 0.388935 -0.854817 0.343536
vn 0.319709 -0.874222 0.365405
vn 0.286758 -0.881403 0.375364
vn 0.232746 -0.891179 0.389395
vn 0.204794 -0.894881 0.396545
vn 0.086010 -0.903155 0.420610
vn 0.064114 -0.903126 0.424563
vn -0.064799 -0.894932 0.441473
vn 0.660954 -0.687429 0.300968
vn 0.627851 -0.717111 0.302581
vn 0.621700 -0.719403 0.309756
vn 0.614619 -0.721933 0.317895
vn 0.595810 -0.746248 0.296857
vn 0.587203 -0.750300 0.303714
vn 0.571205 -0.769889 0.284597
vn 0.561265 -0.775054 0.290299
vn 0.562999 -0.776360 0.283368
vn 0.551493 -0.782338 0.289487
vn 0.556248 -0.782084 0.280950
vn 0.543860 -0.788549 0.287064
vn 0.551476 -0.786640 0.277617
vn 0.538980 -0.793230 0.283349
vn 0.421481 -0.844322 0.330868
vn 0.410913 -0.848000 0.334734
vn 0.319384 -0.874613 0.364755
vn 0.310343 -0.876713 0.367507
vn 0.153968 -0.900378 0.406955
vn 0.146855 -0.900874 0.408484
vn -0.008144 -0.900605 0.434561
vn -0.014106 -0.900148 0.435356
vn -0.185849 -0.873476 0.450000
vn -0.191057 -0.872231 0.450233
vn -0.408160 -0.796208 0.446608
vn -0.412219 -0.794290 0.446295
vn -0.562738 -0.707931 0.426801
vn -0.565395 -0.706108 0.426311
vn -0.656074 -0.636335 0.405764
vn -0.657596 -0.635026 0.405352
vn -0.757581 -0.536371 0.371991
vn 0.633243 -0.715026 0.296211
vn 0.594632 -0.757032 0.270768
vn 0.609981 -0.739263 0.285330
vn 0.587711 -0.760933 0.274913
vn 0.603340 -0.742586 0.290769
vn 0.579954 -0.765202 0.279498
vn 0.581967 -0.766014 0.273014
vn 0.579950 -0.770661 0.264082
vn 0.576491 -0.770969 0.270673
vn 0.571678 -0.775445 0.268084
vn 0.567029 -0.776251 0.275521
vn 0.562269 -0.780744 0.272566
vn 0.445766 -0.835337 0.321721
vn 0.438679 -0.838037 0.324428
vn 0.430650 -0.841018 0.327457
vn 0.340222 -0.869430 0.358246
vn 0.334131 -0.870995 0.360172
vn 0.327241 -0.872715 0.362328
vn 0.251391 -0.888533 0.383813
vn 0.165589 -0.899463 0.404408
vn 0.160157 -0.899907 0.405607
vn 0.170396 -0.899047 0.403336
vn 0.090456 -0.903350 0.419257
vn 0.001613 -0.901283 0.433227
vn 0.005656 -0.901539 0.432662
vn -0.082290 -0.892814 0.442845
vn -0.177288 -0.875465 0.449589
vn -0.173727 -0.876271 0.449409
vn -0.275760 -0.848436 0.451788
vn -0.401436 -0.799341 0.447104
vn -0.398621 -0.800637 0.447305
vn -0.556448 -0.712203 0.427940
vn -0.757295 -0.536694 0.372107
vn -0.653531 -0.638511 0.406448
vn -0.558312 -0.710944 0.427606
vn -0.404594 -0.797877 0.446874
vn -0.181298 -0.874542 0.449786
vn -0.935776 -0.243489 0.255021
vn -0.854787 -0.406374 0.322800
vn -0.757380 -0.536598 0.372072
vn -0.654729 -0.637488 0.406127
vn -0.560395 -0.709530 0.427229
vn -0.934543 -0.246727 0.256427
vn -0.853880 -0.407821 0.323374
vn -0.757475 -0.536491 0.372034
vn -0.721433 0.656937 -0.219015
vn -0.727269 0.651639 -0.215514
vn -0.733823 0.645570 -0.211524
vn -0.741233 0.638554 -0.206936
vn -0.749673 0.630353 -0.201606
vn -0.762921 0.617009 -0.193005
vn -0.779118 0.599854 -0.182073
vn -0.719784 0.659556 -0.216556
vn -0.721327 0.657993 -0.216176
vn -0.723091 0.656153 -0.215877
vn -0.727496 0.652176 -0.213112
vn -0.730546 0.649032 -0.212274
vn -0.736722 0.643280 -0.208402
vn -0.732731 0.643136 -0.222445
vn -0.715914 0.662975 -0.218933
vn -0.717381 0.661838 -0.217568
vn -0.718468 0.660838 -0.217020
vn -0.719740 0.659727 -0.216182
vn -0.722090 0.657521 -0.215062
vn -0.724682 0.655216 -0.213374
vn -0.728446 0.651602 -0.211616
vn -0.732718 0.647696 -0.208843
vn -0.738093 0.642373 -0.206339
vn -0.746900 0.633964 -0.200576
vn -0.754742 0.625818 -0.196764
vn -0.768160 0.612113 -0.187743
vn -0.727566 0.646619 -0.229198
vn -0.714135 0.664484 -0.220164
vn -0.717628 0.661624 -0.217403
vn -0.717906 0.661383 -0.217217
vn -0.721168 0.658475 -0.215238
vn -0.722784 0.657051 -0.214168
vn -0.727616 0.652583 -0.211449
vn -0.732187 0.648430 -0.208424
vn -0.739385 0.641489 -0.204457
vn -0.747486 0.633759 -0.199031
vn -0.757623 0.623386 -0.193385
vn -0.706388 0.670954 -0.225469
vn -0.709888 0.668052 -0.223084
vn -0.712140 0.666166 -0.221539
vn -0.718220 0.661111 -0.217006
vn -0.659798 0.671683 -0.336911
vn -0.619776 0.733423 -0.279227
vn -0.642573 0.718579 -0.265976
vn -0.658513 0.707562 -0.256352
vn -0.727783 0.652696 -0.210524
vn -0.725477 0.654749 -0.212100
vn -0.772364 0.609384 -0.179177
vn -0.760377 0.621665 -0.188041
vn -0.817948 0.556856 -0.144474
vn -0.604296 0.742926 -0.287900
vn -0.584664 0.754347 -0.298545
vn -0.736488 0.644800 -0.204496
vn -0.895014 0.440650 -0.069116
vn -0.801804 0.576832 -0.156123
vn -0.733471 0.647563 -0.206599
vn -0.988816 0.093841 0.115920
vn -0.930915 0.364232 -0.027071
vn -0.869593 0.484202 -0.096728
vn -0.789788 0.590556 -0.165767
vn -0.731142 0.649676 -0.208213
vn -0.975521 0.213558 0.052455
vn -0.905403 0.420207 -0.060592
vn -0.848903 0.515441 -0.116980
vn -0.764639 -0.528298 0.369091
vn -0.877957 -0.366623 0.307862
vn -0.902856 -0.318610 0.288685
vn -0.632385 -0.653732 0.415601
vn -0.702236 -0.594116 0.392289
vn -0.732517 -0.563671 0.381698
vn -0.763498 -0.529615 0.369566
vn -0.762616 -0.530630 0.369931
vn -0.802731 -0.481462 0.351876
vn -0.815687 -0.464134 0.345304
vn -0.866313 -0.387376 0.315342
vn -0.882925 -0.358238 0.303496
vn -0.932137 -0.252787 0.259265
vn -0.939639 -0.232952 0.250623
vn -0.974685 -0.108991 0.195217
vn -0.979376 -0.084157 0.183685
vn -0.991548 0.052320 0.118727
vn -0.990245 0.103477 0.093314
vn -0.516095 -0.730930 0.446527
vn -0.542055 -0.720128 0.433119
vn -0.644728 -0.645442 0.409548
vn -0.680633 -0.614470 0.398957
vn -0.721013 -0.575588 0.385797
vn -0.704427 -0.592113 0.391388
vn -0.761342 -0.532091 0.370456
vn -0.760465 -0.533093 0.370816
vn -0.824505 -0.451866 0.340599
vn -0.827934 -0.446987 0.338716
vn -0.889226 -0.346512 0.298673
vn -0.894578 -0.336228 0.294418
vn -0.945781 -0.215547 0.242977
vn -0.955133 -0.186499 0.230085
vn -0.985458 -0.043081 0.164368
vn -0.988795 -0.010646 0.148902
vn -0.987000 0.143008 0.073351
vn -0.983022 0.174300 0.057343
vn -0.414525 -0.781021 0.467092
vn -0.380068 -0.804062 0.457201
vn -0.452578 -0.771084 0.447887
vn -0.475721 -0.760506 0.441951
vn -0.605357 -0.676878 0.418783
vn -0.550563 -0.715915 0.429356
vn -0.649766 -0.641640 0.407557
vn -0.628878 -0.658862 0.412812
vn -0.693067 -0.603012 0.395013
vn -0.688634 -0.607176 0.396384
vn -0.760123 -0.533484 0.370956
vn -0.759826 -0.533822 0.371078
vn -0.830887 -0.442732 0.337069
vn -0.835715 -0.435669 0.334324
vn -0.903155 -0.319052 0.287259
vn -0.909707 -0.305292 0.281477
vn -0.961814 -0.163281 0.219665
vn -0.966752 -0.144335 0.211088
vn -0.990548 0.015520 0.136289
vn -0.991361 0.037024 0.125831
vn -0.978878 0.199595 0.044267
vn -0.973530 0.226558 0.030193
vn -0.280375 -0.828555 0.484651
vn -0.281949 -0.837307 0.468425
vn -0.301671 -0.831708 0.466107
vn -0.324376 -0.824567 0.463540
vn -0.211709 -0.862156 0.460289
vn -0.277527 -0.844451 0.458128
vn -0.141173 -0.881201 0.451170
vn -0.251976 -0.854656 0.453950
vn -0.183506 -0.873314 0.451274
vn -0.333020 -0.827782 0.451525
vn -0.312965 -0.835337 0.451957
vn -0.501047 -0.747039 0.436904
vn -0.489476 -0.753793 0.438416
vn -0.613847 -0.670716 0.416332
vn -0.602528 -0.679359 0.418845
vn -0.678535 -0.616484 0.399422
vn -0.673611 -0.620934 0.400860
vn -0.758956 -0.534812 0.371433
vn -0.758646 -0.535164 0.371559
vn -0.842530 -0.425466 0.330335
vn -0.845024 -0.421662 0.328841
vn -0.919018 -0.284649 0.272728
vn -0.923440 -0.274336 0.268324
vn -0.974257 -0.111372 0.196008
vn -0.977037 -0.097348 0.189531
vn -0.991308 0.079083 0.105140
vn -0.990742 0.094493 0.097479
vn -0.964132 0.265244 0.009750
vn -0.961089 0.276212 0.003898
vn -0.169305 -0.853216 0.493313
vn -0.135877 -0.866989 0.479446
vn -0.161759 -0.872175 0.461676
vn -0.068190 -0.865888 0.495568
vn -0.670265 0.699082 -0.249056
vn -0.664803 0.703062 -0.252469
vn -0.724576 0.655548 -0.212714
vn 0.460727 -0.795457 0.393673
vn 0.422385 -0.831465 0.360912
vn 0.385172 -0.847108 0.366129
vn 0.356133 -0.859821 0.365893
vn 0.336468 -0.869637 0.361276
vn 0.243906 -0.889029 0.387476
vn 0.168414 -0.898543 0.405288
vn -0.702161 0.674417 -0.228325
vn -0.719299 0.660175 -0.216282
vn -0.728344 0.652093 -0.210451
vn -0.737733 0.643306 -0.204710
vn 0.589247 -0.730086 0.346068
vn 0.603337 -0.725729 0.330608
vn -0.185031 -0.867891 0.461009
vn -0.010547 -0.897304 0.441286
vn -0.365391 -0.813057 0.453240
vn -0.793691 -0.493100 0.356241
vn -0.823028 -0.453822 0.341571
vn -0.851225 -0.411685 0.325470
vn -0.876923 -0.368828 0.308175
vn -0.909467 -0.305276 0.282271
vn -0.948063 -0.208451 0.240261
vn -0.974689 -0.108412 0.195518
vn -0.988292 -0.015664 0.151771
vn -0.841072 -0.427563 0.331342
vn -0.937805 -0.237096 0.253589
vn -0.988336 -0.009873 0.151968
vn -0.977467 0.206712 0.042752
vn -0.939454 0.341375 -0.029804
vn -0.919620 0.388756 -0.056294
vn -0.900854 0.427038 -0.078105
vn -0.867710 0.484396 -0.111531
vn -0.840356 0.524782 -0.135665
vn -0.947318 0.320059 -0.012313
vn -0.905809 0.418146 -0.068295
vn -0.887254 0.452687 -0.088628
vn -0.870486 0.480769 -0.105425
vn -0.841937 0.523337 -0.131378
vn -0.818948 0.553819 -0.150362
vn -0.911189 -0.301915 0.280324
vn -0.387656 -0.804919 0.449253
vn -0.051926 -0.893928 0.445192
vn 0.050361 -0.901704 0.429411
vn -0.057991 -0.894807 0.442670
vn -0.158799 -0.878917 0.449764
vn -0.296209 -0.841317 0.452157
vn -0.470885 -0.764256 0.440659
vn -0.593703 -0.685935 0.420726
vn -0.669644 -0.624478 0.401999
vn -0.758390 -0.535454 0.371663
vn -0.847727 -0.417491 0.327199
vn -0.926943 -0.265907 0.264708
vn -0.979156 -0.085718 0.184134
vn -0.990224 0.104352 0.092556
vn -0.958288 0.285803 -0.001239
vn -0.514662 -0.738847 0.435005
vn -0.620794 -0.665291 0.414731
vn -0.684807 -0.610732 0.397549
vn -0.759339 -0.534376 0.371276
vn -0.839494 -0.430047 0.332130
vn -0.914863 -0.294031 0.276716
vn -0.970505 -0.128602 0.203915
vn -0.991601 0.060323 0.114409
vn -0.968594 0.247925 0.018939
vn -0.968359 -0.137456 0.208296
vn -0.990745 0.020852 0.134125
vn -0.869709 0.482735 -0.102829
vn -0.820520 0.553078 -0.144399
vn -0.780306 0.600587 -0.174409
vn -0.744999 0.636684 -0.199020
vn -0.721510 0.658246 -0.214792
vn -0.027938 -0.898135 0.438832
vn -0.853890 0.506938 -0.117836
vn -0.839939 0.526803 -0.130315
vn -0.816661 0.557338 -0.149799
vn -0.798177 0.579599 -0.164255
vn -0.269842 -0.850127 0.452184
vn -0.138343 -0.883112 0.448302
vn -0.456619 -0.771968 0.442227
vn -0.586634 -0.691102 0.422183
vn -0.666380 -0.627368 0.402923
vn -0.758112 -0.535769 0.371776
vn -0.849910 -0.414091 0.325857
vn -0.929782 -0.258891 0.261687
vn -0.980433 -0.078224 0.180643
vn -0.989668 0.113039 0.088203
vn -0.792047 0.587156 -0.167060
vn -0.809779 0.566386 -0.153183
vn -0.768161 0.613428 -0.183398
vn -0.778069 0.602578 -0.177506
vn -0.739780 0.641605 -0.202652
vn -0.758616 0.623139 -0.190262
vn 0.535779 -0.771731 0.342598
vn 0.556879 -0.763491 0.327059
vn 0.573620 -0.756413 0.314324
vn 0.503203 -0.802030 0.321767
vn 0.526754 -0.791721 0.309366
vn 0.545709 -0.782804 0.299030
vn 0.483131 -0.813588 0.323511
vn 0.511089 -0.801656 0.310059
vn 0.533367 -0.791319 0.298887
vn 0.468609 -0.822788 0.321600
vn 0.499722 -0.809637 0.307841
vn 0.524181 -0.798318 0.296518
vn 0.460793 -0.829123 0.316584
vn 0.493599 -0.815137 0.303168
vn 0.518913 -0.803299 0.292301
vn 0.345742 -0.867711 0.357127
vn 0.372916 -0.860098 0.348087
vn 0.394044 -0.853585 0.340767
vn 0.254842 -0.887696 0.383472
vn 0.277942 -0.883518 0.377019
vn 0.295940 -0.879876 0.371803
vn 0.103315 -0.902862 0.417333
vn 0.121417 -0.902254 0.413759
vn 0.135538 -0.901564 0.410867
vn -0.050431 -0.896652 0.439855
vn -0.035361 -0.898250 0.438060
vn -0.023574 -0.899354 0.436585
vn -0.222453 -0.864165 0.451368
vn -0.209498 -0.867611 0.450956
vn -0.199297 -0.870208 0.450576
vn -0.418591 -0.791238 0.445785
vn -0.426400 -0.787430 0.445126
vn -0.569541 -0.703238 0.425534
vn -0.743743 0.636599 -0.203929
vn -0.732459 0.647626 -0.209961
vn -0.724677 0.655004 -0.214040
vn -0.725298 0.654820 -0.212493
vn -0.718708 0.660688 -0.216679
vn -0.725073 0.654034 -0.215657
vn -0.002951 -0.900977 0.433857
vn 0.573075 -0.770941 0.277910
vn -0.446841 -0.659699 0.604260
vn -0.455489 -0.642751 0.615955
vn -0.443364 -0.663145 0.603048
vn -0.447294 -0.646246 0.618300
vn -0.440306 -0.665277 0.602941
vn -0.436728 -0.667753 0.602806
vn -0.447048 -0.660803 0.602899
vn -0.447473 -0.660497 0.602919
vn -0.454615 -0.655105 0.603459
vn -0.457156 -0.653217 0.603586
vn -0.466543 -0.645686 0.604506
vn -0.471945 -0.641509 0.604760
vn -0.484053 -0.631181 0.606056
vn -0.493439 -0.623530 0.606406
vn -0.508970 -0.609326 0.608006
vn -0.529848 -0.590942 0.608316
vn -0.551380 -0.569242 0.609872
vn -0.586721 -0.534112 0.608673
vn -0.616904 -0.498840 0.608759
vn -0.676547 -0.426439 0.600362
vn -0.752965 -0.312851 0.578937
vn -0.799104 -0.227761 0.556379
vn -0.849157 -0.107187 0.517150
vn -0.881417 0.004802 0.472315
vn -0.898764 0.109226 0.424609
vn -0.903722 0.237849 0.355971
vn -0.898051 0.305981 0.316038
vn -0.888001 0.367275 0.276700
vn -0.877035 0.412295 0.246622
vn -0.833548 0.528779 0.159973
vn -0.863999 0.454388 0.216881
vn -0.849199 0.493623 0.187610
vn -0.872384 0.428158 0.235853
vn -0.853852 0.481999 0.196505
vn -0.883110 0.388012 0.263748
vn -0.860331 0.464692 0.209505
vn -0.889386 0.358902 0.283164
vn -0.864604 0.452438 0.218540
vn -0.893332 0.336912 0.297402
vn -0.867622 0.443314 0.225179
vn -0.896630 0.314842 0.311333
vn -0.870483 0.434251 0.231700
vn -0.898683 0.298267 0.321567
vn -0.872530 0.427495 0.236514
vn -0.900034 0.285376 0.329392
vn -0.874064 0.422267 0.240213
vn -0.900759 0.277448 0.334148
vn -0.874984 0.419062 0.242469
vn -0.901317 0.270658 0.338188
vn -0.875757 0.416321 0.244391
vn -0.901754 0.264778 0.341661
vn -0.876416 0.413951 0.246048
vn -0.902101 0.259638 0.344678
vn -0.876984 0.411882 0.247491
vn -0.902460 0.253712 0.348133
vn -0.877631 0.409499 0.249148
vn -0.902733 0.248639 0.351074
vn -0.878177 0.407461 0.250562
vn -0.902944 0.244246 0.353605
vn -0.829449 0.537172 0.153168
vn -0.829514 0.537042 0.153274
vn -0.766925 0.638533 0.064041
vn -0.768012 0.637086 0.065415
vn -0.705428 0.708744 -0.007354
vn -0.707829 0.706368 -0.004772
vn -0.596901 0.794435 -0.112168
vn -0.600418 0.792211 -0.109090
vn -0.426856 0.870812 -0.243885
vn -0.432662 0.869050 -0.239908
vn -0.284263 0.898865 -0.333522
vn -0.292709 0.897923 -0.328718
vn -0.153213 0.902409 -0.402720
vn -0.166096 0.902855 -0.396566
vn -0.024290 0.887661 -0.459856
vn -0.053763 0.892368 -0.448094
vn 0.028596 0.876498 -0.480556
vn -0.020339 0.886431 -0.462413
vn 0.073597 0.864532 -0.497160
vn -0.014811 0.884683 -0.465957
vn 0.006705 0.873546 -0.486696
vn -0.072290 0.885884 -0.458240
vn -0.029152 0.872299 -0.488103
vn -0.116296 0.881786 -0.457088
vn -0.047860 0.866930 -0.496127
vn -0.142409 0.874429 -0.463783
vn -0.166555 0.823433 -0.542418
vn -0.237763 0.818587 -0.522861
vn -0.286064 0.722790 -0.629080
vn -0.474879 0.487558 -0.732651
vn -0.194067 0.647450 -0.736985
vn -0.433618 -0.669891 0.602679
vn -0.433416 -0.651868 0.622269
vn -0.430054 -0.672323 0.602524
vn -0.425930 -0.675116 0.602331
vn -0.448530 -0.659733 0.602970
vn -0.449197 -0.659250 0.603002
vn -0.463609 -0.648377 0.603883
vn -0.469372 -0.643998 0.604116
vn -0.488930 -0.628066 0.605377
vn -0.502928 -0.616622 0.605674
vn -0.529807 -0.592414 0.606919
vn -0.558598 -0.566003 0.606307
vn -0.596470 -0.526360 0.605944
vn -0.636752 -0.482259 0.601642
vn -0.686349 -0.417576 0.595446
vn -0.753031 -0.319419 0.575253
vn -0.810061 -0.205939 0.548990
vn -0.883804 0.010700 0.467735
vn -0.897172 0.089469 0.432526
vn -0.905077 0.214686 0.367078
vn -0.902377 0.268408 0.337154
vn -0.896758 0.326663 0.298524
vn -0.896565 0.319303 0.306946
vn -0.405788 -0.661332 0.630854
vn -0.413218 -0.683574 0.601645
vn -0.421102 -0.678355 0.602086
vn -0.328317 -0.671404 0.664398
vn -0.330647 -0.733330 0.594054
vn -0.356911 -0.718444 0.597037
vn -0.375492 -0.707393 0.598833
vn -0.458450 -0.652484 0.603397
vn -0.455693 -0.654514 0.603287
vn -0.512967 -0.609119 0.604846
vn -0.498086 -0.621385 0.604807
vn -0.570289 -0.556524 0.604194
vn -0.542345 -0.582516 0.605423
vn -0.630213 -0.492445 0.600275
vn -0.588598 -0.536649 0.604616
vn -0.691822 -0.414285 0.591397
vn -0.313007 -0.742858 0.591767
vn -0.290850 -0.754307 0.588580
vn -0.468902 -0.644682 0.603751
vn -0.677004 -0.440347 0.589711
vn -0.550276 -0.576611 0.603917
vn -0.465271 -0.647412 0.603640
vn -0.862684 -0.093247 0.497073
vn -0.730968 -0.363787 0.577360
vn -0.640164 -0.483884 0.596697
vn -0.534909 -0.590316 0.604484
vn -0.462475 -0.649500 0.603545
vn -0.876647 -0.034493 0.479897
vn -0.814212 -0.212967 0.540096
vn -0.690522 -0.419770 0.589044
vn -0.611502 -0.515114 0.600602
vn -0.755179 0.654055 0.043779
vn -0.797310 0.594517 0.104141
vn -0.815290 0.564110 0.130698
vn -0.832914 0.530096 0.158911
vn -0.832424 0.531110 0.158091
vn -0.680352 0.731151 -0.050390
vn -0.693174 0.720366 -0.024151
vn -0.761469 0.645778 0.055996
vn -0.783955 0.614846 0.085906
vn -0.808503 0.576013 0.120548
vn -0.798530 0.592519 0.106169
vn -0.831714 0.532571 0.156908
vn -0.831225 0.533572 0.156097
vn -0.611160 0.781175 -0.127473
vn -0.577625 0.804191 -0.140093
vn -0.630221 0.771255 -0.089368
vn -0.645240 0.760692 -0.070802
vn -0.735395 0.677174 0.025105
vn -0.697751 0.716160 -0.016058
vn -0.764321 0.641982 0.060597
vn -0.750700 0.659182 0.043923
vn -0.791577 0.603404 0.096485
vn -0.786463 0.611115 0.089523
vn -0.830868 0.534301 0.155505
vn -0.830518 0.535011 0.154927
vn -0.514096 0.828626 -0.221550
vn -0.505630 0.837392 -0.207635
vn -0.520065 0.831801 -0.194009
vn -0.536743 0.824669 -0.178403
vn -0.444442 0.862215 -0.243017
vn -0.495940 0.844532 -0.202012
vn -0.382426 0.881239 -0.277792
vn -0.472955 0.854727 -0.213906
vn -0.416442 0.873363 -0.252614
vn -0.536506 0.827885 -0.163608
vn -0.507360 0.841404 -0.186077
vn -0.654162 0.753990 -0.059763
vn -0.636801 0.767254 -0.076194
vn -0.731022 0.682033 0.020923
vn -0.723896 0.689789 0.012876
vn -0.777731 0.623748 0.077928
vn -0.774884 0.627731 0.074221
vn -0.830064 0.535932 0.154178
vn -0.829944 0.536175 0.153980
vn -0.430215 0.853251 -0.294749
vn -0.395100 0.867021 -0.303597
vn -0.405206 0.872220 -0.273936
vn -0.313110 0.883197 -0.349178
vn -0.235072 0.899162 -0.369119
vn -0.176359 0.892398 -0.415360
vn -0.108005 0.897129 -0.428363
vn -0.350489 0.865904 -0.356885
vn -0.299345 0.876340 -0.377387
vn -0.230234 0.882600 -0.409889
vn -0.267572 0.870626 -0.412814
vn -0.200653 0.874662 -0.441254
vn -0.007863 0.698517 -0.715550
vn -0.063072 0.754016 -0.653821
vn -0.197449 0.739951 -0.643029
vn 0.030418 0.755650 -0.654269
vn 0.118313 0.710986 -0.693182
vn 0.097585 0.752737 -0.651049
vn 0.161415 0.746759 -0.645210
vn 0.148062 0.792343 -0.591836
vn 0.192110 0.781208 -0.593976
vn 0.178806 0.813877 -0.552841
vn 0.211873 0.801915 -0.558608
vn 0.194734 0.813476 -0.548028
vn 0.218222 0.804355 -0.552623
vn 0.209847 0.812620 -0.543703
vn 0.231334 0.803632 -0.548325
vn 0.229483 0.808842 -0.541399
vn 0.247905 0.800486 -0.545678
vn 0.117557 0.852029 -0.510124
vn 0.130073 0.847916 -0.513926
vn 0.029784 0.876664 -0.480181
vn 0.041384 0.873906 -0.484329
vn -0.117248 0.900203 -0.419389
vn -0.110035 0.899592 -0.422643
vn -0.258469 0.901197 -0.347904
vn -0.177561 0.903346 -0.390434
vn -0.253597 0.901547 -0.350572
vn 0.204428 0.709240 -0.674676
vn 0.206793 0.740565 -0.639375
vn 0.225594 0.771582 -0.594785
vn 0.232132 0.794030 -0.561811
vn 0.238122 0.796167 -0.556252
vn 0.249584 0.795596 -0.552028
vn 0.263559 0.793077 -0.549149
vn 0.144138 0.843092 -0.518093
vn 0.051077 0.871494 -0.487738
vn -0.027264 0.888499 -0.458069
vn -0.103915 0.899029 -0.425380
vn 0.303946 0.696808 -0.649674
vn 0.260552 0.731071 -0.630593
vn 0.240509 0.734889 -0.634108
vn 0.350972 0.687151 -0.636115
vn 0.317412 0.718382 -0.619013
vn 0.303657 0.721708 -0.622037
vn 0.291488 0.724513 -0.624592
vn 0.290108 0.750111 -0.594282
vn 0.277491 0.754620 -0.594598
vn 0.277289 0.774894 -0.568023
vn 0.264317 0.780615 -0.566371
vn 0.269936 0.782181 -0.561540
vn 0.255175 0.788809 -0.559166
vn 0.265258 0.788395 -0.555042
vn 0.307953 0.770479 -0.558146
vn 0.316628 0.740128 -0.593260
vn 0.328958 0.715461 -0.616363
vn 0.304477 0.744788 -0.593789
vn 0.304836 0.762132 -0.571166
vn 0.292168 0.768105 -0.569783
vn 0.301013 0.767428 -0.566079
vn 0.286767 0.774327 -0.564077
vn 0.297885 0.772498 -0.560814
vn 0.282991 0.779908 -0.558264
vn 0.295657 0.776977 -0.555782
vn 0.281086 0.784439 -0.552853
vn 0.155877 0.838903 -0.521483
vn 0.165820 0.835238 -0.524292
vn 0.059294 0.869372 -0.490587
vn -0.330225 0.892838 -0.306253
vn -0.411515 0.875219 -0.254259
vn -0.264206 0.900749 -0.344743
vn -0.416246 0.873898 -0.251080
vn -0.271059 0.900160 -0.340938
vn -0.421877 0.872282 -0.247273
vn -0.277142 0.899590 -0.337536
vn -0.407485 0.876317 -0.256953
vn -0.490739 0.848515 -0.197982
vn -0.589504 0.799013 -0.118587
vn -0.586598 0.800775 -0.121089
vn -0.701625 0.712455 -0.011415
vn -0.703385 0.710745 -0.009540
vn -0.592895 0.796932 -0.115654
vn -0.892918 0.068392 0.444994
vn -0.841621 -0.126823 0.524967
vn -0.845043 -0.117460 0.521637
vn -0.765223 -0.290830 0.574327
vn -0.848909 -0.106547 0.517689
vn -0.771938 -0.278816 0.571291
vn -0.853300 -0.093670 0.512938
vn -0.779700 -0.264502 0.567544
vn -0.856997 -0.082386 0.508694
vn -0.786355 -0.251836 0.564114
vn -0.861091 -0.069356 0.503698
vn -0.793864 -0.237069 0.559981
vn -0.865633 -0.054151 0.497741
vn -0.802383 -0.219648 0.554920
vn -0.870673 -0.036192 0.490530
vn -0.812095 -0.198814 0.548612
vn -0.878221 -0.006550 0.478211
vn -0.827260 -0.163831 0.537402
vn -0.886661 0.032278 0.461293
vn -0.845392 -0.116935 0.521189
vn -0.895484 0.084979 0.436907
vn -0.866594 -0.051492 0.496350
vn -0.901287 0.138262 0.410568
vn -0.883648 0.016494 0.467862
vn -0.904021 0.209222 0.372790
vn -0.658398 -0.448861 0.604182
vn -0.666157 -0.439029 0.602900
vn -0.675153 -0.427368 0.601270
vn -0.685694 -0.413330 0.599151
vn -0.694859 -0.400778 0.597116
vn -0.705351 -0.385988 0.594553
vn -0.717457 -0.368325 0.591263
vn -0.731541 -0.346898 0.586949
vn -0.754202 -0.310183 0.578762
vn -0.782553 -0.259544 0.565905
vn -0.817964 -0.186270 0.544278
vn -0.560670 -0.557848 0.611927
vn -0.448445 -0.656613 0.606429
vn -0.457663 -0.649376 0.607335
vn -0.455422 -0.652112 0.606086
vn -0.468526 -0.640666 0.608302
vn -0.464523 -0.644953 0.606840
vn -0.481507 -0.629994 0.609310
vn -0.475357 -0.636251 0.607635
vn -0.493026 -0.620278 0.610066
vn -0.484935 -0.628391 0.608245
vn -0.506493 -0.608614 0.610782
vn -0.496096 -0.619031 0.608842
vn -0.522427 -0.594374 0.611383
vn -0.509256 -0.607708 0.609384
vn -0.541540 -0.576637 0.611739
vn -0.524985 -0.593751 0.609795
vn -0.573729 -0.545032 0.611371
vn -0.449465 -0.658585 0.603528
vn -0.451322 -0.656716 0.604179
vn -0.453308 -0.654559 0.605033
vn -0.460659 -0.648883 0.605595
vn 0.277299 0.727622 -0.627432
vn 0.262890 0.759648 -0.594831
vn 0.249415 0.786963 -0.564341
vn -0.403018 -0.690202 0.600998
vn -0.389311 -0.698887 0.599995
vn -0.446146 -0.661453 0.602854
vn -0.447739 -0.660165 0.603085
vn -0.453341 -0.655697 0.603774
vn -0.456932 -0.652462 0.604571
vn -0.463567 -0.647366 0.604998
vn -0.469379 -0.642035 0.606196
vn -0.477063 -0.635897 0.606667
vn -0.446561 -0.661154 0.602875
vn -0.449885 -0.658594 0.603206
vn -0.452409 -0.656736 0.603344
vn -0.571022 -0.547478 0.611720
vn -0.583287 -0.534874 0.611299
vn -0.594073 -0.523494 0.610763
vn -0.606567 -0.509950 0.609941
vn -0.621186 -0.493584 0.608690
vn -0.638481 -0.473451 0.606783
vn -0.667015 -0.438242 0.602524
vn -0.704087 -0.388209 0.594605
vn -0.894186 0.076751 0.441067
vn -0.895574 0.086544 0.436413
vn -0.896696 0.095064 0.432318
vn -0.897884 0.104838 0.427567
vn -0.899127 0.116157 0.421992
vn -0.900402 0.129414 0.415365
vn -0.902058 0.151052 0.404319
vn -0.903410 0.178992 0.389631
vn -0.903805 0.216317 0.369247
vn -0.902550 0.253534 0.348030
vn -0.898273 0.302625 0.318627
vn -0.887357 0.369479 0.275831
vn -0.829589 0.536891 0.153397
vn -0.829677 0.536714 0.153541
vn -0.829753 0.536559 0.153667
vn -0.829841 0.536381 0.153812
vn -0.125878 0.900861 -0.415457
vn 0.019471 0.878997 -0.476430
vn -0.133548 0.901377 -0.411927
vn 0.007382 0.881590 -0.471958
vn -0.142536 0.901902 -0.407746
vn -0.006975 0.884472 -0.466541
vn -0.769285 0.635379 0.067033
vn -0.709926 0.704272 -0.002506
vn -0.770395 0.633882 0.068447
vn -0.712339 0.701836 0.000116
vn -0.771669 0.632152 0.070077
vn -0.715146 0.698968 0.003184
vn -0.773148 0.630129 0.071978
vn -0.718453 0.695542 0.006823
vn -0.457913 -0.652262 0.604045
vn -0.469395 -0.642832 0.605339
vn -0.461917 -0.649225 0.604268
vn -0.476146 -0.637510 0.605695
vn -0.447962 -0.660144 0.602943
vn -0.460117 -0.651004 0.603727
vn -0.478337 -0.636506 0.605024
vn -0.509059 -0.610458 0.606795
vn -0.557706 -0.565090 0.607979
vn -0.635858 -0.480255 0.604185
vn -0.736324 -0.340696 0.584597
vn -0.851654 -0.101276 0.514226
vn -0.903644 0.165471 0.395028
vn -0.485989 -0.628643 0.607143
vn -0.604488 0.789596 -0.105506
vn -0.439518 0.866900 -0.235175
vn -0.302884 0.896670 -0.322868
vn -0.188054 0.903191 -0.385852
vn -0.094154 0.897336 -0.431188
vn -0.090503 0.896317 -0.434079
vn 0.102878 0.856641 -0.505551
vn 0.207523 0.818296 -0.536027
vn 0.184226 0.822679 -0.537829
vn 0.156051 0.827241 -0.539741
vn 0.136207 0.827662 -0.544448
vn 0.087983 0.804798 -0.586992
vn 0.245813 0.765273 -0.594923
vn 0.180950 0.829016 -0.529141
vn 0.141436 0.837918 -0.527152
vn 0.135616 0.845517 -0.516439
vn 0.084635 0.855197 -0.511347
vn 0.064393 0.867651 -0.492986
vn 0.085435 0.861825 -0.499959
vn -0.447735 0.864226 -0.229450
vn -0.320195 0.894237 -0.312754
vn -0.461607 0.859461 -0.219651
vn -0.343947 0.890266 -0.298541
vn -0.480430 0.852478 -0.206078
vn -0.378444 0.883149 -0.277179
vn -0.614907 0.782707 -0.096225
vn -0.624310 0.776237 -0.087712
vn -0.609253 0.786481 -0.101280
vn -0.830261 0.535533 0.154503
vn -0.496477 -0.619943 0.607603
vn -0.450295 -0.658454 0.603053
vn -0.451731 -0.657411 0.603118
vn -0.453687 -0.655983 0.603203
vn -0.476947 -0.638164 0.604374
vn -0.522257 -0.600255 0.605757
vn -0.781439 0.618462 0.082809
vn -0.740741 0.671021 0.032133
vn -0.672326 0.739062 -0.042004
vn -0.578968 0.805050 -0.129191
vn -0.563492 0.813177 -0.145672
vn -0.218254 0.902766 -0.370646
vn -0.152464 0.901446 -0.405154
vn -0.165699 0.901131 -0.400634
vn 0.105659 0.842879 -0.527628
vn 0.079692 0.843192 -0.531674
vn 0.026958 0.814284 -0.579841
vn -0.487343 -0.630005 0.604641
vn -0.310629 0.894828 -0.320614
vn -0.262202 0.900266 -0.347520
vn -0.215791 0.901706 -0.374647
vn -0.307269 0.893947 -0.326257
vn -0.271743 0.897316 -0.347820
vn 0.024050 0.855463 -0.517305
vn 0.038025 0.859877 -0.509083
vn -0.054677 0.822040 -0.566799
vn -0.423474 0.867941 -0.259513
vn -0.904312 0.158309 0.396433
vn -0.835737 -0.155700 0.526594
vn -0.767789 -0.300467 0.565880
vn 0.554660 0.429240 -0.712815
vn 0.470169 0.519501 -0.713485
vn 0.435344 0.433475 -0.789035
vn 0.442478 0.594432 -0.671464
vn 0.339765 0.710876 -0.615804
vn 0.415039 0.656554 -0.629825
vn 0.388758 0.707696 -0.589943
vn 0.434561 0.706589 -0.558470
vn 0.321512 0.694721 -0.643423
vn 0.370132 0.695796 -0.615525
vn 0.258148 0.670435 -0.695612
vn 0.310681 0.673969 -0.670257
vn 0.194869 0.633764 -0.748578
vn 0.657819 0.433598 -0.615847
vn 0.575707 0.519456 -0.631448
vn 0.525185 0.518308 -0.674935
vn 0.494383 0.593225 -0.635350
vn 0.463837 0.655382 -0.596095
vn 0.548396 0.660058 -0.513406
vn 0.541803 0.594392 -0.594262
vn 0.513387 0.710934 -0.480631
vn 0.476029 0.707665 -0.522118
vn 0.508207 0.656518 -0.557413
vn 0.415530 0.699180 -0.581792
vn 0.135698 0.629951 -0.764688
vn 0.061375 0.573359 -0.817002
vn -0.003717 0.569163 -0.822216
vn -0.097847 0.482900 -0.870192
vn -0.167349 0.478413 -0.862041
vn -0.286297 0.349292 -0.892205
vn -0.357959 0.344305 -0.867940
vn -0.479455 0.176863 -0.859559
vn -0.546205 0.174059 -0.819368
vn -0.640314 -0.007847 -0.768073
vn -0.698347 -0.008103 -0.715713
vn -0.753239 -0.183822 -0.631539
vn -0.800897 -0.183464 -0.570004
vn -0.816746 -0.339355 -0.466652
vn -0.851835 -0.338650 -0.399616
vn -0.835132 -0.469179 -0.287099
vn -0.856491 -0.466965 -0.219924
vn -0.815312 -0.568808 -0.108273
vn -0.823284 -0.565981 -0.043238
vn -0.772029 -0.633941 0.045721
vn -0.768560 -0.630786 0.106881
vn -0.715898 -0.675082 0.178200
vn -0.702469 -0.671853 0.234842
vn -0.649866 -0.699646 0.296935
vn -0.627184 -0.696460 0.348689
vn -0.572464 -0.710866 0.408601
vn -0.540856 -0.707670 0.454618
vn -0.600161 -0.675504 0.428370
vn -0.577421 -0.656520 0.485353
vn -0.615596 -0.594388 0.517441
vn -0.538564 -0.655366 0.529570
vn -0.574033 -0.593199 0.564447
vn -0.494661 -0.656520 0.569467
vn -0.527366 -0.594384 0.607118
vn -0.560371 -0.519436 0.645113
vn -0.535791 -0.433543 0.724547
vn -0.644025 -0.429185 0.633271
vn -0.609800 -0.518269 0.599617
vn -0.654120 -0.519444 0.549823
vn -0.733513 -0.433420 0.523551
vn -0.418146 -0.710925 0.565456
vn -0.463336 -0.707672 0.533404
vn -0.504568 -0.706579 0.496142
vn -0.526308 -0.699815 0.482968
vn -0.565153 -0.696427 0.442256
vn -0.599017 -0.695335 0.397099
vn -0.625739 -0.675359 0.390309
vn -0.657305 -0.671782 0.341554
vn -0.683015 -0.670679 0.289276
vn -0.719726 -0.634470 0.281855
vn -0.742580 -0.630667 0.225464
vn -0.758874 -0.629553 0.166654
vn -0.808112 -0.569812 0.149228
vn -0.820080 -0.565795 0.085702
vn -0.825027 -0.564700 0.021063
vn -0.882148 -0.470753 -0.014352
vn -0.880454 -0.466690 -0.083671
vn -0.871680 -0.465700 -0.152637
vn -0.920303 -0.341982 -0.189975
vn -0.903863 -0.338279 -0.261913
vn -0.880755 -0.337540 -0.332170
vn -0.911228 -0.185787 -0.367622
vn -0.880069 -0.183011 -0.438162
vn -0.842998 -0.182691 -0.505943
vn -0.845836 -0.008917 -0.533369
vn -0.801426 -0.007609 -0.598045
vn -0.751991 -0.007831 -0.659127
vn -0.721915 0.174919 -0.669509
vn -0.667251 0.174532 -0.724095
vn -0.608417 0.173775 -0.774358
vn -0.549792 0.346528 -0.760031
vn -0.488865 0.344701 -0.801369
vn -0.424619 0.343567 -0.837652
vn -0.362858 0.481382 -0.797875
vn -0.299688 0.478713 -0.825240
vn -0.234150 0.477425 -0.846900
vn -0.194589 0.572396 -0.796554
vn -0.131878 0.569382 -0.811426
vn -0.067831 0.568085 -0.820170
vn -0.045984 0.633229 -0.772597
vn 0.014777 0.630108 -0.776367
vn 0.075791 0.628856 -0.773819
vn 0.088675 0.673682 -0.733682
vn 0.146484 0.670543 -0.727265
vn 0.203433 0.669349 -0.714554
vn 0.215644 0.699007 -0.681827
vn 0.269582 0.695863 -0.665657
vn -0.754339 -0.647634 -0.107435
vn -0.657922 -0.722847 -0.211259
vn -0.782667 -0.487698 -0.386760
vn -0.546862 -0.818601 -0.175598
vn -0.441045 -0.870620 -0.217945
vn -0.461530 -0.874659 -0.148198
vn -0.409508 -0.876327 -0.253680
vn -0.433781 -0.882594 -0.181276
vn -0.383056 -0.883179 -0.270670
vn -0.432951 -0.892400 -0.127182
vn -0.393802 -0.899157 -0.190884
vn -0.437933 -0.897146 -0.057818
vn -0.417073 -0.901138 -0.118328
vn -0.430729 -0.899293 -0.075789
vn -0.409824 -0.902121 -0.134987
vn -0.420030 -0.901455 -0.104659
vn -0.375489 -0.900256 -0.220333
vn -0.389650 -0.902417 -0.183891
vn -0.332685 -0.888851 -0.315063
vn -0.342514 -0.892487 -0.293514
vn -0.266388 -0.856260 -0.442556
vn -0.273812 -0.860750 -0.429111
vn -0.161307 -0.777878 -0.607359
vn -0.166634 -0.782547 -0.599878
vn -0.076206 -0.695269 -0.714699
vn -0.080398 -0.699710 -0.709889
vn -0.018383 -0.630481 -0.775987
vn -0.020503 -0.632978 -0.773898
vn 0.056897 -0.536025 -0.842283
vn 0.056739 -0.536236 -0.842159
vn 0.144622 -0.411265 -0.899970
vn 0.145824 -0.409440 -0.900608
vn 0.240858 -0.254356 -0.936638
vn 0.243154 -0.250328 -0.937130
vn 0.336998 -0.071584 -0.938780
vn 0.339855 -0.065661 -0.938183
vn 0.421517 0.120749 -0.898745
vn 0.424236 0.127637 -0.896512
vn 0.482863 0.294258 -0.824776
vn 0.523951 0.449439 -0.723520
vn 0.522367 0.442226 -0.729088
vn 0.543198 0.560607 -0.625025
vn 0.520528 0.434051 -0.735289
vn 0.542246 0.553361 -0.632267
vn 0.518372 0.424711 -0.742234
vn 0.541090 0.545029 -0.640441
vn 0.515814 0.413945 -0.750057
vn 0.539669 0.535353 -0.649735
vn 0.511573 0.396756 -0.762154
vn 0.537203 0.519745 -0.664288
vn 0.505999 0.375232 -0.776637
vn 0.533777 0.499924 -0.682025
vn 0.498424 0.347575 -0.794207
vn 0.528826 0.474001 -0.704035
vn 0.490762 0.321128 -0.809956
vn 0.523518 0.448736 -0.724269
vn 0.480534 0.287752 -0.828424
vn 0.516020 0.416186 -0.748674
vn 0.466412 0.244566 -0.850086
vn 0.504999 0.372976 -0.778373
vn 0.446125 0.187056 -0.875205
vn 0.488005 0.313555 -0.814576
vn 0.432506 0.150818 -0.888928
vn 0.475933 0.275044 -0.835367
vn 0.415607 0.108002 -0.903109
vn 0.460305 0.228523 -0.857844
vn 0.367384 -0.003973 -0.930061
vn 0.412416 0.102091 -0.905257
vn 0.288084 -0.164680 -0.943339
vn 0.326064 -0.088652 -0.941182
vn 0.230753 -0.267677 -0.935469
vn 0.260161 -0.213921 -0.941570
vn 0.193029 -0.325978 -0.925461
vn 0.289400 -0.157517 -0.944159
vn 0.375410 0.035216 -0.926189
vn 0.426489 0.156411 -0.890867
vn 0.473288 0.301038 -0.827874
vn 0.507384 0.414805 -0.755313
vn 0.523292 0.492862 -0.695164
vn 0.532408 0.537047 -0.654311
vn 0.538541 0.582849 -0.608490
vn 0.540024 0.592487 -0.597774
vn 0.543631 0.626326 -0.558732
vn 0.544116 0.630294 -0.553776
vn 0.546573 0.656236 -0.520204
vn 0.546684 0.657363 -0.518662
vn 0.550377 0.692364 -0.466602
vn 0.549959 0.686914 -0.475073
vn 0.579490 0.661654 -0.475822
vn 0.567804 0.652223 -0.502200
vn 0.549576 0.682406 -0.481963
vn 0.549228 0.678617 -0.487675
vn 0.546839 0.658956 -0.516472
vn 0.546895 0.659541 -0.515666
vn 0.545795 0.645510 -0.534251
vn 0.546107 0.648684 -0.530072
vn 0.544919 0.630734 -0.552484
vn 0.545541 0.636831 -0.544822
vn 0.544169 0.614457 -0.571247
vn 0.545171 0.623877 -0.559970
vn 0.543493 0.596483 -0.590613
vn 0.544968 0.609697 -0.575569
vn 0.542829 0.576577 -0.610652
vn 0.544897 0.594148 -0.591671
vn 0.542096 0.554464 -0.631428
vn 0.544918 0.577064 -0.608326
vn -0.711467 -0.698714 0.074923
vn -0.656626 -0.754105 0.012990
vn -0.661492 -0.740019 -0.121660
vn -0.558024 -0.823454 -0.102631
vn -0.477150 -0.874429 -0.087757
vn -0.674654 -0.711200 0.197576
vn -0.640688 -0.754628 0.141617
vn -0.646237 -0.755761 0.105843
vn -0.572750 -0.814345 0.093807
vn -0.569262 -0.822079 0.011262
vn -0.511003 -0.855495 0.083694
vn -0.498308 -0.866944 0.009858
vn -0.488156 -0.872325 0.027449
vn -0.467452 -0.881794 -0.062667
vn -0.463483 -0.885905 -0.018872
vn -0.646326 -0.709473 0.280912
vn -0.625172 -0.748477 0.221230
vn -0.635262 -0.752868 0.172140
vn -0.572781 -0.804880 0.155209
vn -0.573042 -0.809678 0.126664
vn -0.518823 -0.843242 0.140588
vn -0.515372 -0.849361 0.113917
vn -0.501207 -0.859922 0.096571
vn -0.495407 -0.866283 0.064228
vn -0.482593 -0.873586 0.062860
vn -0.474114 -0.880114 0.024802
vn -0.464480 -0.884721 0.039083
vn -0.452818 -0.891585 -0.005597
vn -0.441584 -0.896338 -0.039773
vn -0.610010 -0.697069 0.376805
vn -0.601902 -0.735080 0.312044
vn -0.608583 -0.739266 0.288293
vn -0.616292 -0.743787 0.258775
vn -0.566886 -0.778798 0.268541
vn -0.569188 -0.786705 0.238997
vn -0.528946 -0.810822 0.250568
vn -0.526907 -0.820622 0.221244
vn -0.519099 -0.823718 0.228089
vn -0.515283 -0.834917 0.193382
vn -0.508833 -0.834001 0.213381
vn -0.503176 -0.846405 0.174394
vn -0.499369 -0.841238 0.207244
vn -0.491979 -0.854817 0.165060
vn -0.476305 -0.874222 0.094174
vn -0.468454 -0.881403 0.060658
vn -0.453599 -0.891179 0.006867
vn -0.445815 -0.894881 -0.020916
vn -0.407264 -0.903155 -0.135818
vn -0.399739 -0.903126 -0.156757
vn -0.349927 -0.894932 -0.276854
vn -0.591123 -0.687429 0.421919
vn -0.575969 -0.717111 0.392444
vn -0.579106 -0.719403 0.383530
vn -0.582614 -0.721933 0.373328
vn -0.554990 -0.746248 0.367558
vn -0.556626 -0.750300 0.356675
vn -0.532071 -0.769889 0.352380
vn -0.532038 -0.775054 0.340920
vn -0.526904 -0.776360 0.345888
vn -0.526449 -0.782338 0.332864
vn -0.521433 -0.782084 0.341250
vn -0.520535 -0.788549 0.327465
vn -0.516162 -0.786640 0.338784
vn -0.514878 -0.793230 0.325096
vn -0.497280 -0.844322 0.199579
vn -0.495345 -0.848000 0.188494
vn -0.475579 -0.874613 0.094217
vn -0.473442 -0.876713 0.085011
vn -0.429418 -0.900378 -0.070137
vn -0.427185 -0.900874 -0.077061
vn -0.372269 -0.900605 -0.224334
vn -0.369976 -0.900148 -0.229894
vn -0.296787 -0.873476 -0.385950
vn -0.294385 -0.872231 -0.390577
vn -0.182694 -0.796208 -0.576781
vn -0.180394 -0.794290 -0.580139
vn -0.088252 -0.707931 -0.700746
vn -0.086499 -0.706108 -0.702802
vn -0.023365 -0.636335 -0.771059
vn -0.022247 -0.635026 -0.772171
vn 0.056637 -0.536371 -0.842080
vn -0.573148 -0.715026 0.400299
vn -0.531808 -0.757032 0.379583
vn -0.552093 -0.739263 0.385594
vn -0.531937 -0.760933 0.371516
vn -0.553483 -0.742586 0.377124
vn -0.532030 -0.765202 0.362506
vn -0.527421 -0.766014 0.367491
vn -0.518677 -0.770661 0.370210
vn -0.522655 -0.770969 0.363920
vn -0.518007 -0.775445 0.361046
vn -0.522123 -0.776251 0.353301
vn -0.517184 -0.780744 0.350656
vn -0.501501 -0.835337 0.225184
vn -0.500303 -0.838037 0.217693
vn -0.498912 -0.841018 0.209226
vn -0.480361 -0.869430 0.115518
vn -0.478984 -0.870995 0.109280
vn -0.477406 -0.872715 0.102235
vn -0.458087 -0.888533 0.025805
vn -0.433022 -0.899463 -0.058800
vn -0.431344 -0.899907 -0.064104
vn -0.434497 -0.899047 -0.054101
vn -0.408315 -0.903350 -0.131291
vn -0.375992 -0.901283 -0.215216
vn -0.377524 -0.901539 -0.211432
vn -0.342370 -0.892814 -0.292688
vn -0.300712 -0.875465 -0.378330
vn -0.302336 -0.876271 -0.375157
vn -0.253380 -0.848436 -0.464709
vn -0.186486 -0.799341 -0.571206
vn -0.188067 -0.800637 -0.568868
vn -0.092383 -0.712203 -0.695868
vn 0.056394 -0.536694 -0.841890
vn -0.025229 -0.638511 -0.769199
vn -0.091162 -0.710944 -0.697315
vn -0.184708 -0.797877 -0.573826
vn -0.298877 -0.874542 -0.381901
vn 0.247033 -0.243489 -0.937917
vn 0.147840 -0.406374 -0.901667
vn 0.056466 -0.536598 -0.841946
vn -0.024352 -0.637488 -0.770075
vn -0.089794 -0.709530 -0.698931
vn 0.245200 -0.246727 -0.937551
vn 0.146890 -0.407821 -0.901169
vn 0.056546 -0.536491 -0.842009
vn 0.550389 0.656937 -0.515272
vn 0.550275 0.651639 -0.522076
vn 0.550097 0.645570 -0.529747
vn 0.549828 0.638554 -0.538459
vn 0.549432 0.630353 -0.548433
vn 0.548608 0.617009 -0.564207
vn 0.547239 0.599854 -0.583699
vn 0.547435 0.659556 -0.515073
vn 0.547877 0.657993 -0.516599
vn 0.548501 0.656153 -0.518277
vn 0.548308 0.652176 -0.523474
vn 0.549108 0.649032 -0.526534
vn 0.548843 0.643280 -0.533819
vn 0.559008 0.643136 -0.523341
vn 0.547558 0.662975 -0.510534
vn 0.547110 0.661838 -0.512486
vn 0.547178 0.660838 -0.513701
vn 0.547089 0.659727 -0.515222
vn 0.547294 0.657521 -0.517817
vn 0.547128 0.655216 -0.520906
vn 0.547488 0.651602 -0.525044
vn 0.547222 0.647696 -0.530131
vn 0.547741 0.642373 -0.536037
vn 0.547153 0.633964 -0.546546
vn 0.547773 0.625818 -0.555244
vn 0.546670 0.612113 -0.571375
vn 0.562274 0.646619 -0.515492
vn 0.547735 0.664484 -0.508377
vn 0.547090 0.661624 -0.512783
vn 0.547068 0.661383 -0.513116
vn 0.546986 0.658475 -0.516931
vn 0.546866 0.657051 -0.518865
vn 0.546928 0.652583 -0.524409
vn 0.546594 0.648430 -0.529881
vn 0.546757 0.641489 -0.538097
vn 0.546109 0.633759 -0.547827
vn 0.546288 0.623386 -0.559428
vn 0.548456 0.670954 -0.499016
vn 0.548140 0.668052 -0.503239
vn 0.547928 0.666166 -0.505962
vn 0.547043 0.661111 -0.513494
vn 0.621672 0.671683 -0.402947
vn 0.551706 0.733423 -0.397129
vn 0.551629 0.718579 -0.423496
vn 0.551264 0.707562 -0.442113
vn 0.546211 0.652696 -0.525017
vn 0.546423 0.654749 -0.522232
vn 0.541354 0.609384 -0.579299
vn 0.543037 0.621665 -0.564485
vn 0.534092 0.556856 -0.636126
vn 0.551477 0.742926 -0.379386
vn 0.550879 0.754347 -0.357061
vn 0.545342 0.644800 -0.535570
vn 0.507364 0.440650 -0.740547
vn 0.536109 0.576832 -0.616321
vn 0.545656 0.647563 -0.531905
vn 0.394018 0.093841 -0.914299
vn 0.488902 0.364232 -0.792660
vn 0.518565 0.484202 -0.704726
vn 0.538452 0.590556 -0.601093
vn 0.545888 0.649676 -0.529081
vn 0.442333 0.213558 -0.871054
vn 0.505176 0.420207 -0.753806
vn 0.525759 0.515441 -0.676682
vn 0.062677 -0.528298 -0.846742
vn 0.172362 -0.366623 -0.914264
vn 0.201419 -0.318610 -0.926239
vn -0.043729 -0.653732 -0.755462
vn 0.011385 -0.594116 -0.804299
vn 0.035698 -0.563671 -0.825228
vn 0.061696 -0.529615 -0.845991
vn 0.060938 -0.530630 -0.845410
vn 0.096632 -0.481462 -0.871124
vn 0.108802 -0.464134 -0.879057
vn 0.160062 -0.387376 -0.907920
vn 0.178627 -0.358238 -0.916383
vn 0.241538 -0.252787 -0.936887
vn 0.252773 -0.232952 -0.939063
vn 0.318280 -0.108991 -0.941711
vn 0.330612 -0.084157 -0.940007
vn 0.392953 0.052320 -0.918069
vn 0.414310 0.103477 -0.904234
vn -0.128656 -0.730930 -0.670215
vn -0.104065 -0.720128 -0.685993
vn -0.032315 -0.645442 -0.763125
vn -0.005190 -0.614470 -0.788923
vn 0.026396 -0.575588 -0.817314
vn 0.013262 -0.592113 -0.805746
vn 0.059846 -0.532091 -0.844569
vn 0.059097 -0.533093 -0.843990
vn 0.117285 -0.451866 -0.884342
vn 0.120630 -0.446987 -0.886370
vn 0.185954 -0.346512 -0.919429
vn 0.192315 -0.336228 -0.921936
vn 0.262466 -0.215547 -0.940559
vn 0.278307 -0.186499 -0.942212
vn 0.350382 -0.043081 -0.935616
vn 0.365444 -0.010646 -0.930772
vn 0.429976 0.143008 -0.891442
vn 0.441851 0.174300 -0.879993
vn -0.197250 -0.781021 -0.592535
vn -0.205913 -0.804062 -0.557749
vn -0.161593 -0.771084 -0.615887
vn -0.144880 -0.760506 -0.632962
vn -0.059998 -0.676878 -0.733646
vn -0.096551 -0.715915 -0.691479
vn -0.028071 -0.641640 -0.766492
vn -0.043066 -0.658862 -0.751030
vn 0.004442 -0.603012 -0.797720
vn 0.001038 -0.607176 -0.794567
vn 0.058804 -0.533484 -0.843764
vn 0.058550 -0.533822 -0.843568
vn 0.123533 -0.442732 -0.888104
vn 0.128324 -0.435669 -0.890913
vn 0.202804 -0.319052 -0.925784
vn 0.211087 -0.305292 -0.928568
vn 0.290672 -0.163281 -0.942788
vn 0.300569 -0.144335 -0.942776
vn 0.377244 0.015520 -0.925984
vn 0.386707 0.037024 -0.921459
vn 0.451103 0.199595 -0.869867
vn 0.460616 0.226558 -0.858198
vn -0.279533 -0.828555 -0.485137
vn -0.264693 -0.837307 -0.478387
vn -0.252825 -0.831708 -0.494308
vn -0.239249 -0.824567 -0.512688
vn -0.292767 -0.862156 -0.413490
vn -0.257987 -0.844451 -0.469409
vn -0.320139 -0.881201 -0.347844
vn -0.267145 -0.854656 -0.445193
vn -0.299062 -0.873314 -0.384557
vn -0.224522 -0.827782 -0.514166
vn -0.234924 -0.835337 -0.497014
vn -0.127846 -0.747039 -0.652371
vn -0.134942 -0.753793 -0.643107
vn -0.053630 -0.670716 -0.739773
vn -0.061467 -0.679359 -0.731227
vn -0.006642 -0.616484 -0.787340
vn -0.010349 -0.620934 -0.783795
vn 0.057808 -0.534812 -0.842991
vn 0.057544 -0.535164 -0.842786
vn 0.135186 -0.425466 -0.894820
vn 0.137727 -0.421662 -0.896233
vn 0.223319 -0.284649 -0.932257
vn 0.229345 -0.274336 -0.933885
vn 0.317381 -0.111372 -0.941735
vn 0.324380 -0.097348 -0.940905
vn 0.404600 0.079083 -0.911068
vn 0.410951 0.094493 -0.906747
vn 0.473622 0.265244 -0.839838
vn 0.477168 0.276212 -0.834277
vn -0.342569 -0.853216 -0.393279
vn -0.347274 -0.866989 -0.357396
vn -0.318944 -0.872175 -0.370925
vn -0.395080 -0.865888 -0.306838
vn 0.550821 0.699082 -0.455938
vn 0.551046 0.703062 -0.449502
vn 0.546504 0.655548 -0.521144
vn -0.571295 -0.795457 0.202165
vn -0.523751 -0.831465 0.185340
vn -0.509663 -0.847108 0.150504
vn -0.494939 -0.859821 0.125474
vn -0.481108 -0.869637 0.110752
vn -0.457517 -0.889029 0.017491
vn -0.435196 -0.898543 -0.056793
vn 0.548816 0.674417 -0.493926
vn 0.546955 0.660175 -0.514790
vn 0.546428 0.652093 -0.525539
vn 0.546151 0.643306 -0.536541
vn -0.594327 -0.730086 0.337268
vn -0.587984 -0.725729 0.357202
vn -0.306730 -0.867891 -0.390746
vn -0.376892 -0.897304 -0.229777
vn -0.209822 -0.813057 -0.543058
vn 0.088331 -0.493100 -0.865477
vn 0.115705 -0.453822 -0.883548
vn 0.143748 -0.411685 -0.899918
vn 0.171574 -0.368828 -0.913525
vn 0.210280 -0.305276 -0.928757
vn 0.265959 -0.208451 -0.941177
vn 0.318021 -0.108412 -0.941865
vn 0.362708 -0.015664 -0.931771
vn 0.133586 -0.427563 -0.894061
vn 0.249288 -0.237096 -0.938957
vn 0.362560 -0.009873 -0.931908
vn 0.451709 0.206712 -0.867888
vn 0.495538 0.341375 -0.798689
vn 0.508562 0.388756 -0.768267
vn 0.518068 0.427038 -0.741110
vn 0.530444 0.484396 -0.695693
vn 0.537668 0.524782 -0.659937
vn 0.484322 0.320059 -0.814245
vn 0.512049 0.418146 -0.750306
vn 0.520381 0.452687 -0.724070
vn 0.526544 0.480769 -0.701151
vn 0.534745 0.523337 -0.663450
vn 0.539692 0.553819 -0.634049
vn 0.212826 -0.301915 -0.929275
vn -0.195236 -0.804919 -0.560347
vn -0.359585 -0.893928 -0.267566
vn -0.397061 -0.901704 -0.171091
vn -0.354368 -0.894807 -0.271557
vn -0.310108 -0.878917 -0.362406
vn -0.243475 -0.841317 -0.482603
vn -0.146180 -0.764256 -0.628128
vn -0.067507 -0.685935 -0.724525
vn -0.013319 -0.624478 -0.780928
vn 0.057326 -0.535454 -0.842617
vn 0.140501 -0.417491 -0.897753
vn 0.234227 -0.265907 -0.935110
vn 0.330113 -0.085718 -0.940041
vn 0.414957 0.104352 -0.903837
vn 0.480217 0.285803 -0.829282
vn -0.119394 -0.738847 -0.663212
vn -0.048771 -0.665291 -0.744989
vn -0.001884 -0.610732 -0.791835
vn 0.058135 -0.534376 -0.843245
vn 0.132114 -0.430047 -0.893088
vn 0.217789 -0.294031 -0.930652
vn 0.308657 -0.128602 -0.942440
vn 0.396720 0.060323 -0.915956
vn 0.467895 0.247925 -0.848297
vn 0.303789 -0.137456 -0.942771
vn 0.379217 0.020852 -0.925073
vn 0.523907 0.482735 -0.701775
vn 0.535313 0.553078 -0.638392
vn 0.541195 0.600587 -0.588560
vn 0.544856 0.636684 -0.545678
vn 0.546771 0.658246 -0.517450
vn -0.366070 -0.898135 -0.243611
vn 0.528994 0.506938 -0.680572
vn 0.532825 0.526803 -0.662251
vn 0.538060 0.557338 -0.632350
vn 0.541337 0.579599 -0.609114
vn -0.256682 -0.850127 -0.459782
vn -0.319069 -0.883112 -0.343960
vn -0.154671 -0.771968 -0.616557
vn -0.072305 -0.691102 -0.719131
vn -0.015752 -0.627368 -0.778564
vn 0.057089 -0.535769 -0.842432
vn 0.142755 -0.414091 -0.898972
vn 0.238263 -0.258891 -0.936059
vn 0.333775 -0.078224 -0.939402
vn 0.418448 0.113039 -0.901179
vn 0.540702 0.587156 -0.602403
vn 0.537550 0.566386 -0.624697
vn 0.542908 0.613428 -0.573548
vn 0.542760 0.602578 -0.585074
vn 0.545392 0.641605 -0.539342
vn 0.544080 0.623139 -0.561849
vn -0.564588 -0.771731 0.292699
vn -0.561681 -0.763491 0.318742
vn -0.559023 -0.756413 0.339608
vn -0.530260 -0.802030 0.274902
vn -0.531296 -0.791721 0.301500
vn -0.531822 -0.782804 0.323083
vn -0.521735 -0.813588 0.256648
vn -0.524063 -0.801656 0.287587
vn -0.525528 -0.791319 0.312466
vn -0.512818 -0.822788 0.245027
vn -0.516459 -0.809637 0.278851
vn -0.518882 -0.798318 0.305696
vn -0.504566 -0.829123 0.240767
vn -0.509351 -0.815137 0.275885
vn -0.512597 -0.803299 0.303242
vn -0.482152 -0.867711 0.120858
vn -0.487910 -0.860098 0.148912
vn -0.492135 -0.853585 0.170868
vn -0.459518 -0.887696 0.028964
vn -0.465479 -0.883518 0.052195
vn -0.469961 -0.879876 0.070390
vn -0.413078 -0.902862 -0.119193
vn -0.419034 -0.902254 -0.101729
vn -0.423591 -0.901564 -0.088054
vn -0.355710 -0.896652 -0.263602
vn -0.361690 -0.898250 -0.249653
vn -0.366307 -0.899354 -0.238708
vn -0.279670 -0.864165 -0.418334
vn -0.285791 -0.867611 -0.406909
vn -0.290562 -0.870208 -0.397884
vn -0.176765 -0.791238 -0.585403
vn -0.172290 -0.787430 -0.591837
vn -0.083753 -0.703238 -0.706004
vn 0.548480 0.636599 -0.542136
vn 0.548061 0.647626 -0.529348
vn 0.547702 0.655004 -0.520568
vn 0.546673 0.654820 -0.521880
vn 0.547003 0.660688 -0.514080
vn 0.549301 0.654034 -0.520103
vn -0.374255 -0.900977 -0.219484
vn -0.527215 -0.770941 0.357343
vn 0.958023 -0.000000 -0.286692
vn 0.958023 -0.000000 -0.286692
vn 0.998315 -0.000000 -0.058029
vn 0.998315 -0.000000 -0.058029
vn 0.984788 0.000000 0.173763
vn 0.984788 0.000000 0.173763
vn 0.918170 0.000000 0.396186
vn 0.918170 0.000000 0.396186
vn 0.802054 0.000000 0.597252
vn 0.802054 0.000000 0.597252
vn 0.642699 0.000000 0.766119
vn 0.642699 0.000000 0.766119
vn 0.448695 0.000000 0.893685
vn 0.448695 0.000000 0.893685
vn 0.230503 0.000000 0.973072
vn 0.230503 0.000000 0.973072
vn -0.000116 0.000000 1.000000
vn -0.000116 0.000000 1.000000
vn -0.230729 0.000000 0.973018
vn -0.230729 0.000000 0.973018
vn -0.448903 0.000000 0.893581
vn -0.448903 0.000000 0.893581
vn -0.642877 0.000000 0.765970
vn -0.642877 0.000000 0.765970
vn -0.802193 0.000000 0.597065
vn -0.802193 0.000000 0.597065
vn -0.918262 0.000000 0.395973
vn -0.918262 0.000000 0.395973
vn -0.984828 0.000000 0.173534
vn -0.984828 0.000000 0.173534
vn -0.998301 -0.000000 -0.058261
vn -0.998301 -0.000000 -0.058261
vn -0.957956 -0.000000 -0.286914
vn -0.957956 -0.000000 -0.286914
vn -0.865967 -0.000000 -0.500101
vn -0.865967 -0.000000 -0.500101
vn -0.727294 -0.000000 -0.686326
vn -0.727294 -0.000000 -0.686326
vn -0.549412 -0.000000 -0.835552
vn -0.549412 -0.000000 -0.835552
vn -0.341911 -0.000000 -0.939732
vn -0.341911 -0.000000 -0.939732
vn -0.115978 -0.000000 -0.993252
vn -0.115978 -0.000000 -0.993252
vn 0.116208 -0.000000 -0.993225
vn 0.116208 -0.000000 -0.993225
vn 0.342129 -0.000000 -0.939653
vn 0.342129 -0.000000 -0.939653
vn 0.549606 -0.000000 -0.835424
vn 0.549606 -0.000000 -0.835424
vn 0.727453 -0.000000 -0.686157
vn 0.727453 -0.000000 -0.686157
vn 0.866083 -0.000000 -0.499899
vn 0.866083 -0.000000 -0.499899
vn -0.000000 1.000000 0.000000
vn -0.000000 1.000000 0.000000
vn -0.000000 1.000000 0.000000
vn -0.000000 1.000000 0.000000
vn -0.000000 1.000000 0.000000
vn -0.000000 1.000000 0.000000
vn -0.000000 1.000000 0.000000
vn -0.000000 1.000000 0.000000
vn -0.000000 1.000000 0.000000
vn -0.000000 1.000000 0.000000
vn -0.000000 1.000000 0.000000
vn -0.000000 1.000000 0.000000
vn -0.000000 1.000000 0.000000
vn -0.000000 1.000000 0.000000
vn -0.000000 1.000000 0.000000
vn -0.000000 1.000000 0.000000
vn -0.000000 1.000000 0.000000
vn -0.000000 1.000000 0.000000
vn -0.000000 1.000000 0.000000
vn -0.000000 1.000000 0.000000
vn -0.000000 1.000000 0.000000
vn -0.000000 1.000000 0.000000
vn -0.000000 1.000000 0.000000
vn -0.000000 1.000000 0.000000
vn -0.000000 1.000000 0.000000
vn -0.000000 1.000000 0.000000
vn -0.000000 1.000000 0.000000
vn -0.000000 1.000000 0.000000
vn -0.000000 1.000000 0.000000
vn -0.000000 1.000000 0.000000
vn -0.000000 1.000000 0.000000
vn -0.000000 1.000000 0.000000
vn -0.000000 1.000000 0.000000
vn -0.000000 1.000000 0.000000
vn -0.000000 1.000000 0.000000
vn -0.000000 1.000000 0.000000
vn -0.000000 1.000000 0.000000
vn -0.000000 1.000000 0.000000
vn -0.000000 1.000000 0.000000
vn -0.000000 1.000000 0.000000
vn -0.000000 1.000000 0.000000
vn -0.000000 1.000000 0.000000
vn -0.000000 1.000000 0.000000
vn -0.000000 1.000000 0.000000
vn -0.000000 1.000000 0.000000
vn -0.000000 1.000000 0.000000
vn -0.000000 1.000000 0.000000
vn -0.000000 1.000000 0.000000
vn -0.000000 1.000000 0.000000
vn -0.000000 1.000000 0.000000
vn -0.000000 1.000000 0.000000
vn -0.000000 1.000000 0.000000
vn -0.000000 1.000000 0.000000
vn -0.000000 1.000000 0.000000
vn -0.000000 1.000000 0.000000
vn -0.000000 1.000000 0.000000
vn -0.000000 1.000000 0.000000
vn -0.000000 1.000000 0.000000
vn -0.000000 1.000000 0.000000
vn -0.000000 1.000000 0.000000
vn -0.000000 1.000000 0.000000
vn -0.000000 1.000000 0.000000
vn -0.000000 1.000000 0.000000
vn -0.000000 1.000000 0.000000
vn -0.000000 1.000000 0.000000
vn -0.000000 1.000000 0.000000
vn -0.000000 1.000000 0.000000
vn -0.000000 1.000000 0.000000
vn -0.000000 1.000000 0.000000
vn -0.000000 1.000000 0.000000
vn -0.000000 1.000000 0.000000
vn -0.000000 1.000000 0.000000
vn -0.000000 1.000000 0.000000
vn -0.000000 1.000000 0.000000
vn -0.000000 1.000000 0.000000
vn -0.000000 1.000000 0.000000
vn -0.000000 1.000000 0.000000
vn -0.000000 1.000000 0.000000
vn -0.000000 1.000000 0.000000
vn -0.000000 1.000000 0.000000
vn -0.000000 1.000000 0.000000
vn -0.000000 1.000000 0.000000
vn -0.000000 1.000000 0.000000
vn -0.000000 1.000000 0.000000
vn -0.000000 1.000000 0.000000
vn -0.000000 1.000000 0.000000
vn -0.000000 1.000000 0.000000
vn -0.000000 1.000000 0.000000
vn -0.000000 1.000000 0.000000
vn -0.000000 1.000000 0.000000
vn -0.000000 1.000000 0.000000
vn -0.000000 1.000000 0.000000
vn -0.000000 1.000000 0.000000
vn 0.000000 -1.000000 -0.000000
vn 0.000000 -1.000000 -0.000000
vn 0.000000 -1.000000 -0.000000
vn 0.000000 -1.000000 -0.000000
vn 0.000000 -1.000000 -0.000000
vn 0.000000 -1.000000 -0.000000
vn 0.000000 -1.000000 -0.000000
vn 0.000000 -1.000000 -0.000000
vn 0.000000 -1.000000 -0.000000
vn 0.000000 -1.000000 -0.000000
vn 0.000000 -1.000000 -0.000000
vn 0.000000 -1.000000 -0.000000
vn 0.000000 -1.000000 -0.000000
vn 0.000000 -1.000000 -0.000000
vn 0.000000 -1.000000 -0.000000
vn 0.000000 -1.000000 -0.000000
vn 0.000000 -1.000000 -0.000000
vn 0.000000 -1.000000 -0.000000
vn 0.000000 -1.000000 -0.000000
vn 0.000000 -1.000000 -0.000000
vn 0.000000 -1.000000 -0.000000
vn 0.000000 -1.000000 -0.000000
vn 0.000000 -1.000000 -0.000000
vn 0.000000 -1.000000 -0.000000
vn 0.000000 -1.000000 -0.000000
vn 0.000000 -1.000000 -0.000000
vn 0.000000 -1.000000 -0.000000
vn 0.000000 -1.000000 -0.000000
vn 0.000000 -1.000000 -0.000000
vn 0.000000 -1.000000 -0.000000
vn 0.000000 -1.000000 -0.000000
vn 0.000000 -1.000000 -0.000000
vn 0.000000 -1.000000 -0.000000
vn 0.000000 -1.000000 -0.000000
vn 0.000000 -1.000000 -0.000000
vn 0.000000 -1.000000 -0.000000
vn 0.000000 -1.000000 -0.000000
vn 0.000000 -1.000000 -0.000000
vn 0.000000 -1.000000 -0.000000
vn 0.000000 -1.000000 -0.000000
vn 0.000000 -1.000000 -0.000000
vn 0.000000 -1.000000 -0.000000
vn 0.000000 -1.000000 -0.000000
vn 0.000000 -1.000000 -0.000000
vn 0.000000 -1.000000 -0.000000
vn 0.000000 -1.000000 -0.000000
vn 0.000000 -1.000000 -0.000000
vn 0.000000 -1.000000 -0.000000
vn 0.000000 -1.000000 -0.000000
vn 0.000000 -1.000000 -0.000000
vn 0.000000 -1.000000 -0.000000
vn 0.000000 -1.000000 -0.000000
vn 0.000000 -1.000000 -0.000000
vn 0.000000 -1.000000 -0.000000
vn 0.000000 -1.000000 -0.000000
vn 0.000000 -1.000000 -0.000000
vn 0.000000 -1.000000 -0.000000
vn 0.000000 -1.000000 -0.000000
vn 0.000000 -1.000000 -0.000000
vn 0.000000 -1.000000 -0.000000
vn 0.000000 -1.000000 -0.000000
vn 0.000000 -1.000000 -0.000000
vn 0.000000 -1.000000 -0.000000
vn 0.000000 -1.000000 -0.000000
vn 0.000000 -1.000000 -0.000000
vn 0.000000 -1.000000 -0.000000
vn 0.000000 -1.000000 -0.000000
vn 0.000000 -1.000000 -0.000000
vn 0.000000 -1.000000 -0.000000
vn 0.000000 -1.000000 -0.000000
vn 0.000000 -1.000000 -0.000000
vn 0.000000 -1.000000 -0.000000
vn 0.000000 -1.000000 -0.000000
vn 0.000000 -1.000000 -0.000000
vn 0.000000 -1.000000 -0.000000
vn 0.000000 -1.000000 -0.000000
vn 0.000000 -1.000000 -0.000000
vn 0.000000 -1.000000 -0.000000
vn 0.000000 -1.000000 -0.000000
vn 0.000000 -1.000000 -0.000000
vn 0.000000 -1.000000 -0.000000
vn 0.000000 -1.000000 -0.000000
vn 0.000000 -1.000000 -0.000000
vn 0.000000 -1.000000 -0.000000
vn 0.000000 -1.000000 -0.000000
vn 0.000000 -1.000000 -0.000000
vn 0.000000 -1.000000 -0.000000
vn 0.000000 -1.000000 -0.000000
vn 0.000000 -1.000000 -0.000000
vn 0.000000 -1.000000 -0.000000
vn 0.000000 -1.000000 -0.000000
vn 0.000000 -1.000000 -0.000000
vn 0.000000 -1.000000 -0.000000
vn 0.000000 -1.000000 -0.000000
vn 0.000000 -1.000000 -0.000000
vn 0.000000 -1.000000 -0.000000
usemtl Plastic_-_Glossy_(Grey)
f 2/1/1 38/2/2 1/3/3
f 1/3/3 38/2/2 39/4/4
f 1/3/3 39/4/4 24/5/5
f 24/5/5 39/4/4 40/6/6
f 24/5/5 40/6/6 23/7/7
f 23/7/7 40/6/6 41/8/8
f 23/7/7 41/8/8 22/9/9
f 22/9/9 41/8/8 42/10/10
f 22/9/9 42/10/10 21/11/11
f 21/11/11 42/10/10 43/12/12
f 21/11/11 43/12/12 44/13/13
f 38/2/2 2/1/1 37/14/14
f 37/14/14 2/1/1 3/15/15
f 37/14/14 3/15/15 36/16/16
f 36/16/16 3/15/15 4/17/17
f 36/16/16 4/17/17 35/18/18
f 35/18/18 4/17/17 5/19/19
f 35/18/18 5/19/19 34/20/20
f 34/20/20 5/19/19 33/21/21
f 33/21/21 5/19/19 6/22/22
f 33/21/21 6/22/22 32/23/23
f 32/23/23 6/22/22 7/24/24
f 32/23/23 7/24/24 31/25/25
f 31/25/25 7/24/24 8/26/26
f 31/25/25 8/26/26 30/27/27
f 30/27/27 8/26/26 9/28/28
f 30/27/27 9/28/28 29/29/29
f 29/29/29 9/28/28 10/30/30
f 29/29/29 10/30/30 28/31/31
f 28/31/31 10/30/30 11/32/32
f 28/31/31 11/32/32 27/33/33
f 27/33/33 11/32/32 12/34/34
f 27/33/33 12/34/34 26/35/35
f 26/35/35 12/34/34 13/36/36
f 26/35/35 13/36/36 25/37/37
f 25/37/37 13/36/36 51/38/38
f 51/38/38 13/36/36 14/39/39
f 51/38/38 14/39/39 50/40/40
f 50/40/40 14/39/39 15/41/41
f 50/40/40 15/41/41 49/42/42
f 49/42/42 15/41/41 16/43/43
f 49/42/42 16/43/43 48/44/44
f 48/44/44 16/43/43 17/45/45
f 48/44/44 17/45/45 47/46/46
f 47/46/46 17/45/45 18/47/47
f 47/46/46 18/47/47 46/48/48
f 46/48/48 18/47/47 19/49/49
f 46/48/48 19/49/49 45/50/50
f 45/50/50 19/49/49 20/51/51
f 45/50/50 20/51/51 44/13/13
f 44/13/13 20/51/51 21/11/11
f 24/52/52 75/53/53 1/54/54
f 1/54/54 75/53/53 52/55/55
f 1/56/54 52/57/55 2/58/56
f 2/58/56 52/57/55 53/59/57
f 2/58/56 53/59/57 3/60/58
f 3/60/58 53/59/57 54/61/59
f 3/60/58 54/61/59 4/62/60
f 4/62/60 54/61/59 55/63/61
f 4/62/60 55/63/61 5/64/62
f 5/64/62 55/63/61 56/65/63
f 5/64/62 56/65/63 6/66/64
f 6/66/64 56/65/63 57/67/65
f 6/66/64 57/67/65 7/68/66
f 7/68/66 57/67/65 58/69/67
f 7/68/66 58/69/67 8/70/68
f 8/70/68 58/69/67 59/71/69
f 8/70/68 59/71/69 9/72/70
f 9/72/70 59/71/69 60/73/71
f 9/72/70 60/73/71 10/74/72
f 10/74/72 60/73/71 61/75/73
f 10/74/72 61/75/73 11/76/74
f 11/76/74 61/75/73 62/77/75
f 11/76/74 62/77/75 12/78/76
f 12/78/76 62/77/75 63/79/77
f 12/78/76 63/79/77 13/80/78
f 13/80/78 63/79/77 64/81/79
f 13/80/78 64/81/79 14/82/80
f 14/82/80 64/81/79 65/83/81
f 14/82/80 65/83/81 15/84/82
f 15/84/82 65/83/81 66/85/83
f 15/84/82 66/85/83 16/86/84
f 16/86/84 66/85/83 67/87/85
f 16/86/84 67/87/85 17/88/86
f 17/88/86 67/87/85 68/89/87
f 17/88/86 68/89/87 18/90/88
f 18/90/88 68/89/87 69/91/89
f 18/90/88 69/91/89 19/92/90
f 19/92/90 69/91/89 70/93/91
f 19/92/90 70/93/91 20/94/92
f 20/94/92 70/93/91 71/95/93
f 20/94/92 71/95/93 21/96/94
f 21/96/94 71/95/93 72/97/95
f 21/96/94 72/97/95 22/98/96
f 22/98/96 72/97/95 73/99/97
f 22/98/96 73/99/97 23/100/98
f 23/100/98 73/99/97 74/101/99
f 23/100/98 74/101/99 24/52/52
f 24/52/52 74/101/99 75/53/53
f 118/102/100 76/103/101 127/104/102
f 127/104/102 76/103/101 77/105/103
f 127/104/102 77/105/103 120/106/104
f 120/106/104 77/105/103 186/107/105
f 120/106/104 186/107/105 185/108/106
f 185/108/106 186/107/105 188/109/107
f 185/108/106 188/109/107 189/110/108
f 189/110/108 188/109/107 508/111/109
f 189/110/108 508/111/109 507/112/110
f 507/112/110 508/111/109 479/113/111
f 507/112/110 479/113/111 478/114/112
f 478/114/112 479/113/111 242/115/113
f 478/114/112 242/115/113 241/116/114
f 241/116/114 242/115/113 252/117/115
f 241/116/114 252/117/115 253/118/116
f 253/118/116 252/117/115 447/119/117
f 253/118/116 447/119/117 446/120/118
f 446/120/118 447/119/117 328/121/119
f 446/120/118 328/121/119 327/122/120
f 327/122/120 328/121/119 285/123/121
f 327/122/120 285/123/121 286/124/122
f 286/124/122 285/123/121 415/125/123
f 286/124/122 415/125/123 414/126/124
f 414/126/124 415/125/123 375/127/125
f 414/126/124 375/127/125 376/128/126
f 376/128/126 375/127/125 353/129/127
f 376/128/126 353/129/127 352/130/128
f 352/130/128 353/129/127 86/131/129
f 352/130/128 86/131/129 351/132/130
f 351/132/130 86/131/129 350/133/131
f 351/132/130 350/133/131 378/134/132
f 378/134/132 350/133/131 379/135/133
f 378/134/132 379/135/133 411/136/134
f 411/136/134 379/135/133 410/137/135
f 411/136/134 410/137/135 290/138/136
f 290/138/136 410/137/135 291/139/137
f 290/138/136 291/139/137 322/140/138
f 322/140/138 291/139/137 321/141/139
f 322/140/138 321/141/139 440/142/140
f 440/142/140 321/141/139 439/143/141
f 440/142/140 439/143/141 260/144/142
f 260/144/142 439/143/141 261/145/143
f 260/144/142 261/145/143 233/146/144
f 233/146/144 261/145/143 232/147/145
f 233/146/144 232/147/145 469/148/146
f 469/148/146 232/147/145 468/149/147
f 469/148/146 468/149/147 497/150/148
f 497/150/148 468/149/147 496/151/149
f 497/150/148 496/151/149 200/152/150
f 200/152/150 496/151/149 201/153/151
f 200/152/150 201/153/151 173/154/152
f 173/154/152 201/153/151 172/155/153
f 173/154/152 172/155/153 526/156/154
f 526/156/154 172/155/153 525/157/155
f 526/156/154 525/157/155 140/158/156
f 140/158/156 525/157/155 141/159/157
f 140/158/156 141/159/157 114/160/158
f 114/160/158 141/159/157 113/161/159
f 113/161/159 141/159/157 142/162/160
f 113/161/159 142/162/160 143/163/161
f 143/163/161 142/162/160 523/164/162
f 143/163/161 523/164/162 522/165/163
f 522/165/163 523/164/162 169/166/164
f 522/165/163 169/166/164 168/167/165
f 168/167/165 169/166/164 205/168/166
f 168/167/165 205/168/166 206/169/167
f 206/169/167 205/168/166 491/170/168
f 206/169/167 491/170/168 490/171/169
f 490/171/169 491/170/168 462/172/170
f 490/171/169 462/172/170 461/173/171
f 461/173/171 462/172/170 225/174/172
f 461/173/171 225/174/172 224/175/173
f 224/175/173 225/174/172 269/176/174
f 224/175/173 269/176/174 270/177/175
f 270/177/175 269/176/174 430/178/176
f 270/177/175 430/178/176 429/179/177
f 429/179/177 430/178/176 311/180/178
f 429/179/177 311/180/178 310/181/179
f 310/181/179 311/180/178 302/182/180
f 310/181/179 302/182/180 303/183/181
f 303/183/181 302/182/180 398/184/182
f 303/183/181 398/184/182 397/185/183
f 397/185/183 398/184/182 392/186/184
f 397/185/183 392/186/184 393/187/185
f 393/187/185 392/186/184 336/188/186
f 393/187/185 336/188/186 125/189/187
f 125/189/187 336/188/186 94/190/188
f 125/189/187 94/190/188 95/191/189
f 186/107/105 77/105/103 187/192/190
f 187/192/190 77/105/103 78/193/191
f 187/192/190 78/193/191 510/194/192
f 510/194/192 78/193/191 122/195/193
f 510/194/192 122/195/193 481/196/194
f 481/196/194 122/195/193 245/197/195
f 481/196/194 245/197/195 244/198/196
f 244/198/196 245/197/195 249/199/197
f 244/198/196 249/199/197 250/200/198
f 250/200/198 249/199/197 450/201/199
f 250/200/198 450/201/199 449/202/200
f 449/202/200 450/201/199 331/203/201
f 449/202/200 331/203/201 330/204/202
f 330/204/202 331/203/201 282/205/203
f 330/204/202 282/205/203 283/206/204
f 283/206/204 282/205/203 418/207/205
f 283/206/204 418/207/205 417/208/206
f 417/208/206 418/207/205 372/209/207
f 417/208/206 372/209/207 373/210/208
f 373/210/208 372/209/207 356/211/209
f 373/210/208 356/211/209 355/212/210
f 355/212/210 356/211/209 85/213/211
f 355/212/210 85/213/211 354/214/212
f 354/214/212 85/213/211 353/129/127
f 354/214/212 353/129/127 375/127/125
f 79/215/213 247/216/214 78/193/191
f 78/193/191 247/216/214 246/217/215
f 78/193/191 246/217/215 122/195/193
f 122/195/193 246/217/215 245/197/195
f 80/218/216 126/219/217 79/215/213
f 79/215/213 126/219/217 365/220/218
f 79/215/213 365/220/218 277/221/219
f 277/221/219 365/220/218 423/222/220
f 277/221/219 423/222/220 278/223/221
f 278/223/221 423/222/220 422/224/222
f 278/223/221 422/224/222 279/225/223
f 279/225/223 422/224/222 421/226/224
f 279/225/223 421/226/224 280/227/225
f 280/227/225 421/226/224 420/228/226
f 280/227/225 420/228/226 281/229/227
f 281/229/227 420/228/226 419/230/228
f 281/229/227 419/230/228 282/205/203
f 282/205/203 419/230/228 418/207/205
f 126/219/217 80/218/216 364/231/229
f 364/231/229 80/218/216 81/232/230
f 364/231/229 81/232/230 82/233/231
f 83/234/232 362/235/233 82/233/231
f 82/233/231 362/235/233 363/236/234
f 82/233/231 363/236/234 364/231/229
f 364/231/229 363/236/234 126/219/217
f 84/237/235 360/238/236 83/234/232
f 83/234/232 360/238/236 361/239/237
f 83/234/232 361/239/237 362/235/233
f 362/235/233 361/239/237 367/240/238
f 362/235/233 367/240/238 366/241/239
f 366/241/239 367/240/238 423/222/220
f 366/241/239 423/222/220 365/220/218
f 85/213/211 358/242/240 84/237/235
f 84/237/235 358/242/240 359/243/241
f 84/237/235 359/243/241 360/238/236
f 360/238/236 359/243/241 369/244/242
f 360/238/236 369/244/242 368/245/243
f 368/245/243 369/244/242 421/226/224
f 368/245/243 421/226/224 422/224/222
f 85/213/211 86/131/129 353/129/127
f 87/246/244 347/247/245 86/131/129
f 86/131/129 347/247/245 348/248/246
f 86/131/129 348/248/246 349/249/247
f 349/249/247 348/248/246 380/250/248
f 349/249/247 380/250/248 379/135/133
f 379/135/133 380/250/248 410/137/135
f 88/251/249 345/252/250 87/246/244
f 87/246/244 345/252/250 346/253/251
f 87/246/244 346/253/251 347/247/245
f 347/247/245 346/253/251 382/254/252
f 347/247/245 382/254/252 381/255/253
f 381/255/253 382/254/252 408/256/254
f 381/255/253 408/256/254 409/257/255
f 409/257/255 408/256/254 292/258/256
f 409/257/255 292/258/256 291/139/137
f 291/139/137 292/258/256 321/141/139
f 89/259/257 343/260/258 88/251/249
f 88/251/249 343/260/258 344/261/259
f 88/251/249 344/261/259 345/252/250
f 345/252/250 344/261/259 384/262/260
f 345/252/250 384/262/260 383/263/261
f 383/263/261 384/262/260 406/264/262
f 383/263/261 406/264/262 407/265/263
f 407/265/263 406/264/262 294/266/264
f 407/265/263 294/266/264 293/267/265
f 293/267/265 294/266/264 319/268/266
f 293/267/265 319/268/266 320/269/267
f 320/269/267 319/268/266 438/270/268
f 320/269/267 438/270/268 439/143/141
f 439/143/141 438/270/268 261/145/143
f 90/271/269 340/272/270 89/259/257
f 89/259/257 340/272/270 341/273/271
f 89/259/257 341/273/271 342/274/272
f 342/274/272 341/273/271 387/275/273
f 342/274/272 387/275/273 386/276/274
f 386/276/274 387/275/273 403/277/275
f 386/276/274 403/277/275 404/278/276
f 404/278/276 403/277/275 297/279/277
f 404/278/276 297/279/277 296/280/278
f 296/280/278 297/279/277 316/281/279
f 296/280/278 316/281/279 317/282/280
f 317/282/280 316/281/279 435/283/281
f 317/282/280 435/283/281 436/284/282
f 436/284/282 435/283/281 264/285/283
f 436/284/282 264/285/283 263/286/284
f 263/286/284 264/285/283 230/287/285
f 263/286/284 230/287/285 231/288/286
f 231/288/286 230/287/285 467/289/287
f 231/288/286 467/289/287 468/149/147
f 468/149/147 467/289/287 496/151/149
f 90/271/269 91/290/288 340/272/270
f 340/272/270 91/290/288 339/291/289
f 340/272/270 339/291/289 389/292/290
f 389/292/290 339/291/289 390/293/291
f 389/292/290 390/293/291 400/294/292
f 400/294/292 390/293/291 399/295/293
f 400/294/292 399/295/293 301/296/294
f 301/296/294 399/295/293 302/182/180
f 301/296/294 302/182/180 311/180/178
f 91/290/288 92/297/295 339/291/289
f 339/291/289 92/297/295 338/298/296
f 339/291/289 338/298/296 390/293/291
f 390/293/291 338/298/296 391/299/297
f 390/293/291 391/299/297 399/295/293
f 399/295/293 391/299/297 398/184/182
f 399/295/293 398/184/182 302/182/180
f 92/297/295 93/300/298 338/298/296
f 338/298/296 93/300/298 337/301/299
f 338/298/296 337/301/299 391/299/297
f 391/299/297 337/301/299 392/186/184
f 391/299/297 392/186/184 398/184/182
f 337/301/299 93/300/298 336/188/186
f 336/188/186 93/300/298 94/190/188
f 96/302/300 395/303/301 95/191/189
f 95/191/189 395/303/301 394/304/302
f 95/191/189 394/304/302 125/189/187
f 125/189/187 394/304/302 393/187/185
f 395/303/301 96/302/300 123/305/303
f 123/305/303 96/302/300 97/306/304
f 123/305/303 97/306/304 306/307/305
f 306/307/305 97/306/304 424/308/306
f 306/307/305 424/308/306 425/309/307
f 425/309/307 424/308/306 275/310/308
f 425/309/307 275/310/308 274/311/309
f 274/311/309 275/310/308 219/312/310
f 274/311/309 219/312/310 220/313/311
f 220/313/311 219/312/310 456/314/312
f 220/313/311 456/314/312 457/315/313
f 457/315/313 456/314/312 485/316/314
f 457/315/313 485/316/314 486/317/315
f 486/317/315 485/316/314 211/318/316
f 486/317/315 211/318/316 210/319/317
f 210/319/317 211/318/316 163/320/318
f 210/319/317 163/320/318 164/321/319
f 164/321/319 163/320/318 517/322/320
f 164/321/319 517/322/320 518/323/321
f 518/323/321 517/322/320 148/324/322
f 518/323/321 148/324/322 147/325/323
f 147/325/323 148/324/322 106/326/324
f 147/325/323 106/326/324 107/327/325
f 97/306/304 98/328/326 424/308/306
f 424/308/306 98/328/326 276/329/327
f 424/308/306 276/329/327 275/310/308
f 275/310/308 276/329/327 218/330/328
f 275/310/308 218/330/328 219/312/310
f 219/312/310 218/330/328 455/331/329
f 219/312/310 455/331/329 456/314/312
f 456/314/312 455/331/329 484/332/330
f 456/314/312 484/332/330 485/316/314
f 485/316/314 484/332/330 212/333/331
f 485/316/314 212/333/331 211/318/316
f 211/318/316 212/333/331 162/334/332
f 211/318/316 162/334/332 163/320/318
f 163/320/318 162/334/332 516/335/333
f 163/320/318 516/335/333 517/322/320
f 517/322/320 516/335/333 149/336/334
f 517/322/320 149/336/334 148/324/322
f 148/324/322 149/336/334 104/337/335
f 148/324/322 104/337/335 105/338/336
f 99/339/337 453/340/338 98/328/326
f 98/328/326 453/340/338 217/341/339
f 98/328/326 217/341/339 276/329/327
f 276/329/327 217/341/339 218/330/328
f 100/342/340 119/343/341 99/339/337
f 99/339/337 119/343/341 157/344/342
f 99/339/337 157/344/342 216/345/343
f 216/345/343 157/344/342 158/346/344
f 216/345/343 158/346/344 215/347/345
f 215/347/345 158/346/344 159/348/346
f 215/347/345 159/348/346 214/349/347
f 214/349/347 159/348/346 160/350/348
f 214/349/347 160/350/348 213/351/349
f 213/351/349 160/350/348 161/352/350
f 213/351/349 161/352/350 212/333/331
f 212/333/331 161/352/350 162/334/332
f 101/353/351 155/354/352 100/342/340
f 100/342/340 155/354/352 156/355/353
f 100/342/340 156/355/353 119/343/341
f 119/343/341 156/355/353 155/354/352
f 119/343/341 155/354/352 511/356/354
f 511/356/354 155/354/352 154/357/355
f 511/356/354 154/357/355 512/358/356
f 512/358/356 154/357/355 153/359/357
f 512/358/356 153/359/357 513/360/358
f 513/360/358 153/359/357 152/361/359
f 513/360/358 152/361/359 514/362/360
f 514/362/360 152/361/359 151/363/361
f 514/362/360 151/363/361 515/364/362
f 515/364/362 151/363/361 150/365/363
f 515/364/362 150/365/363 516/335/333
f 516/335/333 150/365/363 149/336/334
f 102/366/364 151/363/361 101/353/351
f 101/353/351 151/363/361 152/361/359
f 101/353/351 152/361/359 153/359/357
f 151/363/361 102/366/364 150/365/363
f 150/365/363 102/366/364 103/367/365
f 150/365/363 103/367/365 149/336/334
f 149/336/334 103/367/365 104/337/335
f 105/338/336 106/326/324 148/324/322
f 107/327/325 108/368/366 147/325/323
f 147/325/323 108/368/366 146/369/367
f 147/325/323 146/369/367 519/370/368
f 519/370/368 146/369/367 520/371/369
f 519/370/368 520/371/369 166/372/370
f 166/372/370 520/371/369 167/373/371
f 166/372/370 167/373/371 207/374/372
f 207/374/372 167/373/371 206/169/167
f 207/374/372 206/169/167 490/171/169
f 108/368/366 109/375/373 146/369/367
f 146/369/367 109/375/373 110/376/374
f 146/369/367 110/376/374 145/377/375
f 145/377/375 110/376/374 111/378/376
f 145/377/375 111/378/376 112/379/377
f 113/161/159 143/163/161 112/379/377
f 112/379/377 143/163/161 144/380/378
f 112/379/377 144/380/378 145/377/375
f 145/377/375 144/380/378 521/381/379
f 145/377/375 521/381/379 520/371/369
f 520/371/369 521/381/379 167/373/371
f 140/158/156 114/160/158 139/382/380
f 139/382/380 114/160/158 115/383/381
f 139/382/380 115/383/381 138/384/382
f 138/384/382 115/383/381 137/385/383
f 138/384/382 137/385/383 528/386/384
f 528/386/384 137/385/383 529/387/385
f 528/386/384 529/387/385 175/388/386
f 175/388/386 529/387/385 176/389/387
f 175/388/386 176/389/387 198/390/388
f 198/390/388 176/389/387 197/391/389
f 198/390/388 197/391/389 499/392/390
f 499/392/390 197/391/389 500/393/391
f 499/392/390 500/393/391 471/394/392
f 471/394/392 500/393/391 472/395/393
f 471/394/392 472/395/393 235/396/394
f 235/396/394 472/395/393 236/397/395
f 235/396/394 236/397/395 258/398/396
f 258/398/396 236/397/395 257/399/397
f 258/398/396 257/399/397 442/400/398
f 442/400/398 257/399/397 443/401/399
f 442/400/398 443/401/399 324/402/400
f 324/402/400 443/401/399 325/403/401
f 324/402/400 325/403/401 288/404/402
f 288/404/402 325/403/401 287/405/403
f 288/404/402 287/405/403 413/406/404
f 413/406/404 287/405/403 414/126/124
f 413/406/404 414/126/124 376/128/126
f 115/383/381 116/407/405 137/385/383
f 137/385/383 116/407/405 136/408/406
f 137/385/383 136/408/406 529/387/385
f 529/387/385 136/408/406 530/409/407
f 529/387/385 530/409/407 176/389/387
f 176/389/387 530/409/407 177/410/408
f 176/389/387 177/410/408 197/391/389
f 197/391/389 177/410/408 196/411/409
f 197/391/389 196/411/409 500/393/391
f 500/393/391 196/411/409 501/412/410
f 500/393/391 501/412/410 472/395/393
f 472/395/393 501/412/410 473/413/411
f 472/395/393 473/413/411 236/397/395
f 236/397/395 473/413/411 237/414/412
f 236/397/395 237/414/412 257/399/397
f 257/399/397 237/414/412 256/415/413
f 257/399/397 256/415/413 443/401/399
f 443/401/399 256/415/413 444/416/414
f 443/401/399 444/416/414 325/403/401
f 325/403/401 444/416/414 326/417/415
f 325/403/401 326/417/415 287/405/403
f 287/405/403 326/417/415 286/124/122
f 287/405/403 286/124/122 414/126/124
f 136/408/406 116/407/405 135/418/416
f 135/418/416 116/407/405 117/419/417
f 135/418/416 117/419/417 134/420/418
f 134/420/418 117/419/417 133/421/419
f 134/420/418 133/421/419 532/422/420
f 532/422/420 133/421/419 533/423/421
f 532/422/420 533/423/421 179/424/422
f 179/424/422 533/423/421 180/425/423
f 179/424/422 180/425/423 194/426/424
f 194/426/424 180/425/423 193/427/425
f 194/426/424 193/427/425 503/428/426
f 503/428/426 193/427/425 504/429/427
f 503/428/426 504/429/427 475/430/428
f 475/430/428 504/429/427 476/431/429
f 475/430/428 476/431/429 239/432/430
f 239/432/430 476/431/429 240/433/431
f 239/432/430 240/433/431 254/434/432
f 254/434/432 240/433/431 253/118/116
f 254/434/432 253/118/116 446/120/118
f 118/102/100 130/435/433 117/419/417
f 117/419/417 130/435/433 131/436/434
f 117/419/417 131/436/434 132/437/435
f 132/437/435 131/436/434 534/438/436
f 132/437/435 534/438/436 533/423/421
f 533/423/421 534/438/436 180/425/423
f 99/339/337 216/345/343 121/439/437
f 121/439/437 216/345/343 215/347/345
f 121/439/437 215/347/345 482/440/438
f 482/440/438 215/347/345 214/349/347
f 482/440/438 214/349/347 483/441/439
f 483/441/439 214/349/347 213/351/349
f 483/441/439 213/351/349 484/332/330
f 484/332/330 213/351/349 212/333/331
f 124/442/440 79/215/213 335/443/441
f 335/443/441 79/215/213 277/221/219
f 335/443/441 277/221/219 278/223/221
f 127/104/102 128/444/442 118/102/100
f 118/102/100 128/444/442 129/445/443
f 118/102/100 129/445/443 130/435/433
f 130/435/433 129/445/443 536/446/444
f 130/435/433 536/446/444 535/447/445
f 535/447/445 536/446/444 182/448/446
f 535/447/445 182/448/446 181/449/447
f 181/449/447 182/448/446 192/450/448
f 181/449/447 192/450/448 193/427/425
f 193/427/425 192/450/448 504/429/427
f 128/444/442 127/104/102 538/451/449
f 538/451/449 127/104/102 120/106/104
f 538/451/449 120/106/104 185/108/106
f 129/445/443 128/444/442 537/452/450
f 537/452/450 128/444/442 538/451/449
f 537/452/450 538/451/449 184/453/451
f 184/453/451 538/451/449 185/108/106
f 184/453/451 185/108/106 189/110/108
f 133/421/419 117/419/417 132/437/435
f 534/438/436 131/436/434 535/447/445
f 535/447/445 131/436/434 130/435/433
f 533/423/421 133/421/419 132/437/435
f 530/409/407 136/408/406 135/418/416
f 135/418/416 134/420/418 531/454/452
f 531/454/452 134/420/418 532/422/420
f 531/454/452 532/422/420 178/455/453
f 178/455/453 532/422/420 179/424/422
f 178/455/453 179/424/422 195/456/454
f 195/456/454 179/424/422 194/426/424
f 195/456/454 194/426/424 502/457/455
f 502/457/455 194/426/424 503/428/426
f 502/457/455 503/428/426 474/458/456
f 474/458/456 503/428/426 475/430/428
f 474/458/456 475/430/428 238/459/457
f 238/459/457 475/430/428 239/432/430
f 238/459/457 239/432/430 255/460/458
f 255/460/458 239/432/430 254/434/432
f 255/460/458 254/434/432 445/461/459
f 445/461/459 254/434/432 446/120/118
f 445/461/459 446/120/118 327/122/120
f 526/156/154 140/158/156 139/382/380
f 139/382/380 138/384/382 527/462/460
f 527/462/460 138/384/382 528/386/384
f 527/462/460 528/386/384 174/463/461
f 174/463/461 528/386/384 175/388/386
f 174/463/461 175/388/386 199/464/462
f 199/464/462 175/388/386 198/390/388
f 199/464/462 198/390/388 498/465/463
f 498/465/463 198/390/388 499/392/390
f 498/465/463 499/392/390 470/466/464
f 470/466/464 499/392/390 471/394/392
f 470/466/464 471/394/392 234/467/465
f 234/467/465 471/394/392 235/396/394
f 234/467/465 235/396/394 259/468/466
f 259/468/466 235/396/394 258/398/396
f 259/468/466 258/398/396 441/469/467
f 441/469/467 258/398/396 442/400/398
f 441/469/467 442/400/398 323/470/468
f 323/470/468 442/400/398 324/402/400
f 323/470/468 324/402/400 289/471/469
f 289/471/469 324/402/400 288/404/402
f 289/471/469 288/404/402 412/472/470
f 412/472/470 288/404/402 413/406/404
f 412/472/470 413/406/404 377/473/471
f 377/473/471 413/406/404 376/128/126
f 377/473/471 376/128/126 352/130/128
f 142/162/160 141/159/157 524/474/472
f 524/474/472 141/159/157 525/157/155
f 524/474/472 525/157/155 171/475/473
f 171/475/473 525/157/155 172/155/153
f 171/475/473 172/155/153 202/476/474
f 202/476/474 172/155/153 201/153/151
f 202/476/474 201/153/151 495/477/475
f 495/477/475 201/153/151 496/151/149
f 495/477/475 496/151/149 467/289/287
f 521/381/379 144/380/378 522/165/163
f 522/165/163 144/380/378 143/163/161
f 520/371/369 146/369/367 145/377/375
f 518/323/321 147/325/323 519/370/368
f 155/354/352 101/353/351 154/357/355
f 154/357/355 101/353/351 153/359/357
f 119/343/341 511/356/354 157/344/342
f 157/344/342 511/356/354 158/346/344
f 511/356/354 512/358/356 158/346/344
f 158/346/344 512/358/356 159/348/346
f 512/358/356 513/360/358 159/348/346
f 159/348/346 513/360/358 160/350/348
f 513/360/358 514/362/360 160/350/348
f 160/350/348 514/362/360 161/352/350
f 514/362/360 515/364/362 161/352/350
f 161/352/350 515/364/362 162/334/332
f 515/364/362 516/335/333 162/334/332
f 164/321/319 165/478/476 209/479/477
f 209/479/477 165/478/476 208/480/478
f 209/479/477 208/480/478 488/481/479
f 488/481/479 208/480/478 489/482/480
f 488/481/479 489/482/480 460/483/481
f 460/483/481 489/482/480 461/173/171
f 460/483/481 461/173/171 224/175/173
f 165/478/476 166/372/370 208/480/478
f 208/480/478 166/372/370 207/374/372
f 208/480/478 207/374/372 489/482/480
f 489/482/480 207/374/372 490/171/169
f 489/482/480 490/171/169 461/173/171
f 164/321/319 518/323/321 165/478/476
f 165/478/476 518/323/321 519/370/368
f 165/478/476 519/370/368 166/372/370
f 206/169/167 167/373/371 168/167/165
f 168/167/165 167/373/371 521/381/379
f 168/167/165 521/381/379 522/165/163
f 169/166/164 170/484/482 204/485/483
f 204/485/483 170/484/482 203/486/484
f 204/485/483 203/486/484 493/487/485
f 493/487/485 203/486/484 494/488/486
f 493/487/485 494/488/486 465/489/487
f 465/489/487 494/488/486 466/490/488
f 465/489/487 466/490/488 229/491/489
f 229/491/489 466/490/488 230/287/285
f 229/491/489 230/287/285 264/285/283
f 170/484/482 171/475/473 203/486/484
f 203/486/484 171/475/473 202/476/474
f 203/486/484 202/476/474 494/488/486
f 494/488/486 202/476/474 495/477/475
f 494/488/486 495/477/475 466/490/488
f 466/490/488 495/477/475 467/289/287
f 466/490/488 467/289/287 230/287/285
f 169/166/164 523/164/162 170/484/482
f 170/484/482 523/164/162 524/474/472
f 170/484/482 524/474/472 171/475/473
f 173/154/152 174/463/461 200/152/150
f 200/152/150 174/463/461 199/464/462
f 200/152/150 199/464/462 497/150/148
f 497/150/148 199/464/462 498/465/463
f 497/150/148 498/465/463 469/148/146
f 469/148/146 498/465/463 470/466/464
f 469/148/146 470/466/464 233/146/144
f 233/146/144 470/466/464 234/467/465
f 233/146/144 234/467/465 260/144/142
f 260/144/142 234/467/465 259/468/466
f 260/144/142 259/468/466 440/142/140
f 440/142/140 259/468/466 441/469/467
f 440/142/140 441/469/467 322/140/138
f 322/140/138 441/469/467 323/470/468
f 322/140/138 323/470/468 290/138/136
f 290/138/136 323/470/468 289/471/469
f 290/138/136 289/471/469 411/136/134
f 411/136/134 289/471/469 412/472/470
f 411/136/134 412/472/470 378/134/132
f 378/134/132 412/472/470 377/473/471
f 378/134/132 377/473/471 351/132/130
f 351/132/130 377/473/471 352/130/128
f 174/463/461 173/154/152 527/462/460
f 527/462/460 173/154/152 526/156/154
f 527/462/460 526/156/154 139/382/380
f 177/410/408 178/455/453 196/411/409
f 196/411/409 178/455/453 195/456/454
f 196/411/409 195/456/454 501/412/410
f 501/412/410 195/456/454 502/457/455
f 501/412/410 502/457/455 473/413/411
f 473/413/411 502/457/455 474/458/456
f 473/413/411 474/458/456 237/414/412
f 237/414/412 474/458/456 238/459/457
f 237/414/412 238/459/457 256/415/413
f 256/415/413 238/459/457 255/460/458
f 256/415/413 255/460/458 444/416/414
f 444/416/414 255/460/458 445/461/459
f 444/416/414 445/461/459 326/417/415
f 326/417/415 445/461/459 327/122/120
f 326/417/415 327/122/120 286/124/122
f 178/455/453 177/410/408 531/454/452
f 531/454/452 177/410/408 530/409/407
f 531/454/452 530/409/407 135/418/416
f 193/427/425 180/425/423 181/449/447
f 181/449/447 180/425/423 534/438/436
f 181/449/447 534/438/436 535/447/445
f 182/448/446 183/492/490 191/493/491
f 191/493/491 183/492/490 190/494/492
f 191/493/491 190/494/492 506/495/493
f 506/495/493 190/494/492 507/112/110
f 506/495/493 507/112/110 478/114/112
f 183/492/490 184/453/451 190/494/492
f 190/494/492 184/453/451 189/110/108
f 190/494/492 189/110/108 507/112/110
f 182/448/446 536/446/444 183/492/490
f 183/492/490 536/446/444 537/452/450
f 183/492/490 537/452/450 184/453/451
f 186/107/105 187/192/190 188/109/107
f 188/109/107 187/192/190 509/496/494
f 188/109/107 509/496/494 508/111/109
f 508/111/109 509/496/494 480/497/495
f 508/111/109 480/497/495 479/113/111
f 479/113/111 480/497/495 243/498/496
f 479/113/111 243/498/496 242/115/113
f 242/115/113 243/498/496 251/499/497
f 242/115/113 251/499/497 252/117/115
f 252/117/115 251/499/497 448/500/498
f 252/117/115 448/500/498 447/119/117
f 447/119/117 448/500/498 329/501/499
f 447/119/117 329/501/499 328/121/119
f 328/121/119 329/501/499 284/502/500
f 328/121/119 284/502/500 285/123/121
f 285/123/121 284/502/500 416/503/501
f 285/123/121 416/503/501 415/125/123
f 415/125/123 416/503/501 374/504/502
f 415/125/123 374/504/502 375/127/125
f 375/127/125 374/504/502 354/214/212
f 182/448/446 191/493/491 192/450/448
f 192/450/448 191/493/491 505/505/503
f 192/450/448 505/505/503 504/429/427
f 504/429/427 505/505/503 476/431/429
f 505/505/503 191/493/491 506/495/493
f 169/166/164 204/485/483 205/168/166
f 205/168/166 204/485/483 492/506/504
f 205/168/166 492/506/504 491/170/168
f 491/170/168 492/506/504 463/507/505
f 491/170/168 463/507/505 462/172/170
f 462/172/170 463/507/505 226/508/506
f 462/172/170 226/508/506 225/174/172
f 225/174/172 226/508/506 268/509/507
f 225/174/172 268/509/507 269/176/174
f 269/176/174 268/509/507 431/510/508
f 269/176/174 431/510/508 430/178/176
f 430/178/176 431/510/508 312/511/509
f 430/178/176 312/511/509 311/180/178
f 311/180/178 312/511/509 301/296/294
f 492/506/504 204/485/483 493/487/485
f 164/321/319 209/479/477 210/319/317
f 210/319/317 209/479/477 487/512/510
f 210/319/317 487/512/510 486/317/315
f 486/317/315 487/512/510 458/513/511
f 486/317/315 458/513/511 457/315/313
f 457/315/313 458/513/511 221/514/512
f 457/315/313 221/514/512 220/313/311
f 220/313/311 221/514/512 273/515/513
f 220/313/311 273/515/513 274/311/309
f 274/311/309 273/515/513 426/516/514
f 274/311/309 426/516/514 425/309/307
f 425/309/307 426/516/514 307/517/515
f 425/309/307 307/517/515 306/307/305
f 306/307/305 307/517/515 123/305/303
f 487/512/510 209/479/477 488/481/479
f 99/339/337 121/439/437 453/340/338
f 453/340/338 121/439/437 482/440/438
f 453/340/338 482/440/438 454/518/516
f 454/518/516 482/440/438 483/441/439
f 454/518/516 483/441/439 455/331/329
f 455/331/329 483/441/439 484/332/330
f 453/340/338 454/518/516 217/341/339
f 217/341/339 454/518/516 218/330/328
f 454/518/516 455/331/329 218/330/328
f 221/514/512 222/519/517 272/520/518
f 272/520/518 222/519/517 271/521/519
f 272/520/518 271/521/519 428/522/520
f 428/522/520 271/521/519 429/179/177
f 428/522/520 429/179/177 310/181/179
f 222/519/517 223/523/521 271/521/519
f 271/521/519 223/523/521 270/177/175
f 271/521/519 270/177/175 429/179/177
f 221/514/512 458/513/511 222/519/517
f 222/519/517 458/513/511 459/524/522
f 222/519/517 459/524/522 223/523/521
f 223/523/521 459/524/522 460/483/481
f 223/523/521 460/483/481 224/175/173
f 223/523/521 224/175/173 270/177/175
f 226/508/506 227/525/523 267/526/524
f 267/526/524 227/525/523 266/527/525
f 267/526/524 266/527/525 433/528/526
f 433/528/526 266/527/525 434/529/527
f 433/528/526 434/529/527 315/530/528
f 315/530/528 434/529/527 316/281/279
f 315/530/528 316/281/279 297/279/277
f 227/525/523 228/531/529 266/527/525
f 266/527/525 228/531/529 265/532/530
f 266/527/525 265/532/530 434/529/527
f 434/529/527 265/532/530 435/283/281
f 434/529/527 435/283/281 316/281/279
f 226/508/506 463/507/505 227/525/523
f 227/525/523 463/507/505 464/533/531
f 227/525/523 464/533/531 228/531/529
f 228/531/529 464/533/531 465/489/487
f 228/531/529 465/489/487 229/491/489
f 228/531/529 229/491/489 265/532/530
f 265/532/530 229/491/489 264/285/283
f 265/532/530 264/285/283 435/283/281
f 231/288/286 232/147/145 262/534/532
f 262/534/532 232/147/145 261/145/143
f 262/534/532 261/145/143 438/270/268
f 232/147/145 231/288/286 468/149/147
f 253/118/116 240/433/431 241/116/114
f 241/116/114 240/433/431 477/535/533
f 241/116/114 477/535/533 478/114/112
f 478/114/112 477/535/533 506/495/493
f 477/535/533 240/433/431 476/431/429
f 251/499/497 243/498/496 250/200/198
f 250/200/198 243/498/496 244/198/196
f 481/196/194 244/198/196 480/497/495
f 480/497/495 244/198/196 243/498/496
f 245/197/195 246/217/215 248/536/534
f 248/536/534 246/217/215 247/216/214
f 248/536/534 247/216/214 452/537/535
f 452/537/535 247/216/214 124/442/440
f 452/537/535 124/442/440 334/538/536
f 334/538/536 124/442/440 335/443/441
f 334/538/536 335/443/441 278/223/221
f 245/197/195 248/536/534 249/199/197
f 249/199/197 248/536/534 451/539/537
f 249/199/197 451/539/537 450/201/199
f 450/201/199 451/539/537 332/540/538
f 450/201/199 332/540/538 331/203/201
f 331/203/201 332/540/538 281/229/227
f 331/203/201 281/229/227 282/205/203
f 451/539/537 248/536/534 452/537/535
f 448/500/498 251/499/497 449/202/200
f 449/202/200 251/499/497 250/200/198
f 231/288/286 262/534/532 263/286/284
f 263/286/284 262/534/532 437/541/539
f 263/286/284 437/541/539 436/284/282
f 436/284/282 437/541/539 318/542/540
f 436/284/282 318/542/540 317/282/280
f 317/282/280 318/542/540 295/543/541
f 317/282/280 295/543/541 296/280/278
f 296/280/278 295/543/541 405/544/542
f 296/280/278 405/544/542 404/278/276
f 404/278/276 405/544/542 385/545/543
f 404/278/276 385/545/543 386/276/274
f 386/276/274 385/545/543 343/260/258
f 386/276/274 343/260/258 342/274/272
f 342/274/272 343/260/258 89/259/257
f 437/541/539 262/534/532 438/270/268
f 226/508/506 267/526/524 268/509/507
f 268/509/507 267/526/524 432/546/544
f 268/509/507 432/546/544 431/510/508
f 431/510/508 432/546/544 313/547/545
f 431/510/508 313/547/545 312/511/509
f 312/511/509 313/547/545 300/548/546
f 312/511/509 300/548/546 301/296/294
f 301/296/294 300/548/546 400/294/292
f 432/546/544 267/526/524 433/528/526
f 221/514/512 272/520/518 273/515/513
f 273/515/513 272/520/518 427/549/547
f 273/515/513 427/549/547 426/516/514
f 426/516/514 427/549/547 308/550/548
f 426/516/514 308/550/548 307/517/515
f 307/517/515 308/550/548 305/551/549
f 307/517/515 305/551/549 123/305/303
f 123/305/303 305/551/549 395/303/301
f 427/549/547 272/520/518 428/522/520
f 278/223/221 279/225/223 334/538/536
f 334/538/536 279/225/223 333/552/550
f 334/538/536 333/552/550 452/537/535
f 452/537/535 333/552/550 451/539/537
f 279/225/223 280/227/225 333/552/550
f 333/552/550 280/227/225 332/540/538
f 333/552/550 332/540/538 451/539/537
f 280/227/225 281/229/227 332/540/538
f 330/204/202 283/206/204 329/501/499
f 329/501/499 283/206/204 284/502/500
f 416/503/501 284/502/500 417/208/206
f 417/208/206 284/502/500 283/206/204
f 409/257/255 291/139/137 410/137/135
f 321/141/139 292/258/256 320/269/267
f 320/269/267 292/258/256 293/267/265
f 407/265/263 293/267/265 408/256/254
f 408/256/254 293/267/265 292/258/256
f 319/268/266 294/266/264 318/542/540
f 318/542/540 294/266/264 295/543/541
f 405/544/542 295/543/541 406/264/262
f 406/264/262 295/543/541 294/266/264
f 297/279/277 298/553/551 315/530/528
f 315/530/528 298/553/551 314/554/552
f 315/530/528 314/554/552 433/528/526
f 433/528/526 314/554/552 432/546/544
f 298/553/551 299/555/553 314/554/552
f 314/554/552 299/555/553 313/547/545
f 314/554/552 313/547/545 432/546/544
f 297/279/277 403/277/275 298/553/551
f 298/553/551 403/277/275 402/556/554
f 298/553/551 402/556/554 299/555/553
f 299/555/553 402/556/554 401/557/555
f 299/555/553 401/557/555 300/548/546
f 300/548/546 401/557/555 400/294/292
f 299/555/553 300/548/546 313/547/545
f 303/183/181 304/558/556 309/559/557
f 309/559/557 304/558/556 308/550/548
f 309/559/557 308/550/548 427/549/547
f 308/550/548 304/558/556 305/551/549
f 305/551/549 304/558/556 396/560/558
f 305/551/549 396/560/558 395/303/301
f 395/303/301 396/560/558 394/304/302
f 396/560/558 304/558/556 397/185/183
f 397/185/183 304/558/556 303/183/181
f 428/522/520 310/181/179 309/559/557
f 309/559/557 310/181/179 303/183/181
f 428/522/520 309/559/557 427/549/547
f 438/270/268 319/268/266 437/541/539
f 437/541/539 319/268/266 318/542/540
f 439/143/141 321/141/139 320/269/267
f 449/202/200 330/204/202 448/500/498
f 448/500/498 330/204/202 329/501/499
f 79/215/213 124/442/440 247/216/214
f 392/186/184 337/301/299 336/188/186
f 341/273/271 340/272/270 388/561/559
f 388/561/559 340/272/270 389/292/290
f 388/561/559 389/292/290 401/557/555
f 401/557/555 389/292/290 400/294/292
f 384/262/260 344/261/259 385/545/543
f 385/545/543 344/261/259 343/260/258
f 382/254/252 346/253/251 383/263/261
f 383/263/261 346/253/251 345/252/250
f 350/133/131 86/131/129 349/249/247
f 380/250/248 348/248/246 381/255/253
f 381/255/253 348/248/246 347/247/245
f 379/135/133 350/133/131 349/249/247
f 373/210/208 355/212/210 374/504/502
f 374/504/502 355/212/210 354/214/212
f 358/242/240 85/213/211 357/562/560
f 357/562/560 85/213/211 356/211/209
f 357/562/560 356/211/209 372/209/207
f 358/242/240 357/562/560 371/563/561
f 371/563/561 357/562/560 372/209/207
f 371/563/561 372/209/207 418/207/205
f 359/243/241 358/242/240 370/564/562
f 370/564/562 358/242/240 371/563/561
f 370/564/562 371/563/561 419/230/228
f 419/230/228 371/563/561 418/207/205
f 367/240/238 361/239/237 368/245/243
f 368/245/243 361/239/237 360/238/236
f 126/219/217 363/236/234 366/241/239
f 366/241/239 363/236/234 362/235/233
f 126/219/217 366/241/239 365/220/218
f 422/224/222 423/222/220 367/240/238
f 367/240/238 368/245/243 422/224/222
f 420/228/226 421/226/224 369/244/242
f 419/230/228 420/228/226 370/564/562
f 370/564/562 420/228/226 369/244/242
f 370/564/562 369/244/242 359/243/241
f 416/503/501 417/208/206 373/210/208
f 373/210/208 374/504/502 416/503/501
f 409/257/255 410/137/135 380/250/248
f 380/250/248 381/255/253 409/257/255
f 407/265/263 408/256/254 382/254/252
f 382/254/252 383/263/261 407/265/263
f 405/544/542 406/264/262 384/262/260
f 384/262/260 385/545/543 405/544/542
f 402/556/554 403/277/275 387/275/273
f 401/557/555 402/556/554 388/561/559
f 388/561/559 402/556/554 387/275/273
f 388/561/559 387/275/273 341/273/271
f 396/560/558 397/185/183 393/187/185
f 393/187/185 394/304/302 396/560/558
f 488/481/479 460/483/481 459/524/522
f 488/481/479 459/524/522 487/512/510
f 487/512/510 459/524/522 458/513/511
f 493/487/485 465/489/487 464/533/531
f 493/487/485 464/533/531 492/506/504
f 492/506/504 464/533/531 463/507/505
f 506/495/493 477/535/533 505/505/503
f 505/505/503 477/535/533 476/431/429
f 510/194/192 481/196/194 509/496/494
f 509/496/494 481/196/194 480/497/495
f 509/496/494 187/192/190 510/194/192
f 142/162/160 524/474/472 523/164/162
f 129/445/443 537/452/450 536/446/444
f 581/565/563 539/566/564 590/567/565
f 590/567/565 539/566/564 540/568/566
f 590/567/565 540/568/566 583/569/567
f 583/569/567 540/568/566 649/570/568
f 583/569/567 649/570/568 648/571/569
f 648/571/569 649/570/568 651/572/570
f 648/571/569 651/572/570 652/573/571
f 652/573/571 651/572/570 971/574/572
f 652/573/571 971/574/572 970/575/573
f 970/575/573 971/574/572 942/576/574
f 970/575/573 942/576/574 941/577/575
f 941/577/575 942/576/574 705/578/576
f 941/577/575 705/578/576 704/579/577
f 704/579/577 705/578/576 715/580/578
f 704/579/577 715/580/578 716/581/579
f 716/581/579 715/580/578 910/582/580
f 716/581/579 910/582/580 909/583/581
f 909/583/581 910/582/580 791/584/582
f 909/583/581 791/584/582 790/585/583
f 790/585/583 791/584/582 748/586/584
f 790/585/583 748/586/584 749/587/585
f 749/587/585 748/586/584 878/588/586
f 749/587/585 878/588/586 877/589/587
f 877/589/587 878/588/586 838/590/588
f 877/589/587 838/590/588 839/591/589
f 839/591/589 838/590/588 816/592/590
f 839/591/589 816/592/590 815/593/591
f 815/593/591 816/592/590 549/594/592
f 815/593/591 549/594/592 814/595/593
f 814/595/593 549/594/592 813/596/594
f 814/595/593 813/596/594 841/597/595
f 841/597/595 813/596/594 842/598/596
f 841/597/595 842/598/596 874/599/597
f 874/599/597 842/598/596 873/600/598
f 874/599/597 873/600/598 753/601/599
f 753/601/599 873/600/598 754/602/600
f 753/601/599 754/602/600 785/603/601
f 785/603/601 754/602/600 784/604/602
f 785/603/601 784/604/602 903/605/603
f 903/605/603 784/604/602 902/606/604
f 903/605/603 902/606/604 723/607/605
f 723/607/605 902/606/604 724/608/606
f 723/607/605 724/608/606 696/609/607
f 696/609/607 724/608/606 695/610/608
f 696/609/607 695/610/608 932/611/609
f 932/611/609 695/610/608 931/612/610
f 932/611/609 931/612/610 960/613/611
f 960/613/611 931/612/610 959/614/612
f 960/613/611 959/614/612 663/615/613
f 663/615/613 959/614/612 664/616/614
f 663/615/613 664/616/614 636/617/615
f 636/617/615 664/616/614 635/618/616
f 636/617/615 635/618/616 989/619/617
f 989/619/617 635/618/616 988/620/618
f 989/619/617 988/620/618 603/621/619
f 603/621/619 988/620/618 604/622/620
f 603/621/619 604/622/620 577/623/621
f 577/623/621 604/622/620 576/624/622
f 576/624/622 604/622/620 605/625/623
f 576/624/622 605/625/623 606/626/624
f 606/626/624 605/625/623 986/627/625
f 606/626/624 986/627/625 985/628/626
f 985/628/626 986/627/625 632/629/627
f 985/628/626 632/629/627 631/630/628
f 631/630/628 632/629/627 668/631/629
f 631/630/628 668/631/629 669/632/630
f 669/632/630 668/631/629 954/633/631
f 669/632/630 954/633/631 953/634/632
f 953/634/632 954/633/631 925/635/633
f 953/634/632 925/635/633 924/636/634
f 924/636/634 925/635/633 688/637/635
f 924/636/634 688/637/635 687/638/636
f 687/638/636 688/637/635 732/639/637
f 687/638/636 732/639/637 733/640/638
f 733/640/638 732/639/637 893/641/639
f 733/640/638 893/641/639 892/642/640
f 892/642/640 893/641/639 774/643/641
f 892/642/640 774/643/641 773/644/642
f 773/644/642 774/643/641 765/645/643
f 773/644/642 765/645/643 766/646/644
f 766/646/644 765/645/643 861/647/645
f 766/646/644 861/647/645 860/648/646
f 860/648/646 861/647/645 855/649/647
f 860/648/646 855/649/647 856/650/648
f 856/650/648 855/649/647 799/651/649
f 856/650/648 799/651/649 588/652/650
f 588/652/650 799/651/649 557/653/651
f 588/652/650 557/653/651 558/654/652
f 649/570/568 540/568/566 650/655/653
f 650/655/653 540/568/566 541/656/654
f 650/655/653 541/656/654 973/657/655
f 973/657/655 541/656/654 585/658/656
f 973/657/655 585/658/656 944/659/657
f 944/659/657 585/658/656 708/660/658
f 944/659/657 708/660/658 707/661/659
f 707/661/659 708/660/658 712/662/660
f 707/661/659 712/662/660 713/663/661
f 713/663/661 712/662/660 913/664/662
f 713/663/661 913/664/662 912/665/663
f 912/665/663 913/664/662 794/666/664
f 912/665/663 794/666/664 793/667/665
f 793/667/665 794/666/664 745/668/666
f 793/667/665 745/668/666 746/669/667
f 746/669/667 745/668/666 881/670/668
f 746/669/667 881/670/668 880/671/669
f 880/671/669 881/670/668 835/672/670
f 880/671/669 835/672/670 836/673/671
f 836/673/671 835/672/670 819/674/672
f 836/673/671 819/674/672 818/675/673
f 818/675/673 819/674/672 548/676/674
f 818/675/673 548/676/674 817/677/675
f 817/677/675 548/676/674 816/592/590
f 817/677/675 816/592/590 838/590/588
f 542/678/676 710/679/677 541/656/654
f 541/656/654 710/679/677 709/680/678
f 541/656/654 709/680/678 585/658/656
f 585/658/656 709/680/678 708/660/658
f 543/681/679 589/682/680 542/678/676
f 542/678/676 589/682/680 828/683/681
f 542/678/676 828/683/681 740/684/682
f 740/684/682 828/683/681 886/685/683
f 740/684/682 886/685/683 741/686/684
f 741/686/684 886/685/683 885/687/685
f 741/686/684 885/687/685 742/688/686
f 742/688/686 885/687/685 884/689/687
f 742/688/686 884/689/687 743/690/688
f 743/690/688 884/689/687 883/691/689
f 743/690/688 883/691/689 744/692/690
f 744/692/690 883/691/689 882/693/691
f 744/692/690 882/693/691 745/668/666
f 745/668/666 882/693/691 881/670/668
f 589/682/680 543/681/679 827/694/692
f 827/694/692 543/681/679 544/695/693
f 827/694/692 544/695/693 545/696/694
f 546/697/695 825/698/696 545/696/694
f 545/696/694 825/698/696 826/699/697
f 545/696/694 826/699/697 827/694/692
f 827/694/692 826/699/697 589/682/680
f 547/700/698 823/701/699 546/697/695
f 546/697/695 823/701/699 824/702/700
f 546/697/695 824/702/700 825/698/696
f 825/698/696 824/702/700 830/703/701
f 825/698/696 830/703/701 829/704/702
f 829/704/702 830/703/701 886/685/683
f 829/704/702 886/685/683 828/683/681
f 548/676/674 821/705/703 547/700/698
f 547/700/698 821/705/703 822/706/704
f 547/700/698 822/706/704 823/701/699
f 823/701/699 822/706/704 832/707/705
f 823/701/699 832/707/705 831/708/706
f 831/708/706 832/707/705 884/689/687
f 831/708/706 884/689/687 885/687/685
f 548/676/674 549/594/592 816/592/590
f 550/709/707 810/710/708 549/594/592
f 549/594/592 810/710/708 811/711/709
f 549/594/592 811/711/709 812/712/710
f 812/712/710 811/711/709 843/713/711
f 812/712/710 843/713/711 842/598/596
f 842/598/596 843/713/711 873/600/598
f 551/714/712 808/715/713 550/709/707
f 550/709/707 808/715/713 809/716/714
f 550/709/707 809/716/714 810/710/708
f 810/710/708 809/716/714 845/717/715
f 810/710/708 845/717/715 844/718/716
f 844/718/716 845/717/715 871/719/717
f 844/718/716 871/719/717 872/720/718
f 872/720/718 871/719/717 755/721/719
f 872/720/718 755/721/719 754/602/600
f 754/602/600 755/721/719 784/604/602
f 552/722/720 806/723/721 551/714/712
f 551/714/712 806/723/721 807/724/722
f 551/714/712 807/724/722 808/715/713
f 808/715/713 807/724/722 847/725/723
f 808/715/713 847/725/723 846/726/724
f 846/726/724 847/725/723 869/727/725
f 846/726/724 869/727/725 870/728/726
f 870/728/726 869/727/725 757/729/727
f 870/728/726 757/729/727 756/730/728
f 756/730/728 757/729/727 782/731/729
f 756/730/728 782/731/729 783/732/730
f 783/732/730 782/731/729 901/733/731
f 783/732/730 901/733/731 902/606/604
f 902/606/604 901/733/731 724/608/606
f 553/734/732 803/735/733 552/722/720
f 552/722/720 803/735/733 804/736/734
f 552/722/720 804/736/734 805/737/735
f 805/737/735 804/736/734 850/738/736
f 805/737/735 850/738/736 849/739/737
f 849/739/737 850/738/736 866/740/738
f 849/739/737 866/740/738 867/741/739
f 867/741/739 866/740/738 760/742/740
f 867/741/739 760/742/740 759/743/741
f 759/743/741 760/742/740 779/744/742
f 759/743/741 779/744/742 780/745/743
f 780/745/743 779/744/742 898/746/744
f 780/745/743 898/746/744 899/747/745
f 899/747/745 898/746/744 727/748/746
f 899/747/745 727/748/746 726/749/747
f 726/749/747 727/748/746 693/750/748
f 726/749/747 693/750/748 694/751/749
f 694/751/749 693/750/748 930/752/750
f 694/751/749 930/752/750 931/612/610
f 931/612/610 930/752/750 959/614/612
f 553/734/732 554/753/751 803/735/733
f 803/735/733 554/753/751 802/754/752
f 803/735/733 802/754/752 852/755/753
f 852/755/753 802/754/752 853/756/754
f 852/755/753 853/756/754 863/757/755
f 863/757/755 853/756/754 862/758/756
f 863/757/755 862/758/756 764/759/757
f 764/759/757 862/758/756 765/645/643
f 764/759/757 765/645/643 774/643/641
f 554/753/751 555/760/758 802/754/752
f 802/754/752 555/760/758 801/761/759
f 802/754/752 801/761/759 853/756/754
f 853/756/754 801/761/759 854/762/760
f 853/756/754 854/762/760 862/758/756
f 862/758/756 854/762/760 861/647/645
f 862/758/756 861/647/645 765/645/643
f 555/760/758 556/763/761 801/761/759
f 801/761/759 556/763/761 800/764/762
f 801/761/759 800/764/762 854/762/760
f 854/762/760 800/764/762 855/649/647
f 854/762/760 855/649/647 861/647/645
f 800/764/762 556/763/761 799/651/649
f 799/651/649 556/763/761 557/653/651
f 559/765/763 858/766/764 558/654/652
f 558/654/652 858/766/764 857/767/765
f 558/654/652 857/767/765 588/652/650
f 588/652/650 857/767/765 856/650/648
f 858/766/764 559/765/763 586/768/766
f 586/768/766 559/765/763 560/769/767
f 586/768/766 560/769/767 769/770/768
f 769/770/768 560/769/767 887/771/769
f 769/770/768 887/771/769 888/772/770
f 888/772/770 887/771/769 738/773/771
f 888/772/770 738/773/771 737/774/772
f 737/774/772 738/773/771 682/775/773
f 737/774/772 682/775/773 683/776/774
f 683/776/774 682/775/773 919/777/775
f 683/776/774 919/777/775 920/778/776
f 920/778/776 919/777/775 948/779/777
f 920/778/776 948/779/777 949/780/778
f 949/780/778 948/779/777 674/781/779
f 949/780/778 674/781/779 673/782/780
f 673/782/780 674/781/779 626/783/781
f 673/782/780 626/783/781 627/784/782
f 627/784/782 626/783/781 980/785/783
f 627/784/782 980/785/783 981/786/784
f 981/786/784 980/785/783 611/787/785
f 981/786/784 611/787/785 610/788/786
f 610/788/786 611/787/785 569/789/787
f 610/788/786 569/789/787 570/790/788
f 560/769/767 561/791/789 887/771/769
f 887/771/769 561/791/789 739/792/790
f 887/771/769 739/792/790 738/773/771
f 738/773/771 739/792/790 681/793/791
f 738/773/771 681/793/791 682/775/773
f 682/775/773 681/793/791 918/794/792
f 682/775/773 918/794/792 919/777/775
f 919/777/775 918/794/792 947/795/793
f 919/777/775 947/795/793 948/779/777
f 948/779/777 947/795/793 675/796/794
f 948/779/777 675/796/794 674/781/779
f 674/781/779 675/796/794 625/797/795
f 674/781/779 625/797/795 626/783/781
f 626/783/781 625/797/795 979/798/796
f 626/783/781 979/798/796 980/785/783
f 980/785/783 979/798/796 612/799/797
f 980/785/783 612/799/797 611/787/785
f 611/787/785 612/799/797 567/800/798
f 611/787/785 567/800/798 568/801/799
f 562/802/800 916/803/801 561/791/789
f 561/791/789 916/803/801 680/804/802
f 561/791/789 680/804/802 739/792/790
f 739/792/790 680/804/802 681/793/791
f 563/805/803 582/806/804 562/802/800
f 562/802/800 582/806/804 620/807/805
f 562/802/800 620/807/805 679/808/806
f 679/808/806 620/807/805 621/809/807
f 679/808/806 621/809/807 678/810/808
f 678/810/808 621/809/807 622/811/809
f 678/810/808 622/811/809 677/812/810
f 677/812/810 622/811/809 623/813/811
f 677/812/810 623/813/811 676/814/812
f 676/814/812 623/813/811 624/815/813
f 676/814/812 624/815/813 675/796/794
f 675/796/794 624/815/813 625/797/795
f 564/816/814 618/817/815 563/805/803
f 563/805/803 618/817/815 619/818/816
f 563/805/803 619/818/816 582/806/804
f 582/806/804 619/818/816 618/817/815
f 582/806/804 618/817/815 974/819/817
f 974/819/817 618/817/815 617/820/818
f 974/819/817 617/820/818 975/821/819
f 975/821/819 617/820/818 616/822/820
f 975/821/819 616/822/820 976/823/821
f 976/823/821 616/822/820 615/824/822
f 976/823/821 615/824/822 977/825/823
f 977/825/823 615/824/822 614/826/824
f 977/825/823 614/826/824 978/827/825
f 978/827/825 614/826/824 613/828/826
f 978/827/825 613/828/826 979/798/796
f 979/798/796 613/828/826 612/799/797
f 565/829/827 614/826/824 564/816/814
f 564/816/814 614/826/824 615/824/822
f 564/816/814 615/824/822 616/822/820
f 614/826/824 565/829/827 613/828/826
f 613/828/826 565/829/827 566/830/828
f 613/828/826 566/830/828 612/799/797
f 612/799/797 566/830/828 567/800/798
f 568/801/799 569/789/787 611/787/785
f 570/790/788 571/831/829 610/788/786
f 610/788/786 571/831/829 609/832/830
f 610/788/786 609/832/830 982/833/831
f 982/833/831 609/832/830 983/834/832
f 982/833/831 983/834/832 629/835/833
f 629/835/833 983/834/832 630/836/834
f 629/835/833 630/836/834 670/837/835
f 670/837/835 630/836/834 669/632/630
f 670/837/835 669/632/630 953/634/632
f 571/831/829 572/838/836 609/832/830
f 609/832/830 572/838/836 573/839/837
f 609/832/830 573/839/837 608/840/838
f 608/840/838 573/839/837 574/841/839
f 608/840/838 574/841/839 575/842/840
f 576/624/622 606/626/624 575/842/840
f 575/842/840 606/626/624 607/843/841
f 575/842/840 607/843/841 608/840/838
f 608/840/838 607/843/841 984/844/842
f 608/840/838 984/844/842 983/834/832
f 983/834/832 984/844/842 630/836/834
f 603/621/619 577/623/621 602/845/843
f 602/845/843 577/623/621 578/846/844
f 602/845/843 578/846/844 601/847/845
f 601/847/845 578/846/844 600/848/846
f 601/847/845 600/848/846 991/849/847
f 991/849/847 600/848/846 992/850/848
f 991/849/847 992/850/848 638/851/849
f 638/851/849 992/850/848 639/852/850
f 638/851/849 639/852/850 661/853/851
f 661/853/851 639/852/850 660/854/852
f 661/853/851 660/854/852 962/855/853
f 962/855/853 660/854/852 963/856/854
f 962/855/853 963/856/854 934/857/855
f 934/857/855 963/856/854 935/858/856
f 934/857/855 935/858/856 698/859/857
f 698/859/857 935/858/856 699/860/858
f 698/859/857 699/860/858 721/861/859
f 721/861/859 699/860/858 720/862/860
f 721/861/859 720/862/860 905/863/861
f 905/863/861 720/862/860 906/864/862
f 905/863/861 906/864/862 787/865/863
f 787/865/863 906/864/862 788/866/864
f 787/865/863 788/866/864 751/867/865
f 751/867/865 788/866/864 750/868/866
f 751/867/865 750/868/866 876/869/867
f 876/869/867 750/868/866 877/589/587
f 876/869/867 877/589/587 839/591/589
f 578/846/844 579/870/868 600/848/846
f 600/848/846 579/870/868 599/871/869
f 600/848/846 599/871/869 992/850/848
f 992/850/848 599/871/869 993/872/870
f 992/850/848 993/872/870 639/852/850
f 639/852/850 993/872/870 640/873/871
f 639/852/850 640/873/871 660/854/852
f 660/854/852 640/873/871 659/874/872
f 660/854/852 659/874/872 963/856/854
f 963/856/854 659/874/872 964/875/873
f 963/856/854 964/875/873 935/858/856
f 935/858/856 964/875/873 936/876/874
f 935/858/856 936/876/874 699/860/858
f 699/860/858 936/876/874 700/877/875
f 699/860/858 700/877/875 720/862/860
f 720/862/860 700/877/875 719/878/876
f 720/862/860 719/878/876 906/864/862
f 906/864/862 719/878/876 907/879/877
f 906/864/862 907/879/877 788/866/864
f 788/866/864 907/879/877 789/880/878
f 788/866/864 789/880/878 750/868/866
f 750/868/866 789/880/878 749/587/585
f 750/868/866 749/587/585 877/589/587
f 599/871/869 579/870/868 598/881/879
f 598/881/879 579/870/868 580/882/880
f 598/881/879 580/882/880 597/883/881
f 597/883/881 580/882/880 596/884/882
f 597/883/881 596/884/882 995/885/883
f 995/885/883 596/884/882 996/886/884
f 995/885/883 996/886/884 642/887/885
f 642/887/885 996/886/884 643/888/886
f 642/887/885 643/888/886 657/889/887
f 657/889/887 643/888/886 656/890/888
f 657/889/887 656/890/888 966/891/889
f 966/891/889 656/890/888 967/892/890
f 966/891/889 967/892/890 938/893/891
f 938/893/891 967/892/890 939/894/892
f 938/893/891 939/894/892 702/895/893
f 702/895/893 939/894/892 703/896/894
f 702/895/893 703/896/894 717/897/895
f 717/897/895 703/896/894 716/581/579
f 717/897/895 716/581/579 909/583/581
f 581/565/563 593/898/896 580/882/880
f 580/882/880 593/898/896 594/899/897
f 580/882/880 594/899/897 595/900/898
f 595/900/898 594/899/897 997/901/899
f 595/900/898 997/901/899 996/886/884
f 996/886/884 997/901/899 643/888/886
f 562/802/800 679/808/806 584/902/900
f 584/902/900 679/808/806 678/810/808
f 584/902/900 678/810/808 945/903/901
f 945/903/901 678/810/808 677/812/810
f 945/903/901 677/812/810 946/904/902
f 946/904/902 677/812/810 676/814/812
f 946/904/902 676/814/812 947/795/793
f 947/795/793 676/814/812 675/796/794
f 587/905/903 542/678/676 798/906/904
f 798/906/904 542/678/676 740/684/682
f 798/906/904 740/684/682 741/686/684
f 590/567/565 591/907/905 581/565/563
f 581/565/563 591/907/905 592/908/906
f 581/565/563 592/908/906 593/898/896
f 593/898/896 592/908/906 999/909/907
f 593/898/896 999/909/907 998/910/908
f 998/910/908 999/909/907 645/911/909
f 998/910/908 645/911/909 644/912/910
f 644/912/910 645/911/909 655/913/911
f 644/912/910 655/913/911 656/890/888
f 656/890/888 655/913/911 967/892/890
f 591/907/905 590/567/565 1001/914/912
f 1001/914/912 590/567/565 583/569/567
f 1001/914/912 583/569/567 648/571/569
f 592/908/906 591/907/905 1000/915/913
f 1000/915/913 591/907/905 1001/914/912
f 1000/915/913 1001/914/912 647/916/914
f 647/916/914 1001/914/912 648/571/569
f 647/916/914 648/571/569 652/573/571
f 596/884/882 580/882/880 595/900/898
f 997/901/899 594/899/897 998/910/908
f 998/910/908 594/899/897 593/898/896
f 996/886/884 596/884/882 595/900/898
f 993/872/870 599/871/869 598/881/879
f 598/881/879 597/883/881 994/917/915
f 994/917/915 597/883/881 995/885/883
f 994/917/915 995/885/883 641/918/916
f 641/918/916 995/885/883 642/887/885
f 641/918/916 642/887/885 658/919/917
f 658/919/917 642/887/885 657/889/887
f 658/919/917 657/889/887 965/920/918
f 965/920/918 657/889/887 966/891/889
f 965/920/918 966/891/889 937/921/919
f 937/921/919 966/891/889 938/893/891
f 937/921/919 938/893/891 701/922/920
f 701/922/920 938/893/891 702/895/893
f 701/922/920 702/895/893 718/923/921
f 718/923/921 702/895/893 717/897/895
f 718/923/921 717/897/895 908/924/922
f 908/924/922 717/897/895 909/583/581
f 908/924/922 909/583/581 790/585/583
f 989/619/617 603/621/619 602/845/843
f 602/845/843 601/847/845 990/925/923
f 990/925/923 601/847/845 991/849/847
f 990/925/923 991/849/847 637/926/924
f 637/926/924 991/849/847 638/851/849
f 637/926/924 638/851/849 662/927/925
f 662/927/925 638/851/849 661/853/851
f 662/927/925 661/853/851 961/928/926
f 961/928/926 661/853/851 962/855/853
f 961/928/926 962/855/853 933/929/927
f 933/929/927 962/855/853 934/857/855
f 933/929/927 934/857/855 697/930/928
f 697/930/928 934/857/855 698/859/857
f 697/930/928 698/859/857 722/931/929
f 722/931/929 698/859/857 721/861/859
f 722/931/929 721/861/859 904/932/930
f 904/932/930 721/861/859 905/863/861
f 904/932/930 905/863/861 786/933/931
f 786/933/931 905/863/861 787/865/863
f 786/933/931 787/865/863 752/934/932
f 752/934/932 787/865/863 751/867/865
f 752/934/932 751/867/865 875/935/933
f 875/935/933 751/867/865 876/869/867
f 875/935/933 876/869/867 840/936/934
f 840/936/934 876/869/867 839/591/589
f 840/936/934 839/591/589 815/593/591
f 605/625/623 604/622/620 987/937/935
f 987/937/935 604/622/620 988/620/618
f 987/937/935 988/620/618 634/938/936
f 634/938/936 988/620/618 635/618/616
f 634/938/936 635/618/616 665/939/937
f 665/939/937 635/618/616 664/616/614
f 665/939/937 664/616/614 958/940/938
f 958/940/938 664/616/614 959/614/612
f 958/940/938 959/614/612 930/752/750
f 984/844/842 607/843/841 985/628/626
f 985/628/626 607/843/841 606/626/624
f 983/834/832 609/832/830 608/840/838
f 981/786/784 610/788/786 982/833/831
f 618/817/815 564/816/814 617/820/818
f 617/820/818 564/816/814 616/822/820
f 582/806/804 974/819/817 620/807/805
f 620/807/805 974/819/817 621/809/807
f 974/819/817 975/821/819 621/809/807
f 621/809/807 975/821/819 622/811/809
f 975/821/819 976/823/821 622/811/809
f 622/811/809 976/823/821 623/813/811
f 976/823/821 977/825/823 623/813/811
f 623/813/811 977/825/823 624/815/813
f 977/825/823 978/827/825 624/815/813
f 624/815/813 978/827/825 625/797/795
f 978/827/825 979/798/796 625/797/795
f 627/784/782 628/941/939 672/942/940
f 672/942/940 628/941/939 671/943/941
f 672/942/940 671/943/941 951/944/942
f 951/944/942 671/943/941 952/945/943
f 951/944/942 952/945/943 923/946/944
f 923/946/944 952/945/943 924/636/634
f 923/946/944 924/636/634 687/638/636
f 628/941/939 629/835/833 671/943/941
f 671/943/941 629/835/833 670/837/835
f 671/943/941 670/837/835 952/945/943
f 952/945/943 670/837/835 953/634/632
f 952/945/943 953/634/632 924/636/634
f 627/784/782 981/786/784 628/941/939
f 628/941/939 981/786/784 982/833/831
f 628/941/939 982/833/831 629/835/833
f 669/632/630 630/836/834 631/630/628
f 631/630/628 630/836/834 984/844/842
f 631/630/628 984/844/842 985/628/626
f 632/629/627 633/947/945 667/948/946
f 667/948/946 633/947/945 666/949/947
f 667/948/946 666/949/947 956/950/948
f 956/950/948 666/949/947 957/951/949
f 956/950/948 957/951/949 928/952/950
f 928/952/950 957/951/949 929/953/951
f 928/952/950 929/953/951 692/954/952
f 692/954/952 929/953/951 693/750/748
f 692/954/952 693/750/748 727/748/746
f 633/947/945 634/938/936 666/949/947
f 666/949/947 634/938/936 665/939/937
f 666/949/947 665/939/937 957/951/949
f 957/951/949 665/939/937 958/940/938
f 957/951/949 958/940/938 929/953/951
f 929/953/951 958/940/938 930/752/750
f 929/953/951 930/752/750 693/750/748
f 632/629/627 986/627/625 633/947/945
f 633/947/945 986/627/625 987/937/935
f 633/947/945 987/937/935 634/938/936
f 636/617/615 637/926/924 663/615/613
f 663/615/613 637/926/924 662/927/925
f 663/615/613 662/927/925 960/613/611
f 960/613/611 662/927/925 961/928/926
f 960/613/611 961/928/926 932/611/609
f 932/611/609 961/928/926 933/929/927
f 932/611/609 933/929/927 696/609/607
f 696/609/607 933/929/927 697/930/928
f 696/609/607 697/930/928 723/607/605
f 723/607/605 697/930/928 722/931/929
f 723/607/605 722/931/929 903/605/603
f 903/605/603 722/931/929 904/932/930
f 903/605/603 904/932/930 785/603/601
f 785/603/601 904/932/930 786/933/931
f 785/603/601 786/933/931 753/601/599
f 753/601/599 786/933/931 752/934/932
f 753/601/599 752/934/932 874/599/597
f 874/599/597 752/934/932 875/935/933
f 874/599/597 875/935/933 841/597/595
f 841/597/595 875/935/933 840/936/934
f 841/597/595 840/936/934 814/595/593
f 814/595/593 840/936/934 815/593/591
f 637/926/924 636/617/615 990/925/923
f 990/925/923 636/617/615 989/619/617
f 990/925/923 989/619/617 602/845/843
f 640/873/871 641/918/916 659/874/872
f 659/874/872 641/918/916 658/919/917
f 659/874/872 658/919/917 964/875/873
f 964/875/873 658/919/917 965/920/918
f 964/875/873 965/920/918 936/876/874
f 936/876/874 965/920/918 937/921/919
f 936/876/874 937/921/919 700/877/875
f 700/877/875 937/921/919 701/922/920
f 700/877/875 701/922/920 719/878/876
f 719/878/876 701/922/920 718/923/921
f 719/878/876 718/923/921 907/879/877
f 907/879/877 718/923/921 908/924/922
f 907/879/877 908/924/922 789/880/878
f 789/880/878 908/924/922 790/585/583
f 789/880/878 790/585/583 749/587/585
f 641/918/916 640/873/871 994/917/915
f 994/917/915 640/873/871 993/872/870
f 994/917/915 993/872/870 598/881/879
f 656/890/888 643/888/886 644/912/910
f 644/912/910 643/888/886 997/901/899
f 644/912/910 997/901/899 998/910/908
f 645/911/909 646/955/953 654/956/954
f 654/956/954 646/955/953 653/957/955
f 654/956/954 653/957/955 969/958/956
f 969/958/956 653/957/955 970/575/573
f 969/958/956 970/575/573 941/577/575
f 646/955/953 647/916/914 653/957/955
f 653/957/955 647/916/914 652/573/571
f 653/957/955 652/573/571 970/575/573
f 645/911/909 999/909/907 646/955/953
f 646/955/953 999/909/907 1000/915/913
f 646/955/953 1000/915/913 647/916/914
f 649/570/568 650/655/653 651/572/570
f 651/572/570 650/655/653 972/959/957
f 651/572/570 972/959/957 971/574/572
f 971/574/572 972/959/957 943/960/958
f 971/574/572 943/960/958 942/576/574
f 942/576/574 943/960/958 706/961/959
f 942/576/574 706/961/959 705/578/576
f 705/578/576 706/961/959 714/962/960
f 705/578/576 714/962/960 715/580/578
f 715/580/578 714/962/960 911/963/961
f 715/580/578 911/963/961 910/582/580
f 910/582/580 911/963/961 792/964/962
f 910/582/580 792/964/962 791/584/582
f 791/584/582 792/964/962 747/965/963
f 791/584/582 747/965/963 748/586/584
f 748/586/584 747/965/963 879/966/964
f 748/586/584 879/966/964 878/588/586
f 878/588/586 879/966/964 837/967/965
f 878/588/586 837/967/965 838/590/588
f 838/590/588 837/967/965 817/677/675
f 645/911/909 654/956/954 655/913/911
f 655/913/911 654/956/954 968/968/966
f 655/913/911 968/968/966 967/892/890
f 967/892/890 968/968/966 939/894/892
f 968/968/966 654/956/954 969/958/956
f 632/629/627 667/948/946 668/631/629
f 668/631/629 667/948/946 955/969/967
f 668/631/629 955/969/967 954/633/631
f 954/633/631 955/969/967 926/970/968
f 954/633/631 926/970/968 925/635/633
f 925/635/633 926/970/968 689/971/969
f 925/635/633 689/971/969 688/637/635
f 688/637/635 689/971/969 731/972/970
f 688/637/635 731/972/970 732/639/637
f 732/639/637 731/972/970 894/973/971
f 732/639/637 894/973/971 893/641/639
f 893/641/639 894/973/971 775/974/972
f 893/641/639 775/974/972 774/643/641
f 774/643/641 775/974/972 764/759/757
f 955/969/967 667/948/946 956/950/948
f 627/784/782 672/942/940 673/782/780
f 673/782/780 672/942/940 950/975/973
f 673/782/780 950/975/973 949/780/778
f 949/780/778 950/975/973 921/976/974
f 949/780/778 921/976/974 920/778/776
f 920/778/776 921/976/974 684/977/975
f 920/778/776 684/977/975 683/776/774
f 683/776/774 684/977/975 736/978/976
f 683/776/774 736/978/976 737/774/772
f 737/774/772 736/978/976 889/979/977
f 737/774/772 889/979/977 888/772/770
f 888/772/770 889/979/977 770/980/978
f 888/772/770 770/980/978 769/770/768
f 769/770/768 770/980/978 586/768/766
f 950/975/973 672/942/940 951/944/942
f 562/802/800 584/902/900 916/803/801
f 916/803/801 584/902/900 945/903/901
f 916/803/801 945/903/901 917/981/979
f 917/981/979 945/903/901 946/904/902
f 917/981/979 946/904/902 918/794/792
f 918/794/792 946/904/902 947/795/793
f 916/803/801 917/981/979 680/804/802
f 680/804/802 917/981/979 681/793/791
f 917/981/979 918/794/792 681/793/791
f 684/977/975 685/982/980 735/983/981
f 735/983/981 685/982/980 734/984/982
f 735/983/981 734/984/982 891/985/983
f 891/985/983 734/984/982 892/642/640
f 891/985/983 892/642/640 773/644/642
f 685/982/980 686/986/984 734/984/982
f 734/984/982 686/986/984 733/640/638
f 734/984/982 733/640/638 892/642/640
f 684/977/975 921/976/974 685/982/980
f 685/982/980 921/976/974 922/987/985
f 685/982/980 922/987/985 686/986/984
f 686/986/984 922/987/985 923/946/944
f 686/986/984 923/946/944 687/638/636
f 686/986/984 687/638/636 733/640/638
f 689/971/969 690/988/986 730/989/987
f 730/989/987 690/988/986 729/990/988
f 730/989/987 729/990/988 896/991/989
f 896/991/989 729/990/988 897/992/990
f 896/991/989 897/992/990 778/993/991
f 778/993/991 897/992/990 779/744/742
f 778/993/991 779/744/742 760/742/740
f 690/988/986 691/994/992 729/990/988
f 729/990/988 691/994/992 728/995/993
f 729/990/988 728/995/993 897/992/990
f 897/992/990 728/995/993 898/746/744
f 897/992/990 898/746/744 779/744/742
f 689/971/969 926/970/968 690/988/986
f 690/988/986 926/970/968 927/996/994
f 690/988/986 927/996/994 691/994/992
f 691/994/992 927/996/994 928/952/950
f 691/994/992 928/952/950 692/954/952
f 691/994/992 692/954/952 728/995/993
f 728/995/993 692/954/952 727/748/746
f 728/995/993 727/748/746 898/746/744
f 694/751/749 695/610/608 725/997/995
f 725/997/995 695/610/608 724/608/606
f 725/997/995 724/608/606 901/733/731
f 695/610/608 694/751/749 931/612/610
f 716/581/579 703/896/894 704/579/577
f 704/579/577 703/896/894 940/998/996
f 704/579/577 940/998/996 941/577/575
f 941/577/575 940/998/996 969/958/956
f 940/998/996 703/896/894 939/894/892
f 714/962/960 706/961/959 713/663/661
f 713/663/661 706/961/959 707/661/659
f 944/659/657 707/661/659 943/960/958
f 943/960/958 707/661/659 706/961/959
f 708/660/658 709/680/678 711/999/997
f 711/999/997 709/680/678 710/679/677
f 711/999/997 710/679/677 915/1000/998
f 915/1000/998 710/679/677 587/905/903
f 915/1000/998 587/905/903 797/1001/999
f 797/1001/999 587/905/903 798/906/904
f 797/1001/999 798/906/904 741/686/684
f 708/660/658 711/999/997 712/662/660
f 712/662/660 711/999/997 914/1002/1000
f 712/662/660 914/1002/1000 913/664/662
f 913/664/662 914/1002/1000 795/1003/1001
f 913/664/662 795/1003/1001 794/666/664
f 794/666/664 795/1003/1001 744/692/690
f 794/666/664 744/692/690 745/668/666
f 914/1002/1000 711/999/997 915/1000/998
f 911/963/961 714/962/960 912/665/663
f 912/665/663 714/962/960 713/663/661
f 694/751/749 725/997/995 726/749/747
f 726/749/747 725/997/995 900/1004/1002
f 726/749/747 900/1004/1002 899/747/745
f 899/747/745 900/1004/1002 781/1005/1003
f 899/747/745 781/1005/1003 780/745/743
f 780/745/743 781/1005/1003 758/1006/1004
f 780/745/743 758/1006/1004 759/743/741
f 759/743/741 758/1006/1004 868/1007/1005
f 759/743/741 868/1007/1005 867/741/739
f 867/741/739 868/1007/1005 848/1008/1006
f 867/741/739 848/1008/1006 849/739/737
f 849/739/737 848/1008/1006 806/723/721
f 849/739/737 806/723/721 805/737/735
f 805/737/735 806/723/721 552/722/720
f 900/1004/1002 725/997/995 901/733/731
f 689/971/969 730/989/987 731/972/970
f 731/972/970 730/989/987 895/1009/1007
f 731/972/970 895/1009/1007 894/973/971
f 894/973/971 895/1009/1007 776/1010/1008
f 894/973/971 776/1010/1008 775/974/972
f 775/974/972 776/1010/1008 763/1011/1009
f 775/974/972 763/1011/1009 764/759/757
f 764/759/757 763/1011/1009 863/757/755
f 895/1009/1007 730/989/987 896/991/989
f 684/977/975 735/983/981 736/978/976
f 736/978/976 735/983/981 890/1012/1010
f 736/978/976 890/1012/1010 889/979/977
f 889/979/977 890/1012/1010 771/1013/1011
f 889/979/977 771/1013/1011 770/980/978
f 770/980/978 771/1013/1011 768/1014/1012
f 770/980/978 768/1014/1012 586/768/766
f 586/768/766 768/1014/1012 858/766/764
f 890/1012/1010 735/983/981 891/985/983
f 741/686/684 742/688/686 797/1001/999
f 797/1001/999 742/688/686 796/1015/1013
f 797/1001/999 796/1015/1013 915/1000/998
f 915/1000/998 796/1015/1013 914/1002/1000
f 742/688/686 743/690/688 796/1015/1013
f 796/1015/1013 743/690/688 795/1003/1001
f 796/1015/1013 795/1003/1001 914/1002/1000
f 743/690/688 744/692/690 795/1003/1001
f 793/667/665 746/669/667 792/964/962
f 792/964/962 746/669/667 747/965/963
f 879/966/964 747/965/963 880/671/669
f 880/671/669 747/965/963 746/669/667
f 872/720/718 754/602/600 873/600/598
f 784/604/602 755/721/719 783/732/730
f 783/732/730 755/721/719 756/730/728
f 870/728/726 756/730/728 871/719/717
f 871/719/717 756/730/728 755/721/719
f 782/731/729 757/729/727 781/1005/1003
f 781/1005/1003 757/729/727 758/1006/1004
f 868/1007/1005 758/1006/1004 869/727/725
f 869/727/725 758/1006/1004 757/729/727
f 760/742/740 761/1016/1014 778/993/991
f 778/993/991 761/1016/1014 777/1017/1015
f 778/993/991 777/1017/1015 896/991/989
f 896/991/989 777/1017/1015 895/1009/1007
f 761/1016/1014 762/1018/1016 777/1017/1015
f 777/1017/1015 762/1018/1016 776/1010/1008
f 777/1017/1015 776/1010/1008 895/1009/1007
f 760/742/740 866/740/738 761/1016/1014
f 761/1016/1014 866/740/738 865/1019/1017
f 761/1016/1014 865/1019/1017 762/1018/1016
f 762/1018/1016 865/1019/1017 864/1020/1018
f 762/1018/1016 864/1020/1018 763/1011/1009
f 763/1011/1009 864/1020/1018 863/757/755
f 762/1018/1016 763/1011/1009 776/1010/1008
f 766/646/644 767/1021/1019 772/1022/1020
f 772/1022/1020 767/1021/1019 771/1013/1011
f 772/1022/1020 771/1013/1011 890/1012/1010
f 771/1013/1011 767/1021/1019 768/1014/1012
f 768/1014/1012 767/1021/1019 859/1023/1021
f 768/1014/1012 859/1023/1021 858/766/764
f 858/766/764 859/1023/1021 857/767/765
f 859/1023/1021 767/1021/1019 860/648/646
f 860/648/646 767/1021/1019 766/646/644
f 891/985/983 773/644/642 772/1022/1020
f 772/1022/1020 773/644/642 766/646/644
f 891/985/983 772/1022/1020 890/1012/1010
f 901/733/731 782/731/729 900/1004/1002
f 900/1004/1002 782/731/729 781/1005/1003
f 902/606/604 784/604/602 783/732/730
f 912/665/663 793/667/665 911/963/961
f 911/963/961 793/667/665 792/964/962
f 542/678/676 587/905/903 710/679/677
f 855/649/647 800/764/762 799/651/649
f 804/736/734 803/735/733 851/1024/1022
f 851/1024/1022 803/735/733 852/755/753
f 851/1024/1022 852/755/753 864/1020/1018
f 864/1020/1018 852/755/753 863/757/755
f 847/725/723 807/724/722 848/1008/1006
f 848/1008/1006 807/724/722 806/723/721
f 845/717/715 809/716/714 846/726/724
f 846/726/724 809/716/714 808/715/713
f 813/596/594 549/594/592 812/712/710
f 843/713/711 811/711/709 844/718/716
f 844/718/716 811/711/709 810/710/708
f 842/598/596 813/596/594 812/712/710
f 836/673/671 818/675/673 837/967/965
f 837/967/965 818/675/673 817/677/675
f 821/705/703 548/676/674 820/1025/1023
f 820/1025/1023 548/676/674 819/674/672
f 820/1025/1023 819/674/672 835/672/670
f 821/705/703 820/1025/1023 834/1026/1024
f 834/1026/1024 820/1025/1023 835/672/670
f 834/1026/1024 835/672/670 881/670/668
f 822/706/704 821/705/703 833/1027/1025
f 833/1027/1025 821/705/703 834/1026/1024
f 833/1027/1025 834/1026/1024 882/693/691
f 882/693/691 834/1026/1024 881/670/668
f 830/703/701 824/702/700 831/708/706
f 831/708/706 824/702/700 823/701/699
f 589/682/680 826/699/697 829/704/702
f 829/704/702 826/699/697 825/698/696
f 589/682/680 829/704/702 828/683/681
f 885/687/685 886/685/683 830/703/701
f 830/703/701 831/708/706 885/687/685
f 883/691/689 884/689/687 832/707/705
f 882/693/691 883/691/689 833/1027/1025
f 833/1027/1025 883/691/689 832/707/705
f 833/1027/1025 832/707/705 822/706/704
f 879/966/964 880/671/669 836/673/671
f 836/673/671 837/967/965 879/966/964
f 872/720/718 873/600/598 843/713/711
f 843/713/711 844/718/716 872/720/718
f 870/728/726 871/719/717 845/717/715
f 845/717/715 846/726/724 870/728/726
f 868/1007/1005 869/727/725 847/725/723
f 847/725/723 848/1008/1006 868/1007/1005
f 865/1019/1017 866/740/738 850/738/736
f 864/1020/1018 865/1019/1017 851/1024/1022
f 851/1024/1022 865/1019/1017 850/738/736
f 851/1024/1022 850/738/736 804/736/734
f 859/1023/1021 860/648/646 856/650/648
f 856/650/648 857/767/765 859/1023/1021
f 951/944/942 923/946/944 922/987/985
f 951/944/942 922/987/985 950/975/973
f 950/975/973 922/987/985 921/976/974
f 956/950/948 928/952/950 927/996/994
f 956/950/948 927/996/994 955/969/967
f 955/969/967 927/996/994 926/970/968
f 969/958/956 940/998/996 968/968/966
f 968/968/966 940/998/996 939/894/892
f 973/657/655 944/659/657 972/959/957
f 972/959/957 944/659/657 943/960/958
f 972/959/957 650/655/653 973/657/655
f 605/625/623 987/937/935 986/627/625
f 592/908/906 1000/915/913 999/909/907
f 562/1028/1026 1004/1029/1027 563/1030/1028
f 563/1030/1028 1004/1029/1027 1005/1031/1029
f 563/1030/1028 1005/1031/1029 1036/1032/1030
f 1036/1032/1030 1005/1031/1029 1035/1033/1031
f 1035/1033/1031 1005/1031/1029 1006/1034/1032
f 1035/1033/1031 1006/1034/1032 1034/1035/1033
f 1034/1035/1033 1006/1034/1032 1007/1036/1034
f 1034/1035/1033 1007/1036/1034 1033/1037/1035
f 1033/1037/1035 1007/1036/1034 1032/1038/1036
f 1032/1038/1036 1007/1036/1034 1008/1039/1037
f 1032/1038/1036 1008/1039/1037 1031/1040/1038
f 1031/1040/1038 1008/1039/1037 1009/1041/1039
f 1031/1040/1038 1009/1041/1039 1030/1042/1040
f 1030/1042/1040 1009/1041/1039 1010/1043/1041
f 1030/1042/1040 1010/1043/1041 1029/1044/1042
f 1029/1044/1042 1010/1043/1041 1011/1045/1043
f 1029/1044/1042 1011/1045/1043 1028/1046/1044
f 1028/1046/1044 1011/1045/1043 1012/1047/1045
f 1028/1046/1044 1012/1047/1045 1013/1048/1046
f 1004/1029/1027 562/1028/1026 1003/1049/1047
f 1003/1049/1047 562/1028/1026 561/1050/1048
f 1003/1049/1047 561/1050/1048 1002/1051/1049
f 1002/1051/1049 561/1050/1048 560/1052/1050
f 1002/1051/1049 560/1052/1050 559/1053/1051
f 559/1053/1051 558/1054/1052 1002/1051/1049
f 1002/1051/1049 558/1054/1052 557/1055/1053
f 1028/1046/1044 1013/1048/1046 1027/1056/1054
f 1027/1056/1054 1013/1048/1046 1014/1057/1055
f 1027/1056/1054 1014/1057/1055 1026/1058/1056
f 1026/1058/1056 1014/1057/1055 1015/1059/1057
f 1026/1058/1056 1015/1059/1057 1016/1060/1058
f 1026/1058/1056 1016/1060/1058 1025/1061/1059
f 1025/1061/1059 1016/1060/1058 1017/1062/1060
f 1025/1061/1059 1017/1062/1060 1024/1063/1061
f 1024/1063/1061 1017/1062/1060 1018/1064/1062
f 1024/1063/1061 1018/1064/1062 1023/1065/1063
f 1023/1065/1063 1018/1064/1062 1019/1066/1064
f 1023/1065/1063 1019/1066/1064 1020/1067/1065
f 1021/1068/1066 1022/1069/1067 1020/1067/1065
f 1020/1067/1065 1022/1069/1067 1023/1065/1063
f 99/1070/1068 1039/1071/1069 100/1072/1070
f 100/1072/1070 1039/1071/1069 1040/1073/1071
f 100/1072/1070 1040/1073/1071 1066/1074/1072
f 1066/1074/1072 1040/1073/1071 1065/1075/1073
f 1065/1075/1073 1040/1073/1071 1041/1076/1074
f 1065/1075/1073 1041/1076/1074 1064/1077/1075
f 1064/1077/1075 1041/1076/1074 1042/1078/1076
f 1064/1077/1075 1042/1078/1076 1063/1079/1077
f 1063/1079/1077 1042/1078/1076 1062/1080/1078
f 1062/1080/1078 1042/1078/1076 1043/1081/1079
f 1062/1080/1078 1043/1081/1079 1061/1082/1080
f 1061/1082/1080 1043/1081/1079 1044/1083/1081
f 1061/1082/1080 1044/1083/1081 1060/1084/1082
f 1060/1084/1082 1044/1083/1081 543/1085/1083
f 1060/1084/1082 543/1085/1083 1059/1086/1084
f 1059/1086/1084 543/1085/1083 542/1087/1085
f 1059/1086/1084 542/1087/1085 1058/1088/1086
f 1058/1088/1086 542/1087/1085 541/1089/1087
f 1058/1088/1086 541/1089/1087 540/1090/1088
f 1039/1071/1069 99/1070/1068 1038/1091/1089
f 1038/1091/1089 99/1070/1068 98/1092/1090
f 1038/1091/1089 98/1092/1090 1037/1093/1091
f 1037/1093/1091 98/1092/1090 97/1094/1092
f 1037/1093/1091 97/1094/1092 96/1095/1093
f 96/1095/1093 95/1096/1094 1037/1093/1091
f 1037/1093/1091 95/1096/1094 94/1097/1095
f 1058/1088/1086 540/1090/1088 1057/1098/1096
f 1057/1098/1096 540/1090/1088 539/1099/1097
f 1057/1098/1096 539/1099/1097 1056/1100/1098
f 1056/1100/1098 539/1099/1097 1045/1101/1099
f 1056/1100/1098 1045/1101/1099 1046/1102/1100
f 1056/1100/1098 1046/1102/1100 1055/1103/1101
f 1055/1103/1101 1046/1102/1100 1047/1104/1102
f 1055/1103/1101 1047/1104/1102 1054/1105/1103
f 1054/1105/1103 1047/1104/1102 1048/1106/1104
f 1054/1105/1103 1048/1106/1104 1053/1107/1105
f 1053/1107/1105 1048/1106/1104 1049/1108/1106
f 1053/1107/1105 1049/1108/1106 1050/1109/1107
f 1051/1110/1108 1052/1111/1109 1050/1109/1107
f 1050/1109/1107 1052/1111/1109 1053/1107/1105
f 79/1112/1110 1081/1113/1111 80/1114/1112
f 80/1114/1112 1081/1113/1111 1082/1115/1113
f 80/1114/1112 1082/1115/1113 1103/1116/1114
f 1103/1116/1114 1082/1115/1113 1083/1117/1115
f 1103/1116/1114 1083/1117/1115 1102/1118/1116
f 1102/1118/1116 1083/1117/1115 1084/1119/1117
f 1102/1118/1116 1084/1119/1117 1101/1120/1118
f 1101/1120/1118 1084/1119/1117 1085/1121/1119
f 1101/1120/1118 1085/1121/1119 1086/1122/1120
f 1081/1113/1111 79/1112/1110 1080/1123/1121
f 1080/1123/1121 79/1112/1110 78/1124/1122
f 1080/1123/1121 78/1124/1122 77/1125/1123
f 1080/1123/1121 77/1125/1123 1079/1126/1124
f 1079/1126/1124 77/1125/1123 76/1127/1125
f 1079/1126/1124 76/1127/1125 1078/1128/1126
f 1078/1128/1126 76/1127/1125 1067/1129/1127
f 1078/1128/1126 1067/1129/1127 1068/1130/1128
f 1078/1128/1126 1068/1130/1128 1077/1131/1129
f 1077/1131/1129 1068/1130/1128 1069/1132/1130
f 1077/1131/1129 1069/1132/1130 1076/1133/1131
f 1076/1133/1131 1069/1132/1130 1070/1134/1132
f 1076/1133/1131 1070/1134/1132 1075/1135/1133
f 1075/1135/1133 1070/1134/1132 1071/1136/1134
f 1075/1135/1133 1071/1136/1134 1072/1137/1135
f 1073/1138/1136 1074/1139/1137 1072/1137/1135
f 1072/1137/1135 1074/1139/1137 1075/1135/1133
f 1101/1120/1118 1086/1122/1120 1100/1140/1138
f 1100/1140/1138 1086/1122/1120 1087/1141/1139
f 1100/1140/1138 1087/1141/1139 1099/1142/1140
f 1099/1142/1140 1087/1141/1139 1088/1143/1141
f 1099/1142/1140 1088/1143/1141 1089/1144/1142
f 1099/1142/1140 1089/1144/1142 1098/1145/1143
f 1098/1145/1143 1089/1144/1142 1090/1146/1144
f 1098/1145/1143 1090/1146/1144 1097/1147/1145
f 1097/1147/1145 1090/1146/1144 1091/1148/1146
f 1097/1147/1145 1091/1148/1146 1096/1149/1147
f 1096/1149/1147 1091/1148/1146 1092/1150/1148
f 1096/1149/1147 1092/1150/1148 1093/1151/1149
f 1093/1151/1149 1094/1152/1150 1096/1149/1147
f 1096/1149/1147 1094/1152/1150 1095/1153/1151
f 1066/1154/1152 1123/1155/1153 100/1156/1154
f 100/1156/1154 1123/1155/1153 1124/1157/1155
f 100/1156/1154 1124/1157/1155 101/1158/1156
f 101/1158/1156 1124/1157/1155 1125/1159/1157
f 101/1158/1156 1125/1159/1157 1126/1160/1158
f 1126/1160/1158 1125/1159/1157 1188/1161/1159
f 1126/1160/1158 1188/1161/1159 1187/1162/1160
f 1187/1162/1160 1188/1161/1159 1150/1163/1161
f 1187/1162/1160 1150/1163/1161 1151/1164/1162
f 1151/1164/1162 1150/1163/1161 1107/1165/1163
f 1151/1164/1162 1107/1165/1163 1108/1166/1164
f 1065/1167/1165 1146/1168/1166 1066/1154/1152
f 1066/1154/1152 1146/1168/1166 1191/1169/1167
f 1066/1154/1152 1191/1169/1167 1123/1155/1153
f 1123/1155/1153 1191/1169/1167 1190/1170/1168
f 1123/1155/1153 1190/1170/1168 1124/1157/1155
f 1124/1157/1155 1190/1170/1168 1189/1171/1169
f 1124/1157/1155 1189/1171/1169 1125/1159/1157
f 1125/1159/1157 1189/1171/1169 1188/1161/1159
f 1065/1167/1165 1104/1172/1170 1146/1168/1166
f 1146/1168/1166 1104/1172/1170 1147/1173/1171
f 1146/1168/1166 1147/1173/1171 1191/1169/1167
f 1191/1169/1167 1147/1173/1171 1190/1170/1168
f 1105/1174/1172 1149/1175/1173 1104/1172/1170
f 1104/1172/1170 1149/1175/1173 1148/1176/1174
f 1104/1172/1170 1148/1176/1174 1147/1173/1171
f 1147/1173/1171 1148/1176/1174 1190/1170/1168
f 1105/1174/1172 1106/1177/1175 1149/1175/1173
f 1149/1175/1173 1106/1177/1175 1150/1163/1161
f 1149/1175/1173 1150/1163/1161 1188/1161/1159
f 1106/1177/1175 1107/1165/1163 1150/1163/1161
f 1151/1164/1162 1108/1166/1164 1152/1178/1176
f 1152/1178/1176 1108/1166/1164 1109/1179/1177
f 1152/1178/1176 1109/1179/1177 1153/1180/1178
f 1153/1180/1178 1109/1179/1177 1110/1181/1179
f 1153/1180/1178 1110/1181/1179 1154/1182/1180
f 1154/1182/1180 1110/1181/1179 1111/1183/1181
f 1154/1182/1180 1111/1183/1181 1155/1184/1182
f 1155/1184/1182 1111/1183/1181 1112/1185/1183
f 1155/1184/1182 1112/1185/1183 1156/1186/1184
f 1156/1186/1184 1112/1185/1183 1113/1187/1185
f 1156/1186/1184 1113/1187/1185 1157/1188/1186
f 1157/1188/1186 1113/1187/1185 1114/1189/1187
f 1157/1188/1186 1114/1189/1187 1158/1190/1188
f 1158/1190/1188 1114/1189/1187 1115/1191/1189
f 1158/1190/1188 1115/1191/1189 1159/1192/1190
f 1159/1192/1190 1115/1191/1189 1116/1193/1191
f 1159/1192/1190 1116/1193/1191 1160/1194/1192
f 1160/1194/1192 1116/1193/1191 1117/1195/1193
f 1160/1194/1192 1117/1195/1193 1161/1196/1194
f 1161/1196/1194 1117/1195/1193 1118/1197/1195
f 1161/1196/1194 1118/1197/1195 1162/1198/1196
f 1162/1198/1196 1118/1197/1195 1119/1199/1197
f 1162/1198/1196 1119/1199/1197 1163/1200/1198
f 1163/1200/1198 1119/1199/1197 1120/1201/1199
f 1163/1200/1198 1120/1201/1199 1164/1202/1200
f 1164/1202/1200 1120/1201/1199 1121/1203/1201
f 1164/1202/1200 1121/1203/1201 1165/1204/1202
f 1165/1204/1202 1121/1203/1201 1122/1205/1203
f 1165/1204/1202 1122/1205/1203 1166/1206/1204
f 1166/1206/1204 1122/1205/1203 1167/1207/1205
f 1166/1206/1204 1167/1207/1205 1171/1208/1206
f 1171/1208/1206 1167/1207/1205 1170/1209/1207
f 1171/1208/1206 1170/1209/1207 1143/1210/1208
f 1143/1210/1208 1170/1209/1207 1144/1211/1209
f 1143/1210/1208 1144/1211/1209 118/1212/100
f 118/1212/100 1144/1211/1209 1145/1213/1210
f 118/1212/100 1145/1213/1210 76/1214/1211
f 76/1214/1211 1145/1213/1210 1067/1215/1212
f 1067/1215/1212 1145/1213/1210 1169/1216/1213
f 1067/1215/1212 1169/1216/1213 1168/1217/1214
f 1168/1217/1214 1169/1216/1213 1170/1209/1207
f 1168/1217/1214 1170/1209/1207 1167/1207/1205
f 1122/1205/1203 1068/1218/1215 1167/1207/1205
f 1167/1207/1205 1068/1218/1215 1168/1217/1214
f 1068/1218/1215 1067/1215/1212 1168/1217/1214
f 118/1212/100 117/1219/1216 1143/1210/1208
f 1143/1210/1208 117/1219/1216 1142/1220/1217
f 1143/1210/1208 1142/1220/1217 1171/1208/1206
f 1171/1208/1206 1142/1220/1217 1172/1221/1218
f 1171/1208/1206 1172/1221/1218 1166/1206/1204
f 1166/1206/1204 1172/1221/1218 1165/1204/1202
f 117/1219/1216 116/1222/1219 1142/1220/1217
f 1142/1220/1217 116/1222/1219 1141/1223/1220
f 1142/1220/1217 1141/1223/1220 1172/1221/1218
f 1172/1221/1218 1141/1223/1220 1173/1224/1221
f 1172/1221/1218 1173/1224/1221 1165/1204/1202
f 1165/1204/1202 1173/1224/1221 1164/1202/1200
f 116/1222/1219 115/1225/1222 1141/1223/1220
f 1141/1223/1220 115/1225/1222 1140/1226/1223
f 1141/1223/1220 1140/1226/1223 1173/1224/1221
f 1173/1224/1221 1140/1226/1223 1174/1227/1224
f 1173/1224/1221 1174/1227/1224 1164/1202/1200
f 1164/1202/1200 1174/1227/1224 1163/1200/1198
f 115/1225/1222 114/1228/1225 1140/1226/1223
f 1140/1226/1223 114/1228/1225 1139/1229/1226
f 1140/1226/1223 1139/1229/1226 1174/1227/1224
f 1174/1227/1224 1139/1229/1226 1175/1230/1227
f 1174/1227/1224 1175/1230/1227 1163/1200/1198
f 1163/1200/1198 1175/1230/1227 1162/1198/1196
f 114/1228/1225 113/1231/1228 1139/1229/1226
f 1139/1229/1226 113/1231/1228 1138/1232/1229
f 1139/1229/1226 1138/1232/1229 1175/1230/1227
f 1175/1230/1227 1138/1232/1229 1176/1233/1230
f 1175/1230/1227 1176/1233/1230 1162/1198/1196
f 1162/1198/1196 1176/1233/1230 1161/1196/1194
f 113/1231/1228 112/1234/1231 1138/1232/1229
f 1138/1232/1229 112/1234/1231 1137/1235/1232
f 1138/1232/1229 1137/1235/1232 1176/1233/1230
f 1176/1233/1230 1137/1235/1232 1177/1236/1233
f 1176/1233/1230 1177/1236/1233 1161/1196/1194
f 1161/1196/1194 1177/1236/1233 1160/1194/1192
f 112/1234/1231 111/1237/1234 1137/1235/1232
f 1137/1235/1232 111/1237/1234 1136/1238/1235
f 1137/1235/1232 1136/1238/1235 1177/1236/1233
f 1177/1236/1233 1136/1238/1235 1178/1239/1236
f 1177/1236/1233 1178/1239/1236 1160/1194/1192
f 1160/1194/1192 1178/1239/1236 1159/1192/1190
f 111/1237/1234 110/1240/1237 1136/1238/1235
f 1136/1238/1235 110/1240/1237 1135/1241/1238
f 1136/1238/1235 1135/1241/1238 1178/1239/1236
f 1178/1239/1236 1135/1241/1238 1179/1242/1239
f 1178/1239/1236 1179/1242/1239 1159/1192/1190
f 1159/1192/1190 1179/1242/1239 1158/1190/1188
f 110/1240/1237 109/1243/1240 1135/1241/1238
f 1135/1241/1238 109/1243/1240 1134/1244/1241
f 1135/1241/1238 1134/1244/1241 1179/1242/1239
f 1179/1242/1239 1134/1244/1241 1180/1245/1242
f 1179/1242/1239 1180/1245/1242 1158/1190/1188
f 1158/1190/1188 1180/1245/1242 1157/1188/1186
f 109/1243/1240 108/1246/1243 1134/1244/1241
f 1134/1244/1241 108/1246/1243 1133/1247/1244
f 1134/1244/1241 1133/1247/1244 1180/1245/1242
f 1180/1245/1242 1133/1247/1244 1181/1248/1245
f 1180/1245/1242 1181/1248/1245 1157/1188/1186
f 1157/1188/1186 1181/1248/1245 1156/1186/1184
f 108/1246/1243 107/1249/1246 1133/1247/1244
f 1133/1247/1244 107/1249/1246 1132/1250/1247
f 1133/1247/1244 1132/1250/1247 1181/1248/1245
f 1181/1248/1245 1132/1250/1247 1182/1251/1248
f 1181/1248/1245 1182/1251/1248 1156/1186/1184
f 1156/1186/1184 1182/1251/1248 1155/1184/1182
f 107/1249/1246 106/1252/1249 1132/1250/1247
f 1132/1250/1247 106/1252/1249 1131/1253/1250
f 1132/1250/1247 1131/1253/1250 1182/1251/1248
f 1182/1251/1248 1131/1253/1250 1183/1254/1251
f 1182/1251/1248 1183/1254/1251 1155/1184/1182
f 1155/1184/1182 1183/1254/1251 1154/1182/1180
f 106/1252/1249 105/1255/1252 1131/1253/1250
f 1131/1253/1250 105/1255/1252 1130/1256/1253
f 1131/1253/1250 1130/1256/1253 1183/1254/1251
f 1183/1254/1251 1130/1256/1253 1184/1257/1254
f 1183/1254/1251 1184/1257/1254 1154/1182/1180
f 1154/1182/1180 1184/1257/1254 1153/1180/1178
f 105/1255/1252 104/1258/1255 1130/1256/1253
f 1130/1256/1253 104/1258/1255 1129/1259/1256
f 1130/1256/1253 1129/1259/1256 1184/1257/1254
f 1184/1257/1254 1129/1259/1256 1185/1260/1257
f 1184/1257/1254 1185/1260/1257 1153/1180/1178
f 1153/1180/1178 1185/1260/1257 1152/1178/1176
f 104/1258/1255 103/1261/1258 1129/1259/1256
f 1129/1259/1256 103/1261/1258 1128/1262/1259
f 1129/1259/1256 1128/1262/1259 1185/1260/1257
f 1185/1260/1257 1128/1262/1259 1186/1263/1260
f 1185/1260/1257 1186/1263/1260 1152/1178/1176
f 1152/1178/1176 1186/1263/1260 1151/1164/1162
f 103/1261/1258 102/1264/1261 1128/1262/1259
f 1128/1262/1259 102/1264/1261 1127/1265/1262
f 1128/1262/1259 1127/1265/1262 1186/1263/1260
f 1186/1263/1260 1127/1265/1262 1187/1162/1160
f 1186/1263/1260 1187/1162/1160 1151/1164/1162
f 102/1264/1261 101/1158/1156 1127/1265/1262
f 1127/1265/1262 101/1158/1156 1126/1160/1158
f 1127/1265/1262 1126/1160/1158 1187/1162/1160
f 1169/1216/1213 1145/1213/1210 1144/1211/1209
f 1169/1216/1213 1144/1211/1209 1170/1209/1207
f 1189/1171/1169 1190/1170/1168 1148/1176/1174
f 1188/1161/1159 1189/1171/1169 1149/1175/1173
f 1149/1175/1173 1189/1171/1169 1148/1176/1174
f 1036/1266/1263 1211/1267/1264 563/1268/1265
f 563/1268/1265 1211/1267/1264 1212/1269/1266
f 563/1268/1265 1212/1269/1266 564/1270/1267
f 564/1270/1267 1212/1269/1266 1213/1271/1268
f 564/1270/1267 1213/1271/1268 1214/1272/1269
f 1214/1272/1269 1213/1271/1268 1276/1273/1270
f 1214/1272/1269 1276/1273/1270 1275/1274/1271
f 1275/1274/1271 1276/1273/1270 1238/1275/1272
f 1275/1274/1271 1238/1275/1272 1239/1276/1273
f 1239/1276/1273 1238/1275/1272 1195/1277/1274
f 1239/1276/1273 1195/1277/1274 1196/1278/1275
f 1035/1279/1276 1234/1280/1277 1036/1266/1263
f 1036/1266/1263 1234/1280/1277 1279/1281/1278
f 1036/1266/1263 1279/1281/1278 1211/1267/1264
f 1211/1267/1264 1279/1281/1278 1278/1282/1279
f 1211/1267/1264 1278/1282/1279 1212/1269/1266
f 1212/1269/1266 1278/1282/1279 1277/1283/1280
f 1212/1269/1266 1277/1283/1280 1213/1271/1268
f 1213/1271/1268 1277/1283/1280 1276/1273/1270
f 1035/1279/1276 1192/1284/1281 1234/1280/1277
f 1234/1280/1277 1192/1284/1281 1235/1285/1282
f 1234/1280/1277 1235/1285/1282 1279/1281/1278
f 1279/1281/1278 1235/1285/1282 1278/1282/1279
f 1193/1286/1283 1237/1287/1284 1192/1284/1281
f 1192/1284/1281 1237/1287/1284 1236/1288/1285
f 1192/1284/1281 1236/1288/1285 1235/1285/1282
f 1235/1285/1282 1236/1288/1285 1278/1282/1279
f 1193/1286/1283 1194/1289/1286 1237/1287/1284
f 1237/1287/1284 1194/1289/1286 1238/1275/1272
f 1237/1287/1284 1238/1275/1272 1276/1273/1270
f 1194/1289/1286 1195/1277/1274 1238/1275/1272
f 1239/1276/1273 1196/1278/1275 1240/1290/1287
f 1240/1290/1287 1196/1278/1275 1197/1291/1288
f 1240/1290/1287 1197/1291/1288 1241/1292/1289
f 1241/1292/1289 1197/1291/1288 1198/1293/1290
f 1241/1292/1289 1198/1293/1290 1242/1294/1291
f 1242/1294/1291 1198/1293/1290 1199/1295/1292
f 1242/1294/1291 1199/1295/1292 1243/1296/1293
f 1243/1296/1293 1199/1295/1292 1200/1297/1294
f 1243/1296/1293 1200/1297/1294 1244/1298/1295
f 1244/1298/1295 1200/1297/1294 1201/1299/1296
f 1244/1298/1295 1201/1299/1296 1245/1300/1297
f 1245/1300/1297 1201/1299/1296 1202/1301/1298
f 1245/1300/1297 1202/1301/1298 1246/1302/1299
f 1246/1302/1299 1202/1301/1298 1203/1303/1300
f 1246/1302/1299 1203/1303/1300 1247/1304/1301
f 1247/1304/1301 1203/1303/1300 1204/1305/1302
f 1247/1304/1301 1204/1305/1302 1248/1306/1303
f 1248/1306/1303 1204/1305/1302 1205/1307/1304
f 1248/1306/1303 1205/1307/1304 1249/1308/1305
f 1249/1308/1305 1205/1307/1304 1206/1309/1306
f 1249/1308/1305 1206/1309/1306 1250/1310/1307
f 1250/1310/1307 1206/1309/1306 1207/1311/1308
f 1250/1310/1307 1207/1311/1308 1251/1312/1309
f 1251/1312/1309 1207/1311/1308 1208/1313/1310
f 1251/1312/1309 1208/1313/1310 1252/1314/1311
f 1252/1314/1311 1208/1313/1310 1209/1315/1312
f 1252/1314/1311 1209/1315/1312 1253/1316/1313
f 1253/1316/1313 1209/1315/1312 1210/1317/1314
f 1253/1316/1313 1210/1317/1314 1254/1318/1315
f 1254/1318/1315 1210/1317/1314 1255/1319/1316
f 1254/1318/1315 1255/1319/1316 1259/1320/1317
f 1259/1320/1317 1255/1319/1316 1258/1321/1318
f 1259/1320/1317 1258/1321/1318 1231/1322/1319
f 1231/1322/1319 1258/1321/1318 1232/1323/1320
f 1231/1322/1319 1232/1323/1320 581/1324/563
f 581/1324/563 1232/1323/1320 1233/1325/1321
f 581/1324/563 1233/1325/1321 539/1326/1322
f 539/1326/1322 1233/1325/1321 1045/1327/1323
f 1045/1327/1323 1233/1325/1321 1257/1328/1324
f 1045/1327/1323 1257/1328/1324 1256/1329/1325
f 1256/1329/1325 1257/1328/1324 1258/1321/1318
f 1256/1329/1325 1258/1321/1318 1255/1319/1316
f 1210/1317/1314 1046/1330/1326 1255/1319/1316
f 1255/1319/1316 1046/1330/1326 1256/1329/1325
f 1046/1330/1326 1045/1327/1323 1256/1329/1325
f 581/1324/563 580/1331/1327 1231/1322/1319
f 1231/1322/1319 580/1331/1327 1230/1332/1328
f 1231/1322/1319 1230/1332/1328 1259/1320/1317
f 1259/1320/1317 1230/1332/1328 1260/1333/1329
f 1259/1320/1317 1260/1333/1329 1254/1318/1315
f 1254/1318/1315 1260/1333/1329 1253/1316/1313
f 580/1331/1327 579/1334/1330 1230/1332/1328
f 1230/1332/1328 579/1334/1330 1229/1335/1331
f 1230/1332/1328 1229/1335/1331 1260/1333/1329
f 1260/1333/1329 1229/1335/1331 1261/1336/1332
f 1260/1333/1329 1261/1336/1332 1253/1316/1313
f 1253/1316/1313 1261/1336/1332 1252/1314/1311
f 579/1334/1330 578/1337/1333 1229/1335/1331
f 1229/1335/1331 578/1337/1333 1228/1338/1334
f 1229/1335/1331 1228/1338/1334 1261/1336/1332
f 1261/1336/1332 1228/1338/1334 1262/1339/1335
f 1261/1336/1332 1262/1339/1335 1252/1314/1311
f 1252/1314/1311 1262/1339/1335 1251/1312/1309
f 578/1337/1333 577/1340/1336 1228/1338/1334
f 1228/1338/1334 577/1340/1336 1227/1341/1337
f 1228/1338/1334 1227/1341/1337 1262/1339/1335
f 1262/1339/1335 1227/1341/1337 1263/1342/1338
f 1262/1339/1335 1263/1342/1338 1251/1312/1309
f 1251/1312/1309 1263/1342/1338 1250/1310/1307
f 577/1340/1336 576/1343/1339 1227/1341/1337
f 1227/1341/1337 576/1343/1339 1226/1344/1340
f 1227/1341/1337 1226/1344/1340 1263/1342/1338
f 1263/1342/1338 1226/1344/1340 1264/1345/1341
f 1263/1342/1338 1264/1345/1341 1250/1310/1307
f 1250/1310/1307 1264/1345/1341 1249/1308/1305
f 576/1343/1339 575/1346/1342 1226/1344/1340
f 1226/1344/1340 575/1346/1342 1225/1347/1343
f 1226/1344/1340 1225/1347/1343 1264/1345/1341
f 1264/1345/1341 1225/1347/1343 1265/1348/1344
f 1264/1345/1341 1265/1348/1344 1249/1308/1305
f 1249/1308/1305 1265/1348/1344 1248/1306/1303
f 575/1346/1342 574/1349/1345 1225/1347/1343
f 1225/1347/1343 574/1349/1345 1224/1350/1346
f 1225/1347/1343 1224/1350/1346 1265/1348/1344
f 1265/1348/1344 1224/1350/1346 1266/1351/1347
f 1265/1348/1344 1266/1351/1347 1248/1306/1303
f 1248/1306/1303 1266/1351/1347 1247/1304/1301
f 574/1349/1345 573/1352/1348 1224/1350/1346
f 1224/1350/1346 573/1352/1348 1223/1353/1349
f 1224/1350/1346 1223/1353/1349 1266/1351/1347
f 1266/1351/1347 1223/1353/1349 1267/1354/1350
f 1266/1351/1347 1267/1354/1350 1247/1304/1301
f 1247/1304/1301 1267/1354/1350 1246/1302/1299
f 573/1352/1348 572/1355/1351 1223/1353/1349
f 1223/1353/1349 572/1355/1351 1222/1356/1352
f 1223/1353/1349 1222/1356/1352 1267/1354/1350
f 1267/1354/1350 1222/1356/1352 1268/1357/1353
f 1267/1354/1350 1268/1357/1353 1246/1302/1299
f 1246/1302/1299 1268/1357/1353 1245/1300/1297
f 572/1355/1351 571/1358/1354 1222/1356/1352
f 1222/1356/1352 571/1358/1354 1221/1359/1355
f 1222/1356/1352 1221/1359/1355 1268/1357/1353
f 1268/1357/1353 1221/1359/1355 1269/1360/1356
f 1268/1357/1353 1269/1360/1356 1245/1300/1297
f 1245/1300/1297 1269/1360/1356 1244/1298/1295
f 571/1358/1354 570/1361/1357 1221/1359/1355
f 1221/1359/1355 570/1361/1357 1220/1362/1358
f 1221/1359/1355 1220/1362/1358 1269/1360/1356
f 1269/1360/1356 1220/1362/1358 1270/1363/1359
f 1269/1360/1356 1270/1363/1359 1244/1298/1295
f 1244/1298/1295 1270/1363/1359 1243/1296/1293
f 570/1361/1357 569/1364/1360 1220/1362/1358
f 1220/1362/1358 569/1364/1360 1219/1365/1361
f 1220/1362/1358 1219/1365/1361 1270/1363/1359
f 1270/1363/1359 1219/1365/1361 1271/1366/1362
f 1270/1363/1359 1271/1366/1362 1243/1296/1293
f 1243/1296/1293 1271/1366/1362 1242/1294/1291
f 569/1364/1360 568/1367/1363 1219/1365/1361
f 1219/1365/1361 568/1367/1363 1218/1368/1364
f 1219/1365/1361 1218/1368/1364 1271/1366/1362
f 1271/1366/1362 1218/1368/1364 1272/1369/1365
f 1271/1366/1362 1272/1369/1365 1242/1294/1291
f 1242/1294/1291 1272/1369/1365 1241/1292/1289
f 568/1367/1363 567/1370/1366 1218/1368/1364
f 1218/1368/1364 567/1370/1366 1217/1371/1367
f 1218/1368/1364 1217/1371/1367 1272/1369/1365
f 1272/1369/1365 1217/1371/1367 1273/1372/1368
f 1272/1369/1365 1273/1372/1368 1241/1292/1289
f 1241/1292/1289 1273/1372/1368 1240/1290/1287
f 567/1370/1366 566/1373/1369 1217/1371/1367
f 1217/1371/1367 566/1373/1369 1216/1374/1370
f 1217/1371/1367 1216/1374/1370 1273/1372/1368
f 1273/1372/1368 1216/1374/1370 1274/1375/1371
f 1273/1372/1368 1274/1375/1371 1240/1290/1287
f 1240/1290/1287 1274/1375/1371 1239/1276/1273
f 566/1373/1369 565/1376/1372 1216/1374/1370
f 1216/1374/1370 565/1376/1372 1215/1377/1373
f 1216/1374/1370 1215/1377/1373 1274/1375/1371
f 1274/1375/1371 1215/1377/1373 1275/1274/1271
f 1274/1375/1371 1275/1274/1271 1239/1276/1273
f 565/1376/1372 564/1270/1267 1215/1377/1373
f 1215/1377/1373 564/1270/1267 1214/1272/1269
f 1215/1377/1373 1214/1272/1269 1275/1274/1271
f 1257/1328/1324 1233/1325/1321 1232/1323/1320
f 1257/1328/1324 1232/1323/1320 1258/1321/1318
f 1277/1283/1280 1278/1282/1279 1236/1288/1285
f 1276/1273/1270 1277/1283/1280 1237/1287/1284
f 1237/1287/1284 1277/1283/1280 1236/1288/1285
f 1073/1378/1374 1294/1379/1375 1074/1380/1376
f 1074/1380/1376 1294/1379/1375 1302/1381/1377
f 1074/1380/1376 1302/1381/1377 1292/1382/1378
f 1292/1382/1378 1302/1381/1377 1303/1383/1379
f 1292/1382/1378 1303/1383/1379 1304/1384/1380
f 1304/1384/1380 1303/1383/1379 1357/1385/1381
f 1304/1384/1380 1357/1385/1381 1356/1386/1382
f 1356/1386/1382 1357/1385/1381 1365/1387/1383
f 1356/1386/1382 1365/1387/1383 1366/1388/1384
f 1366/1388/1384 1365/1387/1383 1395/1389/1385
f 1366/1388/1384 1395/1389/1385 1396/1390/1386
f 1396/1390/1386 1395/1389/1385 1681/1391/1387
f 1396/1390/1386 1681/1391/1387 1680/1392/1388
f 1680/1392/1388 1681/1391/1387 1471/1393/1389
f 1680/1392/1388 1471/1393/1389 1470/1394/1390
f 1470/1394/1390 1471/1393/1389 1427/1395/1391
f 1470/1394/1390 1427/1395/1391 1428/1396/1392
f 1428/1396/1392 1427/1395/1391 1528/1397/1393
f 1428/1396/1392 1528/1397/1393 1527/1398/1394
f 1527/1398/1394 1528/1397/1393 1489/1399/1395
f 1527/1398/1394 1489/1399/1395 1490/1400/1396
f 1490/1400/1396 1489/1399/1395 1639/1401/1397
f 1490/1400/1396 1639/1401/1397 1640/1402/1398
f 1640/1402/1398 1639/1401/1397 1761/1403/1399
f 1640/1402/1398 1761/1403/1399 1760/1404/1400
f 1760/1404/1400 1761/1403/1399 1584/1405/1401
f 1760/1404/1400 1584/1405/1401 1583/1406/1402
f 1583/1406/1402 1584/1405/1401 1552/1407/1403
f 1583/1406/1402 1552/1407/1403 1553/1408/1404
f 1553/1408/1404 1552/1407/1403 1730/1409/1405
f 1553/1408/1404 1730/1409/1405 1729/1410/1406
f 1729/1410/1406 1730/1409/1405 1700/1411/1407
f 1729/1410/1406 1700/1411/1407 1699/1412/1408
f 1699/1412/1408 1700/1411/1407 1610/1413/1409
f 1699/1412/1408 1610/1413/1409 1609/1414/1410
f 1609/1414/1410 1610/1413/1409 1107/1415/1411
f 1609/1414/1410 1107/1415/1411 1608/1416/1412
f 1608/1416/1412 1107/1415/1411 1106/1417/1413
f 1608/1416/1412 1106/1417/1413 1607/1418/1414
f 1607/1418/1414 1106/1417/1413 1606/1419/1415
f 1607/1418/1414 1606/1419/1415 1696/1420/1416
f 1696/1420/1416 1606/1419/1415 1695/1421/1417
f 1696/1420/1416 1695/1421/1417 1725/1422/1418
f 1725/1422/1418 1695/1421/1417 1724/1423/1419
f 1725/1422/1418 1724/1423/1419 1558/1424/1420
f 1558/1424/1420 1724/1423/1419 1559/1425/1421
f 1558/1424/1420 1559/1425/1421 1577/1426/1422
f 1577/1426/1422 1559/1425/1421 1576/1427/1423
f 1577/1426/1422 1576/1427/1423 1753/1428/1424
f 1753/1428/1424 1576/1427/1423 1752/1429/1425
f 1753/1428/1424 1752/1429/1425 1648/1430/1426
f 1648/1430/1426 1752/1429/1425 1649/1431/1427
f 1648/1430/1426 1649/1431/1427 1499/1432/1428
f 1499/1432/1428 1649/1431/1427 1500/1433/1429
f 1499/1432/1428 1500/1433/1429 1517/1434/1430
f 1517/1434/1430 1500/1433/1429 1516/1435/1431
f 1517/1434/1430 1516/1435/1431 1439/1436/1432
f 1439/1436/1432 1516/1435/1431 1440/1437/1433
f 1439/1436/1432 1440/1437/1433 1458/1438/1434
f 1458/1438/1434 1440/1437/1433 1457/1439/1435
f 1458/1438/1434 1457/1439/1435 1667/1440/1436
f 1667/1440/1436 1457/1439/1435 1666/1441/1437
f 1667/1440/1436 1666/1441/1437 1410/1442/1438
f 1410/1442/1438 1666/1441/1437 1411/1443/1439
f 1410/1442/1438 1411/1443/1439 1381/1444/1440
f 1381/1444/1440 1411/1443/1439 1382/1445/1441
f 1381/1444/1440 1382/1445/1441 1340/1446/1442
f 1340/1446/1442 1382/1445/1441 1339/1447/1443
f 1340/1446/1442 1339/1447/1443 1321/1448/1444
f 1321/1448/1444 1339/1447/1443 1322/1449/1445
f 1321/1448/1444 1322/1449/1445 1284/1450/1446
f 1284/1450/1446 1322/1449/1445 1323/1451/1447
f 1284/1450/1446 1323/1451/1447 1324/1452/1448
f 1324/1452/1448 1323/1451/1447 1337/1453/1449
f 1324/1452/1448 1337/1453/1449 1336/1454/1450
f 1336/1454/1450 1337/1453/1449 1385/1455/1451
f 1336/1454/1450 1385/1455/1451 1386/1456/1452
f 1386/1456/1452 1385/1455/1451 1415/1457/1453
f 1386/1456/1452 1415/1457/1453 1416/1458/1454
f 1416/1458/1454 1415/1457/1453 1661/1459/1455
f 1416/1458/1454 1661/1459/1455 1660/1460/1456
f 1660/1460/1456 1661/1459/1455 1451/1461/1457
f 1660/1460/1456 1451/1461/1457 1450/1462/1458
f 1450/1462/1458 1451/1461/1457 1447/1463/1459
f 1450/1462/1458 1447/1463/1459 1295/1464/1460
f 1295/1464/1460 1447/1463/1459 1448/1465/1461
f 1295/1464/1460 1448/1465/1461 1062/1466/1462
f 1062/1466/1462 1448/1465/1461 1063/1467/1463
f 1063/1467/1463 1448/1465/1461 1508/1468/1464
f 1063/1467/1463 1508/1468/1464 1657/1469/1465
f 1657/1469/1465 1508/1468/1464 1507/1470/1466
f 1657/1469/1465 1507/1470/1466 1656/1471/1467
f 1656/1471/1467 1507/1470/1466 1506/1472/1468
f 1656/1471/1467 1506/1472/1468 1655/1473/1469
f 1655/1473/1469 1506/1472/1468 1505/1474/1470
f 1655/1473/1469 1505/1474/1470 1654/1475/1471
f 1654/1475/1471 1505/1474/1470 1504/1476/1472
f 1654/1475/1471 1504/1476/1472 1653/1477/1473
f 1653/1477/1473 1504/1476/1472 1503/1478/1474
f 1653/1477/1473 1503/1478/1474 1652/1479/1475
f 1652/1479/1475 1503/1478/1474 1502/1480/1476
f 1652/1479/1475 1502/1480/1476 1651/1481/1477
f 1651/1481/1477 1502/1480/1476 1501/1482/1478
f 1651/1481/1477 1501/1482/1478 1650/1483/1479
f 1650/1483/1479 1501/1482/1478 1500/1433/1429
f 1650/1483/1479 1500/1433/1429 1649/1431/1427
f 1072/1484/1480 1361/1485/1481 1073/1378/1374
f 1073/1378/1374 1361/1485/1481 1360/1486/1482
f 1073/1378/1374 1360/1486/1482 1294/1379/1375
f 1294/1379/1375 1360/1486/1482 1359/1487/1483
f 1294/1379/1375 1359/1487/1483 1302/1381/1377
f 1302/1381/1377 1359/1487/1483 1358/1488/1484
f 1302/1381/1377 1358/1488/1484 1303/1383/1379
f 1303/1383/1379 1358/1488/1484 1357/1385/1381
f 1071/1489/1485 1296/1490/1486 1072/1484/1480
f 1072/1484/1480 1296/1490/1486 1390/1491/1487
f 1072/1484/1480 1390/1491/1487 1361/1485/1481
f 1361/1485/1481 1390/1491/1487 1391/1492/1488
f 1361/1485/1481 1391/1492/1488 1362/1493/1489
f 1362/1493/1489 1391/1492/1488 1392/1494/1490
f 1362/1493/1489 1392/1494/1490 1363/1495/1491
f 1363/1495/1491 1392/1494/1490 1393/1496/1492
f 1363/1495/1491 1393/1496/1492 1364/1497/1493
f 1364/1497/1493 1393/1496/1492 1394/1498/1494
f 1364/1497/1493 1394/1498/1494 1365/1387/1383
f 1365/1387/1383 1394/1498/1494 1395/1389/1385
f 1070/1499/1495 1297/1500/1496 1071/1489/1485
f 1071/1489/1485 1297/1500/1496 1478/1501/1497
f 1071/1489/1485 1478/1501/1497 1296/1490/1486
f 1296/1490/1486 1478/1501/1497 1477/1502/1498
f 1296/1490/1486 1477/1502/1498 1686/1503/1499
f 1686/1503/1499 1477/1502/1498 1476/1504/1500
f 1686/1503/1499 1476/1504/1500 1685/1505/1501
f 1685/1505/1501 1476/1504/1500 1475/1506/1502
f 1685/1505/1501 1475/1506/1502 1684/1507/1503
f 1684/1507/1503 1475/1506/1502 1474/1508/1504
f 1684/1507/1503 1474/1508/1504 1683/1509/1505
f 1683/1509/1505 1474/1508/1504 1473/1510/1506
f 1683/1509/1505 1473/1510/1506 1682/1511/1507
f 1682/1511/1507 1473/1510/1506 1472/1512/1508
f 1682/1511/1507 1472/1512/1508 1681/1391/1387
f 1681/1391/1387 1472/1512/1508 1471/1393/1389
f 1069/1513/1509 1628/1514/1510 1070/1499/1495
f 1070/1499/1495 1628/1514/1510 1479/1515/1511
f 1070/1499/1495 1479/1515/1511 1537/1516/1512
f 1537/1516/1512 1479/1515/1511 1480/1517/1513
f 1537/1516/1512 1480/1517/1513 1536/1518/1514
f 1536/1518/1514 1480/1517/1513 1481/1519/1515
f 1536/1518/1514 1481/1519/1515 1535/1520/1516
f 1535/1520/1516 1481/1519/1515 1482/1521/1517
f 1535/1520/1516 1482/1521/1517 1534/1522/1518
f 1534/1522/1518 1482/1521/1517 1483/1523/1519
f 1534/1522/1518 1483/1523/1519 1533/1524/1520
f 1533/1524/1520 1483/1523/1519 1484/1525/1521
f 1533/1524/1520 1484/1525/1521 1532/1526/1522
f 1532/1526/1522 1484/1525/1521 1485/1527/1523
f 1532/1526/1522 1485/1527/1523 1531/1528/1524
f 1531/1528/1524 1485/1527/1523 1486/1529/1525
f 1531/1528/1524 1486/1529/1525 1530/1530/1526
f 1530/1530/1526 1486/1529/1525 1487/1531/1527
f 1530/1530/1526 1487/1531/1527 1529/1532/1528
f 1529/1532/1528 1487/1531/1527 1488/1533/1529
f 1529/1532/1528 1488/1533/1529 1528/1397/1393
f 1528/1397/1393 1488/1533/1529 1489/1399/1395
f 1068/1534/1530 1301/1535/1531 1069/1513/1509
f 1069/1513/1509 1301/1535/1531 1716/1536/1532
f 1069/1513/1509 1716/1536/1532 1538/1537/1533
f 1538/1537/1533 1716/1536/1532 1744/1538/1534
f 1538/1537/1533 1744/1538/1534 1539/1539/1535
f 1539/1539/1535 1744/1538/1534 1743/1540/1536
f 1539/1539/1535 1743/1540/1536 1540/1541/1537
f 1540/1541/1537 1743/1540/1536 1742/1542/1538
f 1540/1541/1537 1742/1542/1538 1541/1543/1539
f 1541/1543/1539 1742/1542/1538 1741/1544/1540
f 1541/1543/1539 1741/1544/1540 1542/1545/1541
f 1542/1545/1541 1741/1544/1540 1740/1546/1542
f 1542/1545/1541 1740/1546/1542 1543/1547/1543
f 1543/1547/1543 1740/1546/1542 1739/1548/1544
f 1543/1547/1543 1739/1548/1544 1544/1549/1545
f 1544/1549/1545 1739/1548/1544 1738/1550/1546
f 1544/1549/1545 1738/1550/1546 1545/1551/1547
f 1545/1551/1547 1738/1550/1546 1737/1552/1548
f 1545/1551/1547 1737/1552/1548 1546/1553/1549
f 1546/1553/1549 1737/1552/1548 1736/1554/1550
f 1546/1553/1549 1736/1554/1550 1547/1555/1551
f 1547/1555/1551 1736/1554/1550 1735/1556/1552
f 1547/1555/1551 1735/1556/1552 1548/1557/1553
f 1548/1557/1553 1735/1556/1552 1734/1558/1554
f 1548/1557/1553 1734/1558/1554 1549/1559/1555
f 1549/1559/1555 1734/1558/1554 1733/1560/1556
f 1549/1559/1555 1733/1560/1556 1550/1561/1557
f 1550/1561/1557 1733/1560/1556 1732/1562/1558
f 1550/1561/1557 1732/1562/1558 1551/1563/1559
f 1551/1563/1559 1732/1562/1558 1731/1564/1560
f 1551/1563/1559 1731/1564/1560 1552/1407/1403
f 1552/1407/1403 1731/1564/1560 1730/1409/1405
f 1301/1535/1531 1068/1534/1530 1627/1565/1561
f 1627/1565/1561 1068/1534/1530 1122/1566/1562
f 1627/1565/1561 1122/1566/1562 1626/1567/1563
f 1626/1567/1563 1122/1566/1562 1625/1568/1564
f 1626/1567/1563 1625/1568/1564 1715/1569/1565
f 1715/1569/1565 1625/1568/1564 1714/1570/1566
f 1715/1569/1565 1714/1570/1566 1744/1538/1534
f 1744/1538/1534 1714/1570/1566 1743/1540/1536
f 1625/1568/1564 1122/1566/1562 1624/1571/1567
f 1624/1571/1567 1122/1566/1562 1121/1572/1568
f 1624/1571/1567 1121/1572/1568 1623/1573/1569
f 1623/1573/1569 1121/1572/1568 1622/1574/1570
f 1623/1573/1569 1622/1574/1570 1712/1575/1571
f 1712/1575/1571 1622/1574/1570 1711/1576/1572
f 1712/1575/1571 1711/1576/1572 1741/1544/1540
f 1741/1544/1540 1711/1576/1572 1740/1546/1542
f 1121/1572/1568 1120/1577/1573 1622/1574/1570
f 1622/1574/1570 1120/1577/1573 1621/1578/1574
f 1622/1574/1570 1621/1578/1574 1711/1576/1572
f 1711/1576/1572 1621/1578/1574 1710/1579/1575
f 1711/1576/1572 1710/1579/1575 1740/1546/1542
f 1740/1546/1542 1710/1579/1575 1739/1548/1544
f 1120/1577/1573 1119/1580/1576 1621/1578/1574
f 1621/1578/1574 1119/1580/1576 1620/1581/1577
f 1621/1578/1574 1620/1581/1577 1710/1579/1575
f 1710/1579/1575 1620/1581/1577 1709/1582/1578
f 1710/1579/1575 1709/1582/1578 1739/1548/1544
f 1739/1548/1544 1709/1582/1578 1738/1550/1546
f 1119/1580/1576 1118/1583/1579 1620/1581/1577
f 1620/1581/1577 1118/1583/1579 1619/1584/1580
f 1620/1581/1577 1619/1584/1580 1709/1582/1578
f 1709/1582/1578 1619/1584/1580 1708/1585/1581
f 1709/1582/1578 1708/1585/1581 1738/1550/1546
f 1738/1550/1546 1708/1585/1581 1737/1552/1548
f 1118/1583/1579 1117/1586/1582 1619/1584/1580
f 1619/1584/1580 1117/1586/1582 1116/1587/1583
f 1619/1584/1580 1116/1587/1583 1618/1588/1584
f 1618/1588/1584 1116/1587/1583 1115/1589/1585
f 1618/1588/1584 1115/1589/1585 1114/1590/1586
f 1618/1588/1584 1114/1590/1586 1617/1591/1587
f 1617/1591/1587 1114/1590/1586 1113/1592/1588
f 1617/1591/1587 1113/1592/1588 1112/1593/1589
f 1617/1591/1587 1112/1593/1589 1616/1594/1590
f 1616/1594/1590 1112/1593/1589 1111/1595/1591
f 1616/1594/1590 1111/1595/1591 1110/1596/1592
f 1109/1597/1593 1614/1598/1594 1110/1596/1592
f 1110/1596/1592 1614/1598/1594 1615/1599/1595
f 1110/1596/1592 1615/1599/1595 1616/1594/1590
f 1616/1594/1590 1615/1599/1595 1705/1600/1596
f 1616/1594/1590 1705/1600/1596 1706/1601/1597
f 1706/1601/1597 1705/1600/1596 1735/1556/1552
f 1706/1601/1597 1735/1556/1552 1736/1554/1550
f 1108/1602/1598 1612/1603/1599 1109/1597/1593
f 1109/1597/1593 1612/1603/1599 1613/1604/1600
f 1109/1597/1593 1613/1604/1600 1614/1598/1594
f 1614/1598/1594 1613/1604/1600 1703/1605/1601
f 1614/1598/1594 1703/1605/1601 1704/1606/1602
f 1704/1606/1602 1703/1605/1601 1733/1560/1556
f 1704/1606/1602 1733/1560/1556 1734/1558/1554
f 1107/1415/1411 1610/1413/1409 1108/1602/1598
f 1108/1602/1598 1610/1413/1409 1611/1607/1603
f 1108/1602/1598 1611/1607/1603 1612/1603/1599
f 1612/1603/1599 1611/1607/1603 1701/1608/1604
f 1612/1603/1599 1701/1608/1604 1702/1609/1605
f 1702/1609/1605 1701/1608/1604 1731/1564/1560
f 1702/1609/1605 1731/1564/1560 1732/1562/1558
f 1106/1417/1413 1105/1610/1606 1606/1419/1415
f 1606/1419/1415 1105/1610/1606 1605/1611/1607
f 1606/1419/1415 1605/1611/1607 1695/1421/1417
f 1695/1421/1417 1605/1611/1607 1694/1612/1608
f 1695/1421/1417 1694/1612/1608 1724/1423/1419
f 1724/1423/1419 1694/1612/1608 1723/1613/1609
f 1724/1423/1419 1723/1613/1609 1559/1425/1421
f 1559/1425/1421 1723/1613/1609 1560/1614/1610
f 1559/1425/1421 1560/1614/1610 1576/1427/1423
f 1576/1427/1423 1560/1614/1610 1575/1615/1611
f 1576/1427/1423 1575/1615/1611 1752/1429/1425
f 1752/1429/1425 1575/1615/1611 1751/1616/1612
f 1752/1429/1425 1751/1616/1612 1649/1431/1427
f 1649/1431/1427 1751/1616/1612 1650/1483/1479
f 1104/1617/1170 1601/1618/1613 1105/1610/1606
f 1105/1610/1606 1601/1618/1613 1602/1619/1614
f 1105/1610/1606 1602/1619/1614 1603/1620/1615
f 1603/1620/1615 1602/1619/1614 1692/1621/1616
f 1603/1620/1615 1692/1621/1616 1693/1622/1617
f 1693/1622/1617 1692/1621/1616 1722/1623/1618
f 1693/1622/1617 1722/1623/1618 1723/1613/1609
f 1723/1613/1609 1722/1623/1618 1560/1614/1610
f 1065/1624/1619 1598/1625/1620 1104/1617/1170
f 1104/1617/1170 1598/1625/1620 1599/1626/1621
f 1104/1617/1170 1599/1626/1621 1600/1627/1622
f 1600/1627/1622 1599/1626/1621 1689/1628/1623
f 1600/1627/1622 1689/1628/1623 1690/1629/1624
f 1690/1629/1624 1689/1628/1623 1719/1630/1625
f 1690/1629/1624 1719/1630/1625 1720/1631/1626
f 1720/1631/1626 1719/1630/1625 1563/1632/1627
f 1720/1631/1626 1563/1632/1627 1562/1633/1628
f 1562/1633/1628 1563/1632/1627 1573/1634/1629
f 1562/1633/1628 1573/1634/1629 1574/1635/1630
f 1574/1635/1630 1573/1634/1629 1750/1636/1631
f 1574/1635/1630 1750/1636/1631 1751/1616/1612
f 1751/1616/1612 1750/1636/1631 1650/1483/1479
f 1065/1624/1619 1064/1637/1632 1598/1625/1620
f 1598/1625/1620 1064/1637/1632 1687/1638/1633
f 1598/1625/1620 1687/1638/1633 1688/1639/1634
f 1688/1639/1634 1687/1638/1633 1717/1640/1635
f 1688/1639/1634 1717/1640/1635 1718/1641/1636
f 1718/1641/1636 1717/1640/1635 1565/1642/1637
f 1718/1641/1636 1565/1642/1637 1564/1643/1638
f 1564/1643/1638 1565/1642/1637 1571/1644/1639
f 1564/1643/1638 1571/1644/1639 1572/1645/1640
f 1572/1645/1640 1571/1644/1639 1748/1646/1641
f 1572/1645/1640 1748/1646/1641 1749/1647/1642
f 1749/1647/1642 1748/1646/1641 1652/1479/1475
f 1749/1647/1642 1652/1479/1475 1651/1481/1477
f 1063/1467/1463 1568/1648/1643 1064/1637/1632
f 1064/1637/1632 1568/1648/1643 1567/1649/1644
f 1064/1637/1632 1567/1649/1644 1300/1650/1645
f 1300/1650/1645 1567/1649/1644 1566/1651/1646
f 1300/1650/1645 1566/1651/1646 1717/1640/1635
f 1717/1640/1635 1566/1651/1646 1565/1642/1637
f 1061/1652/1647 1293/1653/1648 1062/1466/1462
f 1062/1466/1462 1293/1653/1648 1331/1654/1649
f 1062/1466/1462 1331/1654/1649 1419/1655/1650
f 1419/1655/1650 1331/1654/1649 1389/1656/1651
f 1419/1655/1650 1389/1656/1651 1418/1657/1652
f 1418/1657/1652 1389/1656/1651 1388/1658/1653
f 1418/1657/1652 1388/1658/1653 1417/1659/1654
f 1417/1659/1654 1388/1658/1653 1387/1660/1655
f 1417/1659/1654 1387/1660/1655 1416/1458/1454
f 1416/1458/1454 1387/1660/1655 1386/1456/1452
f 1293/1653/1648 1061/1652/1647 1330/1661/1656
f 1330/1661/1656 1061/1652/1647 1280/1662/1657
f 1330/1661/1656 1280/1662/1657 1281/1663/1658
f 1282/1664/1659 1328/1665/1660 1281/1663/1658
f 1281/1663/1658 1328/1665/1660 1329/1666/1661
f 1281/1663/1658 1329/1666/1661 1330/1661/1656
f 1330/1661/1656 1329/1666/1661 1293/1653/1648
f 1283/1667/1662 1326/1668/1663 1282/1664/1659
f 1282/1664/1659 1326/1668/1663 1327/1669/1664
f 1282/1664/1659 1327/1669/1664 1328/1665/1660
f 1328/1665/1660 1327/1669/1664 1333/1670/1665
f 1328/1665/1660 1333/1670/1665 1332/1671/1666
f 1332/1671/1666 1333/1670/1665 1389/1656/1651
f 1332/1671/1666 1389/1656/1651 1331/1654/1649
f 1284/1450/1446 1324/1452/1448 1283/1667/1662
f 1283/1667/1662 1324/1452/1448 1325/1672/1667
f 1283/1667/1662 1325/1672/1667 1326/1668/1663
f 1326/1668/1663 1325/1672/1667 1335/1673/1668
f 1326/1668/1663 1335/1673/1668 1334/1674/1669
f 1334/1674/1669 1335/1673/1668 1387/1660/1655
f 1334/1674/1669 1387/1660/1655 1388/1658/1653
f 1285/1675/1670 1319/1676/1671 1284/1450/1446
f 1284/1450/1446 1319/1676/1671 1320/1677/1672
f 1284/1450/1446 1320/1677/1672 1321/1448/1444
f 1321/1448/1444 1320/1677/1672 1340/1446/1442
f 1286/1678/1673 1313/1679/1674 1285/1675/1670
f 1285/1675/1670 1313/1679/1674 1314/1680/1675
f 1285/1675/1670 1314/1680/1675 1315/1681/1676
f 1315/1681/1676 1314/1680/1675 1346/1682/1677
f 1315/1681/1676 1346/1682/1677 1345/1683/1678
f 1345/1683/1678 1346/1682/1677 1376/1684/1679
f 1345/1683/1678 1376/1684/1679 1377/1685/1680
f 1377/1685/1680 1376/1684/1679 1406/1686/1681
f 1377/1685/1680 1406/1686/1681 1407/1687/1682
f 1407/1687/1682 1406/1686/1681 1670/1688/1683
f 1407/1687/1682 1670/1688/1683 1669/1689/1684
f 1669/1689/1684 1670/1688/1683 1460/1690/1685
f 1669/1689/1684 1460/1690/1685 1459/1691/1686
f 1459/1691/1686 1460/1690/1685 1438/1692/1687
f 1459/1691/1686 1438/1692/1687 1439/1436/1432
f 1439/1436/1432 1438/1692/1687 1517/1434/1430
f 1287/1693/1688 1311/1694/1689 1286/1678/1673
f 1286/1678/1673 1311/1694/1689 1312/1695/1690
f 1286/1678/1673 1312/1695/1690 1313/1679/1674
f 1313/1679/1674 1312/1695/1690 1348/1696/1691
f 1313/1679/1674 1348/1696/1691 1347/1697/1692
f 1347/1697/1692 1348/1696/1691 1374/1698/1693
f 1347/1697/1692 1374/1698/1693 1375/1699/1694
f 1375/1699/1694 1374/1698/1693 1404/1700/1695
f 1375/1699/1694 1404/1700/1695 1405/1701/1696
f 1405/1701/1696 1404/1700/1695 1672/1702/1697
f 1405/1701/1696 1672/1702/1697 1671/1703/1698
f 1671/1703/1698 1672/1702/1697 1462/1704/1699
f 1671/1703/1698 1462/1704/1699 1461/1705/1700
f 1461/1705/1700 1462/1704/1699 1436/1706/1701
f 1461/1705/1700 1436/1706/1701 1437/1707/1702
f 1437/1707/1702 1436/1706/1701 1519/1708/1703
f 1437/1707/1702 1519/1708/1703 1518/1709/1704
f 1518/1709/1704 1519/1708/1703 1498/1710/1705
f 1518/1709/1704 1498/1710/1705 1499/1432/1428
f 1499/1432/1428 1498/1710/1705 1648/1430/1426
f 1288/1711/1706 1309/1712/1707 1287/1693/1688
f 1287/1693/1688 1309/1712/1707 1310/1713/1708
f 1287/1693/1688 1310/1713/1708 1311/1694/1689
f 1311/1694/1689 1310/1713/1708 1350/1714/1709
f 1311/1694/1689 1350/1714/1709 1349/1715/1710
f 1349/1715/1710 1350/1714/1709 1372/1716/1711
f 1349/1715/1710 1372/1716/1711 1373/1717/1712
f 1373/1717/1712 1372/1716/1711 1402/1718/1713
f 1373/1717/1712 1402/1718/1713 1403/1719/1714
f 1403/1719/1714 1402/1718/1713 1674/1720/1715
f 1403/1719/1714 1674/1720/1715 1673/1721/1716
f 1673/1721/1716 1674/1720/1715 1464/1722/1717
f 1673/1721/1716 1464/1722/1717 1463/1723/1718
f 1463/1723/1718 1464/1722/1717 1434/1724/1719
f 1463/1723/1718 1434/1724/1719 1435/1725/1720
f 1435/1725/1720 1434/1724/1719 1521/1726/1721
f 1435/1725/1720 1521/1726/1721 1520/1727/1722
f 1520/1727/1722 1521/1726/1721 1496/1728/1723
f 1520/1727/1722 1496/1728/1723 1497/1729/1724
f 1497/1729/1724 1496/1728/1723 1646/1730/1725
f 1497/1729/1724 1646/1730/1725 1647/1731/1726
f 1647/1731/1726 1646/1730/1725 1754/1732/1727
f 1647/1731/1726 1754/1732/1727 1753/1428/1424
f 1753/1428/1424 1754/1732/1727 1577/1426/1422
f 1289/1733/1728 1306/1734/1729 1288/1711/1706
f 1288/1711/1706 1306/1734/1729 1307/1735/1730
f 1288/1711/1706 1307/1735/1730 1308/1736/1731
f 1308/1736/1731 1307/1735/1730 1353/1737/1732
f 1308/1736/1731 1353/1737/1732 1352/1738/1733
f 1352/1738/1733 1353/1737/1732 1369/1739/1734
f 1352/1738/1733 1369/1739/1734 1370/1740/1735
f 1370/1740/1735 1369/1739/1734 1399/1741/1736
f 1370/1740/1735 1399/1741/1736 1400/1742/1737
f 1400/1742/1737 1399/1741/1736 1677/1743/1738
f 1400/1742/1737 1677/1743/1738 1676/1744/1739
f 1676/1744/1739 1677/1743/1738 1467/1745/1740
f 1676/1744/1739 1467/1745/1740 1466/1746/1741
f 1466/1746/1741 1467/1745/1740 1431/1747/1742
f 1466/1746/1741 1431/1747/1742 1432/1748/1743
f 1432/1748/1743 1431/1747/1742 1524/1749/1744
f 1432/1748/1743 1524/1749/1744 1523/1750/1745
f 1523/1750/1745 1524/1749/1744 1493/1751/1746
f 1523/1750/1745 1493/1751/1746 1494/1752/1747
f 1494/1752/1747 1493/1751/1746 1643/1753/1748
f 1494/1752/1747 1643/1753/1748 1644/1754/1749
f 1644/1754/1749 1643/1753/1748 1757/1755/1750
f 1644/1754/1749 1757/1755/1750 1756/1756/1751
f 1756/1756/1751 1757/1755/1750 1580/1757/1752
f 1756/1756/1751 1580/1757/1752 1579/1758/1753
f 1579/1758/1753 1580/1757/1752 1556/1759/1754
f 1579/1758/1753 1556/1759/1754 1557/1760/1755
f 1557/1760/1755 1556/1759/1754 1726/1761/1756
f 1557/1760/1755 1726/1761/1756 1725/1422/1418
f 1725/1422/1418 1726/1761/1756 1696/1420/1416
f 1289/1733/1728 1290/1762/1757 1306/1734/1729
f 1306/1734/1729 1290/1762/1757 1305/1763/1758
f 1306/1734/1729 1305/1763/1758 1355/1764/1759
f 1355/1764/1759 1305/1763/1758 1356/1386/1382
f 1355/1764/1759 1356/1386/1382 1366/1388/1384
f 1290/1762/1757 1291/1765/1760 1305/1763/1758
f 1305/1763/1758 1291/1765/1760 1304/1384/1380
f 1305/1763/1758 1304/1384/1380 1356/1386/1382
f 1291/1765/1760 1292/1382/1378 1304/1384/1380
f 1295/1464/1460 1062/1466/1462 1449/1766/1761
f 1449/1766/1761 1062/1466/1462 1658/1767/1762
f 1449/1766/1761 1658/1767/1762 1659/1768/1763
f 1659/1768/1763 1658/1767/1762 1418/1657/1652
f 1659/1768/1763 1418/1657/1652 1417/1659/1654
f 1070/1499/1495 1537/1516/1512 1297/1500/1496
f 1297/1500/1496 1537/1516/1512 1536/1518/1514
f 1297/1500/1496 1536/1518/1514 1420/1769/1764
f 1420/1769/1764 1536/1518/1514 1535/1520/1516
f 1420/1769/1764 1535/1520/1516 1421/1770/1765
f 1421/1770/1765 1535/1520/1516 1534/1522/1518
f 1421/1770/1765 1534/1522/1518 1422/1771/1766
f 1422/1771/1766 1534/1522/1518 1533/1524/1520
f 1422/1771/1766 1533/1524/1520 1423/1772/1767
f 1423/1772/1767 1533/1524/1520 1532/1526/1522
f 1423/1772/1767 1532/1526/1522 1424/1773/1768
f 1424/1773/1768 1532/1526/1522 1531/1528/1524
f 1424/1773/1768 1531/1528/1524 1425/1774/1769
f 1425/1774/1769 1531/1528/1524 1530/1530/1526
f 1425/1774/1769 1530/1530/1526 1426/1775/1770
f 1426/1775/1770 1530/1530/1526 1529/1532/1528
f 1426/1775/1770 1529/1532/1528 1427/1395/1391
f 1427/1395/1391 1529/1532/1528 1528/1397/1393
f 1063/1467/1463 1657/1469/1465 1298/1776/1771
f 1298/1776/1771 1657/1469/1465 1656/1471/1467
f 1298/1776/1771 1656/1471/1467 1745/1777/1772
f 1745/1777/1772 1656/1471/1467 1655/1473/1469
f 1745/1777/1772 1655/1473/1469 1746/1778/1773
f 1746/1778/1773 1655/1473/1469 1654/1475/1471
f 1746/1778/1773 1654/1475/1471 1747/1779/1774
f 1747/1779/1774 1654/1475/1471 1653/1477/1473
f 1747/1779/1774 1653/1477/1473 1748/1646/1641
f 1748/1646/1641 1653/1477/1473 1652/1479/1475
f 1299/1780/1775 1069/1513/1509 1597/1781/1776
f 1597/1781/1776 1069/1513/1509 1538/1537/1533
f 1597/1781/1776 1538/1537/1533 1539/1539/1535
f 1687/1638/1633 1064/1637/1632 1300/1650/1645
f 1309/1712/1707 1288/1711/1706 1308/1736/1731
f 1307/1735/1730 1306/1734/1729 1354/1782/1777
f 1354/1782/1777 1306/1734/1729 1355/1764/1759
f 1354/1782/1777 1355/1764/1759 1367/1783/1778
f 1367/1783/1778 1355/1764/1759 1366/1388/1384
f 1367/1783/1778 1366/1388/1384 1396/1390/1386
f 1308/1736/1731 1352/1738/1733 1309/1712/1707
f 1309/1712/1707 1352/1738/1733 1351/1784/1779
f 1309/1712/1707 1351/1784/1779 1310/1713/1708
f 1310/1713/1708 1351/1784/1779 1350/1714/1709
f 1348/1696/1691 1312/1695/1690 1349/1715/1710
f 1349/1715/1710 1312/1695/1690 1311/1694/1689
f 1346/1682/1677 1314/1680/1675 1347/1697/1692
f 1347/1697/1692 1314/1680/1675 1313/1679/1674
f 1315/1681/1676 1316/1785/1780 1285/1675/1670
f 1285/1675/1670 1316/1785/1780 1317/1786/1781
f 1285/1675/1670 1317/1786/1781 1318/1787/1782
f 1318/1787/1782 1317/1786/1781 1343/1788/1783
f 1318/1787/1782 1343/1788/1783 1342/1789/1784
f 1342/1789/1784 1343/1788/1783 1379/1790/1785
f 1342/1789/1784 1379/1790/1785 1380/1791/1786
f 1380/1791/1786 1379/1790/1785 1409/1792/1787
f 1380/1791/1786 1409/1792/1787 1410/1442/1438
f 1410/1442/1438 1409/1792/1787 1667/1440/1436
f 1315/1681/1676 1345/1683/1678 1316/1785/1780
f 1316/1785/1780 1345/1683/1678 1344/1793/1788
f 1316/1785/1780 1344/1793/1788 1317/1786/1781
f 1317/1786/1781 1344/1793/1788 1343/1788/1783
f 1319/1676/1671 1285/1675/1670 1318/1787/1782
f 1318/1787/1782 1342/1789/1784 1319/1676/1671
f 1319/1676/1671 1342/1789/1784 1341/1794/1789
f 1319/1676/1671 1341/1794/1789 1320/1677/1672
f 1320/1677/1672 1341/1794/1789 1340/1446/1442
f 1323/1451/1447 1322/1449/1445 1338/1795/1790
f 1338/1795/1790 1322/1449/1445 1339/1447/1443
f 1338/1795/1790 1339/1447/1443 1383/1796/1791
f 1383/1796/1791 1339/1447/1443 1382/1445/1441
f 1383/1796/1791 1382/1445/1441 1412/1797/1792
f 1412/1797/1792 1382/1445/1441 1411/1443/1439
f 1412/1797/1792 1411/1443/1439 1665/1798/1793
f 1665/1798/1793 1411/1443/1439 1666/1441/1437
f 1665/1798/1793 1666/1441/1437 1456/1799/1794
f 1456/1799/1794 1666/1441/1437 1457/1439/1435
f 1456/1799/1794 1457/1439/1435 1441/1800/1795
f 1441/1800/1795 1457/1439/1435 1440/1437/1433
f 1441/1800/1795 1440/1437/1433 1515/1801/1796
f 1515/1801/1796 1440/1437/1433 1516/1435/1431
f 1515/1801/1796 1516/1435/1431 1501/1482/1478
f 1501/1482/1478 1516/1435/1431 1500/1433/1429
f 1335/1673/1668 1325/1672/1667 1336/1454/1450
f 1336/1454/1450 1325/1672/1667 1324/1452/1448
f 1333/1670/1665 1327/1669/1664 1334/1674/1669
f 1334/1674/1669 1327/1669/1664 1326/1668/1663
f 1293/1653/1648 1329/1666/1661 1332/1671/1666
f 1332/1671/1666 1329/1666/1661 1328/1665/1660
f 1293/1653/1648 1332/1671/1666 1331/1654/1649
f 1388/1658/1653 1389/1656/1651 1333/1670/1665
f 1333/1670/1665 1334/1674/1669 1388/1658/1653
f 1386/1456/1452 1387/1660/1655 1335/1673/1668
f 1335/1673/1668 1336/1454/1450 1386/1456/1452
f 1337/1453/1449 1338/1795/1790 1384/1802/1797
f 1384/1802/1797 1338/1795/1790 1383/1796/1791
f 1384/1802/1797 1383/1796/1791 1413/1803/1798
f 1413/1803/1798 1383/1796/1791 1412/1797/1792
f 1413/1803/1798 1412/1797/1792 1664/1804/1799
f 1664/1804/1799 1412/1797/1792 1665/1798/1793
f 1664/1804/1799 1665/1798/1793 1455/1805/1800
f 1455/1805/1800 1665/1798/1793 1456/1799/1794
f 1455/1805/1800 1456/1799/1794 1442/1806/1801
f 1442/1806/1801 1456/1799/1794 1441/1800/1795
f 1442/1806/1801 1441/1800/1795 1514/1807/1802
f 1514/1807/1802 1441/1800/1795 1515/1801/1796
f 1514/1807/1802 1515/1801/1796 1502/1480/1476
f 1502/1480/1476 1515/1801/1796 1501/1482/1478
f 1338/1795/1790 1337/1453/1449 1323/1451/1447
f 1340/1446/1442 1341/1794/1789 1381/1444/1440
f 1381/1444/1440 1341/1794/1789 1380/1791/1786
f 1381/1444/1440 1380/1791/1786 1410/1442/1438
f 1341/1794/1789 1342/1789/1784 1380/1791/1786
f 1343/1788/1783 1344/1793/1788 1378/1808/1803
f 1378/1808/1803 1344/1793/1788 1377/1685/1680
f 1378/1808/1803 1377/1685/1680 1407/1687/1682
f 1344/1793/1788 1345/1683/1678 1377/1685/1680
f 1376/1684/1679 1346/1682/1677 1375/1699/1694
f 1375/1699/1694 1346/1682/1677 1347/1697/1692
f 1374/1698/1693 1348/1696/1691 1373/1717/1712
f 1373/1717/1712 1348/1696/1691 1349/1715/1710
f 1350/1714/1709 1351/1784/1779 1371/1809/1804
f 1371/1809/1804 1351/1784/1779 1370/1740/1735
f 1371/1809/1804 1370/1740/1735 1400/1742/1737
f 1351/1784/1779 1352/1738/1733 1370/1740/1735
f 1353/1737/1732 1354/1782/1777 1368/1810/1805
f 1368/1810/1805 1354/1782/1777 1367/1783/1778
f 1368/1810/1805 1367/1783/1778 1397/1811/1806
f 1397/1811/1806 1367/1783/1778 1396/1390/1386
f 1397/1811/1806 1396/1390/1386 1680/1392/1388
f 1354/1782/1777 1353/1737/1732 1307/1735/1730
f 1364/1497/1493 1365/1387/1383 1357/1385/1381
f 1363/1495/1491 1364/1497/1493 1358/1488/1484
f 1358/1488/1484 1364/1497/1493 1357/1385/1381
f 1362/1493/1489 1363/1495/1491 1359/1487/1483
f 1359/1487/1483 1363/1495/1491 1358/1488/1484
f 1361/1485/1481 1362/1493/1489 1360/1486/1482
f 1360/1486/1482 1362/1493/1489 1359/1487/1483
f 1353/1737/1732 1368/1810/1805 1369/1739/1734
f 1369/1739/1734 1368/1810/1805 1398/1812/1807
f 1369/1739/1734 1398/1812/1807 1399/1741/1736
f 1399/1741/1736 1398/1812/1807 1678/1813/1808
f 1399/1741/1736 1678/1813/1808 1677/1743/1738
f 1677/1743/1738 1678/1813/1808 1468/1814/1809
f 1677/1743/1738 1468/1814/1809 1467/1745/1740
f 1467/1745/1740 1468/1814/1809 1430/1815/1810
f 1467/1745/1740 1430/1815/1810 1431/1747/1742
f 1431/1747/1742 1430/1815/1810 1525/1816/1811
f 1431/1747/1742 1525/1816/1811 1524/1749/1744
f 1524/1749/1744 1525/1816/1811 1492/1817/1812
f 1524/1749/1744 1492/1817/1812 1493/1751/1746
f 1493/1751/1746 1492/1817/1812 1642/1818/1813
f 1493/1751/1746 1642/1818/1813 1643/1753/1748
f 1643/1753/1748 1642/1818/1813 1758/1819/1814
f 1643/1753/1748 1758/1819/1814 1757/1755/1750
f 1757/1755/1750 1758/1819/1814 1581/1820/1815
f 1757/1755/1750 1581/1820/1815 1580/1757/1752
f 1580/1757/1752 1581/1820/1815 1555/1821/1816
f 1580/1757/1752 1555/1821/1816 1556/1759/1754
f 1556/1759/1754 1555/1821/1816 1727/1822/1817
f 1556/1759/1754 1727/1822/1817 1726/1761/1756
f 1726/1761/1756 1727/1822/1817 1697/1823/1818
f 1726/1761/1756 1697/1823/1818 1696/1420/1416
f 1696/1420/1416 1697/1823/1818 1607/1418/1414
f 1398/1812/1807 1368/1810/1805 1397/1811/1806
f 1350/1714/1709 1371/1809/1804 1372/1716/1711
f 1372/1716/1711 1371/1809/1804 1401/1824/1819
f 1372/1716/1711 1401/1824/1819 1402/1718/1713
f 1402/1718/1713 1401/1824/1819 1675/1825/1820
f 1402/1718/1713 1675/1825/1820 1674/1720/1715
f 1674/1720/1715 1675/1825/1820 1465/1826/1821
f 1674/1720/1715 1465/1826/1821 1464/1722/1717
f 1464/1722/1717 1465/1826/1821 1433/1827/1822
f 1464/1722/1717 1433/1827/1822 1434/1724/1719
f 1434/1724/1719 1433/1827/1822 1522/1828/1823
f 1434/1724/1719 1522/1828/1823 1521/1726/1721
f 1521/1726/1721 1522/1828/1823 1495/1829/1824
f 1521/1726/1721 1495/1829/1824 1496/1728/1723
f 1496/1728/1723 1495/1829/1824 1645/1830/1825
f 1496/1728/1723 1645/1830/1825 1646/1730/1725
f 1646/1730/1725 1645/1830/1825 1755/1831/1826
f 1646/1730/1725 1755/1831/1826 1754/1732/1727
f 1754/1732/1727 1755/1831/1826 1578/1832/1827
f 1754/1732/1727 1578/1832/1827 1577/1426/1422
f 1577/1426/1422 1578/1832/1827 1558/1424/1420
f 1401/1824/1819 1371/1809/1804 1400/1742/1737
f 1404/1700/1695 1374/1698/1693 1403/1719/1714
f 1403/1719/1714 1374/1698/1693 1373/1717/1712
f 1406/1686/1681 1376/1684/1679 1405/1701/1696
f 1405/1701/1696 1376/1684/1679 1375/1699/1694
f 1343/1788/1783 1378/1808/1803 1379/1790/1785
f 1379/1790/1785 1378/1808/1803 1408/1833/1828
f 1379/1790/1785 1408/1833/1828 1409/1792/1787
f 1409/1792/1787 1408/1833/1828 1668/1834/1829
f 1409/1792/1787 1668/1834/1829 1667/1440/1436
f 1667/1440/1436 1668/1834/1829 1458/1438/1434
f 1408/1833/1828 1378/1808/1803 1407/1687/1682
f 1337/1453/1449 1384/1802/1797 1385/1455/1451
f 1385/1455/1451 1384/1802/1797 1414/1835/1830
f 1385/1455/1451 1414/1835/1830 1415/1457/1453
f 1415/1457/1453 1414/1835/1830 1662/1836/1831
f 1415/1457/1453 1662/1836/1831 1661/1459/1455
f 1661/1459/1455 1662/1836/1831 1452/1837/1832
f 1661/1459/1455 1452/1837/1832 1451/1461/1457
f 1451/1461/1457 1452/1837/1832 1446/1838/1833
f 1451/1461/1457 1446/1838/1833 1447/1463/1459
f 1447/1463/1459 1446/1838/1833 1509/1839/1834
f 1447/1463/1459 1509/1839/1834 1448/1465/1461
f 1448/1465/1461 1509/1839/1834 1508/1468/1464
f 1414/1835/1830 1384/1802/1797 1413/1803/1798
f 1296/1490/1486 1686/1503/1499 1390/1491/1487
f 1390/1491/1487 1686/1503/1499 1391/1492/1488
f 1686/1503/1499 1685/1505/1501 1391/1492/1488
f 1391/1492/1488 1685/1505/1501 1392/1494/1490
f 1685/1505/1501 1684/1507/1503 1392/1494/1490
f 1392/1494/1490 1684/1507/1503 1393/1496/1492
f 1684/1507/1503 1683/1509/1505 1393/1496/1492
f 1393/1496/1492 1683/1509/1505 1394/1498/1494
f 1683/1509/1505 1682/1511/1507 1394/1498/1494
f 1394/1498/1494 1682/1511/1507 1395/1389/1385
f 1682/1511/1507 1681/1391/1387 1395/1389/1385
f 1398/1812/1807 1397/1811/1806 1679/1840/1835
f 1679/1840/1835 1397/1811/1806 1680/1392/1388
f 1679/1840/1835 1680/1392/1388 1470/1394/1390
f 1675/1825/1820 1401/1824/1819 1676/1744/1739
f 1676/1744/1739 1401/1824/1819 1400/1742/1737
f 1672/1702/1697 1404/1700/1695 1673/1721/1716
f 1673/1721/1716 1404/1700/1695 1403/1719/1714
f 1670/1688/1683 1406/1686/1681 1671/1703/1698
f 1671/1703/1698 1406/1686/1681 1405/1701/1696
f 1668/1834/1829 1408/1833/1828 1669/1689/1684
f 1669/1689/1684 1408/1833/1828 1407/1687/1682
f 1414/1835/1830 1413/1803/1798 1663/1841/1836
f 1663/1841/1836 1413/1803/1798 1664/1804/1799
f 1663/1841/1836 1664/1804/1799 1454/1842/1837
f 1454/1842/1837 1664/1804/1799 1455/1805/1800
f 1454/1842/1837 1455/1805/1800 1443/1843/1838
f 1443/1843/1838 1455/1805/1800 1442/1806/1801
f 1443/1843/1838 1442/1806/1801 1513/1844/1839
f 1513/1844/1839 1442/1806/1801 1514/1807/1802
f 1513/1844/1839 1514/1807/1802 1503/1478/1474
f 1503/1478/1474 1514/1807/1802 1502/1480/1476
f 1659/1768/1763 1417/1659/1654 1660/1460/1456
f 1660/1460/1456 1417/1659/1654 1416/1458/1454
f 1062/1466/1462 1419/1655/1650 1658/1767/1762
f 1658/1767/1762 1419/1655/1650 1418/1657/1652
f 1477/1502/1498 1478/1501/1497 1420/1769/1764
f 1420/1769/1764 1478/1501/1497 1297/1500/1496
f 1476/1504/1500 1477/1502/1498 1421/1770/1765
f 1421/1770/1765 1477/1502/1498 1420/1769/1764
f 1475/1506/1502 1476/1504/1500 1422/1771/1766
f 1422/1771/1766 1476/1504/1500 1421/1770/1765
f 1474/1508/1504 1475/1506/1502 1423/1772/1767
f 1423/1772/1767 1475/1506/1502 1422/1771/1766
f 1473/1510/1506 1474/1508/1504 1424/1773/1768
f 1424/1773/1768 1474/1508/1504 1423/1772/1767
f 1472/1512/1508 1473/1510/1506 1425/1774/1769
f 1425/1774/1769 1473/1510/1506 1424/1773/1768
f 1471/1393/1389 1472/1512/1508 1426/1775/1770
f 1426/1775/1770 1472/1512/1508 1425/1774/1769
f 1426/1775/1770 1427/1395/1391 1471/1393/1389
f 1428/1396/1392 1429/1845/1840 1469/1846/1841
f 1469/1846/1841 1429/1845/1840 1468/1814/1809
f 1469/1846/1841 1468/1814/1809 1678/1813/1808
f 1468/1814/1809 1429/1845/1840 1430/1815/1810
f 1430/1815/1810 1429/1845/1840 1526/1847/1842
f 1430/1815/1810 1526/1847/1842 1525/1816/1811
f 1525/1816/1811 1526/1847/1842 1491/1848/1843
f 1525/1816/1811 1491/1848/1843 1492/1817/1812
f 1492/1817/1812 1491/1848/1843 1641/1849/1844
f 1492/1817/1812 1641/1849/1844 1642/1818/1813
f 1642/1818/1813 1641/1849/1844 1759/1850/1845
f 1642/1818/1813 1759/1850/1845 1758/1819/1814
f 1758/1819/1814 1759/1850/1845 1582/1851/1846
f 1758/1819/1814 1582/1851/1846 1581/1820/1815
f 1581/1820/1815 1582/1851/1846 1554/1852/1847
f 1581/1820/1815 1554/1852/1847 1555/1821/1816
f 1555/1821/1816 1554/1852/1847 1728/1853/1848
f 1555/1821/1816 1728/1853/1848 1727/1822/1817
f 1727/1822/1817 1728/1853/1848 1698/1854/1849
f 1727/1822/1817 1698/1854/1849 1697/1823/1818
f 1697/1823/1818 1698/1854/1849 1608/1416/1412
f 1697/1823/1818 1608/1416/1412 1607/1418/1414
f 1526/1847/1842 1429/1845/1840 1527/1398/1394
f 1527/1398/1394 1429/1845/1840 1428/1396/1392
f 1466/1746/1741 1432/1748/1743 1465/1826/1821
f 1465/1826/1821 1432/1748/1743 1433/1827/1822
f 1522/1828/1823 1433/1827/1822 1523/1750/1745
f 1523/1750/1745 1433/1827/1822 1432/1748/1743
f 1463/1723/1718 1435/1725/1720 1462/1704/1699
f 1462/1704/1699 1435/1725/1720 1436/1706/1701
f 1519/1708/1703 1436/1706/1701 1520/1727/1722
f 1520/1727/1722 1436/1706/1701 1435/1725/1720
f 1461/1705/1700 1437/1707/1702 1460/1690/1685
f 1460/1690/1685 1437/1707/1702 1438/1692/1687
f 1517/1434/1430 1438/1692/1687 1518/1709/1704
f 1518/1709/1704 1438/1692/1687 1437/1707/1702
f 1459/1691/1686 1439/1436/1432 1458/1438/1434
f 1443/1843/1838 1444/1855/1850 1454/1842/1837
f 1454/1842/1837 1444/1855/1850 1453/1856/1851
f 1454/1842/1837 1453/1856/1851 1663/1841/1836
f 1663/1841/1836 1453/1856/1851 1662/1836/1831
f 1663/1841/1836 1662/1836/1831 1414/1835/1830
f 1444/1855/1850 1445/1857/1852 1453/1856/1851
f 1453/1856/1851 1445/1857/1852 1452/1837/1832
f 1453/1856/1851 1452/1837/1832 1662/1836/1831
f 1444/1855/1850 1443/1843/1838 1512/1858/1853
f 1512/1858/1853 1443/1843/1838 1513/1844/1839
f 1512/1858/1853 1513/1844/1839 1504/1476/1472
f 1504/1476/1472 1513/1844/1839 1503/1478/1474
f 1452/1837/1832 1445/1857/1852 1446/1838/1833
f 1446/1838/1833 1445/1857/1852 1510/1859/1854
f 1446/1838/1833 1510/1859/1854 1509/1839/1834
f 1509/1839/1834 1510/1859/1854 1507/1470/1466
f 1509/1839/1834 1507/1470/1466 1508/1468/1464
f 1445/1857/1852 1444/1855/1850 1511/1860/1855
f 1511/1860/1855 1444/1855/1850 1512/1858/1853
f 1511/1860/1855 1512/1858/1853 1505/1474/1470
f 1505/1474/1470 1512/1858/1853 1504/1476/1472
f 1295/1464/1460 1449/1766/1761 1450/1462/1458
f 1450/1462/1458 1449/1766/1761 1659/1768/1763
f 1450/1462/1458 1659/1768/1763 1660/1460/1456
f 1669/1689/1684 1459/1691/1686 1668/1834/1829
f 1668/1834/1829 1459/1691/1686 1458/1438/1434
f 1671/1703/1698 1461/1705/1700 1670/1688/1683
f 1670/1688/1683 1461/1705/1700 1460/1690/1685
f 1673/1721/1716 1463/1723/1718 1672/1702/1697
f 1672/1702/1697 1463/1723/1718 1462/1704/1699
f 1676/1744/1739 1466/1746/1741 1675/1825/1820
f 1675/1825/1820 1466/1746/1741 1465/1826/1821
f 1679/1840/1835 1470/1394/1390 1469/1846/1841
f 1469/1846/1841 1470/1394/1390 1428/1396/1392
f 1679/1840/1835 1469/1846/1841 1678/1813/1808
f 1480/1517/1513 1479/1515/1511 1629/1861/1856
f 1629/1861/1856 1479/1515/1511 1628/1514/1510
f 1629/1861/1856 1628/1514/1510 1772/1862/1857
f 1772/1862/1857 1628/1514/1510 1299/1780/1775
f 1772/1862/1857 1299/1780/1775 1596/1863/1858
f 1596/1863/1858 1299/1780/1775 1597/1781/1776
f 1596/1863/1858 1597/1781/1776 1539/1539/1535
f 1481/1519/1515 1480/1517/1513 1630/1864/1859
f 1630/1864/1859 1480/1517/1513 1629/1861/1856
f 1630/1864/1859 1629/1861/1856 1771/1865/1860
f 1771/1865/1860 1629/1861/1856 1772/1862/1857
f 1771/1865/1860 1772/1862/1857 1595/1866/1861
f 1595/1866/1861 1772/1862/1857 1596/1863/1858
f 1595/1866/1861 1596/1863/1858 1540/1541/1537
f 1540/1541/1537 1596/1863/1858 1539/1539/1535
f 1482/1521/1517 1481/1519/1515 1631/1867/1862
f 1631/1867/1862 1481/1519/1515 1630/1864/1859
f 1631/1867/1862 1630/1864/1859 1770/1868/1863
f 1770/1868/1863 1630/1864/1859 1771/1865/1860
f 1770/1868/1863 1771/1865/1860 1594/1869/1864
f 1594/1869/1864 1771/1865/1860 1595/1866/1861
f 1594/1869/1864 1595/1866/1861 1541/1543/1539
f 1541/1543/1539 1595/1866/1861 1540/1541/1537
f 1483/1523/1519 1482/1521/1517 1632/1870/1865
f 1632/1870/1865 1482/1521/1517 1631/1867/1862
f 1632/1870/1865 1631/1867/1862 1769/1871/1866
f 1769/1871/1866 1631/1867/1862 1770/1868/1863
f 1769/1871/1866 1770/1868/1863 1593/1872/1867
f 1593/1872/1867 1770/1868/1863 1594/1869/1864
f 1593/1872/1867 1594/1869/1864 1542/1545/1541
f 1542/1545/1541 1594/1869/1864 1541/1543/1539
f 1484/1525/1521 1483/1523/1519 1633/1873/1868
f 1633/1873/1868 1483/1523/1519 1632/1870/1865
f 1633/1873/1868 1632/1870/1865 1768/1874/1869
f 1768/1874/1869 1632/1870/1865 1769/1871/1866
f 1768/1874/1869 1769/1871/1866 1592/1875/1870
f 1592/1875/1870 1769/1871/1866 1593/1872/1867
f 1592/1875/1870 1593/1872/1867 1543/1547/1543
f 1543/1547/1543 1593/1872/1867 1542/1545/1541
f 1485/1527/1523 1484/1525/1521 1634/1876/1871
f 1634/1876/1871 1484/1525/1521 1633/1873/1868
f 1634/1876/1871 1633/1873/1868 1767/1877/1872
f 1767/1877/1872 1633/1873/1868 1768/1874/1869
f 1767/1877/1872 1768/1874/1869 1591/1878/1873
f 1591/1878/1873 1768/1874/1869 1592/1875/1870
f 1591/1878/1873 1592/1875/1870 1544/1549/1545
f 1544/1549/1545 1592/1875/1870 1543/1547/1543
f 1486/1529/1525 1485/1527/1523 1635/1879/1874
f 1635/1879/1874 1485/1527/1523 1634/1876/1871
f 1635/1879/1874 1634/1876/1871 1766/1880/1875
f 1766/1880/1875 1634/1876/1871 1767/1877/1872
f 1766/1880/1875 1767/1877/1872 1590/1881/1876
f 1590/1881/1876 1767/1877/1872 1591/1878/1873
f 1590/1881/1876 1591/1878/1873 1545/1551/1547
f 1545/1551/1547 1591/1878/1873 1544/1549/1545
f 1487/1531/1527 1486/1529/1525 1636/1882/1877
f 1636/1882/1877 1486/1529/1525 1635/1879/1874
f 1636/1882/1877 1635/1879/1874 1765/1883/1878
f 1765/1883/1878 1635/1879/1874 1766/1880/1875
f 1765/1883/1878 1766/1880/1875 1589/1884/1879
f 1589/1884/1879 1766/1880/1875 1590/1881/1876
f 1589/1884/1879 1590/1881/1876 1546/1553/1549
f 1546/1553/1549 1590/1881/1876 1545/1551/1547
f 1488/1533/1529 1487/1531/1527 1637/1885/1880
f 1637/1885/1880 1487/1531/1527 1636/1882/1877
f 1637/1885/1880 1636/1882/1877 1764/1886/1881
f 1764/1886/1881 1636/1882/1877 1765/1883/1878
f 1764/1886/1881 1765/1883/1878 1588/1887/1882
f 1588/1887/1882 1765/1883/1878 1589/1884/1879
f 1588/1887/1882 1589/1884/1879 1547/1555/1551
f 1547/1555/1551 1589/1884/1879 1546/1553/1549
f 1526/1847/1842 1527/1398/1394 1490/1400/1396
f 1489/1399/1395 1488/1533/1529 1638/1888/1883
f 1638/1888/1883 1488/1533/1529 1637/1885/1880
f 1638/1888/1883 1637/1885/1880 1763/1889/1884
f 1763/1889/1884 1637/1885/1880 1764/1886/1881
f 1763/1889/1884 1764/1886/1881 1587/1890/1885
f 1587/1890/1885 1764/1886/1881 1588/1887/1882
f 1587/1890/1885 1588/1887/1882 1548/1557/1553
f 1548/1557/1553 1588/1887/1882 1547/1555/1551
f 1526/1847/1842 1490/1400/1396 1491/1848/1843
f 1491/1848/1843 1490/1400/1396 1640/1402/1398
f 1491/1848/1843 1640/1402/1398 1641/1849/1844
f 1641/1849/1844 1640/1402/1398 1760/1404/1400
f 1641/1849/1844 1760/1404/1400 1759/1850/1845
f 1759/1850/1845 1760/1404/1400 1583/1406/1402
f 1759/1850/1845 1583/1406/1402 1582/1851/1846
f 1582/1851/1846 1583/1406/1402 1553/1408/1404
f 1582/1851/1846 1553/1408/1404 1554/1852/1847
f 1554/1852/1847 1553/1408/1404 1729/1410/1406
f 1554/1852/1847 1729/1410/1406 1728/1853/1848
f 1728/1853/1848 1729/1410/1406 1699/1412/1408
f 1728/1853/1848 1699/1412/1408 1698/1854/1849
f 1698/1854/1849 1699/1412/1408 1609/1414/1410
f 1698/1854/1849 1609/1414/1410 1608/1416/1412
f 1522/1828/1823 1523/1750/1745 1494/1752/1747
f 1522/1828/1823 1494/1752/1747 1495/1829/1824
f 1495/1829/1824 1494/1752/1747 1644/1754/1749
f 1495/1829/1824 1644/1754/1749 1645/1830/1825
f 1645/1830/1825 1644/1754/1749 1756/1756/1751
f 1645/1830/1825 1756/1756/1751 1755/1831/1826
f 1755/1831/1826 1756/1756/1751 1579/1758/1753
f 1755/1831/1826 1579/1758/1753 1578/1832/1827
f 1578/1832/1827 1579/1758/1753 1557/1760/1755
f 1578/1832/1827 1557/1760/1755 1558/1424/1420
f 1558/1424/1420 1557/1760/1755 1725/1422/1418
f 1519/1708/1703 1520/1727/1722 1497/1729/1724
f 1519/1708/1703 1497/1729/1724 1498/1710/1705
f 1498/1710/1705 1497/1729/1724 1647/1731/1726
f 1498/1710/1705 1647/1731/1726 1648/1430/1426
f 1648/1430/1426 1647/1731/1726 1753/1428/1424
f 1517/1434/1430 1518/1709/1704 1499/1432/1428
f 1505/1474/1470 1506/1472/1468 1511/1860/1855
f 1511/1860/1855 1506/1472/1468 1510/1859/1854
f 1511/1860/1855 1510/1859/1854 1445/1857/1852
f 1506/1472/1468 1507/1470/1466 1510/1859/1854
f 1548/1557/1553 1549/1559/1555 1587/1890/1885
f 1587/1890/1885 1549/1559/1555 1586/1891/1886
f 1587/1890/1885 1586/1891/1886 1763/1889/1884
f 1763/1889/1884 1586/1891/1886 1762/1892/1887
f 1763/1889/1884 1762/1892/1887 1638/1888/1883
f 1638/1888/1883 1762/1892/1887 1639/1401/1397
f 1638/1888/1883 1639/1401/1397 1489/1399/1395
f 1549/1559/1555 1550/1561/1557 1586/1891/1886
f 1586/1891/1886 1550/1561/1557 1585/1893/1888
f 1586/1891/1886 1585/1893/1888 1762/1892/1887
f 1762/1892/1887 1585/1893/1888 1761/1403/1399
f 1762/1892/1887 1761/1403/1399 1639/1401/1397
f 1550/1561/1557 1551/1563/1559 1585/1893/1888
f 1585/1893/1888 1551/1563/1559 1584/1405/1401
f 1585/1893/1888 1584/1405/1401 1761/1403/1399
f 1551/1563/1559 1552/1407/1403 1584/1405/1401
f 1560/1614/1610 1561/1894/1889 1575/1615/1611
f 1575/1615/1611 1561/1894/1889 1574/1635/1630
f 1575/1615/1611 1574/1635/1630 1751/1616/1612
f 1574/1635/1630 1561/1894/1889 1562/1633/1628
f 1562/1633/1628 1561/1894/1889 1721/1895/1890
f 1562/1633/1628 1721/1895/1890 1720/1631/1626
f 1720/1631/1626 1721/1895/1890 1691/1896/1891
f 1720/1631/1626 1691/1896/1891 1690/1629/1624
f 1690/1629/1624 1691/1896/1891 1601/1618/1613
f 1690/1629/1624 1601/1618/1613 1600/1627/1622
f 1600/1627/1622 1601/1618/1613 1104/1617/1170
f 1721/1895/1890 1561/1894/1889 1722/1623/1618
f 1722/1623/1618 1561/1894/1889 1560/1614/1610
f 1573/1634/1629 1563/1632/1627 1572/1645/1640
f 1572/1645/1640 1563/1632/1627 1564/1643/1638
f 1718/1641/1636 1564/1643/1638 1719/1630/1625
f 1719/1630/1625 1564/1643/1638 1563/1632/1627
f 1565/1642/1637 1566/1651/1646 1570/1897/1892
f 1570/1897/1892 1566/1651/1646 1569/1898/1893
f 1570/1897/1892 1569/1898/1893 1746/1778/1773
f 1746/1778/1773 1569/1898/1893 1745/1777/1772
f 1566/1651/1646 1567/1649/1644 1569/1898/1893
f 1569/1898/1893 1567/1649/1644 1568/1648/1643
f 1569/1898/1893 1568/1648/1643 1745/1777/1772
f 1745/1777/1772 1568/1648/1643 1298/1776/1771
f 1717/1640/1635 1687/1638/1633 1300/1650/1645
f 1565/1642/1637 1570/1897/1892 1571/1644/1639
f 1571/1644/1639 1570/1897/1892 1747/1779/1774
f 1571/1644/1639 1747/1779/1774 1748/1646/1641
f 1747/1779/1774 1570/1897/1892 1746/1778/1773
f 1750/1636/1631 1573/1634/1629 1749/1647/1642
f 1749/1647/1642 1573/1634/1629 1572/1645/1640
f 1069/1513/1509 1299/1780/1775 1628/1514/1510
f 1689/1628/1623 1599/1626/1621 1688/1639/1634
f 1688/1639/1634 1599/1626/1621 1598/1625/1620
f 1692/1621/1616 1602/1619/1614 1691/1896/1891
f 1691/1896/1891 1602/1619/1614 1601/1618/1613
f 1605/1611/1607 1105/1610/1606 1604/1899/1894
f 1604/1899/1894 1105/1610/1606 1603/1620/1615
f 1604/1899/1894 1603/1620/1615 1693/1622/1617
f 1694/1612/1608 1605/1611/1607 1604/1899/1894
f 1694/1612/1608 1604/1899/1894 1693/1622/1617
f 1701/1608/1604 1611/1607/1603 1700/1411/1407
f 1700/1411/1407 1611/1607/1603 1610/1413/1409
f 1703/1605/1601 1613/1604/1600 1702/1609/1605
f 1702/1609/1605 1613/1604/1600 1612/1603/1599
f 1705/1600/1596 1615/1599/1595 1704/1606/1602
f 1704/1606/1602 1615/1599/1595 1614/1598/1594
f 1616/1594/1590 1706/1601/1597 1617/1591/1587
f 1617/1591/1587 1706/1601/1597 1707/1900/1895
f 1617/1591/1587 1707/1900/1895 1618/1588/1584
f 1618/1588/1584 1707/1900/1895 1708/1585/1581
f 1618/1588/1584 1708/1585/1581 1619/1584/1580
f 1714/1570/1566 1625/1568/1564 1624/1571/1567
f 1624/1571/1567 1623/1573/1569 1713/1901/1896
f 1713/1901/1896 1623/1573/1569 1712/1575/1571
f 1713/1901/1896 1712/1575/1571 1742/1542/1538
f 1742/1542/1538 1712/1575/1571 1741/1544/1540
f 1301/1535/1531 1627/1565/1561 1626/1567/1563
f 1301/1535/1531 1626/1567/1563 1715/1569/1565
f 1749/1647/1642 1651/1481/1477 1750/1636/1631
f 1750/1636/1631 1651/1481/1477 1650/1483/1479
f 1063/1467/1463 1298/1776/1771 1568/1648/1643
f 1398/1812/1807 1679/1840/1835 1678/1813/1808
f 1719/1630/1625 1689/1628/1623 1718/1641/1636
f 1718/1641/1636 1689/1628/1623 1688/1639/1634
f 1722/1623/1618 1692/1621/1616 1721/1895/1890
f 1721/1895/1890 1692/1621/1616 1691/1896/1891
f 1723/1613/1609 1694/1612/1608 1693/1622/1617
f 1731/1564/1560 1701/1608/1604 1730/1409/1405
f 1730/1409/1405 1701/1608/1604 1700/1411/1407
f 1733/1560/1556 1703/1605/1601 1732/1562/1558
f 1732/1562/1558 1703/1605/1601 1702/1609/1605
f 1735/1556/1552 1705/1600/1596 1734/1558/1554
f 1734/1558/1554 1705/1600/1596 1704/1606/1602
f 1737/1552/1548 1708/1585/1581 1707/1900/1895
f 1737/1552/1548 1707/1900/1895 1736/1554/1550
f 1736/1554/1550 1707/1900/1895 1706/1601/1597
f 1743/1540/1536 1714/1570/1566 1713/1901/1896
f 1713/1901/1896 1714/1570/1566 1624/1571/1567
f 1743/1540/1536 1713/1901/1896 1742/1542/1538
f 1716/1536/1532 1301/1535/1531 1715/1569/1565
f 1716/1536/1532 1715/1569/1565 1744/1538/1534
f 1051/1902/1897 1787/1903/1898 1052/1904/1899
f 1052/1904/1899 1787/1903/1898 1795/1905/1900
f 1052/1904/1899 1795/1905/1900 1785/1906/1901
f 1785/1906/1901 1795/1905/1900 1796/1907/1902
f 1785/1906/1901 1796/1907/1902 1797/1908/1903
f 1797/1908/1903 1796/1907/1902 1850/1909/1904
f 1797/1908/1903 1850/1909/1904 1849/1910/1905
f 1849/1910/1905 1850/1909/1904 1858/1911/1906
f 1849/1910/1905 1858/1911/1906 1859/1912/1907
f 1859/1912/1907 1858/1911/1906 1888/1913/1908
f 1859/1912/1907 1888/1913/1908 1889/1914/1909
f 1889/1914/1909 1888/1913/1908 2174/1915/1910
f 1889/1914/1909 2174/1915/1910 2173/1916/1911
f 2173/1916/1911 2174/1915/1910 1964/1917/1912
f 2173/1916/1911 1964/1917/1912 1963/1918/1913
f 1963/1918/1913 1964/1917/1912 1920/1919/1914
f 1963/1918/1913 1920/1919/1914 1921/1920/1915
f 1921/1920/1915 1920/1919/1914 2021/1921/1916
f 1921/1920/1915 2021/1921/1916 2020/1922/1917
f 2020/1922/1917 2021/1921/1916 1982/1923/1918
f 2020/1922/1917 1982/1923/1918 1983/1924/1919
f 1983/1924/1919 1982/1923/1918 2132/1925/1920
f 1983/1924/1919 2132/1925/1920 2133/1926/1921
f 2133/1926/1921 2132/1925/1920 2254/1927/1922
f 2133/1926/1921 2254/1927/1922 2253/1928/1923
f 2253/1928/1923 2254/1927/1922 2077/1929/1924
f 2253/1928/1923 2077/1929/1924 2076/1930/1925
f 2076/1930/1925 2077/1929/1924 2045/1931/1926
f 2076/1930/1925 2045/1931/1926 2046/1932/1927
f 2046/1932/1927 2045/1931/1926 2223/1933/1928
f 2046/1932/1927 2223/1933/1928 2222/1934/1929
f 2222/1934/1929 2223/1933/1928 2193/1935/1930
f 2222/1934/1929 2193/1935/1930 2192/1936/1931
f 2192/1936/1931 2193/1935/1930 2103/1937/1932
f 2192/1936/1931 2103/1937/1932 2102/1938/1933
f 2102/1938/1933 2103/1937/1932 1195/1939/1934
f 2102/1938/1933 1195/1939/1934 2101/1940/1935
f 2101/1940/1935 1195/1939/1934 1194/1941/1936
f 2101/1940/1935 1194/1941/1936 2100/1942/1937
f 2100/1942/1937 1194/1941/1936 2099/1943/1938
f 2100/1942/1937 2099/1943/1938 2189/1944/1939
f 2189/1944/1939 2099/1943/1938 2188/1945/1940
f 2189/1944/1939 2188/1945/1940 2218/1946/1941
f 2218/1946/1941 2188/1945/1940 2217/1947/1942
f 2218/1946/1941 2217/1947/1942 2051/1948/1943
f 2051/1948/1943 2217/1947/1942 2052/1949/1944
f 2051/1948/1943 2052/1949/1944 2070/1950/1945
f 2070/1950/1945 2052/1949/1944 2069/1951/1946
f 2070/1950/1945 2069/1951/1946 2246/1952/1947
f 2246/1952/1947 2069/1951/1946 2245/1953/1948
f 2246/1952/1947 2245/1953/1948 2141/1954/1949
f 2141/1954/1949 2245/1953/1948 2142/1955/1950
f 2141/1954/1949 2142/1955/1950 1992/1956/1951
f 1992/1956/1951 2142/1955/1950 1993/1957/1952
f 1992/1956/1951 1993/1957/1952 2010/1958/1953
f 2010/1958/1953 1993/1957/1952 2009/1959/1954
f 2010/1958/1953 2009/1959/1954 1932/1960/1955
f 1932/1960/1955 2009/1959/1954 1933/1961/1956
f 1932/1960/1955 1933/1961/1956 1951/1962/1957
f 1951/1962/1957 1933/1961/1956 1950/1963/1958
f 1951/1962/1957 1950/1963/1958 2160/1964/1959
f 2160/1964/1959 1950/1963/1958 2159/1965/1960
f 2160/1964/1959 2159/1965/1960 1903/1966/1961
f 1903/1966/1961 2159/1965/1960 1904/1967/1962
f 1903/1966/1961 1904/1967/1962 1874/1968/1963
f 1874/1968/1963 1904/1967/1962 1875/1969/1964
f 1874/1968/1963 1875/1969/1964 1833/1970/1965
f 1833/1970/1965 1875/1969/1964 1832/1971/1966
f 1833/1970/1965 1832/1971/1966 1814/1972/1967
f 1814/1972/1967 1832/1971/1966 1815/1973/1968
f 1814/1972/1967 1815/1973/1968 1777/1974/1969
f 1777/1974/1969 1815/1973/1968 1816/1975/1970
f 1777/1974/1969 1816/1975/1970 1817/1976/1971
f 1817/1976/1971 1816/1975/1970 1830/1977/1972
f 1817/1976/1971 1830/1977/1972 1829/1978/1973
f 1829/1978/1973 1830/1977/1972 1878/1979/1974
f 1829/1978/1973 1878/1979/1974 1879/1980/1975
f 1879/1980/1975 1878/1979/1974 1908/1981/1976
f 1879/1980/1975 1908/1981/1976 1909/1982/1977
f 1909/1982/1977 1908/1981/1976 2154/1983/1978
f 1909/1982/1977 2154/1983/1978 2153/1984/1979
f 2153/1984/1979 2154/1983/1978 1944/1985/1980
f 2153/1984/1979 1944/1985/1980 1943/1986/1981
f 1943/1986/1981 1944/1985/1980 1940/1987/1982
f 1943/1986/1981 1940/1987/1982 1788/1988/1983
f 1788/1988/1983 1940/1987/1982 1941/1989/1984
f 1788/1988/1983 1941/1989/1984 1032/1990/1985
f 1032/1990/1985 1941/1989/1984 1033/1991/1986
f 1033/1991/1986 1941/1989/1984 2001/1992/1987
f 1033/1991/1986 2001/1992/1987 2150/1993/1988
f 2150/1993/1988 2001/1992/1987 2000/1994/1989
f 2150/1993/1988 2000/1994/1989 2149/1995/1990
f 2149/1995/1990 2000/1994/1989 1999/1996/1991
f 2149/1995/1990 1999/1996/1991 2148/1997/1992
f 2148/1997/1992 1999/1996/1991 1998/1998/1993
f 2148/1997/1992 1998/1998/1993 2147/1999/1994
f 2147/1999/1994 1998/1998/1993 1997/2000/1995
f 2147/1999/1994 1997/2000/1995 2146/2001/1996
f 2146/2001/1996 1997/2000/1995 1996/2002/1997
f 2146/2001/1996 1996/2002/1997 2145/2003/1998
f 2145/2003/1998 1996/2002/1997 1995/2004/1999
f 2145/2003/1998 1995/2004/1999 2144/2005/2000
f 2144/2005/2000 1995/2004/1999 1994/2006/2001
f 2144/2005/2000 1994/2006/2001 2143/2007/2002
f 2143/2007/2002 1994/2006/2001 1993/1957/1952
f 2143/2007/2002 1993/1957/1952 2142/1955/1950
f 1050/2008/2003 1854/2009/2004 1051/1902/1897
f 1051/1902/1897 1854/2009/2004 1853/2010/2005
f 1051/1902/1897 1853/2010/2005 1787/1903/1898
f 1787/1903/1898 1853/2010/2005 1852/2011/2006
f 1787/1903/1898 1852/2011/2006 1795/1905/1900
f 1795/1905/1900 1852/2011/2006 1851/2012/2007
f 1795/1905/1900 1851/2012/2007 1796/1907/1902
f 1796/1907/1902 1851/2012/2007 1850/1909/1904
f 1049/2013/2008 1789/2014/2009 1050/2008/2003
f 1050/2008/2003 1789/2014/2009 1883/2015/2010
f 1050/2008/2003 1883/2015/2010 1854/2009/2004
f 1854/2009/2004 1883/2015/2010 1884/2016/2011
f 1854/2009/2004 1884/2016/2011 1855/2017/2012
f 1855/2017/2012 1884/2016/2011 1885/2018/2013
f 1855/2017/2012 1885/2018/2013 1856/2019/2014
f 1856/2019/2014 1885/2018/2013 1886/2020/2015
f 1856/2019/2014 1886/2020/2015 1857/2021/2016
f 1857/2021/2016 1886/2020/2015 1887/2022/2017
f 1857/2021/2016 1887/2022/2017 1858/1911/1906
f 1858/1911/1906 1887/2022/2017 1888/1913/1908
f 1048/2023/2018 1790/2024/2019 1049/2013/2008
f 1049/2013/2008 1790/2024/2019 1971/2025/2020
f 1049/2013/2008 1971/2025/2020 1789/2014/2009
f 1789/2014/2009 1971/2025/2020 1970/2026/2021
f 1789/2014/2009 1970/2026/2021 2179/2027/2022
f 2179/2027/2022 1970/2026/2021 1969/2028/2023
f 2179/2027/2022 1969/2028/2023 2178/2029/2024
f 2178/2029/2024 1969/2028/2023 1968/2030/2025
f 2178/2029/2024 1968/2030/2025 2177/2031/2026
f 2177/2031/2026 1968/2030/2025 1967/2032/2027
f 2177/2031/2026 1967/2032/2027 2176/2033/2028
f 2176/2033/2028 1967/2032/2027 1966/2034/2029
f 2176/2033/2028 1966/2034/2029 2175/2035/2030
f 2175/2035/2030 1966/2034/2029 1965/2036/2031
f 2175/2035/2030 1965/2036/2031 2174/1915/1910
f 2174/1915/1910 1965/2036/2031 1964/1917/1912
f 1047/2037/2032 2121/2038/2033 1048/2023/2018
f 1048/2023/2018 2121/2038/2033 1972/2039/2034
f 1048/2023/2018 1972/2039/2034 2030/2040/2035
f 2030/2040/2035 1972/2039/2034 1973/2041/2036
f 2030/2040/2035 1973/2041/2036 2029/2042/2037
f 2029/2042/2037 1973/2041/2036 1974/2043/2038
f 2029/2042/2037 1974/2043/2038 2028/2044/2039
f 2028/2044/2039 1974/2043/2038 1975/2045/2040
f 2028/2044/2039 1975/2045/2040 2027/2046/2041
f 2027/2046/2041 1975/2045/2040 1976/2047/2042
f 2027/2046/2041 1976/2047/2042 2026/2048/2043
f 2026/2048/2043 1976/2047/2042 1977/2049/2044
f 2026/2048/2043 1977/2049/2044 2025/2050/2045
f 2025/2050/2045 1977/2049/2044 1978/2051/2046
f 2025/2050/2045 1978/2051/2046 2024/2052/2047
f 2024/2052/2047 1978/2051/2046 1979/2053/2048
f 2024/2052/2047 1979/2053/2048 2023/2054/2049
f 2023/2054/2049 1979/2053/2048 1980/2055/2050
f 2023/2054/2049 1980/2055/2050 2022/2056/2051
f 2022/2056/2051 1980/2055/2050 1981/2057/2052
f 2022/2056/2051 1981/2057/2052 2021/1921/1916
f 2021/1921/1916 1981/2057/2052 1982/1923/1918
f 1046/2058/2053 1794/2059/2054 1047/2037/2032
f 1047/2037/2032 1794/2059/2054 2209/2060/2055
f 1047/2037/2032 2209/2060/2055 2031/2061/2056
f 2031/2061/2056 2209/2060/2055 2237/2062/2057
f 2031/2061/2056 2237/2062/2057 2032/2063/2058
f 2032/2063/2058 2237/2062/2057 2236/2064/2059
f 2032/2063/2058 2236/2064/2059 2033/2065/2060
f 2033/2065/2060 2236/2064/2059 2235/2066/2061
f 2033/2065/2060 2235/2066/2061 2034/2067/2062
f 2034/2067/2062 2235/2066/2061 2234/2068/2063
f 2034/2067/2062 2234/2068/2063 2035/2069/2064
f 2035/2069/2064 2234/2068/2063 2233/2070/2065
f 2035/2069/2064 2233/2070/2065 2036/2071/2066
f 2036/2071/2066 2233/2070/2065 2232/2072/2067
f 2036/2071/2066 2232/2072/2067 2037/2073/2068
f 2037/2073/2068 2232/2072/2067 2231/2074/2069
f 2037/2073/2068 2231/2074/2069 2038/2075/2070
f 2038/2075/2070 2231/2074/2069 2230/2076/2071
f 2038/2075/2070 2230/2076/2071 2039/2077/2072
f 2039/2077/2072 2230/2076/2071 2229/2078/2073
f 2039/2077/2072 2229/2078/2073 2040/2079/2074
f 2040/2079/2074 2229/2078/2073 2228/2080/2075
f 2040/2079/2074 2228/2080/2075 2041/2081/2076
f 2041/2081/2076 2228/2080/2075 2227/2082/2077
f 2041/2081/2076 2227/2082/2077 2042/2083/2078
f 2042/2083/2078 2227/2082/2077 2226/2084/2079
f 2042/2083/2078 2226/2084/2079 2043/2085/2080
f 2043/2085/2080 2226/2084/2079 2225/2086/2081
f 2043/2085/2080 2225/2086/2081 2044/2087/2082
f 2044/2087/2082 2225/2086/2081 2224/2088/2083
f 2044/2087/2082 2224/2088/2083 2045/1931/1926
f 2045/1931/1926 2224/2088/2083 2223/1933/1928
f 1794/2059/2054 1046/2058/2053 2120/2089/2084
f 2120/2089/2084 1046/2058/2053 1210/2090/2085
f 2120/2089/2084 1210/2090/2085 2119/2091/2086
f 2119/2091/2086 1210/2090/2085 2118/2092/2087
f 2119/2091/2086 2118/2092/2087 2208/2093/2088
f 2208/2093/2088 2118/2092/2087 2207/2094/2089
f 2208/2093/2088 2207/2094/2089 2237/2062/2057
f 2237/2062/2057 2207/2094/2089 2236/2064/2059
f 2118/2092/2087 1210/2090/2085 2117/2095/2090
f 2117/2095/2090 1210/2090/2085 1209/2096/2091
f 2117/2095/2090 1209/2096/2091 2116/2097/2092
f 2116/2097/2092 1209/2096/2091 2115/2098/2093
f 2116/2097/2092 2115/2098/2093 2205/2099/2094
f 2205/2099/2094 2115/2098/2093 2204/2100/2095
f 2205/2099/2094 2204/2100/2095 2234/2068/2063
f 2234/2068/2063 2204/2100/2095 2233/2070/2065
f 1209/2096/2091 1208/2101/2096 2115/2098/2093
f 2115/2098/2093 1208/2101/2096 2114/2102/2097
f 2115/2098/2093 2114/2102/2097 2204/2100/2095
f 2204/2100/2095 2114/2102/2097 2203/2103/2098
f 2204/2100/2095 2203/2103/2098 2233/2070/2065
f 2233/2070/2065 2203/2103/2098 2232/2072/2067
f 1208/2101/2096 1207/2104/2099 2114/2102/2097
f 2114/2102/2097 1207/2104/2099 2113/2105/2100
f 2114/2102/2097 2113/2105/2100 2203/2103/2098
f 2203/2103/2098 2113/2105/2100 2202/2106/2101
f 2203/2103/2098 2202/2106/2101 2232/2072/2067
f 2232/2072/2067 2202/2106/2101 2231/2074/2069
f 1207/2104/2099 1206/2107/2102 2113/2105/2100
f 2113/2105/2100 1206/2107/2102 2112/2108/2103
f 2113/2105/2100 2112/2108/2103 2202/2106/2101
f 2202/2106/2101 2112/2108/2103 2201/2109/2104
f 2202/2106/2101 2201/2109/2104 2231/2074/2069
f 2231/2074/2069 2201/2109/2104 2230/2076/2071
f 1206/2107/2102 1205/2110/2105 2112/2108/2103
f 2112/2108/2103 1205/2110/2105 1204/2111/2106
f 2112/2108/2103 1204/2111/2106 2111/2112/2107
f 2111/2112/2107 1204/2111/2106 1203/2113/2108
f 2111/2112/2107 1203/2113/2108 1202/2114/2109
f 2111/2112/2107 1202/2114/2109 2110/2115/2110
f 2110/2115/2110 1202/2114/2109 1201/2116/2111
f 2110/2115/2110 1201/2116/2111 1200/2117/2112
f 2110/2115/2110 1200/2117/2112 2109/2118/2113
f 2109/2118/2113 1200/2117/2112 1199/2119/2114
f 2109/2118/2113 1199/2119/2114 1198/2120/2115
f 1197/2121/2116 2107/2122/2117 1198/2120/2115
f 1198/2120/2115 2107/2122/2117 2108/2123/2118
f 1198/2120/2115 2108/2123/2118 2109/2118/2113
f 2109/2118/2113 2108/2123/2118 2198/2124/2119
f 2109/2118/2113 2198/2124/2119 2199/2125/2120
f 2199/2125/2120 2198/2124/2119 2228/2080/2075
f 2199/2125/2120 2228/2080/2075 2229/2078/2073
f 1196/2126/2121 2105/2127/2122 1197/2121/2116
f 1197/2121/2116 2105/2127/2122 2106/2128/2123
f 1197/2121/2116 2106/2128/2123 2107/2122/2117
f 2107/2122/2117 2106/2128/2123 2196/2129/2124
f 2107/2122/2117 2196/2129/2124 2197/2130/2125
f 2197/2130/2125 2196/2129/2124 2226/2084/2079
f 2197/2130/2125 2226/2084/2079 2227/2082/2077
f 1195/1939/1934 2103/1937/1932 1196/2126/2121
f 1196/2126/2121 2103/1937/1932 2104/2131/2126
f 1196/2126/2121 2104/2131/2126 2105/2127/2122
f 2105/2127/2122 2104/2131/2126 2194/2132/2127
f 2105/2127/2122 2194/2132/2127 2195/2133/2128
f 2195/2133/2128 2194/2132/2127 2224/2088/2083
f 2195/2133/2128 2224/2088/2083 2225/2086/2081
f 1194/1941/1936 1193/2134/2129 2099/1943/1938
f 2099/1943/1938 1193/2134/2129 2098/2135/2130
f 2099/1943/1938 2098/2135/2130 2188/1945/1940
f 2188/1945/1940 2098/2135/2130 2187/2136/2131
f 2188/1945/1940 2187/2136/2131 2217/1947/1942
f 2217/1947/1942 2187/2136/2131 2216/2137/2132
f 2217/1947/1942 2216/2137/2132 2052/1949/1944
f 2052/1949/1944 2216/2137/2132 2053/2138/2133
f 2052/1949/1944 2053/2138/2133 2069/1951/1946
f 2069/1951/1946 2053/2138/2133 2068/2139/2134
f 2069/1951/1946 2068/2139/2134 2245/1953/1948
f 2245/1953/1948 2068/2139/2134 2244/2140/2135
f 2245/1953/1948 2244/2140/2135 2142/1955/1950
f 2142/1955/1950 2244/2140/2135 2143/2007/2002
f 1192/2141/1281 2094/2142/2136 1193/2134/2129
f 1193/2134/2129 2094/2142/2136 2095/2143/2137
f 1193/2134/2129 2095/2143/2137 2096/2144/2138
f 2096/2144/2138 2095/2143/2137 2185/2145/2139
f 2096/2144/2138 2185/2145/2139 2186/2146/2140
f 2186/2146/2140 2185/2145/2139 2215/2147/2141
f 2186/2146/2140 2215/2147/2141 2216/2137/2132
f 2216/2137/2132 2215/2147/2141 2053/2138/2133
f 1035/2148/2142 2091/2149/2143 1192/2141/1281
f 1192/2141/1281 2091/2149/2143 2092/2150/2144
f 1192/2141/1281 2092/2150/2144 2093/2151/2145
f 2093/2151/2145 2092/2150/2144 2182/2152/2146
f 2093/2151/2145 2182/2152/2146 2183/2153/2147
f 2183/2153/2147 2182/2152/2146 2212/2154/2148
f 2183/2153/2147 2212/2154/2148 2213/2155/2149
f 2213/2155/2149 2212/2154/2148 2056/2156/2150
f 2213/2155/2149 2056/2156/2150 2055/2157/2151
f 2055/2157/2151 2056/2156/2150 2066/2158/2152
f 2055/2157/2151 2066/2158/2152 2067/2159/2153
f 2067/2159/2153 2066/2158/2152 2243/2160/2154
f 2067/2159/2153 2243/2160/2154 2244/2140/2135
f 2244/2140/2135 2243/2160/2154 2143/2007/2002
f 1035/2148/2142 1034/2161/2155 2091/2149/2143
f 2091/2149/2143 1034/2161/2155 2180/2162/2156
f 2091/2149/2143 2180/2162/2156 2181/2163/2157
f 2181/2163/2157 2180/2162/2156 2210/2164/2158
f 2181/2163/2157 2210/2164/2158 2211/2165/2159
f 2211/2165/2159 2210/2164/2158 2058/2166/2160
f 2211/2165/2159 2058/2166/2160 2057/2167/2161
f 2057/2167/2161 2058/2166/2160 2064/2168/2162
f 2057/2167/2161 2064/2168/2162 2065/2169/2163
f 2065/2169/2163 2064/2168/2162 2241/2170/2164
f 2065/2169/2163 2241/2170/2164 2242/2171/2165
f 2242/2171/2165 2241/2170/2164 2145/2003/1998
f 2242/2171/2165 2145/2003/1998 2144/2005/2000
f 1033/1991/1986 2061/2172/2166 1034/2161/2155
f 1034/2161/2155 2061/2172/2166 2060/2173/2167
f 1034/2161/2155 2060/2173/2167 1793/2174/2168
f 1793/2174/2168 2060/2173/2167 2059/2175/2169
f 1793/2174/2168 2059/2175/2169 2210/2164/2158
f 2210/2164/2158 2059/2175/2169 2058/2166/2160
f 1031/2176/2170 1786/2177/2171 1032/1990/1985
f 1032/1990/1985 1786/2177/2171 1824/2178/2172
f 1032/1990/1985 1824/2178/2172 1912/2179/2173
f 1912/2179/2173 1824/2178/2172 1882/2180/2174
f 1912/2179/2173 1882/2180/2174 1911/2181/2175
f 1911/2181/2175 1882/2180/2174 1881/2182/2176
f 1911/2181/2175 1881/2182/2176 1910/2183/2177
f 1910/2183/2177 1881/2182/2176 1880/2184/2178
f 1910/2183/2177 1880/2184/2178 1909/1982/1977
f 1909/1982/1977 1880/2184/2178 1879/1980/1975
f 1786/2177/2171 1031/2176/2170 1823/2185/2179
f 1823/2185/2179 1031/2176/2170 1773/2186/2180
f 1823/2185/2179 1773/2186/2180 1774/2187/2181
f 1775/2188/2182 1821/2189/2183 1774/2187/2181
f 1774/2187/2181 1821/2189/2183 1822/2190/2184
f 1774/2187/2181 1822/2190/2184 1823/2185/2179
f 1823/2185/2179 1822/2190/2184 1786/2177/2171
f 1776/2191/2185 1819/2192/2186 1775/2188/2182
f 1775/2188/2182 1819/2192/2186 1820/2193/2187
f 1775/2188/2182 1820/2193/2187 1821/2189/2183
f 1821/2189/2183 1820/2193/2187 1826/2194/2188
f 1821/2189/2183 1826/2194/2188 1825/2195/2189
f 1825/2195/2189 1826/2194/2188 1882/2180/2174
f 1825/2195/2189 1882/2180/2174 1824/2178/2172
f 1777/1974/1969 1817/1976/1971 1776/2191/2185
f 1776/2191/2185 1817/1976/1971 1818/2196/2190
f 1776/2191/2185 1818/2196/2190 1819/2192/2186
f 1819/2192/2186 1818/2196/2190 1828/2197/2191
f 1819/2192/2186 1828/2197/2191 1827/2198/2192
f 1827/2198/2192 1828/2197/2191 1880/2184/2178
f 1827/2198/2192 1880/2184/2178 1881/2182/2176
f 1778/2199/2193 1812/2200/2194 1777/1974/1969
f 1777/1974/1969 1812/2200/2194 1813/2201/2195
f 1777/1974/1969 1813/2201/2195 1814/1972/1967
f 1814/1972/1967 1813/2201/2195 1833/1970/1965
f 1779/2202/2196 1806/2203/2197 1778/2199/2193
f 1778/2199/2193 1806/2203/2197 1807/2204/2198
f 1778/2199/2193 1807/2204/2198 1808/2205/2199
f 1808/2205/2199 1807/2204/2198 1839/2206/2200
f 1808/2205/2199 1839/2206/2200 1838/2207/2201
f 1838/2207/2201 1839/2206/2200 1869/2208/2202
f 1838/2207/2201 1869/2208/2202 1870/2209/2203
f 1870/2209/2203 1869/2208/2202 1899/2210/2204
f 1870/2209/2203 1899/2210/2204 1900/2211/2205
f 1900/2211/2205 1899/2210/2204 2163/2212/2206
f 1900/2211/2205 2163/2212/2206 2162/2213/2207
f 2162/2213/2207 2163/2212/2206 1953/2214/2208
f 2162/2213/2207 1953/2214/2208 1952/2215/2209
f 1952/2215/2209 1953/2214/2208 1931/2216/2210
f 1952/2215/2209 1931/2216/2210 1932/1960/1955
f 1932/1960/1955 1931/2216/2210 2010/1958/1953
f 1780/2217/2211 1804/2218/2212 1779/2202/2196
f 1779/2202/2196 1804/2218/2212 1805/2219/2213
f 1779/2202/2196 1805/2219/2213 1806/2203/2197
f 1806/2203/2197 1805/2219/2213 1841/2220/2214
f 1806/2203/2197 1841/2220/2214 1840/2221/2215
f 1840/2221/2215 1841/2220/2214 1867/2222/2216
f 1840/2221/2215 1867/2222/2216 1868/2223/2217
f 1868/2223/2217 1867/2222/2216 1897/2224/2218
f 1868/2223/2217 1897/2224/2218 1898/2225/2219
f 1898/2225/2219 1897/2224/2218 2165/2226/2220
f 1898/2225/2219 2165/2226/2220 2164/2227/2221
f 2164/2227/2221 2165/2226/2220 1955/2228/2222
f 2164/2227/2221 1955/2228/2222 1954/2229/2223
f 1954/2229/2223 1955/2228/2222 1929/2230/2224
f 1954/2229/2223 1929/2230/2224 1930/2231/2225
f 1930/2231/2225 1929/2230/2224 2012/2232/2226
f 1930/2231/2225 2012/2232/2226 2011/2233/2227
f 2011/2233/2227 2012/2232/2226 1991/2234/2228
f 2011/2233/2227 1991/2234/2228 1992/1956/1951
f 1992/1956/1951 1991/2234/2228 2141/1954/1949
f 1781/2235/2229 1802/2236/2230 1780/2217/2211
f 1780/2217/2211 1802/2236/2230 1803/2237/2231
f 1780/2217/2211 1803/2237/2231 1804/2218/2212
f 1804/2218/2212 1803/2237/2231 1843/2238/2232
f 1804/2218/2212 1843/2238/2232 1842/2239/2233
f 1842/2239/2233 1843/2238/2232 1865/2240/2234
f 1842/2239/2233 1865/2240/2234 1866/2241/2235
f 1866/2241/2235 1865/2240/2234 1895/2242/2236
f 1866/2241/2235 1895/2242/2236 1896/2243/2237
f 1896/2243/2237 1895/2242/2236 2167/2244/2238
f 1896/2243/2237 2167/2244/2238 2166/2245/2239
f 2166/2245/2239 2167/2244/2238 1957/2246/2240
f 2166/2245/2239 1957/2246/2240 1956/2247/2241
f 1956/2247/2241 1957/2246/2240 1927/2248/2242
f 1956/2247/2241 1927/2248/2242 1928/2249/2243
f 1928/2249/2243 1927/2248/2242 2014/2250/2244
f 1928/2249/2243 2014/2250/2244 2013/2251/2245
f 2013/2251/2245 2014/2250/2244 1989/2252/2246
f 2013/2251/2245 1989/2252/2246 1990/2253/2247
f 1990/2253/2247 1989/2252/2246 2139/2254/2248
f 1990/2253/2247 2139/2254/2248 2140/2255/2249
f 2140/2255/2249 2139/2254/2248 2247/2256/2250
f 2140/2255/2249 2247/2256/2250 2246/1952/1947
f 2246/1952/1947 2247/2256/2250 2070/1950/1945
f 1782/2257/2251 1799/2258/2252 1781/2235/2229
f 1781/2235/2229 1799/2258/2252 1800/2259/2253
f 1781/2235/2229 1800/2259/2253 1801/2260/2254
f 1801/2260/2254 1800/2259/2253 1846/2261/2255
f 1801/2260/2254 1846/2261/2255 1845/2262/2256
f 1845/2262/2256 1846/2261/2255 1862/2263/2257
f 1845/2262/2256 1862/2263/2257 1863/2264/2258
f 1863/2264/2258 1862/2263/2257 1892/2265/2259
f 1863/2264/2258 1892/2265/2259 1893/2266/2260
f 1893/2266/2260 1892/2265/2259 2170/2267/2261
f 1893/2266/2260 2170/2267/2261 2169/2268/2262
f 2169/2268/2262 2170/2267/2261 1960/2269/2263
f 2169/2268/2262 1960/2269/2263 1959/2270/2264
f 1959/2270/2264 1960/2269/2263 1924/2271/2265
f 1959/2270/2264 1924/2271/2265 1925/2272/2266
f 1925/2272/2266 1924/2271/2265 2017/2273/2267
f 1925/2272/2266 2017/2273/2267 2016/2274/2268
f 2016/2274/2268 2017/2273/2267 1986/2275/2269
f 2016/2274/2268 1986/2275/2269 1987/2276/2270
f 1987/2276/2270 1986/2275/2269 2136/2277/2271
f 1987/2276/2270 2136/2277/2271 2137/2278/2272
f 2137/2278/2272 2136/2277/2271 2250/2279/2273
f 2137/2278/2272 2250/2279/2273 2249/2280/2274
f 2249/2280/2274 2250/2279/2273 2073/2281/2275
f 2249/2280/2274 2073/2281/2275 2072/2282/2276
f 2072/2282/2276 2073/2281/2275 2049/2283/2277
f 2072/2282/2276 2049/2283/2277 2050/2284/2278
f 2050/2284/2278 2049/2283/2277 2219/2285/2279
f 2050/2284/2278 2219/2285/2279 2218/1946/1941
f 2218/1946/1941 2219/2285/2279 2189/1944/1939
f 1782/2257/2251 1783/2286/2280 1799/2258/2252
f 1799/2258/2252 1783/2286/2280 1798/2287/2281
f 1799/2258/2252 1798/2287/2281 1848/2288/2282
f 1848/2288/2282 1798/2287/2281 1849/1910/1905
f 1848/2288/2282 1849/1910/1905 1859/1912/1907
f 1783/2286/2280 1784/2289/2283 1798/2287/2281
f 1798/2287/2281 1784/2289/2283 1797/1908/1903
f 1798/2287/2281 1797/1908/1903 1849/1910/1905
f 1784/2289/2283 1785/1906/1901 1797/1908/1903
f 1788/1988/1983 1032/1990/1985 1942/2290/2284
f 1942/2290/2284 1032/1990/1985 2151/2291/2285
f 1942/2290/2284 2151/2291/2285 2152/2292/2286
f 2152/2292/2286 2151/2291/2285 1911/2181/2175
f 2152/2292/2286 1911/2181/2175 1910/2183/2177
f 1048/2023/2018 2030/2040/2035 1790/2024/2019
f 1790/2024/2019 2030/2040/2035 2029/2042/2037
f 1790/2024/2019 2029/2042/2037 1913/2293/2287
f 1913/2293/2287 2029/2042/2037 2028/2044/2039
f 1913/2293/2287 2028/2044/2039 1914/2294/2288
f 1914/2294/2288 2028/2044/2039 2027/2046/2041
f 1914/2294/2288 2027/2046/2041 1915/2295/2289
f 1915/2295/2289 2027/2046/2041 2026/2048/2043
f 1915/2295/2289 2026/2048/2043 1916/2296/2290
f 1916/2296/2290 2026/2048/2043 2025/2050/2045
f 1916/2296/2290 2025/2050/2045 1917/2297/2291
f 1917/2297/2291 2025/2050/2045 2024/2052/2047
f 1917/2297/2291 2024/2052/2047 1918/2298/2292
f 1918/2298/2292 2024/2052/2047 2023/2054/2049
f 1918/2298/2292 2023/2054/2049 1919/2299/2293
f 1919/2299/2293 2023/2054/2049 2022/2056/2051
f 1919/2299/2293 2022/2056/2051 1920/1919/1914
f 1920/1919/1914 2022/2056/2051 2021/1921/1916
f 1033/1991/1986 2150/1993/1988 1791/2300/2294
f 1791/2300/2294 2150/1993/1988 2149/1995/1990
f 1791/2300/2294 2149/1995/1990 2238/2301/2295
f 2238/2301/2295 2149/1995/1990 2148/1997/1992
f 2238/2301/2295 2148/1997/1992 2239/2302/2296
f 2239/2302/2296 2148/1997/1992 2147/1999/1994
f 2239/2302/2296 2147/1999/1994 2240/2303/2297
f 2240/2303/2297 2147/1999/1994 2146/2001/1996
f 2240/2303/2297 2146/2001/1996 2241/2170/2164
f 2241/2170/2164 2146/2001/1996 2145/2003/1998
f 1792/2304/2298 1047/2037/2032 2090/2305/2299
f 2090/2305/2299 1047/2037/2032 2031/2061/2056
f 2090/2305/2299 2031/2061/2056 2032/2063/2058
f 2180/2162/2156 1034/2161/2155 1793/2174/2168
f 1802/2236/2230 1781/2235/2229 1801/2260/2254
f 1800/2259/2253 1799/2258/2252 1847/2306/2300
f 1847/2306/2300 1799/2258/2252 1848/2288/2282
f 1847/2306/2300 1848/2288/2282 1860/2307/2301
f 1860/2307/2301 1848/2288/2282 1859/1912/1907
f 1860/2307/2301 1859/1912/1907 1889/1914/1909
f 1801/2260/2254 1845/2262/2256 1802/2236/2230
f 1802/2236/2230 1845/2262/2256 1844/2308/2302
f 1802/2236/2230 1844/2308/2302 1803/2237/2231
f 1803/2237/2231 1844/2308/2302 1843/2238/2232
f 1841/2220/2214 1805/2219/2213 1842/2239/2233
f 1842/2239/2233 1805/2219/2213 1804/2218/2212
f 1839/2206/2200 1807/2204/2198 1840/2221/2215
f 1840/2221/2215 1807/2204/2198 1806/2203/2197
f 1808/2205/2199 1809/2309/2303 1778/2199/2193
f 1778/2199/2193 1809/2309/2303 1810/2310/2304
f 1778/2199/2193 1810/2310/2304 1811/2311/2305
f 1811/2311/2305 1810/2310/2304 1836/2312/2306
f 1811/2311/2305 1836/2312/2306 1835/2313/2307
f 1835/2313/2307 1836/2312/2306 1872/2314/2308
f 1835/2313/2307 1872/2314/2308 1873/2315/2309
f 1873/2315/2309 1872/2314/2308 1902/2316/2310
f 1873/2315/2309 1902/2316/2310 1903/1966/1961
f 1903/1966/1961 1902/2316/2310 2160/1964/1959
f 1808/2205/2199 1838/2207/2201 1809/2309/2303
f 1809/2309/2303 1838/2207/2201 1837/2317/2311
f 1809/2309/2303 1837/2317/2311 1810/2310/2304
f 1810/2310/2304 1837/2317/2311 1836/2312/2306
f 1812/2200/2194 1778/2199/2193 1811/2311/2305
f 1811/2311/2305 1835/2313/2307 1812/2200/2194
f 1812/2200/2194 1835/2313/2307 1834/2318/2312
f 1812/2200/2194 1834/2318/2312 1813/2201/2195
f 1813/2201/2195 1834/2318/2312 1833/1970/1965
f 1816/1975/1970 1815/1973/1968 1831/2319/2313
f 1831/2319/2313 1815/1973/1968 1832/1971/1966
f 1831/2319/2313 1832/1971/1966 1876/2320/2314
f 1876/2320/2314 1832/1971/1966 1875/1969/1964
f 1876/2320/2314 1875/1969/1964 1905/2321/2315
f 1905/2321/2315 1875/1969/1964 1904/1967/1962
f 1905/2321/2315 1904/1967/1962 2158/2322/2316
f 2158/2322/2316 1904/1967/1962 2159/1965/1960
f 2158/2322/2316 2159/1965/1960 1949/2323/2317
f 1949/2323/2317 2159/1965/1960 1950/1963/1958
f 1949/2323/2317 1950/1963/1958 1934/2324/2318
f 1934/2324/2318 1950/1963/1958 1933/1961/1956
f 1934/2324/2318 1933/1961/1956 2008/2325/2319
f 2008/2325/2319 1933/1961/1956 2009/1959/1954
f 2008/2325/2319 2009/1959/1954 1994/2006/2001
f 1994/2006/2001 2009/1959/1954 1993/1957/1952
f 1828/2197/2191 1818/2196/2190 1829/1978/1973
f 1829/1978/1973 1818/2196/2190 1817/1976/1971
f 1826/2194/2188 1820/2193/2187 1827/2198/2192
f 1827/2198/2192 1820/2193/2187 1819/2192/2186
f 1786/2177/2171 1822/2190/2184 1825/2195/2189
f 1825/2195/2189 1822/2190/2184 1821/2189/2183
f 1786/2177/2171 1825/2195/2189 1824/2178/2172
f 1881/2182/2176 1882/2180/2174 1826/2194/2188
f 1826/2194/2188 1827/2198/2192 1881/2182/2176
f 1879/1980/1975 1880/2184/2178 1828/2197/2191
f 1828/2197/2191 1829/1978/1973 1879/1980/1975
f 1830/1977/1972 1831/2319/2313 1877/2326/2320
f 1877/2326/2320 1831/2319/2313 1876/2320/2314
f 1877/2326/2320 1876/2320/2314 1906/2327/2321
f 1906/2327/2321 1876/2320/2314 1905/2321/2315
f 1906/2327/2321 1905/2321/2315 2157/2328/2322
f 2157/2328/2322 1905/2321/2315 2158/2322/2316
f 2157/2328/2322 2158/2322/2316 1948/2329/2323
f 1948/2329/2323 2158/2322/2316 1949/2323/2317
f 1948/2329/2323 1949/2323/2317 1935/2330/2324
f 1935/2330/2324 1949/2323/2317 1934/2324/2318
f 1935/2330/2324 1934/2324/2318 2007/2331/2325
f 2007/2331/2325 1934/2324/2318 2008/2325/2319
f 2007/2331/2325 2008/2325/2319 1995/2004/1999
f 1995/2004/1999 2008/2325/2319 1994/2006/2001
f 1831/2319/2313 1830/1977/1972 1816/1975/1970
f 1833/1970/1965 1834/2318/2312 1874/1968/1963
f 1874/1968/1963 1834/2318/2312 1873/2315/2309
f 1874/1968/1963 1873/2315/2309 1903/1966/1961
f 1834/2318/2312 1835/2313/2307 1873/2315/2309
f 1836/2312/2306 1837/2317/2311 1871/2332/2326
f 1871/2332/2326 1837/2317/2311 1870/2209/2203
f 1871/2332/2326 1870/2209/2203 1900/2211/2205
f 1837/2317/2311 1838/2207/2201 1870/2209/2203
f 1869/2208/2202 1839/2206/2200 1868/2223/2217
f 1868/2223/2217 1839/2206/2200 1840/2221/2215
f 1867/2222/2216 1841/2220/2214 1866/2241/2235
f 1866/2241/2235 1841/2220/2214 1842/2239/2233
f 1843/2238/2232 1844/2308/2302 1864/2333/2327
f 1864/2333/2327 1844/2308/2302 1863/2264/2258
f 1864/2333/2327 1863/2264/2258 1893/2266/2260
f 1844/2308/2302 1845/2262/2256 1863/2264/2258
f 1846/2261/2255 1847/2306/2300 1861/2334/2328
f 1861/2334/2328 1847/2306/2300 1860/2307/2301
f 1861/2334/2328 1860/2307/2301 1890/2335/2329
f 1890/2335/2329 1860/2307/2301 1889/1914/1909
f 1890/2335/2329 1889/1914/1909 2173/1916/1911
f 1847/2306/2300 1846/2261/2255 1800/2259/2253
f 1857/2021/2016 1858/1911/1906 1850/1909/1904
f 1856/2019/2014 1857/2021/2016 1851/2012/2007
f 1851/2012/2007 1857/2021/2016 1850/1909/1904
f 1855/2017/2012 1856/2019/2014 1852/2011/2006
f 1852/2011/2006 1856/2019/2014 1851/2012/2007
f 1854/2009/2004 1855/2017/2012 1853/2010/2005
f 1853/2010/2005 1855/2017/2012 1852/2011/2006
f 1846/2261/2255 1861/2334/2328 1862/2263/2257
f 1862/2263/2257 1861/2334/2328 1891/2336/2330
f 1862/2263/2257 1891/2336/2330 1892/2265/2259
f 1892/2265/2259 1891/2336/2330 2171/2337/2331
f 1892/2265/2259 2171/2337/2331 2170/2267/2261
f 2170/2267/2261 2171/2337/2331 1961/2338/2332
f 2170/2267/2261 1961/2338/2332 1960/2269/2263
f 1960/2269/2263 1961/2338/2332 1923/2339/2333
f 1960/2269/2263 1923/2339/2333 1924/2271/2265
f 1924/2271/2265 1923/2339/2333 2018/2340/2334
f 1924/2271/2265 2018/2340/2334 2017/2273/2267
f 2017/2273/2267 2018/2340/2334 1985/2341/2335
f 2017/2273/2267 1985/2341/2335 1986/2275/2269
f 1986/2275/2269 1985/2341/2335 2135/2342/2336
f 1986/2275/2269 2135/2342/2336 2136/2277/2271
f 2136/2277/2271 2135/2342/2336 2251/2343/2337
f 2136/2277/2271 2251/2343/2337 2250/2279/2273
f 2250/2279/2273 2251/2343/2337 2074/2344/2338
f 2250/2279/2273 2074/2344/2338 2073/2281/2275
f 2073/2281/2275 2074/2344/2338 2048/2345/2339
f 2073/2281/2275 2048/2345/2339 2049/2283/2277
f 2049/2283/2277 2048/2345/2339 2220/2346/2340
f 2049/2283/2277 2220/2346/2340 2219/2285/2279
f 2219/2285/2279 2220/2346/2340 2190/2347/2341
f 2219/2285/2279 2190/2347/2341 2189/1944/1939
f 2189/1944/1939 2190/2347/2341 2100/1942/1937
f 1891/2336/2330 1861/2334/2328 1890/2335/2329
f 1843/2238/2232 1864/2333/2327 1865/2240/2234
f 1865/2240/2234 1864/2333/2327 1894/2348/2342
f 1865/2240/2234 1894/2348/2342 1895/2242/2236
f 1895/2242/2236 1894/2348/2342 2168/2349/2343
f 1895/2242/2236 2168/2349/2343 2167/2244/2238
f 2167/2244/2238 2168/2349/2343 1958/2350/2344
f 2167/2244/2238 1958/2350/2344 1957/2246/2240
f 1957/2246/2240 1958/2350/2344 1926/2351/2345
f 1957/2246/2240 1926/2351/2345 1927/2248/2242
f 1927/2248/2242 1926/2351/2345 2015/2352/2346
f 1927/2248/2242 2015/2352/2346 2014/2250/2244
f 2014/2250/2244 2015/2352/2346 1988/2353/2347
f 2014/2250/2244 1988/2353/2347 1989/2252/2246
f 1989/2252/2246 1988/2353/2347 2138/2354/2348
f 1989/2252/2246 2138/2354/2348 2139/2254/2248
f 2139/2254/2248 2138/2354/2348 2248/2355/2349
f 2139/2254/2248 2248/2355/2349 2247/2256/2250
f 2247/2256/2250 2248/2355/2349 2071/2356/2350
f 2247/2256/2250 2071/2356/2350 2070/1950/1945
f 2070/1950/1945 2071/2356/2350 2051/1948/1943
f 1894/2348/2342 1864/2333/2327 1893/2266/2260
f 1897/2224/2218 1867/2222/2216 1896/2243/2237
f 1896/2243/2237 1867/2222/2216 1866/2241/2235
f 1899/2210/2204 1869/2208/2202 1898/2225/2219
f 1898/2225/2219 1869/2208/2202 1868/2223/2217
f 1836/2312/2306 1871/2332/2326 1872/2314/2308
f 1872/2314/2308 1871/2332/2326 1901/2357/2351
f 1872/2314/2308 1901/2357/2351 1902/2316/2310
f 1902/2316/2310 1901/2357/2351 2161/2358/2352
f 1902/2316/2310 2161/2358/2352 2160/1964/1959
f 2160/1964/1959 2161/2358/2352 1951/1962/1957
f 1901/2357/2351 1871/2332/2326 1900/2211/2205
f 1830/1977/1972 1877/2326/2320 1878/1979/1974
f 1878/1979/1974 1877/2326/2320 1907/2359/2353
f 1878/1979/1974 1907/2359/2353 1908/1981/1976
f 1908/1981/1976 1907/2359/2353 2155/2360/2354
f 1908/1981/1976 2155/2360/2354 2154/1983/1978
f 2154/1983/1978 2155/2360/2354 1945/2361/2355
f 2154/1983/1978 1945/2361/2355 1944/1985/1980
f 1944/1985/1980 1945/2361/2355 1939/2362/2356
f 1944/1985/1980 1939/2362/2356 1940/1987/1982
f 1940/1987/1982 1939/2362/2356 2002/2363/2357
f 1940/1987/1982 2002/2363/2357 1941/1989/1984
f 1941/1989/1984 2002/2363/2357 2001/1992/1987
f 1907/2359/2353 1877/2326/2320 1906/2327/2321
f 1789/2014/2009 2179/2027/2022 1883/2015/2010
f 1883/2015/2010 2179/2027/2022 1884/2016/2011
f 2179/2027/2022 2178/2029/2024 1884/2016/2011
f 1884/2016/2011 2178/2029/2024 1885/2018/2013
f 2178/2029/2024 2177/2031/2026 1885/2018/2013
f 1885/2018/2013 2177/2031/2026 1886/2020/2015
f 2177/2031/2026 2176/2033/2028 1886/2020/2015
f 1886/2020/2015 2176/2033/2028 1887/2022/2017
f 2176/2033/2028 2175/2035/2030 1887/2022/2017
f 1887/2022/2017 2175/2035/2030 1888/1913/1908
f 2175/2035/2030 2174/1915/1910 1888/1913/1908
f 1891/2336/2330 1890/2335/2329 2172/2364/2358
f 2172/2364/2358 1890/2335/2329 2173/1916/1911
f 2172/2364/2358 2173/1916/1911 1963/1918/1913
f 2168/2349/2343 1894/2348/2342 2169/2268/2262
f 2169/2268/2262 1894/2348/2342 1893/2266/2260
f 2165/2226/2220 1897/2224/2218 2166/2245/2239
f 2166/2245/2239 1897/2224/2218 1896/2243/2237
f 2163/2212/2206 1899/2210/2204 2164/2227/2221
f 2164/2227/2221 1899/2210/2204 1898/2225/2219
f 2161/2358/2352 1901/2357/2351 2162/2213/2207
f 2162/2213/2207 1901/2357/2351 1900/2211/2205
f 1907/2359/2353 1906/2327/2321 2156/2365/2359
f 2156/2365/2359 1906/2327/2321 2157/2328/2322
f 2156/2365/2359 2157/2328/2322 1947/2366/2360
f 1947/2366/2360 2157/2328/2322 1948/2329/2323
f 1947/2366/2360 1948/2329/2323 1936/2367/2361
f 1936/2367/2361 1948/2329/2323 1935/2330/2324
f 1936/2367/2361 1935/2330/2324 2006/2368/2362
f 2006/2368/2362 1935/2330/2324 2007/2331/2325
f 2006/2368/2362 2007/2331/2325 1996/2002/1997
f 1996/2002/1997 2007/2331/2325 1995/2004/1999
f 2152/2292/2286 1910/2183/2177 2153/1984/1979
f 2153/1984/1979 1910/2183/2177 1909/1982/1977
f 1032/1990/1985 1912/2179/2173 2151/2291/2285
f 2151/2291/2285 1912/2179/2173 1911/2181/2175
f 1970/2026/2021 1971/2025/2020 1913/2293/2287
f 1913/2293/2287 1971/2025/2020 1790/2024/2019
f 1969/2028/2023 1970/2026/2021 1914/2294/2288
f 1914/2294/2288 1970/2026/2021 1913/2293/2287
f 1968/2030/2025 1969/2028/2023 1915/2295/2289
f 1915/2295/2289 1969/2028/2023 1914/2294/2288
f 1967/2032/2027 1968/2030/2025 1916/2296/2290
f 1916/2296/2290 1968/2030/2025 1915/2295/2289
f 1966/2034/2029 1967/2032/2027 1917/2297/2291
f 1917/2297/2291 1967/2032/2027 1916/2296/2290
f 1965/2036/2031 1966/2034/2029 1918/2298/2292
f 1918/2298/2292 1966/2034/2029 1917/2297/2291
f 1964/1917/1912 1965/2036/2031 1919/2299/2293
f 1919/2299/2293 1965/2036/2031 1918/2298/2292
f 1919/2299/2293 1920/1919/1914 1964/1917/1912
f 1921/1920/1915 1922/2369/2363 1962/2370/2364
f 1962/2370/2364 1922/2369/2363 1961/2338/2332
f 1962/2370/2364 1961/2338/2332 2171/2337/2331
f 1961/2338/2332 1922/2369/2363 1923/2339/2333
f 1923/2339/2333 1922/2369/2363 2019/2371/2365
f 1923/2339/2333 2019/2371/2365 2018/2340/2334
f 2018/2340/2334 2019/2371/2365 1984/2372/2366
f 2018/2340/2334 1984/2372/2366 1985/2341/2335
f 1985/2341/2335 1984/2372/2366 2134/2373/2367
f 1985/2341/2335 2134/2373/2367 2135/2342/2336
f 2135/2342/2336 2134/2373/2367 2252/2374/2368
f 2135/2342/2336 2252/2374/2368 2251/2343/2337
f 2251/2343/2337 2252/2374/2368 2075/2375/2369
f 2251/2343/2337 2075/2375/2369 2074/2344/2338
f 2074/2344/2338 2075/2375/2369 2047/2376/2370
f 2074/2344/2338 2047/2376/2370 2048/2345/2339
f 2048/2345/2339 2047/2376/2370 2221/2377/2371
f 2048/2345/2339 2221/2377/2371 2220/2346/2340
f 2220/2346/2340 2221/2377/2371 2191/2378/2372
f 2220/2346/2340 2191/2378/2372 2190/2347/2341
f 2190/2347/2341 2191/2378/2372 2101/1940/1935
f 2190/2347/2341 2101/1940/1935 2100/1942/1937
f 2019/2371/2365 1922/2369/2363 2020/1922/1917
f 2020/1922/1917 1922/2369/2363 1921/1920/1915
f 1959/2270/2264 1925/2272/2266 1958/2350/2344
f 1958/2350/2344 1925/2272/2266 1926/2351/2345
f 2015/2352/2346 1926/2351/2345 2016/2274/2268
f 2016/2274/2268 1926/2351/2345 1925/2272/2266
f 1956/2247/2241 1928/2249/2243 1955/2228/2222
f 1955/2228/2222 1928/2249/2243 1929/2230/2224
f 2012/2232/2226 1929/2230/2224 2013/2251/2245
f 2013/2251/2245 1929/2230/2224 1928/2249/2243
f 1954/2229/2223 1930/2231/2225 1953/2214/2208
f 1953/2214/2208 1930/2231/2225 1931/2216/2210
f 2010/1958/1953 1931/2216/2210 2011/2233/2227
f 2011/2233/2227 1931/2216/2210 1930/2231/2225
f 1952/2215/2209 1932/1960/1955 1951/1962/1957
f 1936/2367/2361 1937/2379/2373 1947/2366/2360
f 1947/2366/2360 1937/2379/2373 1946/2380/2374
f 1947/2366/2360 1946/2380/2374 2156/2365/2359
f 2156/2365/2359 1946/2380/2374 2155/2360/2354
f 2156/2365/2359 2155/2360/2354 1907/2359/2353
f 1937/2379/2373 1938/2381/2375 1946/2380/2374
f 1946/2380/2374 1938/2381/2375 1945/2361/2355
f 1946/2380/2374 1945/2361/2355 2155/2360/2354
f 1937/2379/2373 1936/2367/2361 2005/2382/2376
f 2005/2382/2376 1936/2367/2361 2006/2368/2362
f 2005/2382/2376 2006/2368/2362 1997/2000/1995
f 1997/2000/1995 2006/2368/2362 1996/2002/1997
f 1945/2361/2355 1938/2381/2375 1939/2362/2356
f 1939/2362/2356 1938/2381/2375 2003/2383/2377
f 1939/2362/2356 2003/2383/2377 2002/2363/2357
f 2002/2363/2357 2003/2383/2377 2000/1994/1989
f 2002/2363/2357 2000/1994/1989 2001/1992/1987
f 1938/2381/2375 1937/2379/2373 2004/2384/2378
f 2004/2384/2378 1937/2379/2373 2005/2382/2376
f 2004/2384/2378 2005/2382/2376 1998/1998/1993
f 1998/1998/1993 2005/2382/2376 1997/2000/1995
f 1788/1988/1983 1942/2290/2284 1943/1986/1981
f 1943/1986/1981 1942/2290/2284 2152/2292/2286
f 1943/1986/1981 2152/2292/2286 2153/1984/1979
f 2162/2213/2207 1952/2215/2209 2161/2358/2352
f 2161/2358/2352 1952/2215/2209 1951/1962/1957
f 2164/2227/2221 1954/2229/2223 2163/2212/2206
f 2163/2212/2206 1954/2229/2223 1953/2214/2208
f 2166/2245/2239 1956/2247/2241 2165/2226/2220
f 2165/2226/2220 1956/2247/2241 1955/2228/2222
f 2169/2268/2262 1959/2270/2264 2168/2349/2343
f 2168/2349/2343 1959/2270/2264 1958/2350/2344
f 2172/2364/2358 1963/1918/1913 1962/2370/2364
f 1962/2370/2364 1963/1918/1913 1921/1920/1915
f 2172/2364/2358 1962/2370/2364 2171/2337/2331
f 1973/2041/2036 1972/2039/2034 2122/2385/2379
f 2122/2385/2379 1972/2039/2034 2121/2038/2033
f 2122/2385/2379 2121/2038/2033 2265/2386/2380
f 2265/2386/2380 2121/2038/2033 1792/2304/2298
f 2265/2386/2380 1792/2304/2298 2089/2387/2381
f 2089/2387/2381 1792/2304/2298 2090/2305/2299
f 2089/2387/2381 2090/2305/2299 2032/2063/2058
f 1974/2043/2038 1973/2041/2036 2123/2388/2382
f 2123/2388/2382 1973/2041/2036 2122/2385/2379
f 2123/2388/2382 2122/2385/2379 2264/2389/2383
f 2264/2389/2383 2122/2385/2379 2265/2386/2380
f 2264/2389/2383 2265/2386/2380 2088/2390/2384
f 2088/2390/2384 2265/2386/2380 2089/2387/2381
f 2088/2390/2384 2089/2387/2381 2033/2065/2060
f 2033/2065/2060 2089/2387/2381 2032/2063/2058
f 1975/2045/2040 1974/2043/2038 2124/2391/2385
f 2124/2391/2385 1974/2043/2038 2123/2388/2382
f 2124/2391/2385 2123/2388/2382 2263/2392/2386
f 2263/2392/2386 2123/2388/2382 2264/2389/2383
f 2263/2392/2386 2264/2389/2383 2087/2393/2387
f 2087/2393/2387 2264/2389/2383 2088/2390/2384
f 2087/2393/2387 2088/2390/2384 2034/2067/2062
f 2034/2067/2062 2088/2390/2384 2033/2065/2060
f 1976/2047/2042 1975/2045/2040 2125/2394/2388
f 2125/2394/2388 1975/2045/2040 2124/2391/2385
f 2125/2394/2388 2124/2391/2385 2262/2395/2389
f 2262/2395/2389 2124/2391/2385 2263/2392/2386
f 2262/2395/2389 2263/2392/2386 2086/2396/2390
f 2086/2396/2390 2263/2392/2386 2087/2393/2387
f 2086/2396/2390 2087/2393/2387 2035/2069/2064
f 2035/2069/2064 2087/2393/2387 2034/2067/2062
f 1977/2049/2044 1976/2047/2042 2126/2397/2391
f 2126/2397/2391 1976/2047/2042 2125/2394/2388
f 2126/2397/2391 2125/2394/2388 2261/2398/2392
f 2261/2398/2392 2125/2394/2388 2262/2395/2389
f 2261/2398/2392 2262/2395/2389 2085/2399/2393
f 2085/2399/2393 2262/2395/2389 2086/2396/2390
f 2085/2399/2393 2086/2396/2390 2036/2071/2066
f 2036/2071/2066 2086/2396/2390 2035/2069/2064
f 1978/2051/2046 1977/2049/2044 2127/2400/2394
f 2127/2400/2394 1977/2049/2044 2126/2397/2391
f 2127/2400/2394 2126/2397/2391 2260/2401/2395
f 2260/2401/2395 2126/2397/2391 2261/2398/2392
f 2260/2401/2395 2261/2398/2392 2084/2402/2396
f 2084/2402/2396 2261/2398/2392 2085/2399/2393
f 2084/2402/2396 2085/2399/2393 2037/2073/2068
f 2037/2073/2068 2085/2399/2393 2036/2071/2066
f 1979/2053/2048 1978/2051/2046 2128/2403/2397
f 2128/2403/2397 1978/2051/2046 2127/2400/2394
f 2128/2403/2397 2127/2400/2394 2259/2404/2398
f 2259/2404/2398 2127/2400/2394 2260/2401/2395
f 2259/2404/2398 2260/2401/2395 2083/2405/2399
f 2083/2405/2399 2260/2401/2395 2084/2402/2396
f 2083/2405/2399 2084/2402/2396 2038/2075/2070
f 2038/2075/2070 2084/2402/2396 2037/2073/2068
f 1980/2055/2050 1979/2053/2048 2129/2406/2400
f 2129/2406/2400 1979/2053/2048 2128/2403/2397
f 2129/2406/2400 2128/2403/2397 2258/2407/2401
f 2258/2407/2401 2128/2403/2397 2259/2404/2398
f 2258/2407/2401 2259/2404/2398 2082/2408/2402
f 2082/2408/2402 2259/2404/2398 2083/2405/2399
f 2082/2408/2402 2083/2405/2399 2039/2077/2072
f 2039/2077/2072 2083/2405/2399 2038/2075/2070
f 1981/2057/2052 1980/2055/2050 2130/2409/2403
f 2130/2409/2403 1980/2055/2050 2129/2406/2400
f 2130/2409/2403 2129/2406/2400 2257/2410/2404
f 2257/2410/2404 2129/2406/2400 2258/2407/2401
f 2257/2410/2404 2258/2407/2401 2081/2411/2405
f 2081/2411/2405 2258/2407/2401 2082/2408/2402
f 2081/2411/2405 2082/2408/2402 2040/2079/2074
f 2040/2079/2074 2082/2408/2402 2039/2077/2072
f 2019/2371/2365 2020/1922/1917 1983/1924/1919
f 1982/1923/1918 1981/2057/2052 2131/2412/2406
f 2131/2412/2406 1981/2057/2052 2130/2409/2403
f 2131/2412/2406 2130/2409/2403 2256/2413/2407
f 2256/2413/2407 2130/2409/2403 2257/2410/2404
f 2256/2413/2407 2257/2410/2404 2080/2414/2408
f 2080/2414/2408 2257/2410/2404 2081/2411/2405
f 2080/2414/2408 2081/2411/2405 2041/2081/2076
f 2041/2081/2076 2081/2411/2405 2040/2079/2074
f 2019/2371/2365 1983/1924/1919 1984/2372/2366
f 1984/2372/2366 1983/1924/1919 2133/1926/1921
f 1984/2372/2366 2133/1926/1921 2134/2373/2367
f 2134/2373/2367 2133/1926/1921 2253/1928/1923
f 2134/2373/2367 2253/1928/1923 2252/2374/2368
f 2252/2374/2368 2253/1928/1923 2076/1930/1925
f 2252/2374/2368 2076/1930/1925 2075/2375/2369
f 2075/2375/2369 2076/1930/1925 2046/1932/1927
f 2075/2375/2369 2046/1932/1927 2047/2376/2370
f 2047/2376/2370 2046/1932/1927 2222/1934/1929
f 2047/2376/2370 2222/1934/1929 2221/2377/2371
f 2221/2377/2371 2222/1934/1929 2192/1936/1931
f 2221/2377/2371 2192/1936/1931 2191/2378/2372
f 2191/2378/2372 2192/1936/1931 2102/1938/1933
f 2191/2378/2372 2102/1938/1933 2101/1940/1935
f 2015/2352/2346 2016/2274/2268 1987/2276/2270
f 2015/2352/2346 1987/2276/2270 1988/2353/2347
f 1988/2353/2347 1987/2276/2270 2137/2278/2272
f 1988/2353/2347 2137/2278/2272 2138/2354/2348
f 2138/2354/2348 2137/2278/2272 2249/2280/2274
f 2138/2354/2348 2249/2280/2274 2248/2355/2349
f 2248/2355/2349 2249/2280/2274 2072/2282/2276
f 2248/2355/2349 2072/2282/2276 2071/2356/2350
f 2071/2356/2350 2072/2282/2276 2050/2284/2278
f 2071/2356/2350 2050/2284/2278 2051/1948/1943
f 2051/1948/1943 2050/2284/2278 2218/1946/1941
f 2012/2232/2226 2013/2251/2245 1990/2253/2247
f 2012/2232/2226 1990/2253/2247 1991/2234/2228
f 1991/2234/2228 1990/2253/2247 2140/2255/2249
f 1991/2234/2228 2140/2255/2249 2141/1954/1949
f 2141/1954/1949 2140/2255/2249 2246/1952/1947
f 2010/1958/1953 2011/2233/2227 1992/1956/1951
f 1998/1998/1993 1999/1996/1991 2004/2384/2378
f 2004/2384/2378 1999/1996/1991 2003/2383/2377
f 2004/2384/2378 2003/2383/2377 1938/2381/2375
f 1999/1996/1991 2000/1994/1989 2003/2383/2377
f 2041/2081/2076 2042/2083/2078 2080/2414/2408
f 2080/2414/2408 2042/2083/2078 2079/2415/2409
f 2080/2414/2408 2079/2415/2409 2256/2413/2407
f 2256/2413/2407 2079/2415/2409 2255/2416/2410
f 2256/2413/2407 2255/2416/2410 2131/2412/2406
f 2131/2412/2406 2255/2416/2410 2132/1925/1920
f 2131/2412/2406 2132/1925/1920 1982/1923/1918
f 2042/2083/2078 2043/2085/2080 2079/2415/2409
f 2079/2415/2409 2043/2085/2080 2078/2417/2411
f 2079/2415/2409 2078/2417/2411 2255/2416/2410
f 2255/2416/2410 2078/2417/2411 2254/1927/1922
f 2255/2416/2410 2254/1927/1922 2132/1925/1920
f 2043/2085/2080 2044/2087/2082 2078/2417/2411
f 2078/2417/2411 2044/2087/2082 2077/1929/1924
f 2078/2417/2411 2077/1929/1924 2254/1927/1922
f 2044/2087/2082 2045/1931/1926 2077/1929/1924
f 2053/2138/2133 2054/2418/2412 2068/2139/2134
f 2068/2139/2134 2054/2418/2412 2067/2159/2153
f 2068/2139/2134 2067/2159/2153 2244/2140/2135
f 2067/2159/2153 2054/2418/2412 2055/2157/2151
f 2055/2157/2151 2054/2418/2412 2214/2419/2413
f 2055/2157/2151 2214/2419/2413 2213/2155/2149
f 2213/2155/2149 2214/2419/2413 2184/2420/2414
f 2213/2155/2149 2184/2420/2414 2183/2153/2147
f 2183/2153/2147 2184/2420/2414 2094/2142/2136
f 2183/2153/2147 2094/2142/2136 2093/2151/2145
f 2093/2151/2145 2094/2142/2136 1192/2141/1281
f 2214/2419/2413 2054/2418/2412 2215/2147/2141
f 2215/2147/2141 2054/2418/2412 2053/2138/2133
f 2066/2158/2152 2056/2156/2150 2065/2169/2163
f 2065/2169/2163 2056/2156/2150 2057/2167/2161
f 2211/2165/2159 2057/2167/2161 2212/2154/2148
f 2212/2154/2148 2057/2167/2161 2056/2156/2150
f 2058/2166/2160 2059/2175/2169 2063/2421/2415
f 2063/2421/2415 2059/2175/2169 2062/2422/2416
f 2063/2421/2415 2062/2422/2416 2239/2302/2296
f 2239/2302/2296 2062/2422/2416 2238/2301/2295
f 2059/2175/2169 2060/2173/2167 2062/2422/2416
f 2062/2422/2416 2060/2173/2167 2061/2172/2166
f 2062/2422/2416 2061/2172/2166 2238/2301/2295
f 2238/2301/2295 2061/2172/2166 1791/2300/2294
f 2210/2164/2158 2180/2162/2156 1793/2174/2168
f 2058/2166/2160 2063/2421/2415 2064/2168/2162
f 2064/2168/2162 2063/2421/2415 2240/2303/2297
f 2064/2168/2162 2240/2303/2297 2241/2170/2164
f 2240/2303/2297 2063/2421/2415 2239/2302/2296
f 2243/2160/2154 2066/2158/2152 2242/2171/2165
f 2242/2171/2165 2066/2158/2152 2065/2169/2163
f 1047/2037/2032 1792/2304/2298 2121/2038/2033
f 2182/2152/2146 2092/2150/2144 2181/2163/2157
f 2181/2163/2157 2092/2150/2144 2091/2149/2143
f 2185/2145/2139 2095/2143/2137 2184/2420/2414
f 2184/2420/2414 2095/2143/2137 2094/2142/2136
f 2098/2135/2130 1193/2134/2129 2097/2423/2417
f 2097/2423/2417 1193/2134/2129 2096/2144/2138
f 2097/2423/2417 2096/2144/2138 2186/2146/2140
f 2187/2136/2131 2098/2135/2130 2097/2423/2417
f 2187/2136/2131 2097/2423/2417 2186/2146/2140
f 2194/2132/2127 2104/2131/2126 2193/1935/1930
f 2193/1935/1930 2104/2131/2126 2103/1937/1932
f 2196/2129/2124 2106/2128/2123 2195/2133/2128
f 2195/2133/2128 2106/2128/2123 2105/2127/2122
f 2198/2124/2119 2108/2123/2118 2197/2130/2125
f 2197/2130/2125 2108/2123/2118 2107/2122/2117
f 2109/2118/2113 2199/2125/2120 2110/2115/2110
f 2110/2115/2110 2199/2125/2120 2200/2424/2418
f 2110/2115/2110 2200/2424/2418 2111/2112/2107
f 2111/2112/2107 2200/2424/2418 2201/2109/2104
f 2111/2112/2107 2201/2109/2104 2112/2108/2103
f 2207/2094/2089 2118/2092/2087 2117/2095/2090
f 2117/2095/2090 2116/2097/2092 2206/2425/2419
f 2206/2425/2419 2116/2097/2092 2205/2099/2094
f 2206/2425/2419 2205/2099/2094 2235/2066/2061
f 2235/2066/2061 2205/2099/2094 2234/2068/2063
f 1794/2059/2054 2120/2089/2084 2119/2091/2086
f 1794/2059/2054 2119/2091/2086 2208/2093/2088
f 2242/2171/2165 2144/2005/2000 2243/2160/2154
f 2243/2160/2154 2144/2005/2000 2143/2007/2002
f 1033/1991/1986 1791/2300/2294 2061/2172/2166
f 1891/2336/2330 2172/2364/2358 2171/2337/2331
f 2212/2154/2148 2182/2152/2146 2211/2165/2159
f 2211/2165/2159 2182/2152/2146 2181/2163/2157
f 2215/2147/2141 2185/2145/2139 2214/2419/2413
f 2214/2419/2413 2185/2145/2139 2184/2420/2414
f 2216/2137/2132 2187/2136/2131 2186/2146/2140
f 2224/2088/2083 2194/2132/2127 2223/1933/1928
f 2223/1933/1928 2194/2132/2127 2193/1935/1930
f 2226/2084/2079 2196/2129/2124 2225/2086/2081
f 2225/2086/2081 2196/2129/2124 2195/2133/2128
f 2228/2080/2075 2198/2124/2119 2227/2082/2077
f 2227/2082/2077 2198/2124/2119 2197/2130/2125
f 2230/2076/2071 2201/2109/2104 2200/2424/2418
f 2230/2076/2071 2200/2424/2418 2229/2078/2073
f 2229/2078/2073 2200/2424/2418 2199/2125/2120
f 2236/2064/2059 2207/2094/2089 2206/2425/2419
f 2206/2425/2419 2207/2094/2089 2117/2095/2090
f 2236/2064/2059 2206/2425/2419 2235/2066/2061
f 2209/2060/2055 1794/2059/2054 2208/2093/2088
f 2209/2060/2055 2208/2093/2088 2237/2062/2057
f 2296/2426/2420 1014/2427/2421 2305/2428/2422
f 2305/2428/2422 1014/2427/2421 1013/2429/2423
f 2305/2428/2422 1013/2429/2423 2298/2430/2424
f 2298/2430/2424 1013/2429/2423 2364/2431/2425
f 2298/2430/2424 2364/2431/2425 2363/2432/2426
f 2363/2432/2426 2364/2431/2425 2366/2433/2427
f 2363/2432/2426 2366/2433/2427 2367/2434/2428
f 2367/2434/2428 2366/2433/2427 2686/2435/2429
f 2367/2434/2428 2686/2435/2429 2685/2436/2430
f 2685/2436/2430 2686/2435/2429 2657/2437/2431
f 2685/2436/2430 2657/2437/2431 2656/2438/2432
f 2656/2438/2432 2657/2437/2431 2420/2439/2433
f 2656/2438/2432 2420/2439/2433 2419/2440/2434
f 2419/2440/2434 2420/2439/2433 2430/2441/2435
f 2419/2440/2434 2430/2441/2435 2431/2442/2436
f 2431/2442/2436 2430/2441/2435 2625/2443/2437
f 2431/2442/2436 2625/2443/2437 2624/2444/2438
f 2624/2444/2438 2625/2443/2437 2506/2445/2439
f 2624/2444/2438 2506/2445/2439 2505/2446/2440
f 2505/2446/2440 2506/2445/2439 2463/2447/2441
f 2505/2446/2440 2463/2447/2441 2464/2448/2442
f 2464/2448/2442 2463/2447/2441 2593/2449/2443
f 2464/2448/2442 2593/2449/2443 2592/2450/2444
f 2592/2450/2444 2593/2449/2443 2553/2451/2445
f 2592/2450/2444 2553/2451/2445 2554/2452/2446
f 2554/2452/2446 2553/2451/2445 2531/2453/2447
f 2554/2452/2446 2531/2453/2447 2530/2454/2448
f 2530/2454/2448 2531/2453/2447 2271/2455/2449
f 2530/2454/2448 2271/2455/2449 2529/2456/2450
f 2529/2456/2450 2271/2455/2449 2528/2457/2451
f 2529/2456/2450 2528/2457/2451 2556/2458/2452
f 2556/2458/2452 2528/2457/2451 2557/2459/2453
f 2556/2458/2452 2557/2459/2453 2589/2460/2454
f 2589/2460/2454 2557/2459/2453 2588/2461/2455
f 2589/2460/2454 2588/2461/2455 2468/2462/2456
f 2468/2462/2456 2588/2461/2455 2469/2463/2457
f 2468/2462/2456 2469/2463/2457 2500/2464/2458
f 2500/2464/2458 2469/2463/2457 2499/2465/2459
f 2500/2464/2458 2499/2465/2459 2618/2466/2460
f 2618/2466/2460 2499/2465/2459 2617/2467/2461
f 2618/2466/2460 2617/2467/2461 2438/2468/2462
f 2438/2468/2462 2617/2467/2461 2439/2469/2463
f 2438/2468/2462 2439/2469/2463 2411/2470/2464
f 2411/2470/2464 2439/2469/2463 2410/2471/2465
f 2411/2470/2464 2410/2471/2465 2647/2472/2466
f 2647/2472/2466 2410/2471/2465 2646/2473/2467
f 2647/2472/2466 2646/2473/2467 2675/2474/2468
f 2675/2474/2468 2646/2473/2467 2674/2475/2469
f 2675/2474/2468 2674/2475/2469 2378/2476/2470
f 2378/2476/2470 2674/2475/2469 2379/2477/2471
f 2378/2476/2470 2379/2477/2471 2351/2478/2472
f 2351/2478/2472 2379/2477/2471 2350/2479/2473
f 2351/2478/2472 2350/2479/2473 2704/2480/2474
f 2704/2480/2474 2350/2479/2473 2703/2481/2475
f 2704/2480/2474 2703/2481/2475 2318/2482/2476
f 2318/2482/2476 2703/2481/2475 2319/2483/2477
f 2318/2482/2476 2319/2483/2477 2292/2484/2478
f 2292/2484/2478 2319/2483/2477 2291/2485/2479
f 2291/2485/2479 2319/2483/2477 2320/2486/2480
f 2291/2485/2479 2320/2486/2480 2321/2487/2481
f 2321/2487/2481 2320/2486/2480 2701/2488/2482
f 2321/2487/2481 2701/2488/2482 2700/2489/2483
f 2700/2489/2483 2701/2488/2482 2347/2490/2484
f 2700/2489/2483 2347/2490/2484 2346/2491/2485
f 2346/2491/2485 2347/2490/2484 2383/2492/2486
f 2346/2491/2485 2383/2492/2486 2384/2493/2487
f 2384/2493/2487 2383/2492/2486 2669/2494/2488
f 2384/2493/2487 2669/2494/2488 2668/2495/2489
f 2668/2495/2489 2669/2494/2488 2640/2496/2490
f 2668/2495/2489 2640/2496/2490 2639/2497/2491
f 2639/2497/2491 2640/2496/2490 2403/2498/2492
f 2639/2497/2491 2403/2498/2492 2402/2499/2493
f 2402/2499/2493 2403/2498/2492 2447/2500/2494
f 2402/2499/2493 2447/2500/2494 2448/2501/2495
f 2448/2501/2495 2447/2500/2494 2608/2502/2496
f 2448/2501/2495 2608/2502/2496 2607/2503/2497
f 2607/2503/2497 2608/2502/2496 2489/2504/2498
f 2607/2503/2497 2489/2504/2498 2488/2505/2499
f 2488/2505/2499 2489/2504/2498 2480/2506/2500
f 2488/2505/2499 2480/2506/2500 2481/2507/2501
f 2481/2507/2501 2480/2506/2500 2576/2508/2502
f 2481/2507/2501 2576/2508/2502 2575/2509/2503
f 2575/2509/2503 2576/2508/2502 2570/2510/2504
f 2575/2509/2503 2570/2510/2504 2571/2511/2505
f 2571/2511/2505 2570/2510/2504 2514/2512/2506
f 2571/2511/2505 2514/2512/2506 2303/2513/2507
f 2303/2513/2507 2514/2512/2506 1095/2514/2508
f 2303/2513/2507 1095/2514/2508 1094/2515/2509
f 2364/2431/2425 1013/2429/2423 2365/2516/2510
f 2365/2516/2510 1013/2429/2423 1012/2517/2511
f 2365/2516/2510 1012/2517/2511 2688/2518/2512
f 2688/2518/2512 1012/2517/2511 2300/2519/2513
f 2688/2518/2512 2300/2519/2513 2659/2520/2514
f 2659/2520/2514 2300/2519/2513 2423/2521/2515
f 2659/2520/2514 2423/2521/2515 2422/2522/2516
f 2422/2522/2516 2423/2521/2515 2427/2523/2517
f 2422/2522/2516 2427/2523/2517 2428/2524/2518
f 2428/2524/2518 2427/2523/2517 2628/2525/2519
f 2428/2524/2518 2628/2525/2519 2627/2526/2520
f 2627/2526/2520 2628/2525/2519 2509/2527/2521
f 2627/2526/2520 2509/2527/2521 2508/2528/2522
f 2508/2528/2522 2509/2527/2521 2460/2529/2523
f 2508/2528/2522 2460/2529/2523 2461/2530/2524
f 2461/2530/2524 2460/2529/2523 2596/2531/2525
f 2461/2530/2524 2596/2531/2525 2595/2532/2526
f 2595/2532/2526 2596/2531/2525 2550/2533/2527
f 2595/2532/2526 2550/2533/2527 2551/2534/2528
f 2551/2534/2528 2550/2533/2527 2534/2535/2529
f 2551/2534/2528 2534/2535/2529 2533/2536/2530
f 2533/2536/2530 2534/2535/2529 2270/2537/2531
f 2533/2536/2530 2270/2537/2531 2532/2538/2532
f 2532/2538/2532 2270/2537/2531 2531/2453/2447
f 2532/2538/2532 2531/2453/2447 2553/2451/2445
f 1011/2539/2533 2425/2540/2534 1012/2517/2511
f 1012/2517/2511 2425/2540/2534 2424/2541/2535
f 1012/2517/2511 2424/2541/2535 2300/2519/2513
f 2300/2519/2513 2424/2541/2535 2423/2521/2515
f 1010/2542/2536 2304/2543/2537 1011/2539/2533
f 1011/2539/2533 2304/2543/2537 2543/2544/2538
f 1011/2539/2533 2543/2544/2538 2455/2545/2539
f 2455/2545/2539 2543/2544/2538 2601/2546/2540
f 2455/2545/2539 2601/2546/2540 2456/2547/2541
f 2456/2547/2541 2601/2546/2540 2600/2548/2542
f 2456/2547/2541 2600/2548/2542 2457/2549/2543
f 2457/2549/2543 2600/2548/2542 2599/2550/2544
f 2457/2549/2543 2599/2550/2544 2458/2551/2545
f 2458/2551/2545 2599/2550/2544 2598/2552/2546
f 2458/2551/2545 2598/2552/2546 2459/2553/2547
f 2459/2553/2547 2598/2552/2546 2597/2554/2548
f 2459/2553/2547 2597/2554/2548 2460/2529/2523
f 2460/2529/2523 2597/2554/2548 2596/2531/2525
f 2304/2543/2537 1010/2542/2536 2542/2555/2549
f 2542/2555/2549 1010/2542/2536 2266/2556/2550
f 2542/2555/2549 2266/2556/2550 2267/2557/2551
f 2268/2558/2552 2540/2559/2553 2267/2557/2551
f 2267/2557/2551 2540/2559/2553 2541/2560/2554
f 2267/2557/2551 2541/2560/2554 2542/2555/2549
f 2542/2555/2549 2541/2560/2554 2304/2543/2537
f 2269/2561/2555 2538/2562/2556 2268/2558/2552
f 2268/2558/2552 2538/2562/2556 2539/2563/2557
f 2268/2558/2552 2539/2563/2557 2540/2559/2553
f 2540/2559/2553 2539/2563/2557 2545/2564/2558
f 2540/2559/2553 2545/2564/2558 2544/2565/2559
f 2544/2565/2559 2545/2564/2558 2601/2546/2540
f 2544/2565/2559 2601/2546/2540 2543/2544/2538
f 2270/2537/2531 2536/2566/2560 2269/2561/2555
f 2269/2561/2555 2536/2566/2560 2537/2567/2561
f 2269/2561/2555 2537/2567/2561 2538/2562/2556
f 2538/2562/2556 2537/2567/2561 2547/2568/2562
f 2538/2562/2556 2547/2568/2562 2546/2569/2563
f 2546/2569/2563 2547/2568/2562 2599/2550/2544
f 2546/2569/2563 2599/2550/2544 2600/2548/2542
f 2270/2537/2531 2271/2455/2449 2531/2453/2447
f 2272/2570/2564 2525/2571/2565 2271/2455/2449
f 2271/2455/2449 2525/2571/2565 2526/2572/2566
f 2271/2455/2449 2526/2572/2566 2527/2573/2567
f 2527/2573/2567 2526/2572/2566 2558/2574/2568
f 2527/2573/2567 2558/2574/2568 2557/2459/2453
f 2557/2459/2453 2558/2574/2568 2588/2461/2455
f 2273/2575/2569 2523/2576/2570 2272/2570/2564
f 2272/2570/2564 2523/2576/2570 2524/2577/2571
f 2272/2570/2564 2524/2577/2571 2525/2571/2565
f 2525/2571/2565 2524/2577/2571 2560/2578/2572
f 2525/2571/2565 2560/2578/2572 2559/2579/2573
f 2559/2579/2573 2560/2578/2572 2586/2580/2574
f 2559/2579/2573 2586/2580/2574 2587/2581/2575
f 2587/2581/2575 2586/2580/2574 2470/2582/2576
f 2587/2581/2575 2470/2582/2576 2469/2463/2457
f 2469/2463/2457 2470/2582/2576 2499/2465/2459
f 2274/2583/2577 2521/2584/2578 2273/2575/2569
f 2273/2575/2569 2521/2584/2578 2522/2585/2579
f 2273/2575/2569 2522/2585/2579 2523/2576/2570
f 2523/2576/2570 2522/2585/2579 2562/2586/2580
f 2523/2576/2570 2562/2586/2580 2561/2587/2581
f 2561/2587/2581 2562/2586/2580 2584/2588/2582
f 2561/2587/2581 2584/2588/2582 2585/2589/2583
f 2585/2589/2583 2584/2588/2582 2472/2590/2584
f 2585/2589/2583 2472/2590/2584 2471/2591/2585
f 2471/2591/2585 2472/2590/2584 2497/2592/2586
f 2471/2591/2585 2497/2592/2586 2498/2593/2587
f 2498/2593/2587 2497/2592/2586 2616/2594/2588
f 2498/2593/2587 2616/2594/2588 2617/2467/2461
f 2617/2467/2461 2616/2594/2588 2439/2469/2463
f 2275/2595/2589 2518/2596/2590 2274/2583/2577
f 2274/2583/2577 2518/2596/2590 2519/2597/2591
f 2274/2583/2577 2519/2597/2591 2520/2598/2592
f 2520/2598/2592 2519/2597/2591 2565/2599/2593
f 2520/2598/2592 2565/2599/2593 2564/2600/2594
f 2564/2600/2594 2565/2599/2593 2581/2601/2595
f 2564/2600/2594 2581/2601/2595 2582/2602/2596
f 2582/2602/2596 2581/2601/2595 2475/2603/2597
f 2582/2602/2596 2475/2603/2597 2474/2604/2598
f 2474/2604/2598 2475/2603/2597 2494/2605/2599
f 2474/2604/2598 2494/2605/2599 2495/2606/2600
f 2495/2606/2600 2494/2605/2599 2613/2607/2601
f 2495/2606/2600 2613/2607/2601 2614/2608/2602
f 2614/2608/2602 2613/2607/2601 2442/2609/2603
f 2614/2608/2602 2442/2609/2603 2441/2610/2604
f 2441/2610/2604 2442/2609/2603 2408/2611/2605
f 2441/2610/2604 2408/2611/2605 2409/2612/2606
f 2409/2612/2606 2408/2611/2605 2645/2613/2607
f 2409/2612/2606 2645/2613/2607 2646/2473/2467
f 2646/2473/2467 2645/2613/2607 2674/2475/2469
f 2275/2595/2589 2276/2614/2608 2518/2596/2590
f 2518/2596/2590 2276/2614/2608 2517/2615/2609
f 2518/2596/2590 2517/2615/2609 2567/2616/2610
f 2567/2616/2610 2517/2615/2609 2568/2617/2611
f 2567/2616/2610 2568/2617/2611 2578/2618/2612
f 2578/2618/2612 2568/2617/2611 2577/2619/2613
f 2578/2618/2612 2577/2619/2613 2479/2620/2614
f 2479/2620/2614 2577/2619/2613 2480/2506/2500
f 2479/2620/2614 2480/2506/2500 2489/2504/2498
f 2276/2614/2608 2277/2621/2615 2517/2615/2609
f 2517/2615/2609 2277/2621/2615 2516/2622/2616
f 2517/2615/2609 2516/2622/2616 2568/2617/2611
f 2568/2617/2611 2516/2622/2616 2569/2623/2617
f 2568/2617/2611 2569/2623/2617 2577/2619/2613
f 2577/2619/2613 2569/2623/2617 2576/2508/2502
f 2577/2619/2613 2576/2508/2502 2480/2506/2500
f 2277/2621/2615 2278/2624/2618 2516/2622/2616
f 2516/2622/2616 2278/2624/2618 2515/2625/2619
f 2516/2622/2616 2515/2625/2619 2569/2623/2617
f 2569/2623/2617 2515/2625/2619 2570/2510/2504
f 2569/2623/2617 2570/2510/2504 2576/2508/2502
f 2515/2625/2619 2278/2624/2618 2514/2512/2506
f 2514/2512/2506 2278/2624/2618 1095/2514/2508
f 1093/2626/2620 2573/2627/2621 1094/2515/2509
f 1094/2515/2509 2573/2627/2621 2572/2628/2622
f 1094/2515/2509 2572/2628/2622 2303/2513/2507
f 2303/2513/2507 2572/2628/2622 2571/2511/2505
f 2573/2627/2621 1093/2626/2620 2301/2629/2623
f 2301/2629/2623 1093/2626/2620 1092/2630/2624
f 2301/2629/2623 1092/2630/2624 2484/2631/2625
f 2484/2631/2625 1092/2630/2624 2602/2632/2626
f 2484/2631/2625 2602/2632/2626 2603/2633/2627
f 2603/2633/2627 2602/2632/2626 2453/2634/2628
f 2603/2633/2627 2453/2634/2628 2452/2635/2629
f 2452/2635/2629 2453/2634/2628 2397/2636/2630
f 2452/2635/2629 2397/2636/2630 2398/2637/2631
f 2398/2637/2631 2397/2636/2630 2634/2638/2632
f 2398/2637/2631 2634/2638/2632 2635/2639/2633
f 2635/2639/2633 2634/2638/2632 2663/2640/2634
f 2635/2639/2633 2663/2640/2634 2664/2641/2635
f 2664/2641/2635 2663/2640/2634 2389/2642/2636
f 2664/2641/2635 2389/2642/2636 2388/2643/2637
f 2388/2643/2637 2389/2642/2636 2341/2644/2638
f 2388/2643/2637 2341/2644/2638 2342/2645/2639
f 2342/2645/2639 2341/2644/2638 2695/2646/2640
f 2342/2645/2639 2695/2646/2640 2696/2647/2641
f 2696/2647/2641 2695/2646/2640 2326/2648/2642
f 2696/2647/2641 2326/2648/2642 2325/2649/2643
f 2325/2649/2643 2326/2648/2642 2284/2650/2644
f 2325/2649/2643 2284/2650/2644 2285/2651/2645
f 1092/2630/2624 1091/2652/2646 2602/2632/2626
f 2602/2632/2626 1091/2652/2646 2454/2653/2647
f 2602/2632/2626 2454/2653/2647 2453/2634/2628
f 2453/2634/2628 2454/2653/2647 2396/2654/2648
f 2453/2634/2628 2396/2654/2648 2397/2636/2630
f 2397/2636/2630 2396/2654/2648 2633/2655/2649
f 2397/2636/2630 2633/2655/2649 2634/2638/2632
f 2634/2638/2632 2633/2655/2649 2662/2656/2650
f 2634/2638/2632 2662/2656/2650 2663/2640/2634
f 2663/2640/2634 2662/2656/2650 2390/2657/2651
f 2663/2640/2634 2390/2657/2651 2389/2642/2636
f 2389/2642/2636 2390/2657/2651 2340/2658/2652
f 2389/2642/2636 2340/2658/2652 2341/2644/2638
f 2341/2644/2638 2340/2658/2652 2694/2659/2653
f 2341/2644/2638 2694/2659/2653 2695/2646/2640
f 2695/2646/2640 2694/2659/2653 2327/2660/2654
f 2695/2646/2640 2327/2660/2654 2326/2648/2642
f 2326/2648/2642 2327/2660/2654 2282/2661/2655
f 2326/2648/2642 2282/2661/2655 2283/2662/2656
f 1090/2663/2657 2631/2664/2658 1091/2652/2646
f 1091/2652/2646 2631/2664/2658 2395/2665/2659
f 1091/2652/2646 2395/2665/2659 2454/2653/2647
f 2454/2653/2647 2395/2665/2659 2396/2654/2648
f 1089/2666/2660 2297/2667/2661 1090/2663/2657
f 1090/2663/2657 2297/2667/2661 2335/2668/2662
f 1090/2663/2657 2335/2668/2662 2394/2669/2663
f 2394/2669/2663 2335/2668/2662 2336/2670/2664
f 2394/2669/2663 2336/2670/2664 2393/2671/2665
f 2393/2671/2665 2336/2670/2664 2337/2672/2666
f 2393/2671/2665 2337/2672/2666 2392/2673/2667
f 2392/2673/2667 2337/2672/2666 2338/2674/2668
f 2392/2673/2667 2338/2674/2668 2391/2675/2669
f 2391/2675/2669 2338/2674/2668 2339/2676/2670
f 2391/2675/2669 2339/2676/2670 2390/2657/2651
f 2390/2657/2651 2339/2676/2670 2340/2658/2652
f 2279/2677/2671 2333/2678/2672 1089/2666/2660
f 1089/2666/2660 2333/2678/2672 2334/2679/2673
f 1089/2666/2660 2334/2679/2673 2297/2667/2661
f 2297/2667/2661 2334/2679/2673 2333/2678/2672
f 2297/2667/2661 2333/2678/2672 2689/2680/2674
f 2689/2680/2674 2333/2678/2672 2332/2681/2675
f 2689/2680/2674 2332/2681/2675 2690/2682/2676
f 2690/2682/2676 2332/2681/2675 2331/2683/2677
f 2690/2682/2676 2331/2683/2677 2691/2684/2678
f 2691/2684/2678 2331/2683/2677 2330/2685/2679
f 2691/2684/2678 2330/2685/2679 2692/2686/2680
f 2692/2686/2680 2330/2685/2679 2329/2687/2681
f 2692/2686/2680 2329/2687/2681 2693/2688/2682
f 2693/2688/2682 2329/2687/2681 2328/2689/2683
f 2693/2688/2682 2328/2689/2683 2694/2659/2653
f 2694/2659/2653 2328/2689/2683 2327/2660/2654
f 2280/2690/2684 2329/2687/2681 2279/2677/2671
f 2279/2677/2671 2329/2687/2681 2330/2685/2679
f 2279/2677/2671 2330/2685/2679 2331/2683/2677
f 2329/2687/2681 2280/2690/2684 2328/2689/2683
f 2328/2689/2683 2280/2690/2684 2281/2691/2685
f 2328/2689/2683 2281/2691/2685 2327/2660/2654
f 2327/2660/2654 2281/2691/2685 2282/2661/2655
f 2283/2662/2656 2284/2650/2644 2326/2648/2642
f 2285/2651/2645 2286/2692/2686 2325/2649/2643
f 2325/2649/2643 2286/2692/2686 2324/2693/2687
f 2325/2649/2643 2324/2693/2687 2697/2694/2688
f 2697/2694/2688 2324/2693/2687 2698/2695/2689
f 2697/2694/2688 2698/2695/2689 2344/2696/2690
f 2344/2696/2690 2698/2695/2689 2345/2697/2691
f 2344/2696/2690 2345/2697/2691 2385/2698/2692
f 2385/2698/2692 2345/2697/2691 2384/2493/2487
f 2385/2698/2692 2384/2493/2487 2668/2495/2489
f 2286/2692/2686 2287/2699/2693 2324/2693/2687
f 2324/2693/2687 2287/2699/2693 2288/2700/2694
f 2324/2693/2687 2288/2700/2694 2323/2701/2695
f 2323/2701/2695 2288/2700/2694 2289/2702/2696
f 2323/2701/2695 2289/2702/2696 2290/2703/2697
f 2291/2485/2479 2321/2487/2481 2290/2703/2697
f 2290/2703/2697 2321/2487/2481 2322/2704/2698
f 2290/2703/2697 2322/2704/2698 2323/2701/2695
f 2323/2701/2695 2322/2704/2698 2699/2705/2699
f 2323/2701/2695 2699/2705/2699 2698/2695/2689
f 2698/2695/2689 2699/2705/2699 2345/2697/2691
f 2318/2482/2476 2292/2484/2478 2317/2706/2700
f 2317/2706/2700 2292/2484/2478 2293/2707/2701
f 2317/2706/2700 2293/2707/2701 2316/2708/2702
f 2316/2708/2702 2293/2707/2701 2315/2709/2703
f 2316/2708/2702 2315/2709/2703 2706/2710/2704
f 2706/2710/2704 2315/2709/2703 2707/2711/2705
f 2706/2710/2704 2707/2711/2705 2353/2712/2706
f 2353/2712/2706 2707/2711/2705 2354/2713/2707
f 2353/2712/2706 2354/2713/2707 2376/2714/2708
f 2376/2714/2708 2354/2713/2707 2375/2715/2709
f 2376/2714/2708 2375/2715/2709 2677/2716/2710
f 2677/2716/2710 2375/2715/2709 2678/2717/2711
f 2677/2716/2710 2678/2717/2711 2649/2718/2712
f 2649/2718/2712 2678/2717/2711 2650/2719/2713
f 2649/2718/2712 2650/2719/2713 2413/2720/2714
f 2413/2720/2714 2650/2719/2713 2414/2721/2715
f 2413/2720/2714 2414/2721/2715 2436/2722/2716
f 2436/2722/2716 2414/2721/2715 2435/2723/2717
f 2436/2722/2716 2435/2723/2717 2620/2724/2718
f 2620/2724/2718 2435/2723/2717 2621/2725/2719
f 2620/2724/2718 2621/2725/2719 2502/2726/2720
f 2502/2726/2720 2621/2725/2719 2503/2727/2721
f 2502/2726/2720 2503/2727/2721 2466/2728/2722
f 2466/2728/2722 2503/2727/2721 2465/2729/2723
f 2466/2728/2722 2465/2729/2723 2591/2730/2724
f 2591/2730/2724 2465/2729/2723 2592/2450/2444
f 2591/2730/2724 2592/2450/2444 2554/2452/2446
f 2293/2707/2701 2294/2731/2725 2315/2709/2703
f 2315/2709/2703 2294/2731/2725 2314/2732/2726
f 2315/2709/2703 2314/2732/2726 2707/2711/2705
f 2707/2711/2705 2314/2732/2726 2708/2733/2727
f 2707/2711/2705 2708/2733/2727 2354/2713/2707
f 2354/2713/2707 2708/2733/2727 2355/2734/2728
f 2354/2713/2707 2355/2734/2728 2375/2715/2709
f 2375/2715/2709 2355/2734/2728 2374/2735/2729
f 2375/2715/2709 2374/2735/2729 2678/2717/2711
f 2678/2717/2711 2374/2735/2729 2679/2736/2730
f 2678/2717/2711 2679/2736/2730 2650/2719/2713
f 2650/2719/2713 2679/2736/2730 2651/2737/2731
f 2650/2719/2713 2651/2737/2731 2414/2721/2715
f 2414/2721/2715 2651/2737/2731 2415/2738/2732
f 2414/2721/2715 2415/2738/2732 2435/2723/2717
f 2435/2723/2717 2415/2738/2732 2434/2739/2733
f 2435/2723/2717 2434/2739/2733 2621/2725/2719
f 2621/2725/2719 2434/2739/2733 2622/2740/2734
f 2621/2725/2719 2622/2740/2734 2503/2727/2721
f 2503/2727/2721 2622/2740/2734 2504/2741/2735
f 2503/2727/2721 2504/2741/2735 2465/2729/2723
f 2465/2729/2723 2504/2741/2735 2464/2448/2442
f 2465/2729/2723 2464/2448/2442 2592/2450/2444
f 2314/2732/2726 2294/2731/2725 2313/2742/2736
f 2313/2742/2736 2294/2731/2725 2295/2743/2737
f 2313/2742/2736 2295/2743/2737 2312/2744/2738
f 2312/2744/2738 2295/2743/2737 2311/2745/2739
f 2312/2744/2738 2311/2745/2739 2710/2746/2740
f 2710/2746/2740 2311/2745/2739 2711/2747/2741
f 2710/2746/2740 2711/2747/2741 2357/2748/2742
f 2357/2748/2742 2711/2747/2741 2358/2749/2743
f 2357/2748/2742 2358/2749/2743 2372/2750/2744
f 2372/2750/2744 2358/2749/2743 2371/2751/2745
f 2372/2750/2744 2371/2751/2745 2681/2752/2746
f 2681/2752/2746 2371/2751/2745 2682/2753/2747
f 2681/2752/2746 2682/2753/2747 2653/2754/2748
f 2653/2754/2748 2682/2753/2747 2654/2755/2749
f 2653/2754/2748 2654/2755/2749 2417/2756/2750
f 2417/2756/2750 2654/2755/2749 2418/2757/2751
f 2417/2756/2750 2418/2757/2751 2432/2758/2752
f 2432/2758/2752 2418/2757/2751 2431/2442/2436
f 2432/2758/2752 2431/2442/2436 2624/2444/2438
f 2296/2426/2420 2308/2759/2753 2295/2743/2737
f 2295/2743/2737 2308/2759/2753 2309/2760/2754
f 2295/2743/2737 2309/2760/2754 2310/2761/2755
f 2310/2761/2755 2309/2760/2754 2712/2762/2756
f 2310/2761/2755 2712/2762/2756 2711/2747/2741
f 2711/2747/2741 2712/2762/2756 2358/2749/2743
f 1090/2663/2657 2394/2669/2663 2299/2763/2757
f 2299/2763/2757 2394/2669/2663 2393/2671/2665
f 2299/2763/2757 2393/2671/2665 2660/2764/2758
f 2660/2764/2758 2393/2671/2665 2392/2673/2667
f 2660/2764/2758 2392/2673/2667 2661/2765/2759
f 2661/2765/2759 2392/2673/2667 2391/2675/2669
f 2661/2765/2759 2391/2675/2669 2662/2656/2650
f 2662/2656/2650 2391/2675/2669 2390/2657/2651
f 2302/2766/2760 1011/2539/2533 2513/2767/2761
f 2513/2767/2761 1011/2539/2533 2455/2545/2539
f 2513/2767/2761 2455/2545/2539 2456/2547/2541
f 2305/2428/2422 2306/2768/2762 2296/2426/2420
f 2296/2426/2420 2306/2768/2762 2307/2769/2763
f 2296/2426/2420 2307/2769/2763 2308/2759/2753
f 2308/2759/2753 2307/2769/2763 2714/2770/2764
f 2308/2759/2753 2714/2770/2764 2713/2771/2765
f 2713/2771/2765 2714/2770/2764 2360/2772/2766
f 2713/2771/2765 2360/2772/2766 2359/2773/2767
f 2359/2773/2767 2360/2772/2766 2370/2774/2768
f 2359/2773/2767 2370/2774/2768 2371/2751/2745
f 2371/2751/2745 2370/2774/2768 2682/2753/2747
f 2306/2768/2762 2305/2428/2422 2716/2775/2769
f 2716/2775/2769 2305/2428/2422 2298/2430/2424
f 2716/2775/2769 2298/2430/2424 2363/2432/2426
f 2307/2769/2763 2306/2768/2762 2715/2776/2770
f 2715/2776/2770 2306/2768/2762 2716/2775/2769
f 2715/2776/2770 2716/2775/2769 2362/2777/2771
f 2362/2777/2771 2716/2775/2769 2363/2432/2426
f 2362/2777/2771 2363/2432/2426 2367/2434/2428
f 2311/2745/2739 2295/2743/2737 2310/2761/2755
f 2712/2762/2756 2309/2760/2754 2713/2771/2765
f 2713/2771/2765 2309/2760/2754 2308/2759/2753
f 2711/2747/2741 2311/2745/2739 2310/2761/2755
f 2708/2733/2727 2314/2732/2726 2313/2742/2736
f 2313/2742/2736 2312/2744/2738 2709/2778/2772
f 2709/2778/2772 2312/2744/2738 2710/2746/2740
f 2709/2778/2772 2710/2746/2740 2356/2779/2773
f 2356/2779/2773 2710/2746/2740 2357/2748/2742
f 2356/2779/2773 2357/2748/2742 2373/2780/2774
f 2373/2780/2774 2357/2748/2742 2372/2750/2744
f 2373/2780/2774 2372/2750/2744 2680/2781/2775
f 2680/2781/2775 2372/2750/2744 2681/2752/2746
f 2680/2781/2775 2681/2752/2746 2652/2782/2776
f 2652/2782/2776 2681/2752/2746 2653/2754/2748
f 2652/2782/2776 2653/2754/2748 2416/2783/2777
f 2416/2783/2777 2653/2754/2748 2417/2756/2750
f 2416/2783/2777 2417/2756/2750 2433/2784/2778
f 2433/2784/2778 2417/2756/2750 2432/2758/2752
f 2433/2784/2778 2432/2758/2752 2623/2785/2779
f 2623/2785/2779 2432/2758/2752 2624/2444/2438
f 2623/2785/2779 2624/2444/2438 2505/2446/2440
f 2704/2480/2474 2318/2482/2476 2317/2706/2700
f 2317/2706/2700 2316/2708/2702 2705/2786/2780
f 2705/2786/2780 2316/2708/2702 2706/2710/2704
f 2705/2786/2780 2706/2710/2704 2352/2787/2781
f 2352/2787/2781 2706/2710/2704 2353/2712/2706
f 2352/2787/2781 2353/2712/2706 2377/2788/2782
f 2377/2788/2782 2353/2712/2706 2376/2714/2708
f 2377/2788/2782 2376/2714/2708 2676/2789/2783
f 2676/2789/2783 2376/2714/2708 2677/2716/2710
f 2676/2789/2783 2677/2716/2710 2648/2790/2784
f 2648/2790/2784 2677/2716/2710 2649/2718/2712
f 2648/2790/2784 2649/2718/2712 2412/2791/2785
f 2412/2791/2785 2649/2718/2712 2413/2720/2714
f 2412/2791/2785 2413/2720/2714 2437/2792/2786
f 2437/2792/2786 2413/2720/2714 2436/2722/2716
f 2437/2792/2786 2436/2722/2716 2619/2793/2787
f 2619/2793/2787 2436/2722/2716 2620/2724/2718
f 2619/2793/2787 2620/2724/2718 2501/2794/2788
f 2501/2794/2788 2620/2724/2718 2502/2726/2720
f 2501/2794/2788 2502/2726/2720 2467/2795/2789
f 2467/2795/2789 2502/2726/2720 2466/2728/2722
f 2467/2795/2789 2466/2728/2722 2590/2796/2790
f 2590/2796/2790 2466/2728/2722 2591/2730/2724
f 2590/2796/2790 2591/2730/2724 2555/2797/2791
f 2555/2797/2791 2591/2730/2724 2554/2452/2446
f 2555/2797/2791 2554/2452/2446 2530/2454/2448
f 2320/2486/2480 2319/2483/2477 2702/2798/2792
f 2702/2798/2792 2319/2483/2477 2703/2481/2475
f 2702/2798/2792 2703/2481/2475 2349/2799/2793
f 2349/2799/2793 2703/2481/2475 2350/2479/2473
f 2349/2799/2793 2350/2479/2473 2380/2800/2794
f 2380/2800/2794 2350/2479/2473 2379/2477/2471
f 2380/2800/2794 2379/2477/2471 2673/2801/2795
f 2673/2801/2795 2379/2477/2471 2674/2475/2469
f 2673/2801/2795 2674/2475/2469 2645/2613/2607
f 2699/2705/2699 2322/2704/2698 2700/2489/2483
f 2700/2489/2483 2322/2704/2698 2321/2487/2481
f 2698/2695/2689 2324/2693/2687 2323/2701/2695
f 2696/2647/2641 2325/2649/2643 2697/2694/2688
f 2333/2678/2672 2279/2677/2671 2332/2681/2675
f 2332/2681/2675 2279/2677/2671 2331/2683/2677
f 2297/2667/2661 2689/2680/2674 2335/2668/2662
f 2335/2668/2662 2689/2680/2674 2336/2670/2664
f 2689/2680/2674 2690/2682/2676 2336/2670/2664
f 2336/2670/2664 2690/2682/2676 2337/2672/2666
f 2690/2682/2676 2691/2684/2678 2337/2672/2666
f 2337/2672/2666 2691/2684/2678 2338/2674/2668
f 2691/2684/2678 2692/2686/2680 2338/2674/2668
f 2338/2674/2668 2692/2686/2680 2339/2676/2670
f 2692/2686/2680 2693/2688/2682 2339/2676/2670
f 2339/2676/2670 2693/2688/2682 2340/2658/2652
f 2693/2688/2682 2694/2659/2653 2340/2658/2652
f 2342/2645/2639 2343/2802/2796 2387/2803/2797
f 2387/2803/2797 2343/2802/2796 2386/2804/2798
f 2387/2803/2797 2386/2804/2798 2666/2805/2799
f 2666/2805/2799 2386/2804/2798 2667/2806/2800
f 2666/2805/2799 2667/2806/2800 2638/2807/2801
f 2638/2807/2801 2667/2806/2800 2639/2497/2491
f 2638/2807/2801 2639/2497/2491 2402/2499/2493
f 2343/2802/2796 2344/2696/2690 2386/2804/2798
f 2386/2804/2798 2344/2696/2690 2385/2698/2692
f 2386/2804/2798 2385/2698/2692 2667/2806/2800
f 2667/2806/2800 2385/2698/2692 2668/2495/2489
f 2667/2806/2800 2668/2495/2489 2639/2497/2491
f 2342/2645/2639 2696/2647/2641 2343/2802/2796
f 2343/2802/2796 2696/2647/2641 2697/2694/2688
f 2343/2802/2796 2697/2694/2688 2344/2696/2690
f 2384/2493/2487 2345/2697/2691 2346/2491/2485
f 2346/2491/2485 2345/2697/2691 2699/2705/2699
f 2346/2491/2485 2699/2705/2699 2700/2489/2483
f 2347/2490/2484 2348/2808/2802 2382/2809/2803
f 2382/2809/2803 2348/2808/2802 2381/2810/2804
f 2382/2809/2803 2381/2810/2804 2671/2811/2805
f 2671/2811/2805 2381/2810/2804 2672/2812/2806
f 2671/2811/2805 2672/2812/2806 2643/2813/2807
f 2643/2813/2807 2672/2812/2806 2644/2814/2808
f 2643/2813/2807 2644/2814/2808 2407/2815/2809
f 2407/2815/2809 2644/2814/2808 2408/2611/2605
f 2407/2815/2809 2408/2611/2605 2442/2609/2603
f 2348/2808/2802 2349/2799/2793 2381/2810/2804
f 2381/2810/2804 2349/2799/2793 2380/2800/2794
f 2381/2810/2804 2380/2800/2794 2672/2812/2806
f 2672/2812/2806 2380/2800/2794 2673/2801/2795
f 2672/2812/2806 2673/2801/2795 2644/2814/2808
f 2644/2814/2808 2673/2801/2795 2645/2613/2607
f 2644/2814/2808 2645/2613/2607 2408/2611/2605
f 2347/2490/2484 2701/2488/2482 2348/2808/2802
f 2348/2808/2802 2701/2488/2482 2702/2798/2792
f 2348/2808/2802 2702/2798/2792 2349/2799/2793
f 2351/2478/2472 2352/2787/2781 2378/2476/2470
f 2378/2476/2470 2352/2787/2781 2377/2788/2782
f 2378/2476/2470 2377/2788/2782 2675/2474/2468
f 2675/2474/2468 2377/2788/2782 2676/2789/2783
f 2675/2474/2468 2676/2789/2783 2647/2472/2466
f 2647/2472/2466 2676/2789/2783 2648/2790/2784
f 2647/2472/2466 2648/2790/2784 2411/2470/2464
f 2411/2470/2464 2648/2790/2784 2412/2791/2785
f 2411/2470/2464 2412/2791/2785 2438/2468/2462
f 2438/2468/2462 2412/2791/2785 2437/2792/2786
f 2438/2468/2462 2437/2792/2786 2618/2466/2460
f 2618/2466/2460 2437/2792/2786 2619/2793/2787
f 2618/2466/2460 2619/2793/2787 2500/2464/2458
f 2500/2464/2458 2619/2793/2787 2501/2794/2788
f 2500/2464/2458 2501/2794/2788 2468/2462/2456
f 2468/2462/2456 2501/2794/2788 2467/2795/2789
f 2468/2462/2456 2467/2795/2789 2589/2460/2454
f 2589/2460/2454 2467/2795/2789 2590/2796/2790
f 2589/2460/2454 2590/2796/2790 2556/2458/2452
f 2556/2458/2452 2590/2796/2790 2555/2797/2791
f 2556/2458/2452 2555/2797/2791 2529/2456/2450
f 2529/2456/2450 2555/2797/2791 2530/2454/2448
f 2352/2787/2781 2351/2478/2472 2705/2786/2780
f 2705/2786/2780 2351/2478/2472 2704/2480/2474
f 2705/2786/2780 2704/2480/2474 2317/2706/2700
f 2355/2734/2728 2356/2779/2773 2374/2735/2729
f 2374/2735/2729 2356/2779/2773 2373/2780/2774
f 2374/2735/2729 2373/2780/2774 2679/2736/2730
f 2679/2736/2730 2373/2780/2774 2680/2781/2775
f 2679/2736/2730 2680/2781/2775 2651/2737/2731
f 2651/2737/2731 2680/2781/2775 2652/2782/2776
f 2651/2737/2731 2652/2782/2776 2415/2738/2732
f 2415/2738/2732 2652/2782/2776 2416/2783/2777
f 2415/2738/2732 2416/2783/2777 2434/2739/2733
f 2434/2739/2733 2416/2783/2777 2433/2784/2778
f 2434/2739/2733 2433/2784/2778 2622/2740/2734
f 2622/2740/2734 2433/2784/2778 2623/2785/2779
f 2622/2740/2734 2623/2785/2779 2504/2741/2735
f 2504/2741/2735 2623/2785/2779 2505/2446/2440
f 2504/2741/2735 2505/2446/2440 2464/2448/2442
f 2356/2779/2773 2355/2734/2728 2709/2778/2772
f 2709/2778/2772 2355/2734/2728 2708/2733/2727
f 2709/2778/2772 2708/2733/2727 2313/2742/2736
f 2371/2751/2745 2358/2749/2743 2359/2773/2767
f 2359/2773/2767 2358/2749/2743 2712/2762/2756
f 2359/2773/2767 2712/2762/2756 2713/2771/2765
f 2360/2772/2766 2361/2816/2810 2369/2817/2811
f 2369/2817/2811 2361/2816/2810 2368/2818/2812
f 2369/2817/2811 2368/2818/2812 2684/2819/2813
f 2684/2819/2813 2368/2818/2812 2685/2436/2430
f 2684/2819/2813 2685/2436/2430 2656/2438/2432
f 2361/2816/2810 2362/2777/2771 2368/2818/2812
f 2368/2818/2812 2362/2777/2771 2367/2434/2428
f 2368/2818/2812 2367/2434/2428 2685/2436/2430
f 2360/2772/2766 2714/2770/2764 2361/2816/2810
f 2361/2816/2810 2714/2770/2764 2715/2776/2770
f 2361/2816/2810 2715/2776/2770 2362/2777/2771
f 2364/2431/2425 2365/2516/2510 2366/2433/2427
f 2366/2433/2427 2365/2516/2510 2687/2820/2814
f 2366/2433/2427 2687/2820/2814 2686/2435/2429
f 2686/2435/2429 2687/2820/2814 2658/2821/2815
f 2686/2435/2429 2658/2821/2815 2657/2437/2431
f 2657/2437/2431 2658/2821/2815 2421/2822/2816
f 2657/2437/2431 2421/2822/2816 2420/2439/2433
f 2420/2439/2433 2421/2822/2816 2429/2823/2817
f 2420/2439/2433 2429/2823/2817 2430/2441/2435
f 2430/2441/2435 2429/2823/2817 2626/2824/2818
f 2430/2441/2435 2626/2824/2818 2625/2443/2437
f 2625/2443/2437 2626/2824/2818 2507/2825/2819
f 2625/2443/2437 2507/2825/2819 2506/2445/2439
f 2506/2445/2439 2507/2825/2819 2462/2826/2820
f 2506/2445/2439 2462/2826/2820 2463/2447/2441
f 2463/2447/2441 2462/2826/2820 2594/2827/2821
f 2463/2447/2441 2594/2827/2821 2593/2449/2443
f 2593/2449/2443 2594/2827/2821 2552/2828/2822
f 2593/2449/2443 2552/2828/2822 2553/2451/2445
f 2553/2451/2445 2552/2828/2822 2532/2538/2532
f 2360/2772/2766 2369/2817/2811 2370/2774/2768
f 2370/2774/2768 2369/2817/2811 2683/2829/2823
f 2370/2774/2768 2683/2829/2823 2682/2753/2747
f 2682/2753/2747 2683/2829/2823 2654/2755/2749
f 2683/2829/2823 2369/2817/2811 2684/2819/2813
f 2347/2490/2484 2382/2809/2803 2383/2492/2486
f 2383/2492/2486 2382/2809/2803 2670/2830/2824
f 2383/2492/2486 2670/2830/2824 2669/2494/2488
f 2669/2494/2488 2670/2830/2824 2641/2831/2825
f 2669/2494/2488 2641/2831/2825 2640/2496/2490
f 2640/2496/2490 2641/2831/2825 2404/2832/2826
f 2640/2496/2490 2404/2832/2826 2403/2498/2492
f 2403/2498/2492 2404/2832/2826 2446/2833/2827
f 2403/2498/2492 2446/2833/2827 2447/2500/2494
f 2447/2500/2494 2446/2833/2827 2609/2834/2828
f 2447/2500/2494 2609/2834/2828 2608/2502/2496
f 2608/2502/2496 2609/2834/2828 2490/2835/2829
f 2608/2502/2496 2490/2835/2829 2489/2504/2498
f 2489/2504/2498 2490/2835/2829 2479/2620/2614
f 2670/2830/2824 2382/2809/2803 2671/2811/2805
f 2342/2645/2639 2387/2803/2797 2388/2643/2637
f 2388/2643/2637 2387/2803/2797 2665/2836/2830
f 2388/2643/2637 2665/2836/2830 2664/2641/2635
f 2664/2641/2635 2665/2836/2830 2636/2837/2831
f 2664/2641/2635 2636/2837/2831 2635/2639/2633
f 2635/2639/2633 2636/2837/2831 2399/2838/2832
f 2635/2639/2633 2399/2838/2832 2398/2637/2631
f 2398/2637/2631 2399/2838/2832 2451/2839/2833
f 2398/2637/2631 2451/2839/2833 2452/2635/2629
f 2452/2635/2629 2451/2839/2833 2604/2840/2834
f 2452/2635/2629 2604/2840/2834 2603/2633/2627
f 2603/2633/2627 2604/2840/2834 2485/2841/2835
f 2603/2633/2627 2485/2841/2835 2484/2631/2625
f 2484/2631/2625 2485/2841/2835 2301/2629/2623
f 2665/2836/2830 2387/2803/2797 2666/2805/2799
f 1090/2663/2657 2299/2763/2757 2631/2664/2658
f 2631/2664/2658 2299/2763/2757 2660/2764/2758
f 2631/2664/2658 2660/2764/2758 2632/2842/2836
f 2632/2842/2836 2660/2764/2758 2661/2765/2759
f 2632/2842/2836 2661/2765/2759 2633/2655/2649
f 2633/2655/2649 2661/2765/2759 2662/2656/2650
f 2631/2664/2658 2632/2842/2836 2395/2665/2659
f 2395/2665/2659 2632/2842/2836 2396/2654/2648
f 2632/2842/2836 2633/2655/2649 2396/2654/2648
f 2399/2838/2832 2400/2843/2837 2450/2844/2838
f 2450/2844/2838 2400/2843/2837 2449/2845/2839
f 2450/2844/2838 2449/2845/2839 2606/2846/2840
f 2606/2846/2840 2449/2845/2839 2607/2503/2497
f 2606/2846/2840 2607/2503/2497 2488/2505/2499
f 2400/2843/2837 2401/2847/2841 2449/2845/2839
f 2449/2845/2839 2401/2847/2841 2448/2501/2495
f 2449/2845/2839 2448/2501/2495 2607/2503/2497
f 2399/2838/2832 2636/2837/2831 2400/2843/2837
f 2400/2843/2837 2636/2837/2831 2637/2848/2842
f 2400/2843/2837 2637/2848/2842 2401/2847/2841
f 2401/2847/2841 2637/2848/2842 2638/2807/2801
f 2401/2847/2841 2638/2807/2801 2402/2499/2493
f 2401/2847/2841 2402/2499/2493 2448/2501/2495
f 2404/2832/2826 2405/2849/2843 2445/2850/2844
f 2445/2850/2844 2405/2849/2843 2444/2851/2845
f 2445/2850/2844 2444/2851/2845 2611/2852/2846
f 2611/2852/2846 2444/2851/2845 2612/2853/2847
f 2611/2852/2846 2612/2853/2847 2493/2854/2848
f 2493/2854/2848 2612/2853/2847 2494/2605/2599
f 2493/2854/2848 2494/2605/2599 2475/2603/2597
f 2405/2849/2843 2406/2855/2849 2444/2851/2845
f 2444/2851/2845 2406/2855/2849 2443/2856/2850
f 2444/2851/2845 2443/2856/2850 2612/2853/2847
f 2612/2853/2847 2443/2856/2850 2613/2607/2601
f 2612/2853/2847 2613/2607/2601 2494/2605/2599
f 2404/2832/2826 2641/2831/2825 2405/2849/2843
f 2405/2849/2843 2641/2831/2825 2642/2857/2851
f 2405/2849/2843 2642/2857/2851 2406/2855/2849
f 2406/2855/2849 2642/2857/2851 2643/2813/2807
f 2406/2855/2849 2643/2813/2807 2407/2815/2809
f 2406/2855/2849 2407/2815/2809 2443/2856/2850
f 2443/2856/2850 2407/2815/2809 2442/2609/2603
f 2443/2856/2850 2442/2609/2603 2613/2607/2601
f 2409/2612/2606 2410/2471/2465 2440/2858/2852
f 2440/2858/2852 2410/2471/2465 2439/2469/2463
f 2440/2858/2852 2439/2469/2463 2616/2594/2588
f 2410/2471/2465 2409/2612/2606 2646/2473/2467
f 2431/2442/2436 2418/2757/2751 2419/2440/2434
f 2419/2440/2434 2418/2757/2751 2655/2859/2853
f 2419/2440/2434 2655/2859/2853 2656/2438/2432
f 2656/2438/2432 2655/2859/2853 2684/2819/2813
f 2655/2859/2853 2418/2757/2751 2654/2755/2749
f 2429/2823/2817 2421/2822/2816 2428/2524/2518
f 2428/2524/2518 2421/2822/2816 2422/2522/2516
f 2659/2520/2514 2422/2522/2516 2658/2821/2815
f 2658/2821/2815 2422/2522/2516 2421/2822/2816
f 2423/2521/2515 2424/2541/2535 2426/2860/2854
f 2426/2860/2854 2424/2541/2535 2425/2540/2534
f 2426/2860/2854 2425/2540/2534 2630/2861/2855
f 2630/2861/2855 2425/2540/2534 2302/2766/2760
f 2630/2861/2855 2302/2766/2760 2512/2862/2856
f 2512/2862/2856 2302/2766/2760 2513/2767/2761
f 2512/2862/2856 2513/2767/2761 2456/2547/2541
f 2423/2521/2515 2426/2860/2854 2427/2523/2517
f 2427/2523/2517 2426/2860/2854 2629/2863/2857
f 2427/2523/2517 2629/2863/2857 2628/2525/2519
f 2628/2525/2519 2629/2863/2857 2510/2864/2858
f 2628/2525/2519 2510/2864/2858 2509/2527/2521
f 2509/2527/2521 2510/2864/2858 2459/2553/2547
f 2509/2527/2521 2459/2553/2547 2460/2529/2523
f 2629/2863/2857 2426/2860/2854 2630/2861/2855
f 2626/2824/2818 2429/2823/2817 2627/2526/2520
f 2627/2526/2520 2429/2823/2817 2428/2524/2518
f 2409/2612/2606 2440/2858/2852 2441/2610/2604
f 2441/2610/2604 2440/2858/2852 2615/2865/2859
f 2441/2610/2604 2615/2865/2859 2614/2608/2602
f 2614/2608/2602 2615/2865/2859 2496/2866/2860
f 2614/2608/2602 2496/2866/2860 2495/2606/2600
f 2495/2606/2600 2496/2866/2860 2473/2867/2861
f 2495/2606/2600 2473/2867/2861 2474/2604/2598
f 2474/2604/2598 2473/2867/2861 2583/2868/2862
f 2474/2604/2598 2583/2868/2862 2582/2602/2596
f 2582/2602/2596 2583/2868/2862 2563/2869/2863
f 2582/2602/2596 2563/2869/2863 2564/2600/2594
f 2564/2600/2594 2563/2869/2863 2521/2584/2578
f 2564/2600/2594 2521/2584/2578 2520/2598/2592
f 2520/2598/2592 2521/2584/2578 2274/2583/2577
f 2615/2865/2859 2440/2858/2852 2616/2594/2588
f 2404/2832/2826 2445/2850/2844 2446/2833/2827
f 2446/2833/2827 2445/2850/2844 2610/2870/2864
f 2446/2833/2827 2610/2870/2864 2609/2834/2828
f 2609/2834/2828 2610/2870/2864 2491/2871/2865
f 2609/2834/2828 2491/2871/2865 2490/2835/2829
f 2490/2835/2829 2491/2871/2865 2478/2872/2866
f 2490/2835/2829 2478/2872/2866 2479/2620/2614
f 2479/2620/2614 2478/2872/2866 2578/2618/2612
f 2610/2870/2864 2445/2850/2844 2611/2852/2846
f 2399/2838/2832 2450/2844/2838 2451/2839/2833
f 2451/2839/2833 2450/2844/2838 2605/2873/2867
f 2451/2839/2833 2605/2873/2867 2604/2840/2834
f 2604/2840/2834 2605/2873/2867 2486/2874/2868
f 2604/2840/2834 2486/2874/2868 2485/2841/2835
f 2485/2841/2835 2486/2874/2868 2483/2875/2869
f 2485/2841/2835 2483/2875/2869 2301/2629/2623
f 2301/2629/2623 2483/2875/2869 2573/2627/2621
f 2605/2873/2867 2450/2844/2838 2606/2846/2840
f 2456/2547/2541 2457/2549/2543 2512/2862/2856
f 2512/2862/2856 2457/2549/2543 2511/2876/2870
f 2512/2862/2856 2511/2876/2870 2630/2861/2855
f 2630/2861/2855 2511/2876/2870 2629/2863/2857
f 2457/2549/2543 2458/2551/2545 2511/2876/2870
f 2511/2876/2870 2458/2551/2545 2510/2864/2858
f 2511/2876/2870 2510/2864/2858 2629/2863/2857
f 2458/2551/2545 2459/2553/2547 2510/2864/2858
f 2508/2528/2522 2461/2530/2524 2507/2825/2819
f 2507/2825/2819 2461/2530/2524 2462/2826/2820
f 2594/2827/2821 2462/2826/2820 2595/2532/2526
f 2595/2532/2526 2462/2826/2820 2461/2530/2524
f 2587/2581/2575 2469/2463/2457 2588/2461/2455
f 2499/2465/2459 2470/2582/2576 2498/2593/2587
f 2498/2593/2587 2470/2582/2576 2471/2591/2585
f 2585/2589/2583 2471/2591/2585 2586/2580/2574
f 2586/2580/2574 2471/2591/2585 2470/2582/2576
f 2497/2592/2586 2472/2590/2584 2496/2866/2860
f 2496/2866/2860 2472/2590/2584 2473/2867/2861
f 2583/2868/2862 2473/2867/2861 2584/2588/2582
f 2584/2588/2582 2473/2867/2861 2472/2590/2584
f 2475/2603/2597 2476/2877/2871 2493/2854/2848
f 2493/2854/2848 2476/2877/2871 2492/2878/2872
f 2493/2854/2848 2492/2878/2872 2611/2852/2846
f 2611/2852/2846 2492/2878/2872 2610/2870/2864
f 2476/2877/2871 2477/2879/2873 2492/2878/2872
f 2492/2878/2872 2477/2879/2873 2491/2871/2865
f 2492/2878/2872 2491/2871/2865 2610/2870/2864
f 2475/2603/2597 2581/2601/2595 2476/2877/2871
f 2476/2877/2871 2581/2601/2595 2580/2880/2874
f 2476/2877/2871 2580/2880/2874 2477/2879/2873
f 2477/2879/2873 2580/2880/2874 2579/2881/2875
f 2477/2879/2873 2579/2881/2875 2478/2872/2866
f 2478/2872/2866 2579/2881/2875 2578/2618/2612
f 2477/2879/2873 2478/2872/2866 2491/2871/2865
f 2481/2507/2501 2482/2882/2876 2487/2883/2877
f 2487/2883/2877 2482/2882/2876 2486/2874/2868
f 2487/2883/2877 2486/2874/2868 2605/2873/2867
f 2486/2874/2868 2482/2882/2876 2483/2875/2869
f 2483/2875/2869 2482/2882/2876 2574/2884/2878
f 2483/2875/2869 2574/2884/2878 2573/2627/2621
f 2573/2627/2621 2574/2884/2878 2572/2628/2622
f 2574/2884/2878 2482/2882/2876 2575/2509/2503
f 2575/2509/2503 2482/2882/2876 2481/2507/2501
f 2606/2846/2840 2488/2505/2499 2487/2883/2877
f 2487/2883/2877 2488/2505/2499 2481/2507/2501
f 2606/2846/2840 2487/2883/2877 2605/2873/2867
f 2616/2594/2588 2497/2592/2586 2615/2865/2859
f 2615/2865/2859 2497/2592/2586 2496/2866/2860
f 2617/2467/2461 2499/2465/2459 2498/2593/2587
f 2627/2526/2520 2508/2528/2522 2626/2824/2818
f 2626/2824/2818 2508/2528/2522 2507/2825/2819
f 1011/2539/2533 2302/2766/2760 2425/2540/2534
f 2570/2510/2504 2515/2625/2619 2514/2512/2506
f 2519/2597/2591 2518/2596/2590 2566/2885/2879
f 2566/2885/2879 2518/2596/2590 2567/2616/2610
f 2566/2885/2879 2567/2616/2610 2579/2881/2875
f 2579/2881/2875 2567/2616/2610 2578/2618/2612
f 2562/2586/2580 2522/2585/2579 2563/2869/2863
f 2563/2869/2863 2522/2585/2579 2521/2584/2578
f 2560/2578/2572 2524/2577/2571 2561/2587/2581
f 2561/2587/2581 2524/2577/2571 2523/2576/2570
f 2528/2457/2451 2271/2455/2449 2527/2573/2567
f 2558/2574/2568 2526/2572/2566 2559/2579/2573
f 2559/2579/2573 2526/2572/2566 2525/2571/2565
f 2557/2459/2453 2528/2457/2451 2527/2573/2567
f 2551/2534/2528 2533/2536/2530 2552/2828/2822
f 2552/2828/2822 2533/2536/2530 2532/2538/2532
f 2536/2566/2560 2270/2537/2531 2535/2886/2880
f 2535/2886/2880 2270/2537/2531 2534/2535/2529
f 2535/2886/2880 2534/2535/2529 2550/2533/2527
f 2536/2566/2560 2535/2886/2880 2549/2887/2881
f 2549/2887/2881 2535/2886/2880 2550/2533/2527
f 2549/2887/2881 2550/2533/2527 2596/2531/2525
f 2537/2567/2561 2536/2566/2560 2548/2888/2882
f 2548/2888/2882 2536/2566/2560 2549/2887/2881
f 2548/2888/2882 2549/2887/2881 2597/2554/2548
f 2597/2554/2548 2549/2887/2881 2596/2531/2525
f 2545/2564/2558 2539/2563/2557 2546/2569/2563
f 2546/2569/2563 2539/2563/2557 2538/2562/2556
f 2304/2543/2537 2541/2560/2554 2544/2565/2559
f 2544/2565/2559 2541/2560/2554 2540/2559/2553
f 2304/2543/2537 2544/2565/2559 2543/2544/2538
f 2600/2548/2542 2601/2546/2540 2545/2564/2558
f 2545/2564/2558 2546/2569/2563 2600/2548/2542
f 2598/2552/2546 2599/2550/2544 2547/2568/2562
f 2597/2554/2548 2598/2552/2546 2548/2888/2882
f 2548/2888/2882 2598/2552/2546 2547/2568/2562
f 2548/2888/2882 2547/2568/2562 2537/2567/2561
f 2594/2827/2821 2595/2532/2526 2551/2534/2528
f 2551/2534/2528 2552/2828/2822 2594/2827/2821
f 2587/2581/2575 2588/2461/2455 2558/2574/2568
f 2558/2574/2568 2559/2579/2573 2587/2581/2575
f 2585/2589/2583 2586/2580/2574 2560/2578/2572
f 2560/2578/2572 2561/2587/2581 2585/2589/2583
f 2583/2868/2862 2584/2588/2582 2562/2586/2580
f 2562/2586/2580 2563/2869/2863 2583/2868/2862
f 2580/2880/2874 2581/2601/2595 2565/2599/2593
f 2579/2881/2875 2580/2880/2874 2566/2885/2879
f 2566/2885/2879 2580/2880/2874 2565/2599/2593
f 2566/2885/2879 2565/2599/2593 2519/2597/2591
f 2574/2884/2878 2575/2509/2503 2571/2511/2505
f 2571/2511/2505 2572/2628/2622 2574/2884/2878
f 2666/2805/2799 2638/2807/2801 2637/2848/2842
f 2666/2805/2799 2637/2848/2842 2665/2836/2830
f 2665/2836/2830 2637/2848/2842 2636/2837/2831
f 2671/2811/2805 2643/2813/2807 2642/2857/2851
f 2671/2811/2805 2642/2857/2851 2670/2830/2824
f 2670/2830/2824 2642/2857/2851 2641/2831/2825
f 2684/2819/2813 2655/2859/2853 2683/2829/2823
f 2683/2829/2823 2655/2859/2853 2654/2755/2749
f 2688/2518/2512 2659/2520/2514 2687/2820/2814
f 2687/2820/2814 2659/2520/2514 2658/2821/2815
f 2687/2820/2814 2365/2516/2510 2688/2518/2512
f 2320/2486/2480 2702/2798/2792 2701/2488/2482
f 2307/2769/2763 2715/2776/2770 2714/2770/2764
f 1088/2889/2883 2736/2890/2884 1089/2891/2885
f 1089/2891/2885 2736/2890/2884 2737/2892/2886
f 1089/2891/2885 2737/2892/2886 2279/2893/2887
f 2279/2893/2887 2737/2892/2886 2738/2894/2888
f 2279/2893/2887 2738/2894/2888 2739/2895/2889
f 2739/2895/2889 2738/2894/2888 2801/2896/2890
f 2739/2895/2889 2801/2896/2890 2800/2897/2891
f 2800/2897/2891 2801/2896/2890 2763/2898/2892
f 2800/2897/2891 2763/2898/2892 2764/2899/2893
f 2764/2899/2893 2763/2898/2892 2720/2900/2894
f 2764/2899/2893 2720/2900/2894 2721/2901/2895
f 1087/2902/2896 2759/2903/2897 1088/2889/2883
f 1088/2889/2883 2759/2903/2897 2804/2904/2898
f 1088/2889/2883 2804/2904/2898 2736/2890/2884
f 2736/2890/2884 2804/2904/2898 2803/2905/2899
f 2736/2890/2884 2803/2905/2899 2737/2892/2886
f 2737/2892/2886 2803/2905/2899 2802/2906/2900
f 2737/2892/2886 2802/2906/2900 2738/2894/2888
f 2738/2894/2888 2802/2906/2900 2801/2896/2890
f 1087/2902/2896 2717/2907/2901 2759/2903/2897
f 2759/2903/2897 2717/2907/2901 2760/2908/2902
f 2759/2903/2897 2760/2908/2902 2804/2904/2898
f 2804/2904/2898 2760/2908/2902 2803/2905/2899
f 2718/2909/2903 2762/2910/2904 2717/2907/2901
f 2717/2907/2901 2762/2910/2904 2761/2911/2905
f 2717/2907/2901 2761/2911/2905 2760/2908/2902
f 2760/2908/2902 2761/2911/2905 2803/2905/2899
f 2718/2909/2903 2719/2912/2906 2762/2910/2904
f 2762/2910/2904 2719/2912/2906 2763/2898/2892
f 2762/2910/2904 2763/2898/2892 2801/2896/2890
f 2719/2912/2906 2720/2900/2894 2763/2898/2892
f 2764/2899/2893 2721/2901/2895 2765/2913/2907
f 2765/2913/2907 2721/2901/2895 2722/2914/2908
f 2765/2913/2907 2722/2914/2908 2766/2915/2909
f 2766/2915/2909 2722/2914/2908 2723/2916/2910
f 2766/2915/2909 2723/2916/2910 2767/2917/2911
f 2767/2917/2911 2723/2916/2910 2724/2918/2912
f 2767/2917/2911 2724/2918/2912 2768/2919/2913
f 2768/2919/2913 2724/2918/2912 2725/2920/2914
f 2768/2919/2913 2725/2920/2914 2769/2921/2915
f 2769/2921/2915 2725/2920/2914 2726/2922/2916
f 2769/2921/2915 2726/2922/2916 2770/2923/2917
f 2770/2923/2917 2726/2922/2916 2727/2924/2918
f 2770/2923/2917 2727/2924/2918 2771/2925/2919
f 2771/2925/2919 2727/2924/2918 2728/2926/2920
f 2771/2925/2919 2728/2926/2920 2772/2927/2921
f 2772/2927/2921 2728/2926/2920 2729/2928/2922
f 2772/2927/2921 2729/2928/2922 2773/2929/2923
f 2773/2929/2923 2729/2928/2922 2730/2930/2924
f 2773/2929/2923 2730/2930/2924 2774/2931/2925
f 2774/2931/2925 2730/2930/2924 2731/2932/2926
f 2774/2931/2925 2731/2932/2926 2775/2933/2927
f 2775/2933/2927 2731/2932/2926 2732/2934/2928
f 2775/2933/2927 2732/2934/2928 2776/2935/2929
f 2776/2935/2929 2732/2934/2928 2733/2936/2930
f 2776/2935/2929 2733/2936/2930 2777/2937/2931
f 2777/2937/2931 2733/2936/2930 2734/2938/2932
f 2777/2937/2931 2734/2938/2932 2778/2939/2933
f 2778/2939/2933 2734/2938/2932 2735/2940/2934
f 2778/2939/2933 2735/2940/2934 2779/2941/2935
f 2779/2941/2935 2735/2940/2934 2780/2942/2936
f 2779/2941/2935 2780/2942/2936 2784/2943/2937
f 2784/2943/2937 2780/2942/2936 2783/2944/2938
f 2784/2943/2937 2783/2944/2938 2756/2945/2939
f 2756/2945/2939 2783/2944/2938 2757/2946/2940
f 2756/2945/2939 2757/2946/2940 2296/2947/2420
f 2296/2947/2420 2757/2946/2940 2758/2948/2941
f 2296/2947/2420 2758/2948/2941 1014/2949/2942
f 1014/2949/2942 2758/2948/2941 1015/2950/2943
f 1015/2950/2943 2758/2948/2941 2782/2951/2944
f 1015/2950/2943 2782/2951/2944 2781/2952/2945
f 2781/2952/2945 2782/2951/2944 2783/2944/2938
f 2781/2952/2945 2783/2944/2938 2780/2942/2936
f 2735/2940/2934 1016/2953/2946 2780/2942/2936
f 2780/2942/2936 1016/2953/2946 2781/2952/2945
f 1016/2953/2946 1015/2950/2943 2781/2952/2945
f 2296/2947/2420 2295/2954/2947 2756/2945/2939
f 2756/2945/2939 2295/2954/2947 2755/2955/2948
f 2756/2945/2939 2755/2955/2948 2784/2943/2937
f 2784/2943/2937 2755/2955/2948 2785/2956/2949
f 2784/2943/2937 2785/2956/2949 2779/2941/2935
f 2779/2941/2935 2785/2956/2949 2778/2939/2933
f 2295/2954/2947 2294/2957/2950 2755/2955/2948
f 2755/2955/2948 2294/2957/2950 2754/2958/2951
f 2755/2955/2948 2754/2958/2951 2785/2956/2949
f 2785/2956/2949 2754/2958/2951 2786/2959/2952
f 2785/2956/2949 2786/2959/2952 2778/2939/2933
f 2778/2939/2933 2786/2959/2952 2777/2937/2931
f 2294/2957/2950 2293/2960/2953 2754/2958/2951
f 2754/2958/2951 2293/2960/2953 2753/2961/2954
f 2754/2958/2951 2753/2961/2954 2786/2959/2952
f 2786/2959/2952 2753/2961/2954 2787/2962/2955
f 2786/2959/2952 2787/2962/2955 2777/2937/2931
f 2777/2937/2931 2787/2962/2955 2776/2935/2929
f 2293/2960/2953 2292/2963/2956 2753/2961/2954
f 2753/2961/2954 2292/2963/2956 2752/2964/2957
f 2753/2961/2954 2752/2964/2957 2787/2962/2955
f 2787/2962/2955 2752/2964/2957 2788/2965/2958
f 2787/2962/2955 2788/2965/2958 2776/2935/2929
f 2776/2935/2929 2788/2965/2958 2775/2933/2927
f 2292/2963/2956 2291/2966/2959 2752/2964/2957
f 2752/2964/2957 2291/2966/2959 2751/2967/2960
f 2752/2964/2957 2751/2967/2960 2788/2965/2958
f 2788/2965/2958 2751/2967/2960 2789/2968/2961
f 2788/2965/2958 2789/2968/2961 2775/2933/2927
f 2775/2933/2927 2789/2968/2961 2774/2931/2925
f 2291/2966/2959 2290/2969/2962 2751/2967/2960
f 2751/2967/2960 2290/2969/2962 2750/2970/2963
f 2751/2967/2960 2750/2970/2963 2789/2968/2961
f 2789/2968/2961 2750/2970/2963 2790/2971/2964
f 2789/2968/2961 2790/2971/2964 2774/2931/2925
f 2774/2931/2925 2790/2971/2964 2773/2929/2923
f 2290/2969/2962 2289/2972/2965 2750/2970/2963
f 2750/2970/2963 2289/2972/2965 2749/2973/2966
f 2750/2970/2963 2749/2973/2966 2790/2971/2964
f 2790/2971/2964 2749/2973/2966 2791/2974/2967
f 2790/2971/2964 2791/2974/2967 2773/2929/2923
f 2773/2929/2923 2791/2974/2967 2772/2927/2921
f 2289/2972/2965 2288/2975/2968 2749/2973/2966
f 2749/2973/2966 2288/2975/2968 2748/2976/2969
f 2749/2973/2966 2748/2976/2969 2791/2974/2967
f 2791/2974/2967 2748/2976/2969 2792/2977/2970
f 2791/2974/2967 2792/2977/2970 2772/2927/2921
f 2772/2927/2921 2792/2977/2970 2771/2925/2919
f 2288/2975/2968 2287/2978/2971 2748/2976/2969
f 2748/2976/2969 2287/2978/2971 2747/2979/2972
f 2748/2976/2969 2747/2979/2972 2792/2977/2970
f 2792/2977/2970 2747/2979/2972 2793/2980/2973
f 2792/2977/2970 2793/2980/2973 2771/2925/2919
f 2771/2925/2919 2793/2980/2973 2770/2923/2917
f 2287/2978/2971 2286/2981/2974 2747/2979/2972
f 2747/2979/2972 2286/2981/2974 2746/2982/2975
f 2747/2979/2972 2746/2982/2975 2793/2980/2973
f 2793/2980/2973 2746/2982/2975 2794/2983/2976
f 2793/2980/2973 2794/2983/2976 2770/2923/2917
f 2770/2923/2917 2794/2983/2976 2769/2921/2915
f 2286/2981/2974 2285/2984/2977 2746/2982/2975
f 2746/2982/2975 2285/2984/2977 2745/2985/2978
f 2746/2982/2975 2745/2985/2978 2794/2983/2976
f 2794/2983/2976 2745/2985/2978 2795/2986/2979
f 2794/2983/2976 2795/2986/2979 2769/2921/2915
f 2769/2921/2915 2795/2986/2979 2768/2919/2913
f 2285/2984/2977 2284/2987/2980 2745/2985/2978
f 2745/2985/2978 2284/2987/2980 2744/2988/2981
f 2745/2985/2978 2744/2988/2981 2795/2986/2979
f 2795/2986/2979 2744/2988/2981 2796/2989/2982
f 2795/2986/2979 2796/2989/2982 2768/2919/2913
f 2768/2919/2913 2796/2989/2982 2767/2917/2911
f 2284/2987/2980 2283/2990/2983 2744/2988/2981
f 2744/2988/2981 2283/2990/2983 2743/2991/2984
f 2744/2988/2981 2743/2991/2984 2796/2989/2982
f 2796/2989/2982 2743/2991/2984 2797/2992/2985
f 2796/2989/2982 2797/2992/2985 2767/2917/2911
f 2767/2917/2911 2797/2992/2985 2766/2915/2909
f 2283/2990/2983 2282/2993/2986 2743/2991/2984
f 2743/2991/2984 2282/2993/2986 2742/2994/2987
f 2743/2991/2984 2742/2994/2987 2797/2992/2985
f 2797/2992/2985 2742/2994/2987 2798/2995/2988
f 2797/2992/2985 2798/2995/2988 2766/2915/2909
f 2766/2915/2909 2798/2995/2988 2765/2913/2907
f 2282/2993/2986 2281/2996/2989 2742/2994/2987
f 2742/2994/2987 2281/2996/2989 2741/2997/2990
f 2742/2994/2987 2741/2997/2990 2798/2995/2988
f 2798/2995/2988 2741/2997/2990 2799/2998/2991
f 2798/2995/2988 2799/2998/2991 2765/2913/2907
f 2765/2913/2907 2799/2998/2991 2764/2899/2893
f 2281/2996/2989 2280/2999/2992 2741/2997/2990
f 2741/2997/2990 2280/2999/2992 2740/3000/2993
f 2741/2997/2990 2740/3000/2993 2799/2998/2991
f 2799/2998/2991 2740/3000/2993 2800/2897/2891
f 2799/2998/2991 2800/2897/2891 2764/2899/2893
f 2280/2999/2992 2279/2893/2887 2740/3000/2993
f 2740/3000/2993 2279/2893/2887 2739/2895/2889
f 2740/3000/2993 2739/2895/2889 2800/2897/2891
f 2782/2951/2944 2758/2948/2941 2757/2946/2940
f 2782/2951/2944 2757/2946/2940 2783/2944/2938
f 2802/2906/2900 2803/2905/2899 2761/2911/2905
f 2801/2896/2890 2802/2906/2900 2762/2910/2904
f 2762/2910/2904 2802/2906/2900 2761/2911/2905
f 1021/3001/2994 2819/3002/2995 1022/3003/2996
f 1022/3003/2996 2819/3002/2995 2827/3004/2997
f 1022/3003/2996 2827/3004/2997 2817/3005/2998
f 2817/3005/2998 2827/3004/2997 2828/3006/2999
f 2817/3005/2998 2828/3006/2999 2829/3007/3000
f 2829/3007/3000 2828/3006/2999 2882/3008/3001
f 2829/3007/3000 2882/3008/3001 2881/3009/3002
f 2881/3009/3002 2882/3008/3001 2890/3010/3003
f 2881/3009/3002 2890/3010/3003 2891/3011/3004
f 2891/3011/3004 2890/3010/3003 2920/3012/3005
f 2891/3011/3004 2920/3012/3005 2921/3013/3006
f 2921/3013/3006 2920/3012/3005 3206/3014/3007
f 2921/3013/3006 3206/3014/3007 3205/3015/3008
f 3205/3015/3008 3206/3014/3007 2996/3016/3009
f 3205/3015/3008 2996/3016/3009 2995/3017/3010
f 2995/3017/3010 2996/3016/3009 2952/3018/3011
f 2995/3017/3010 2952/3018/3011 2953/3019/3012
f 2953/3019/3012 2952/3018/3011 3053/3020/3013
f 2953/3019/3012 3053/3020/3013 3052/3021/3014
f 3052/3021/3014 3053/3020/3013 3014/3022/3015
f 3052/3021/3014 3014/3022/3015 3015/3023/3016
f 3015/3023/3016 3014/3022/3015 3164/3024/3017
f 3015/3023/3016 3164/3024/3017 3165/3025/3018
f 3165/3025/3018 3164/3024/3017 3286/3026/3019
f 3165/3025/3018 3286/3026/3019 3285/3027/3020
f 3285/3027/3020 3286/3026/3019 3109/3028/3021
f 3285/3027/3020 3109/3028/3021 3108/3029/3022
f 3108/3029/3022 3109/3028/3021 3077/3030/3023
f 3108/3029/3022 3077/3030/3023 3078/3031/3024
f 3078/3031/3024 3077/3030/3023 3255/3032/3025
f 3078/3031/3024 3255/3032/3025 3254/3033/3026
f 3254/3033/3026 3255/3032/3025 3225/3034/3027
f 3254/3033/3026 3225/3034/3027 3224/3035/3028
f 3224/3035/3028 3225/3034/3027 3135/3036/3029
f 3224/3035/3028 3135/3036/3029 3134/3037/3030
f 3134/3037/3030 3135/3036/3029 2720/3038/3031
f 3134/3037/3030 2720/3038/3031 3133/3039/3032
f 3133/3039/3032 2720/3038/3031 2719/3040/3033
f 3133/3039/3032 2719/3040/3033 3132/3041/3034
f 3132/3041/3034 2719/3040/3033 3131/3042/3035
f 3132/3041/3034 3131/3042/3035 3221/3043/3036
f 3221/3043/3036 3131/3042/3035 3220/3044/3037
f 3221/3043/3036 3220/3044/3037 3250/3045/3038
f 3250/3045/3038 3220/3044/3037 3249/3046/3039
f 3250/3045/3038 3249/3046/3039 3083/3047/3040
f 3083/3047/3040 3249/3046/3039 3084/3048/3041
f 3083/3047/3040 3084/3048/3041 3102/3049/3042
f 3102/3049/3042 3084/3048/3041 3101/3050/3043
f 3102/3049/3042 3101/3050/3043 3278/3051/3044
f 3278/3051/3044 3101/3050/3043 3277/3052/3045
f 3278/3051/3044 3277/3052/3045 3173/3053/3046
f 3173/3053/3046 3277/3052/3045 3174/3054/3047
f 3173/3053/3046 3174/3054/3047 3024/3055/3048
f 3024/3055/3048 3174/3054/3047 3025/3056/3049
f 3024/3055/3048 3025/3056/3049 3042/3057/3050
f 3042/3057/3050 3025/3056/3049 3041/3058/3051
f 3042/3057/3050 3041/3058/3051 2964/3059/3052
f 2964/3059/3052 3041/3058/3051 2965/3060/3053
f 2964/3059/3052 2965/3060/3053 2983/3061/3054
f 2983/3061/3054 2965/3060/3053 2982/3062/3055
f 2983/3061/3054 2982/3062/3055 3192/3063/3056
f 3192/3063/3056 2982/3062/3055 3191/3064/3057
f 3192/3063/3056 3191/3064/3057 2935/3065/3058
f 2935/3065/3058 3191/3064/3057 2936/3066/3059
f 2935/3065/3058 2936/3066/3059 2906/3067/3060
f 2906/3067/3060 2936/3066/3059 2907/3068/3061
f 2906/3067/3060 2907/3068/3061 2865/3069/3062
f 2865/3069/3062 2907/3068/3061 2864/3070/3063
f 2865/3069/3062 2864/3070/3063 2846/3071/3064
f 2846/3071/3064 2864/3070/3063 2847/3072/3065
f 2846/3071/3064 2847/3072/3065 2809/3073/3066
f 2809/3073/3066 2847/3072/3065 2848/3074/3067
f 2809/3073/3066 2848/3074/3067 2849/3075/3068
f 2849/3075/3068 2848/3074/3067 2862/3076/3069
f 2849/3075/3068 2862/3076/3069 2861/3077/3070
f 2861/3077/3070 2862/3076/3069 2910/3078/3071
f 2861/3077/3070 2910/3078/3071 2911/3079/3072
f 2911/3079/3072 2910/3078/3071 2940/3080/3073
f 2911/3079/3072 2940/3080/3073 2941/3081/3074
f 2941/3081/3074 2940/3080/3073 3186/3082/3075
f 2941/3081/3074 3186/3082/3075 3185/3083/3076
f 3185/3083/3076 3186/3082/3075 2976/3084/3077
f 3185/3083/3076 2976/3084/3077 2975/3085/3078
f 2975/3085/3078 2976/3084/3077 2972/3086/3079
f 2975/3085/3078 2972/3086/3079 2820/3087/3080
f 2820/3087/3080 2972/3086/3079 2973/3088/3081
f 2820/3087/3080 2973/3088/3081 1084/3089/3082
f 1084/3089/3082 2973/3088/3081 1085/3090/3083
f 1085/3090/3083 2973/3088/3081 3033/3091/3084
f 1085/3090/3083 3033/3091/3084 3182/3092/3085
f 3182/3092/3085 3033/3091/3084 3032/3093/3086
f 3182/3092/3085 3032/3093/3086 3181/3094/3087
f 3181/3094/3087 3032/3093/3086 3031/3095/3088
f 3181/3094/3087 3031/3095/3088 3180/3096/3089
f 3180/3096/3089 3031/3095/3088 3030/3097/3090
f 3180/3096/3089 3030/3097/3090 3179/3098/3091
f 3179/3098/3091 3030/3097/3090 3029/3099/3092
f 3179/3098/3091 3029/3099/3092 3178/3100/3093
f 3178/3100/3093 3029/3099/3092 3028/3101/3094
f 3178/3100/3093 3028/3101/3094 3177/3102/3095
f 3177/3102/3095 3028/3101/3094 3027/3103/3096
f 3177/3102/3095 3027/3103/3096 3176/3104/3097
f 3176/3104/3097 3027/3103/3096 3026/3105/3098
f 3176/3104/3097 3026/3105/3098 3175/3106/3099
f 3175/3106/3099 3026/3105/3098 3025/3056/3049
f 3175/3106/3099 3025/3056/3049 3174/3054/3047
f 1020/3107/3100 2886/3108/3101 1021/3001/2994
f 1021/3001/2994 2886/3108/3101 2885/3109/3102
f 1021/3001/2994 2885/3109/3102 2819/3002/2995
f 2819/3002/2995 2885/3109/3102 2884/3110/3103
f 2819/3002/2995 2884/3110/3103 2827/3004/2997
f 2827/3004/2997 2884/3110/3103 2883/3111/3104
f 2827/3004/2997 2883/3111/3104 2828/3006/2999
f 2828/3006/2999 2883/3111/3104 2882/3008/3001
f 1019/3112/3105 2821/3113/3106 1020/3107/3100
f 1020/3107/3100 2821/3113/3106 2915/3114/3107
f 1020/3107/3100 2915/3114/3107 2886/3108/3101
f 2886/3108/3101 2915/3114/3107 2916/3115/3108
f 2886/3108/3101 2916/3115/3108 2887/3116/3109
f 2887/3116/3109 2916/3115/3108 2917/3117/3110
f 2887/3116/3109 2917/3117/3110 2888/3118/3111
f 2888/3118/3111 2917/3117/3110 2918/3119/3112
f 2888/3118/3111 2918/3119/3112 2889/3120/3113
f 2889/3120/3113 2918/3119/3112 2919/3121/3114
f 2889/3120/3113 2919/3121/3114 2890/3010/3003
f 2890/3010/3003 2919/3121/3114 2920/3012/3005
f 1018/3122/3115 2822/3123/3116 1019/3112/3105
f 1019/3112/3105 2822/3123/3116 3003/3124/3117
f 1019/3112/3105 3003/3124/3117 2821/3113/3106
f 2821/3113/3106 3003/3124/3117 3002/3125/3118
f 2821/3113/3106 3002/3125/3118 3211/3126/3119
f 3211/3126/3119 3002/3125/3118 3001/3127/3120
f 3211/3126/3119 3001/3127/3120 3210/3128/3121
f 3210/3128/3121 3001/3127/3120 3000/3129/3122
f 3210/3128/3121 3000/3129/3122 3209/3130/3123
f 3209/3130/3123 3000/3129/3122 2999/3131/3124
f 3209/3130/3123 2999/3131/3124 3208/3132/3125
f 3208/3132/3125 2999/3131/3124 2998/3133/3126
f 3208/3132/3125 2998/3133/3126 3207/3134/3127
f 3207/3134/3127 2998/3133/3126 2997/3135/3128
f 3207/3134/3127 2997/3135/3128 3206/3014/3007
f 3206/3014/3007 2997/3135/3128 2996/3016/3009
f 1017/3136/3129 3153/3137/3130 1018/3122/3115
f 1018/3122/3115 3153/3137/3130 3004/3138/3131
f 1018/3122/3115 3004/3138/3131 3062/3139/3132
f 3062/3139/3132 3004/3138/3131 3005/3140/3133
f 3062/3139/3132 3005/3140/3133 3061/3141/3134
f 3061/3141/3134 3005/3140/3133 3006/3142/3135
f 3061/3141/3134 3006/3142/3135 3060/3143/3136
f 3060/3143/3136 3006/3142/3135 3007/3144/3137
f 3060/3143/3136 3007/3144/3137 3059/3145/3138
f 3059/3145/3138 3007/3144/3137 3008/3146/3139
f 3059/3145/3138 3008/3146/3139 3058/3147/3140
f 3058/3147/3140 3008/3146/3139 3009/3148/3141
f 3058/3147/3140 3009/3148/3141 3057/3149/3142
f 3057/3149/3142 3009/3148/3141 3010/3150/3143
f 3057/3149/3142 3010/3150/3143 3056/3151/3144
f 3056/3151/3144 3010/3150/3143 3011/3152/3145
f 3056/3151/3144 3011/3152/3145 3055/3153/3146
f 3055/3153/3146 3011/3152/3145 3012/3154/3147
f 3055/3153/3146 3012/3154/3147 3054/3155/3148
f 3054/3155/3148 3012/3154/3147 3013/3156/3149
f 3054/3155/3148 3013/3156/3149 3053/3020/3013
f 3053/3020/3013 3013/3156/3149 3014/3022/3015
f 1016/3157/3150 2826/3158/3151 1017/3136/3129
f 1017/3136/3129 2826/3158/3151 3241/3159/3152
f 1017/3136/3129 3241/3159/3152 3063/3160/3153
f 3063/3160/3153 3241/3159/3152 3269/3161/3154
f 3063/3160/3153 3269/3161/3154 3064/3162/3155
f 3064/3162/3155 3269/3161/3154 3268/3163/3156
f 3064/3162/3155 3268/3163/3156 3065/3164/3157
f 3065/3164/3157 3268/3163/3156 3267/3165/3158
f 3065/3164/3157 3267/3165/3158 3066/3166/3159
f 3066/3166/3159 3267/3165/3158 3266/3167/3160
f 3066/3166/3159 3266/3167/3160 3067/3168/3161
f 3067/3168/3161 3266/3167/3160 3265/3169/3162
f 3067/3168/3161 3265/3169/3162 3068/3170/3163
f 3068/3170/3163 3265/3169/3162 3264/3171/3164
f 3068/3170/3163 3264/3171/3164 3069/3172/3165
f 3069/3172/3165 3264/3171/3164 3263/3173/3166
f 3069/3172/3165 3263/3173/3166 3070/3174/3167
f 3070/3174/3167 3263/3173/3166 3262/3175/3168
f 3070/3174/3167 3262/3175/3168 3071/3176/3169
f 3071/3176/3169 3262/3175/3168 3261/3177/3170
f 3071/3176/3169 3261/3177/3170 3072/3178/3171
f 3072/3178/3171 3261/3177/3170 3260/3179/3172
f 3072/3178/3171 3260/3179/3172 3073/3180/3173
f 3073/3180/3173 3260/3179/3172 3259/3181/3174
f 3073/3180/3173 3259/3181/3174 3074/3182/3175
f 3074/3182/3175 3259/3181/3174 3258/3183/3176
f 3074/3182/3175 3258/3183/3176 3075/3184/3177
f 3075/3184/3177 3258/3183/3176 3257/3185/3178
f 3075/3184/3177 3257/3185/3178 3076/3186/3179
f 3076/3186/3179 3257/3185/3178 3256/3187/3180
f 3076/3186/3179 3256/3187/3180 3077/3030/3023
f 3077/3030/3023 3256/3187/3180 3255/3032/3025
f 2826/3158/3151 1016/3157/3150 3152/3188/3181
f 3152/3188/3181 1016/3157/3150 2735/3189/3182
f 3152/3188/3181 2735/3189/3182 3151/3190/3183
f 3151/3190/3183 2735/3189/3182 3150/3191/3184
f 3151/3190/3183 3150/3191/3184 3240/3192/3185
f 3240/3192/3185 3150/3191/3184 3239/3193/3186
f 3240/3192/3185 3239/3193/3186 3269/3161/3154
f 3269/3161/3154 3239/3193/3186 3268/3163/3156
f 3150/3191/3184 2735/3189/3182 3149/3194/3187
f 3149/3194/3187 2735/3189/3182 2734/3195/3188
f 3149/3194/3187 2734/3195/3188 3148/3196/3189
f 3148/3196/3189 2734/3195/3188 3147/3197/3190
f 3148/3196/3189 3147/3197/3190 3237/3198/3191
f 3237/3198/3191 3147/3197/3190 3236/3199/3192
f 3237/3198/3191 3236/3199/3192 3266/3167/3160
f 3266/3167/3160 3236/3199/3192 3265/3169/3162
f 2734/3195/3188 2733/3200/3193 3147/3197/3190
f 3147/3197/3190 2733/3200/3193 3146/3201/3194
f 3147/3197/3190 3146/3201/3194 3236/3199/3192
f 3236/3199/3192 3146/3201/3194 3235/3202/3195
f 3236/3199/3192 3235/3202/3195 3265/3169/3162
f 3265/3169/3162 3235/3202/3195 3264/3171/3164
f 2733/3200/3193 2732/3203/3196 3146/3201/3194
f 3146/3201/3194 2732/3203/3196 3145/3204/3197
f 3146/3201/3194 3145/3204/3197 3235/3202/3195
f 3235/3202/3195 3145/3204/3197 3234/3205/3198
f 3235/3202/3195 3234/3205/3198 3264/3171/3164
f 3264/3171/3164 3234/3205/3198 3263/3173/3166
f 2732/3203/3196 2731/3206/3199 3145/3204/3197
f 3145/3204/3197 2731/3206/3199 3144/3207/3200
f 3145/3204/3197 3144/3207/3200 3234/3205/3198
f 3234/3205/3198 3144/3207/3200 3233/3208/3201
f 3234/3205/3198 3233/3208/3201 3263/3173/3166
f 3263/3173/3166 3233/3208/3201 3262/3175/3168
f 2731/3206/3199 2730/3209/3202 3144/3207/3200
f 3144/3207/3200 2730/3209/3202 2729/3210/3203
f 3144/3207/3200 2729/3210/3203 3143/3211/3204
f 3143/3211/3204 2729/3210/3203 2728/3212/3205
f 3143/3211/3204 2728/3212/3205 2727/3213/3206
f 3143/3211/3204 2727/3213/3206 3142/3214/3207
f 3142/3214/3207 2727/3213/3206 2726/3215/3208
f 3142/3214/3207 2726/3215/3208 2725/3216/3209
f 3142/3214/3207 2725/3216/3209 3141/3217/3210
f 3141/3217/3210 2725/3216/3209 2724/3218/3211
f 3141/3217/3210 2724/3218/3211 2723/3219/3212
f 2722/3220/3213 3139/3221/3214 2723/3219/3212
f 2723/3219/3212 3139/3221/3214 3140/3222/3215
f 2723/3219/3212 3140/3222/3215 3141/3217/3210
f 3141/3217/3210 3140/3222/3215 3230/3223/3216
f 3141/3217/3210 3230/3223/3216 3231/3224/3217
f 3231/3224/3217 3230/3223/3216 3260/3179/3172
f 3231/3224/3217 3260/3179/3172 3261/3177/3170
f 2721/3225/3218 3137/3226/3219 2722/3220/3213
f 2722/3220/3213 3137/3226/3219 3138/3227/3220
f 2722/3220/3213 3138/3227/3220 3139/3221/3214
f 3139/3221/3214 3138/3227/3220 3228/3228/3221
f 3139/3221/3214 3228/3228/3221 3229/3229/3222
f 3229/3229/3222 3228/3228/3221 3258/3183/3176
f 3229/3229/3222 3258/3183/3176 3259/3181/3174
f 2720/3038/3031 3135/3036/3029 2721/3225/3218
f 2721/3225/3218 3135/3036/3029 3136/3230/3223
f 2721/3225/3218 3136/3230/3223 3137/3226/3219
f 3137/3226/3219 3136/3230/3223 3226/3231/3224
f 3137/3226/3219 3226/3231/3224 3227/3232/3225
f 3227/3232/3225 3226/3231/3224 3256/3187/3180
f 3227/3232/3225 3256/3187/3180 3257/3185/3178
f 2719/3040/3033 2718/3233/3226 3131/3042/3035
f 3131/3042/3035 2718/3233/3226 3130/3234/3227
f 3131/3042/3035 3130/3234/3227 3220/3044/3037
f 3220/3044/3037 3130/3234/3227 3219/3235/3228
f 3220/3044/3037 3219/3235/3228 3249/3046/3039
f 3249/3046/3039 3219/3235/3228 3248/3236/3229
f 3249/3046/3039 3248/3236/3229 3084/3048/3041
f 3084/3048/3041 3248/3236/3229 3085/3237/3230
f 3084/3048/3041 3085/3237/3230 3101/3050/3043
f 3101/3050/3043 3085/3237/3230 3100/3238/3231
f 3101/3050/3043 3100/3238/3231 3277/3052/3045
f 3277/3052/3045 3100/3238/3231 3276/3239/3232
f 3277/3052/3045 3276/3239/3232 3174/3054/3047
f 3174/3054/3047 3276/3239/3232 3175/3106/3099
f 2717/3240/2901 3126/3241/3233 2718/3233/3226
f 2718/3233/3226 3126/3241/3233 3127/3242/3234
f 2718/3233/3226 3127/3242/3234 3128/3243/3235
f 3128/3243/3235 3127/3242/3234 3217/3244/3236
f 3128/3243/3235 3217/3244/3236 3218/3245/3237
f 3218/3245/3237 3217/3244/3236 3247/3246/3238
f 3218/3245/3237 3247/3246/3238 3248/3236/3229
f 3248/3236/3229 3247/3246/3238 3085/3237/3230
f 1087/3247/3239 3123/3248/3240 2717/3240/2901
f 2717/3240/2901 3123/3248/3240 3124/3249/3241
f 2717/3240/2901 3124/3249/3241 3125/3250/3242
f 3125/3250/3242 3124/3249/3241 3214/3251/3243
f 3125/3250/3242 3214/3251/3243 3215/3252/3244
f 3215/3252/3244 3214/3251/3243 3244/3253/3245
f 3215/3252/3244 3244/3253/3245 3245/3254/3246
f 3245/3254/3246 3244/3253/3245 3088/3255/3247
f 3245/3254/3246 3088/3255/3247 3087/3256/3248
f 3087/3256/3248 3088/3255/3247 3098/3257/3249
f 3087/3256/3248 3098/3257/3249 3099/3258/3250
f 3099/3258/3250 3098/3257/3249 3275/3259/3251
f 3099/3258/3250 3275/3259/3251 3276/3239/3232
f 3276/3239/3232 3275/3259/3251 3175/3106/3099
f 1087/3247/3239 1086/3260/3252 3123/3248/3240
f 3123/3248/3240 1086/3260/3252 3212/3261/3253
f 3123/3248/3240 3212/3261/3253 3213/3262/3254
f 3213/3262/3254 3212/3261/3253 3242/3263/3255
f 3213/3262/3254 3242/3263/3255 3243/3264/3256
f 3243/3264/3256 3242/3263/3255 3090/3265/3257
f 3243/3264/3256 3090/3265/3257 3089/3266/3258
f 3089/3266/3258 3090/3265/3257 3096/3267/3259
f 3089/3266/3258 3096/3267/3259 3097/3268/3260
f 3097/3268/3260 3096/3267/3259 3273/3269/3261
f 3097/3268/3260 3273/3269/3261 3274/3270/3262
f 3274/3270/3262 3273/3269/3261 3177/3102/3095
f 3274/3270/3262 3177/3102/3095 3176/3104/3097
f 1085/3090/3083 3093/3271/3263 1086/3260/3252
f 1086/3260/3252 3093/3271/3263 3092/3272/3264
f 1086/3260/3252 3092/3272/3264 2825/3273/3265
f 2825/3273/3265 3092/3272/3264 3091/3274/3266
f 2825/3273/3265 3091/3274/3266 3242/3263/3255
f 3242/3263/3255 3091/3274/3266 3090/3265/3257
f 1083/3275/3267 2818/3276/3268 1084/3089/3082
f 1084/3089/3082 2818/3276/3268 2856/3277/3269
f 1084/3089/3082 2856/3277/3269 2944/3278/3270
f 2944/3278/3270 2856/3277/3269 2914/3279/3271
f 2944/3278/3270 2914/3279/3271 2943/3280/3272
f 2943/3280/3272 2914/3279/3271 2913/3281/3273
f 2943/3280/3272 2913/3281/3273 2942/3282/3274
f 2942/3282/3274 2913/3281/3273 2912/3283/3275
f 2942/3282/3274 2912/3283/3275 2941/3081/3074
f 2941/3081/3074 2912/3283/3275 2911/3079/3072
f 2818/3276/3268 1083/3275/3267 2855/3284/3276
f 2855/3284/3276 1083/3275/3267 2805/3285/3277
f 2855/3284/3276 2805/3285/3277 2806/3286/3278
f 2807/3287/3279 2853/3288/3280 2806/3286/3278
f 2806/3286/3278 2853/3288/3280 2854/3289/3281
f 2806/3286/3278 2854/3289/3281 2855/3284/3276
f 2855/3284/3276 2854/3289/3281 2818/3276/3268
f 2808/3290/3282 2851/3291/3283 2807/3287/3279
f 2807/3287/3279 2851/3291/3283 2852/3292/3284
f 2807/3287/3279 2852/3292/3284 2853/3288/3280
f 2853/3288/3280 2852/3292/3284 2858/3293/3285
f 2853/3288/3280 2858/3293/3285 2857/3294/3286
f 2857/3294/3286 2858/3293/3285 2914/3279/3271
f 2857/3294/3286 2914/3279/3271 2856/3277/3269
f 2809/3073/3066 2849/3075/3068 2808/3290/3282
f 2808/3290/3282 2849/3075/3068 2850/3295/3287
f 2808/3290/3282 2850/3295/3287 2851/3291/3283
f 2851/3291/3283 2850/3295/3287 2860/3296/3288
f 2851/3291/3283 2860/3296/3288 2859/3297/3289
f 2859/3297/3289 2860/3296/3288 2912/3283/3275
f 2859/3297/3289 2912/3283/3275 2913/3281/3273
f 2810/3298/3290 2844/3299/3291 2809/3073/3066
f 2809/3073/3066 2844/3299/3291 2845/3300/3292
f 2809/3073/3066 2845/3300/3292 2846/3071/3064
f 2846/3071/3064 2845/3300/3292 2865/3069/3062
f 2811/3301/3293 2838/3302/3294 2810/3298/3290
f 2810/3298/3290 2838/3302/3294 2839/3303/3295
f 2810/3298/3290 2839/3303/3295 2840/3304/3296
f 2840/3304/3296 2839/3303/3295 2871/3305/3297
f 2840/3304/3296 2871/3305/3297 2870/3306/3298
f 2870/3306/3298 2871/3305/3297 2901/3307/3299
f 2870/3306/3298 2901/3307/3299 2902/3308/3300
f 2902/3308/3300 2901/3307/3299 2931/3309/3301
f 2902/3308/3300 2931/3309/3301 2932/3310/3302
f 2932/3310/3302 2931/3309/3301 3195/3311/3303
f 2932/3310/3302 3195/3311/3303 3194/3312/3304
f 3194/3312/3304 3195/3311/3303 2985/3313/3305
f 3194/3312/3304 2985/3313/3305 2984/3314/3306
f 2984/3314/3306 2985/3313/3305 2963/3315/3307
f 2984/3314/3306 2963/3315/3307 2964/3059/3052
f 2964/3059/3052 2963/3315/3307 3042/3057/3050
f 2812/3316/3308 2836/3317/3309 2811/3301/3293
f 2811/3301/3293 2836/3317/3309 2837/3318/3310
f 2811/3301/3293 2837/3318/3310 2838/3302/3294
f 2838/3302/3294 2837/3318/3310 2873/3319/3311
f 2838/3302/3294 2873/3319/3311 2872/3320/3312
f 2872/3320/3312 2873/3319/3311 2899/3321/3313
f 2872/3320/3312 2899/3321/3313 2900/3322/3314
f 2900/3322/3314 2899/3321/3313 2929/3323/3315
f 2900/3322/3314 2929/3323/3315 2930/3324/3316
f 2930/3324/3316 2929/3323/3315 3197/3325/3317
f 2930/3324/3316 3197/3325/3317 3196/3326/3318
f 3196/3326/3318 3197/3325/3317 2987/3327/3319
f 3196/3326/3318 2987/3327/3319 2986/3328/3320
f 2986/3328/3320 2987/3327/3319 2961/3329/3321
f 2986/3328/3320 2961/3329/3321 2962/3330/3322
f 2962/3330/3322 2961/3329/3321 3044/3331/3323
f 2962/3330/3322 3044/3331/3323 3043/3332/3324
f 3043/3332/3324 3044/3331/3323 3023/3333/3325
f 3043/3332/3324 3023/3333/3325 3024/3055/3048
f 3024/3055/3048 3023/3333/3325 3173/3053/3046
f 2813/3334/3326 2834/3335/3327 2812/3316/3308
f 2812/3316/3308 2834/3335/3327 2835/3336/3328
f 2812/3316/3308 2835/3336/3328 2836/3317/3309
f 2836/3317/3309 2835/3336/3328 2875/3337/3329
f 2836/3317/3309 2875/3337/3329 2874/3338/3330
f 2874/3338/3330 2875/3337/3329 2897/3339/3331
f 2874/3338/3330 2897/3339/3331 2898/3340/3332
f 2898/3340/3332 2897/3339/3331 2927/3341/3333
f 2898/3340/3332 2927/3341/3333 2928/3342/3334
f 2928/3342/3334 2927/3341/3333 3199/3343/3335
f 2928/3342/3334 3199/3343/3335 3198/3344/3336
f 3198/3344/3336 3199/3343/3335 2989/3345/3337
f 3198/3344/3336 2989/3345/3337 2988/3346/3338
f 2988/3346/3338 2989/3345/3337 2959/3347/3339
f 2988/3346/3338 2959/3347/3339 2960/3348/3340
f 2960/3348/3340 2959/3347/3339 3046/3349/3341
f 2960/3348/3340 3046/3349/3341 3045/3350/3342
f 3045/3350/3342 3046/3349/3341 3021/3351/3343
f 3045/3350/3342 3021/3351/3343 3022/3352/3344
f 3022/3352/3344 3021/3351/3343 3171/3353/3345
f 3022/3352/3344 3171/3353/3345 3172/3354/3346
f 3172/3354/3346 3171/3353/3345 3279/3355/3347
f 3172/3354/3346 3279/3355/3347 3278/3051/3044
f 3278/3051/3044 3279/3355/3347 3102/3049/3042
f 2814/3356/3348 2831/3357/3349 2813/3334/3326
f 2813/3334/3326 2831/3357/3349 2832/3358/3350
f 2813/3334/3326 2832/3358/3350 2833/3359/3351
f 2833/3359/3351 2832/3358/3350 2878/3360/3352
f 2833/3359/3351 2878/3360/3352 2877/3361/3353
f 2877/3361/3353 2878/3360/3352 2894/3362/3354
f 2877/3361/3353 2894/3362/3354 2895/3363/3355
f 2895/3363/3355 2894/3362/3354 2924/3364/3356
f 2895/3363/3355 2924/3364/3356 2925/3365/3357
f 2925/3365/3357 2924/3364/3356 3202/3366/3358
f 2925/3365/3357 3202/3366/3358 3201/3367/3359
f 3201/3367/3359 3202/3366/3358 2992/3368/3360
f 3201/3367/3359 2992/3368/3360 2991/3369/3361
f 2991/3369/3361 2992/3368/3360 2956/3370/3362
f 2991/3369/3361 2956/3370/3362 2957/3371/3363
f 2957/3371/3363 2956/3370/3362 3049/3372/3364
f 2957/3371/3363 3049/3372/3364 3048/3373/3365
f 3048/3373/3365 3049/3372/3364 3018/3374/3366
f 3048/3373/3365 3018/3374/3366 3019/3375/3367
f 3019/3375/3367 3018/3374/3366 3168/3376/3368
f 3019/3375/3367 3168/3376/3368 3169/3377/3369
f 3169/3377/3369 3168/3376/3368 3282/3378/3370
f 3169/3377/3369 3282/3378/3370 3281/3379/3371
f 3281/3379/3371 3282/3378/3370 3105/3380/3372
f 3281/3379/3371 3105/3380/3372 3104/3381/3373
f 3104/3381/3373 3105/3380/3372 3081/3382/3374
f 3104/3381/3373 3081/3382/3374 3082/3383/3375
f 3082/3383/3375 3081/3382/3374 3251/3384/3376
f 3082/3383/3375 3251/3384/3376 3250/3045/3038
f 3250/3045/3038 3251/3384/3376 3221/3043/3036
f 2814/3356/3348 2815/3385/3377 2831/3357/3349
f 2831/3357/3349 2815/3385/3377 2830/3386/3378
f 2831/3357/3349 2830/3386/3378 2880/3387/3379
f 2880/3387/3379 2830/3386/3378 2881/3009/3002
f 2880/3387/3379 2881/3009/3002 2891/3011/3004
f 2815/3385/3377 2816/3388/3380 2830/3386/3378
f 2830/3386/3378 2816/3388/3380 2829/3007/3000
f 2830/3386/3378 2829/3007/3000 2881/3009/3002
f 2816/3388/3380 2817/3005/2998 2829/3007/3000
f 2820/3087/3080 1084/3089/3082 2974/3389/3381
f 2974/3389/3381 1084/3089/3082 3183/3390/3382
f 2974/3389/3381 3183/3390/3382 3184/3391/3383
f 3184/3391/3383 3183/3390/3382 2943/3280/3272
f 3184/3391/3383 2943/3280/3272 2942/3282/3274
f 1018/3122/3115 3062/3139/3132 2822/3123/3116
f 2822/3123/3116 3062/3139/3132 3061/3141/3134
f 2822/3123/3116 3061/3141/3134 2945/3392/3384
f 2945/3392/3384 3061/3141/3134 3060/3143/3136
f 2945/3392/3384 3060/3143/3136 2946/3393/3385
f 2946/3393/3385 3060/3143/3136 3059/3145/3138
f 2946/3393/3385 3059/3145/3138 2947/3394/3386
f 2947/3394/3386 3059/3145/3138 3058/3147/3140
f 2947/3394/3386 3058/3147/3140 2948/3395/3387
f 2948/3395/3387 3058/3147/3140 3057/3149/3142
f 2948/3395/3387 3057/3149/3142 2949/3396/3388
f 2949/3396/3388 3057/3149/3142 3056/3151/3144
f 2949/3396/3388 3056/3151/3144 2950/3397/3389
f 2950/3397/3389 3056/3151/3144 3055/3153/3146
f 2950/3397/3389 3055/3153/3146 2951/3398/3390
f 2951/3398/3390 3055/3153/3146 3054/3155/3148
f 2951/3398/3390 3054/3155/3148 2952/3018/3011
f 2952/3018/3011 3054/3155/3148 3053/3020/3013
f 1085/3090/3083 3182/3092/3085 2823/3399/3391
f 2823/3399/3391 3182/3092/3085 3181/3094/3087
f 2823/3399/3391 3181/3094/3087 3270/3400/3392
f 3270/3400/3392 3181/3094/3087 3180/3096/3089
f 3270/3400/3392 3180/3096/3089 3271/3401/3393
f 3271/3401/3393 3180/3096/3089 3179/3098/3091
f 3271/3401/3393 3179/3098/3091 3272/3402/3394
f 3272/3402/3394 3179/3098/3091 3178/3100/3093
f 3272/3402/3394 3178/3100/3093 3273/3269/3261
f 3273/3269/3261 3178/3100/3093 3177/3102/3095
f 2824/3403/3395 1017/3136/3129 3122/3404/3396
f 3122/3404/3396 1017/3136/3129 3063/3160/3153
f 3122/3404/3396 3063/3160/3153 3064/3162/3155
f 3212/3261/3253 1086/3260/3252 2825/3273/3265
f 2834/3335/3327 2813/3334/3326 2833/3359/3351
f 2832/3358/3350 2831/3357/3349 2879/3405/3397
f 2879/3405/3397 2831/3357/3349 2880/3387/3379
f 2879/3405/3397 2880/3387/3379 2892/3406/3398
f 2892/3406/3398 2880/3387/3379 2891/3011/3004
f 2892/3406/3398 2891/3011/3004 2921/3013/3006
f 2833/3359/3351 2877/3361/3353 2834/3335/3327
f 2834/3335/3327 2877/3361/3353 2876/3407/3399
f 2834/3335/3327 2876/3407/3399 2835/3336/3328
f 2835/3336/3328 2876/3407/3399 2875/3337/3329
f 2873/3319/3311 2837/3318/3310 2874/3338/3330
f 2874/3338/3330 2837/3318/3310 2836/3317/3309
f 2871/3305/3297 2839/3303/3295 2872/3320/3312
f 2872/3320/3312 2839/3303/3295 2838/3302/3294
f 2840/3304/3296 2841/3408/3400 2810/3298/3290
f 2810/3298/3290 2841/3408/3400 2842/3409/3401
f 2810/3298/3290 2842/3409/3401 2843/3410/3402
f 2843/3410/3402 2842/3409/3401 2868/3411/3403
f 2843/3410/3402 2868/3411/3403 2867/3412/3404
f 2867/3412/3404 2868/3411/3403 2904/3413/3405
f 2867/3412/3404 2904/3413/3405 2905/3414/3406
f 2905/3414/3406 2904/3413/3405 2934/3415/3407
f 2905/3414/3406 2934/3415/3407 2935/3065/3058
f 2935/3065/3058 2934/3415/3407 3192/3063/3056
f 2840/3304/3296 2870/3306/3298 2841/3408/3400
f 2841/3408/3400 2870/3306/3298 2869/3416/3408
f 2841/3408/3400 2869/3416/3408 2842/3409/3401
f 2842/3409/3401 2869/3416/3408 2868/3411/3403
f 2844/3299/3291 2810/3298/3290 2843/3410/3402
f 2843/3410/3402 2867/3412/3404 2844/3299/3291
f 2844/3299/3291 2867/3412/3404 2866/3417/3409
f 2844/3299/3291 2866/3417/3409 2845/3300/3292
f 2845/3300/3292 2866/3417/3409 2865/3069/3062
f 2848/3074/3067 2847/3072/3065 2863/3418/3410
f 2863/3418/3410 2847/3072/3065 2864/3070/3063
f 2863/3418/3410 2864/3070/3063 2908/3419/3411
f 2908/3419/3411 2864/3070/3063 2907/3068/3061
f 2908/3419/3411 2907/3068/3061 2937/3420/3412
f 2937/3420/3412 2907/3068/3061 2936/3066/3059
f 2937/3420/3412 2936/3066/3059 3190/3421/3413
f 3190/3421/3413 2936/3066/3059 3191/3064/3057
f 3190/3421/3413 3191/3064/3057 2981/3422/3414
f 2981/3422/3414 3191/3064/3057 2982/3062/3055
f 2981/3422/3414 2982/3062/3055 2966/3423/3415
f 2966/3423/3415 2982/3062/3055 2965/3060/3053
f 2966/3423/3415 2965/3060/3053 3040/3424/3416
f 3040/3424/3416 2965/3060/3053 3041/3058/3051
f 3040/3424/3416 3041/3058/3051 3026/3105/3098
f 3026/3105/3098 3041/3058/3051 3025/3056/3049
f 2860/3296/3288 2850/3295/3287 2861/3077/3070
f 2861/3077/3070 2850/3295/3287 2849/3075/3068
f 2858/3293/3285 2852/3292/3284 2859/3297/3289
f 2859/3297/3289 2852/3292/3284 2851/3291/3283
f 2818/3276/3268 2854/3289/3281 2857/3294/3286
f 2857/3294/3286 2854/3289/3281 2853/3288/3280
f 2818/3276/3268 2857/3294/3286 2856/3277/3269
f 2913/3281/3273 2914/3279/3271 2858/3293/3285
f 2858/3293/3285 2859/3297/3289 2913/3281/3273
f 2911/3079/3072 2912/3283/3275 2860/3296/3288
f 2860/3296/3288 2861/3077/3070 2911/3079/3072
f 2862/3076/3069 2863/3418/3410 2909/3425/3417
f 2909/3425/3417 2863/3418/3410 2908/3419/3411
f 2909/3425/3417 2908/3419/3411 2938/3426/3418
f 2938/3426/3418 2908/3419/3411 2937/3420/3412
f 2938/3426/3418 2937/3420/3412 3189/3427/3419
f 3189/3427/3419 2937/3420/3412 3190/3421/3413
f 3189/3427/3419 3190/3421/3413 2980/3428/3420
f 2980/3428/3420 3190/3421/3413 2981/3422/3414
f 2980/3428/3420 2981/3422/3414 2967/3429/3421
f 2967/3429/3421 2981/3422/3414 2966/3423/3415
f 2967/3429/3421 2966/3423/3415 3039/3430/3422
f 3039/3430/3422 2966/3423/3415 3040/3424/3416
f 3039/3430/3422 3040/3424/3416 3027/3103/3096
f 3027/3103/3096 3040/3424/3416 3026/3105/3098
f 2863/3418/3410 2862/3076/3069 2848/3074/3067
f 2865/3069/3062 2866/3417/3409 2906/3067/3060
f 2906/3067/3060 2866/3417/3409 2905/3414/3406
f 2906/3067/3060 2905/3414/3406 2935/3065/3058
f 2866/3417/3409 2867/3412/3404 2905/3414/3406
f 2868/3411/3403 2869/3416/3408 2903/3431/3423
f 2903/3431/3423 2869/3416/3408 2902/3308/3300
f 2903/3431/3423 2902/3308/3300 2932/3310/3302
f 2869/3416/3408 2870/3306/3298 2902/3308/3300
f 2901/3307/3299 2871/3305/3297 2900/3322/3314
f 2900/3322/3314 2871/3305/3297 2872/3320/3312
f 2899/3321/3313 2873/3319/3311 2898/3340/3332
f 2898/3340/3332 2873/3319/3311 2874/3338/3330
f 2875/3337/3329 2876/3407/3399 2896/3432/3424
f 2896/3432/3424 2876/3407/3399 2895/3363/3355
f 2896/3432/3424 2895/3363/3355 2925/3365/3357
f 2876/3407/3399 2877/3361/3353 2895/3363/3355
f 2878/3360/3352 2879/3405/3397 2893/3433/3425
f 2893/3433/3425 2879/3405/3397 2892/3406/3398
f 2893/3433/3425 2892/3406/3398 2922/3434/3426
f 2922/3434/3426 2892/3406/3398 2921/3013/3006
f 2922/3434/3426 2921/3013/3006 3205/3015/3008
f 2879/3405/3397 2878/3360/3352 2832/3358/3350
f 2889/3120/3113 2890/3010/3003 2882/3008/3001
f 2888/3118/3111 2889/3120/3113 2883/3111/3104
f 2883/3111/3104 2889/3120/3113 2882/3008/3001
f 2887/3116/3109 2888/3118/3111 2884/3110/3103
f 2884/3110/3103 2888/3118/3111 2883/3111/3104
f 2886/3108/3101 2887/3116/3109 2885/3109/3102
f 2885/3109/3102 2887/3116/3109 2884/3110/3103
f 2878/3360/3352 2893/3433/3425 2894/3362/3354
f 2894/3362/3354 2893/3433/3425 2923/3435/3427
f 2894/3362/3354 2923/3435/3427 2924/3364/3356
f 2924/3364/3356 2923/3435/3427 3203/3436/3428
f 2924/3364/3356 3203/3436/3428 3202/3366/3358
f 3202/3366/3358 3203/3436/3428 2993/3437/3429
f 3202/3366/3358 2993/3437/3429 2992/3368/3360
f 2992/3368/3360 2993/3437/3429 2955/3438/3430
f 2992/3368/3360 2955/3438/3430 2956/3370/3362
f 2956/3370/3362 2955/3438/3430 3050/3439/3431
f 2956/3370/3362 3050/3439/3431 3049/3372/3364
f 3049/3372/3364 3050/3439/3431 3017/3440/3432
f 3049/3372/3364 3017/3440/3432 3018/3374/3366
f 3018/3374/3366 3017/3440/3432 3167/3441/3433
f 3018/3374/3366 3167/3441/3433 3168/3376/3368
f 3168/3376/3368 3167/3441/3433 3283/3442/3434
f 3168/3376/3368 3283/3442/3434 3282/3378/3370
f 3282/3378/3370 3283/3442/3434 3106/3443/3435
f 3282/3378/3370 3106/3443/3435 3105/3380/3372
f 3105/3380/3372 3106/3443/3435 3080/3444/3436
f 3105/3380/3372 3080/3444/3436 3081/3382/3374
f 3081/3382/3374 3080/3444/3436 3252/3445/3437
f 3081/3382/3374 3252/3445/3437 3251/3384/3376
f 3251/3384/3376 3252/3445/3437 3222/3446/3438
f 3251/3384/3376 3222/3446/3438 3221/3043/3036
f 3221/3043/3036 3222/3446/3438 3132/3041/3034
f 2923/3435/3427 2893/3433/3425 2922/3434/3426
f 2875/3337/3329 2896/3432/3424 2897/3339/3331
f 2897/3339/3331 2896/3432/3424 2926/3447/3439
f 2897/3339/3331 2926/3447/3439 2927/3341/3333
f 2927/3341/3333 2926/3447/3439 3200/3448/3440
f 2927/3341/3333 3200/3448/3440 3199/3343/3335
f 3199/3343/3335 3200/3448/3440 2990/3449/3441
f 3199/3343/3335 2990/3449/3441 2989/3345/3337
f 2989/3345/3337 2990/3449/3441 2958/3450/3442
f 2989/3345/3337 2958/3450/3442 2959/3347/3339
f 2959/3347/3339 2958/3450/3442 3047/3451/3443
f 2959/3347/3339 3047/3451/3443 3046/3349/3341
f 3046/3349/3341 3047/3451/3443 3020/3452/3444
f 3046/3349/3341 3020/3452/3444 3021/3351/3343
f 3021/3351/3343 3020/3452/3444 3170/3453/3445
f 3021/3351/3343 3170/3453/3445 3171/3353/3345
f 3171/3353/3345 3170/3453/3445 3280/3454/3446
f 3171/3353/3345 3280/3454/3446 3279/3355/3347
f 3279/3355/3347 3280/3454/3446 3103/3455/3447
f 3279/3355/3347 3103/3455/3447 3102/3049/3042
f 3102/3049/3042 3103/3455/3447 3083/3047/3040
f 2926/3447/3439 2896/3432/3424 2925/3365/3357
f 2929/3323/3315 2899/3321/3313 2928/3342/3334
f 2928/3342/3334 2899/3321/3313 2898/3340/3332
f 2931/3309/3301 2901/3307/3299 2930/3324/3316
f 2930/3324/3316 2901/3307/3299 2900/3322/3314
f 2868/3411/3403 2903/3431/3423 2904/3413/3405
f 2904/3413/3405 2903/3431/3423 2933/3456/3448
f 2904/3413/3405 2933/3456/3448 2934/3415/3407
f 2934/3415/3407 2933/3456/3448 3193/3457/3449
f 2934/3415/3407 3193/3457/3449 3192/3063/3056
f 3192/3063/3056 3193/3457/3449 2983/3061/3054
f 2933/3456/3448 2903/3431/3423 2932/3310/3302
f 2862/3076/3069 2909/3425/3417 2910/3078/3071
f 2910/3078/3071 2909/3425/3417 2939/3458/3450
f 2910/3078/3071 2939/3458/3450 2940/3080/3073
f 2940/3080/3073 2939/3458/3450 3187/3459/3451
f 2940/3080/3073 3187/3459/3451 3186/3082/3075
f 3186/3082/3075 3187/3459/3451 2977/3460/3452
f 3186/3082/3075 2977/3460/3452 2976/3084/3077
f 2976/3084/3077 2977/3460/3452 2971/3461/3453
f 2976/3084/3077 2971/3461/3453 2972/3086/3079
f 2972/3086/3079 2971/3461/3453 3034/3462/3454
f 2972/3086/3079 3034/3462/3454 2973/3088/3081
f 2973/3088/3081 3034/3462/3454 3033/3091/3084
f 2939/3458/3450 2909/3425/3417 2938/3426/3418
f 2821/3113/3106 3211/3126/3119 2915/3114/3107
f 2915/3114/3107 3211/3126/3119 2916/3115/3108
f 3211/3126/3119 3210/3128/3121 2916/3115/3108
f 2916/3115/3108 3210/3128/3121 2917/3117/3110
f 3210/3128/3121 3209/3130/3123 2917/3117/3110
f 2917/3117/3110 3209/3130/3123 2918/3119/3112
f 3209/3130/3123 3208/3132/3125 2918/3119/3112
f 2918/3119/3112 3208/3132/3125 2919/3121/3114
f 3208/3132/3125 3207/3134/3127 2919/3121/3114
f 2919/3121/3114 3207/3134/3127 2920/3012/3005
f 3207/3134/3127 3206/3014/3007 2920/3012/3005
f 2923/3435/3427 2922/3434/3426 3204/3463/3455
f 3204/3463/3455 2922/3434/3426 3205/3015/3008
f 3204/3463/3455 3205/3015/3008 2995/3017/3010
f 3200/3448/3440 2926/3447/3439 3201/3367/3359
f 3201/3367/3359 2926/3447/3439 2925/3365/3357
f 3197/3325/3317 2929/3323/3315 3198/3344/3336
f 3198/3344/3336 2929/3323/3315 2928/3342/3334
f 3195/3311/3303 2931/3309/3301 3196/3326/3318
f 3196/3326/3318 2931/3309/3301 2930/3324/3316
f 3193/3457/3449 2933/3456/3448 3194/3312/3304
f 3194/3312/3304 2933/3456/3448 2932/3310/3302
f 2939/3458/3450 2938/3426/3418 3188/3464/3456
f 3188/3464/3456 2938/3426/3418 3189/3427/3419
f 3188/3464/3456 3189/3427/3419 2979/3465/3457
f 2979/3465/3457 3189/3427/3419 2980/3428/3420
f 2979/3465/3457 2980/3428/3420 2968/3466/3458
f 2968/3466/3458 2980/3428/3420 2967/3429/3421
f 2968/3466/3458 2967/3429/3421 3038/3467/3459
f 3038/3467/3459 2967/3429/3421 3039/3430/3422
f 3038/3467/3459 3039/3430/3422 3028/3101/3094
f 3028/3101/3094 3039/3430/3422 3027/3103/3096
f 3184/3391/3383 2942/3282/3274 3185/3083/3076
f 3185/3083/3076 2942/3282/3274 2941/3081/3074
f 1084/3089/3082 2944/3278/3270 3183/3390/3382
f 3183/3390/3382 2944/3278/3270 2943/3280/3272
f 3002/3125/3118 3003/3124/3117 2945/3392/3384
f 2945/3392/3384 3003/3124/3117 2822/3123/3116
f 3001/3127/3120 3002/3125/3118 2946/3393/3385
f 2946/3393/3385 3002/3125/3118 2945/3392/3384
f 3000/3129/3122 3001/3127/3120 2947/3394/3386
f 2947/3394/3386 3001/3127/3120 2946/3393/3385
f 2999/3131/3124 3000/3129/3122 2948/3395/3387
f 2948/3395/3387 3000/3129/3122 2947/3394/3386
f 2998/3133/3126 2999/3131/3124 2949/3396/3388
f 2949/3396/3388 2999/3131/3124 2948/3395/3387
f 2997/3135/3128 2998/3133/3126 2950/3397/3389
f 2950/3397/3389 2998/3133/3126 2949/3396/3388
f 2996/3016/3009 2997/3135/3128 2951/3398/3390
f 2951/3398/3390 2997/3135/3128 2950/3397/3389
f 2951/3398/3390 2952/3018/3011 2996/3016/3009
f 2953/3019/3012 2954/3468/3460 2994/3469/3461
f 2994/3469/3461 2954/3468/3460 2993/3437/3429
f 2994/3469/3461 2993/3437/3429 3203/3436/3428
f 2993/3437/3429 2954/3468/3460 2955/3438/3430
f 2955/3438/3430 2954/3468/3460 3051/3470/3462
f 2955/3438/3430 3051/3470/3462 3050/3439/3431
f 3050/3439/3431 3051/3470/3462 3016/3471/3463
f 3050/3439/3431 3016/3471/3463 3017/3440/3432
f 3017/3440/3432 3016/3471/3463 3166/3472/3464
f 3017/3440/3432 3166/3472/3464 3167/3441/3433
f 3167/3441/3433 3166/3472/3464 3284/3473/3465
f 3167/3441/3433 3284/3473/3465 3283/3442/3434
f 3283/3442/3434 3284/3473/3465 3107/3474/3466
f 3283/3442/3434 3107/3474/3466 3106/3443/3435
f 3106/3443/3435 3107/3474/3466 3079/3475/3467
f 3106/3443/3435 3079/3475/3467 3080/3444/3436
f 3080/3444/3436 3079/3475/3467 3253/3476/3468
f 3080/3444/3436 3253/3476/3468 3252/3445/3437
f 3252/3445/3437 3253/3476/3468 3223/3477/3469
f 3252/3445/3437 3223/3477/3469 3222/3446/3438
f 3222/3446/3438 3223/3477/3469 3133/3039/3032
f 3222/3446/3438 3133/3039/3032 3132/3041/3034
f 3051/3470/3462 2954/3468/3460 3052/3021/3014
f 3052/3021/3014 2954/3468/3460 2953/3019/3012
f 2991/3369/3361 2957/3371/3363 2990/3449/3441
f 2990/3449/3441 2957/3371/3363 2958/3450/3442
f 3047/3451/3443 2958/3450/3442 3048/3373/3365
f 3048/3373/3365 2958/3450/3442 2957/3371/3363
f 2988/3346/3338 2960/3348/3340 2987/3327/3319
f 2987/3327/3319 2960/3348/3340 2961/3329/3321
f 3044/3331/3323 2961/3329/3321 3045/3350/3342
f 3045/3350/3342 2961/3329/3321 2960/3348/3340
f 2986/3328/3320 2962/3330/3322 2985/3313/3305
f 2985/3313/3305 2962/3330/3322 2963/3315/3307
f 3042/3057/3050 2963/3315/3307 3043/3332/3324
f 3043/3332/3324 2963/3315/3307 2962/3330/3322
f 2984/3314/3306 2964/3059/3052 2983/3061/3054
f 2968/3466/3458 2969/3478/3470 2979/3465/3457
f 2979/3465/3457 2969/3478/3470 2978/3479/3471
f 2979/3465/3457 2978/3479/3471 3188/3464/3456
f 3188/3464/3456 2978/3479/3471 3187/3459/3451
f 3188/3464/3456 3187/3459/3451 2939/3458/3450
f 2969/3478/3470 2970/3480/3472 2978/3479/3471
f 2978/3479/3471 2970/3480/3472 2977/3460/3452
f 2978/3479/3471 2977/3460/3452 3187/3459/3451
f 2969/3478/3470 2968/3466/3458 3037/3481/3473
f 3037/3481/3473 2968/3466/3458 3038/3467/3459
f 3037/3481/3473 3038/3467/3459 3029/3099/3092
f 3029/3099/3092 3038/3467/3459 3028/3101/3094
f 2977/3460/3452 2970/3480/3472 2971/3461/3453
f 2971/3461/3453 2970/3480/3472 3035/3482/3474
f 2971/3461/3453 3035/3482/3474 3034/3462/3454
f 3034/3462/3454 3035/3482/3474 3032/3093/3086
f 3034/3462/3454 3032/3093/3086 3033/3091/3084
f 2970/3480/3472 2969/3478/3470 3036/3483/3475
f 3036/3483/3475 2969/3478/3470 3037/3481/3473
f 3036/3483/3475 3037/3481/3473 3030/3097/3090
f 3030/3097/3090 3037/3481/3473 3029/3099/3092
f 2820/3087/3080 2974/3389/3381 2975/3085/3078
f 2975/3085/3078 2974/3389/3381 3184/3391/3383
f 2975/3085/3078 3184/3391/3383 3185/3083/3076
f 3194/3312/3304 2984/3314/3306 3193/3457/3449
f 3193/3457/3449 2984/3314/3306 2983/3061/3054
f 3196/3326/3318 2986/3328/3320 3195/3311/3303
f 3195/3311/3303 2986/3328/3320 2985/3313/3305
f 3198/3344/3336 2988/3346/3338 3197/3325/3317
f 3197/3325/3317 2988/3346/3338 2987/3327/3319
f 3201/3367/3359 2991/3369/3361 3200/3448/3440
f 3200/3448/3440 2991/3369/3361 2990/3449/3441
f 3204/3463/3455 2995/3017/3010 2994/3469/3461
f 2994/3469/3461 2995/3017/3010 2953/3019/3012
f 3204/3463/3455 2994/3469/3461 3203/3436/3428
f 3005/3140/3133 3004/3138/3131 3154/3484/3476
f 3154/3484/3476 3004/3138/3131 3153/3137/3130
f 3154/3484/3476 3153/3137/3130 3297/3485/3477
f 3297/3485/3477 3153/3137/3130 2824/3403/3395
f 3297/3485/3477 2824/3403/3395 3121/3486/3478
f 3121/3486/3478 2824/3403/3395 3122/3404/3396
f 3121/3486/3478 3122/3404/3396 3064/3162/3155
f 3006/3142/3135 3005/3140/3133 3155/3487/3479
f 3155/3487/3479 3005/3140/3133 3154/3484/3476
f 3155/3487/3479 3154/3484/3476 3296/3488/3480
f 3296/3488/3480 3154/3484/3476 3297/3485/3477
f 3296/3488/3480 3297/3485/3477 3120/3489/3481
f 3120/3489/3481 3297/3485/3477 3121/3486/3478
f 3120/3489/3481 3121/3486/3478 3065/3164/3157
f 3065/3164/3157 3121/3486/3478 3064/3162/3155
f 3007/3144/3137 3006/3142/3135 3156/3490/3482
f 3156/3490/3482 3006/3142/3135 3155/3487/3479
f 3156/3490/3482 3155/3487/3479 3295/3491/3483
f 3295/3491/3483 3155/3487/3479 3296/3488/3480
f 3295/3491/3483 3296/3488/3480 3119/3492/3484
f 3119/3492/3484 3296/3488/3480 3120/3489/3481
f 3119/3492/3484 3120/3489/3481 3066/3166/3159
f 3066/3166/3159 3120/3489/3481 3065/3164/3157
f 3008/3146/3139 3007/3144/3137 3157/3493/3485
f 3157/3493/3485 3007/3144/3137 3156/3490/3482
f 3157/3493/3485 3156/3490/3482 3294/3494/3486
f 3294/3494/3486 3156/3490/3482 3295/3491/3483
f 3294/3494/3486 3295/3491/3483 3118/3495/3487
f 3118/3495/3487 3295/3491/3483 3119/3492/3484
f 3118/3495/3487 3119/3492/3484 3067/3168/3161
f 3067/3168/3161 3119/3492/3484 3066/3166/3159
f 3009/3148/3141 3008/3146/3139 3158/3496/3488
f 3158/3496/3488 3008/3146/3139 3157/3493/3485
f 3158/3496/3488 3157/3493/3485 3293/3497/3489
f 3293/3497/3489 3157/3493/3485 3294/3494/3486
f 3293/3497/3489 3294/3494/3486 3117/3498/3490
f 3117/3498/3490 3294/3494/3486 3118/3495/3487
f 3117/3498/3490 3118/3495/3487 3068/3170/3163
f 3068/3170/3163 3118/3495/3487 3067/3168/3161
f 3010/3150/3143 3009/3148/3141 3159/3499/3491
f 3159/3499/3491 3009/3148/3141 3158/3496/3488
f 3159/3499/3491 3158/3496/3488 3292/3500/3492
f 3292/3500/3492 3158/3496/3488 3293/3497/3489
f 3292/3500/3492 3293/3497/3489 3116/3501/3493
f 3116/3501/3493 3293/3497/3489 3117/3498/3490
f 3116/3501/3493 3117/3498/3490 3069/3172/3165
f 3069/3172/3165 3117/3498/3490 3068/3170/3163
f 3011/3152/3145 3010/3150/3143 3160/3502/3494
f 3160/3502/3494 3010/3150/3143 3159/3499/3491
f 3160/3502/3494 3159/3499/3491 3291/3503/3495
f 3291/3503/3495 3159/3499/3491 3292/3500/3492
f 3291/3503/3495 3292/3500/3492 3115/3504/3496
f 3115/3504/3496 3292/3500/3492 3116/3501/3493
f 3115/3504/3496 3116/3501/3493 3070/3174/3167
f 3070/3174/3167 3116/3501/3493 3069/3172/3165
f 3012/3154/3147 3011/3152/3145 3161/3505/3497
f 3161/3505/3497 3011/3152/3145 3160/3502/3494
f 3161/3505/3497 3160/3502/3494 3290/3506/3498
f 3290/3506/3498 3160/3502/3494 3291/3503/3495
f 3290/3506/3498 3291/3503/3495 3114/3507/3499
f 3114/3507/3499 3291/3503/3495 3115/3504/3496
f 3114/3507/3499 3115/3504/3496 3071/3176/3169
f 3071/3176/3169 3115/3504/3496 3070/3174/3167
f 3013/3156/3149 3012/3154/3147 3162/3508/3500
f 3162/3508/3500 3012/3154/3147 3161/3505/3497
f 3162/3508/3500 3161/3505/3497 3289/3509/3501
f 3289/3509/3501 3161/3505/3497 3290/3506/3498
f 3289/3509/3501 3290/3506/3498 3113/3510/3502
f 3113/3510/3502 3290/3506/3498 3114/3507/3499
f 3113/3510/3502 3114/3507/3499 3072/3178/3171
f 3072/3178/3171 3114/3507/3499 3071/3176/3169
f 3051/3470/3462 3052/3021/3014 3015/3023/3016
f 3014/3022/3015 3013/3156/3149 3163/3511/3503
f 3163/3511/3503 3013/3156/3149 3162/3508/3500
f 3163/3511/3503 3162/3508/3500 3288/3512/3504
f 3288/3512/3504 3162/3508/3500 3289/3509/3501
f 3288/3512/3504 3289/3509/3501 3112/3513/3505
f 3112/3513/3505 3289/3509/3501 3113/3510/3502
f 3112/3513/3505 3113/3510/3502 3073/3180/3173
f 3073/3180/3173 3113/3510/3502 3072/3178/3171
f 3051/3470/3462 3015/3023/3016 3016/3471/3463
f 3016/3471/3463 3015/3023/3016 3165/3025/3018
f 3016/3471/3463 3165/3025/3018 3166/3472/3464
f 3166/3472/3464 3165/3025/3018 3285/3027/3020
f 3166/3472/3464 3285/3027/3020 3284/3473/3465
f 3284/3473/3465 3285/3027/3020 3108/3029/3022
f 3284/3473/3465 3108/3029/3022 3107/3474/3466
f 3107/3474/3466 3108/3029/3022 3078/3031/3024
f 3107/3474/3466 3078/3031/3024 3079/3475/3467
f 3079/3475/3467 3078/3031/3024 3254/3033/3026
f 3079/3475/3467 3254/3033/3026 3253/3476/3468
f 3253/3476/3468 3254/3033/3026 3224/3035/3028
f 3253/3476/3468 3224/3035/3028 3223/3477/3469
f 3223/3477/3469 3224/3035/3028 3134/3037/3030
f 3223/3477/3469 3134/3037/3030 3133/3039/3032
f 3047/3451/3443 3048/3373/3365 3019/3375/3367
f 3047/3451/3443 3019/3375/3367 3020/3452/3444
f 3020/3452/3444 3019/3375/3367 3169/3377/3369
f 3020/3452/3444 3169/3377/3369 3170/3453/3445
f 3170/3453/3445 3169/3377/3369 3281/3379/3371
f 3170/3453/3445 3281/3379/3371 3280/3454/3446
f 3280/3454/3446 3281/3379/3371 3104/3381/3373
f 3280/3454/3446 3104/3381/3373 3103/3455/3447
f 3103/3455/3447 3104/3381/3373 3082/3383/3375
f 3103/3455/3447 3082/3383/3375 3083/3047/3040
f 3083/3047/3040 3082/3383/3375 3250/3045/3038
f 3044/3331/3323 3045/3350/3342 3022/3352/3344
f 3044/3331/3323 3022/3352/3344 3023/3333/3325
f 3023/3333/3325 3022/3352/3344 3172/3354/3346
f 3023/3333/3325 3172/3354/3346 3173/3053/3046
f 3173/3053/3046 3172/3354/3346 3278/3051/3044
f 3042/3057/3050 3043/3332/3324 3024/3055/3048
f 3030/3097/3090 3031/3095/3088 3036/3483/3475
f 3036/3483/3475 3031/3095/3088 3035/3482/3474
f 3036/3483/3475 3035/3482/3474 2970/3480/3472
f 3031/3095/3088 3032/3093/3086 3035/3482/3474
f 3073/3180/3173 3074/3182/3175 3112/3513/3505
f 3112/3513/3505 3074/3182/3175 3111/3514/3506
f 3112/3513/3505 3111/3514/3506 3288/3512/3504
f 3288/3512/3504 3111/3514/3506 3287/3515/3507
f 3288/3512/3504 3287/3515/3507 3163/3511/3503
f 3163/3511/3503 3287/3515/3507 3164/3024/3017
f 3163/3511/3503 3164/3024/3017 3014/3022/3015
f 3074/3182/3175 3075/3184/3177 3111/3514/3506
f 3111/3514/3506 3075/3184/3177 3110/3516/3508
f 3111/3514/3506 3110/3516/3508 3287/3515/3507
f 3287/3515/3507 3110/3516/3508 3286/3026/3019
f 3287/3515/3507 3286/3026/3019 3164/3024/3017
f 3075/3184/3177 3076/3186/3179 3110/3516/3508
f 3110/3516/3508 3076/3186/3179 3109/3028/3021
f 3110/3516/3508 3109/3028/3021 3286/3026/3019
f 3076/3186/3179 3077/3030/3023 3109/3028/3021
f 3085/3237/3230 3086/3517/3509 3100/3238/3231
f 3100/3238/3231 3086/3517/3509 3099/3258/3250
f 3100/3238/3231 3099/3258/3250 3276/3239/3232
f 3099/3258/3250 3086/3517/3509 3087/3256/3248
f 3087/3256/3248 3086/3517/3509 3246/3518/3510
f 3087/3256/3248 3246/3518/3510 3245/3254/3246
f 3245/3254/3246 3246/3518/3510 3216/3519/3511
f 3245/3254/3246 3216/3519/3511 3215/3252/3244
f 3215/3252/3244 3216/3519/3511 3126/3241/3233
f 3215/3252/3244 3126/3241/3233 3125/3250/3242
f 3125/3250/3242 3126/3241/3233 2717/3240/2901
f 3246/3518/3510 3086/3517/3509 3247/3246/3238
f 3247/3246/3238 3086/3517/3509 3085/3237/3230
f 3098/3257/3249 3088/3255/3247 3097/3268/3260
f 3097/3268/3260 3088/3255/3247 3089/3266/3258
f 3243/3264/3256 3089/3266/3258 3244/3253/3245
f 3244/3253/3245 3089/3266/3258 3088/3255/3247
f 3090/3265/3257 3091/3274/3266 3095/3520/3512
f 3095/3520/3512 3091/3274/3266 3094/3521/3513
f 3095/3520/3512 3094/3521/3513 3271/3401/3393
f 3271/3401/3393 3094/3521/3513 3270/3400/3392
f 3091/3274/3266 3092/3272/3264 3094/3521/3513
f 3094/3521/3513 3092/3272/3264 3093/3271/3263
f 3094/3521/3513 3093/3271/3263 3270/3400/3392
f 3270/3400/3392 3093/3271/3263 2823/3399/3391
f 3242/3263/3255 3212/3261/3253 2825/3273/3265
f 3090/3265/3257 3095/3520/3512 3096/3267/3259
f 3096/3267/3259 3095/3520/3512 3272/3402/3394
f 3096/3267/3259 3272/3402/3394 3273/3269/3261
f 3272/3402/3394 3095/3520/3512 3271/3401/3393
f 3275/3259/3251 3098/3257/3249 3274/3270/3262
f 3274/3270/3262 3098/3257/3249 3097/3268/3260
f 1017/3136/3129 2824/3403/3395 3153/3137/3130
f 3214/3251/3243 3124/3249/3241 3213/3262/3254
f 3213/3262/3254 3124/3249/3241 3123/3248/3240
f 3217/3244/3236 3127/3242/3234 3216/3519/3511
f 3216/3519/3511 3127/3242/3234 3126/3241/3233
f 3130/3234/3227 2718/3233/3226 3129/3522/3514
f 3129/3522/3514 2718/3233/3226 3128/3243/3235
f 3129/3522/3514 3128/3243/3235 3218/3245/3237
f 3219/3235/3228 3130/3234/3227 3129/3522/3514
f 3219/3235/3228 3129/3522/3514 3218/3245/3237
f 3226/3231/3224 3136/3230/3223 3225/3034/3027
f 3225/3034/3027 3136/3230/3223 3135/3036/3029
f 3228/3228/3221 3138/3227/3220 3227/3232/3225
f 3227/3232/3225 3138/3227/3220 3137/3226/3219
f 3230/3223/3216 3140/3222/3215 3229/3229/3222
f 3229/3229/3222 3140/3222/3215 3139/3221/3214
f 3141/3217/3210 3231/3224/3217 3142/3214/3207
f 3142/3214/3207 3231/3224/3217 3232/3523/3515
f 3142/3214/3207 3232/3523/3515 3143/3211/3204
f 3143/3211/3204 3232/3523/3515 3233/3208/3201
f 3143/3211/3204 3233/3208/3201 3144/3207/3200
f 3239/3193/3186 3150/3191/3184 3149/3194/3187
f 3149/3194/3187 3148/3196/3189 3238/3524/3516
f 3238/3524/3516 3148/3196/3189 3237/3198/3191
f 3238/3524/3516 3237/3198/3191 3267/3165/3158
f 3267/3165/3158 3237/3198/3191 3266/3167/3160
f 2826/3158/3151 3152/3188/3181 3151/3190/3183
f 2826/3158/3151 3151/3190/3183 3240/3192/3185
f 3274/3270/3262 3176/3104/3097 3275/3259/3251
f 3275/3259/3251 3176/3104/3097 3175/3106/3099
f 1085/3090/3083 2823/3399/3391 3093/3271/3263
f 2923/3435/3427 3204/3463/3455 3203/3436/3428
f 3244/3253/3245 3214/3251/3243 3243/3264/3256
f 3243/3264/3256 3214/3251/3243 3213/3262/3254
f 3247/3246/3238 3217/3244/3236 3246/3518/3510
f 3246/3518/3510 3217/3244/3236 3216/3519/3511
f 3248/3236/3229 3219/3235/3228 3218/3245/3237
f 3256/3187/3180 3226/3231/3224 3255/3032/3025
f 3255/3032/3025 3226/3231/3224 3225/3034/3027
f 3258/3183/3176 3228/3228/3221 3257/3185/3178
f 3257/3185/3178 3228/3228/3221 3227/3232/3225
f 3260/3179/3172 3230/3223/3216 3259/3181/3174
f 3259/3181/3174 3230/3223/3216 3229/3229/3222
f 3262/3175/3168 3233/3208/3201 3232/3523/3515
f 3262/3175/3168 3232/3523/3515 3261/3177/3170
f 3261/3177/3170 3232/3523/3515 3231/3224/3217
f 3268/3163/3156 3239/3193/3186 3238/3524/3516
f 3238/3524/3516 3239/3193/3186 3149/3194/3187
f 3268/3163/3156 3238/3524/3516 3267/3165/3158
f 3241/3159/3152 2826/3158/3151 3240/3192/3185
f 3241/3159/3152 3240/3192/3185 3269/3161/3154
f 51/3525/3517 3324/3526/3518 25/3527/3519
f 25/3527/3519 3324/3526/3518 3298/3528/3520
f 25/3529/3519 3298/3530/3520 26/3531/3521
f 26/3531/3521 3298/3530/3520 3299/3532/3522
f 26/3531/3521 3299/3532/3522 27/3533/3523
f 27/3533/3523 3299/3532/3522 3300/3534/3524
f 27/3533/3523 3300/3534/3524 28/3535/3525
f 28/3535/3525 3300/3534/3524 3301/3536/3526
f 28/3535/3525 3301/3536/3526 29/3537/3527
f 29/3537/3527 3301/3536/3526 3302/3538/3528
f 29/3537/3527 3302/3538/3528 30/3539/3529
f 30/3539/3529 3302/3538/3528 3303/3540/3530
f 30/3539/3529 3303/3540/3530 31/3541/3531
f 31/3541/3531 3303/3540/3530 3304/3542/3532
f 31/3541/3531 3304/3542/3532 32/3543/3533
f 32/3543/3533 3304/3542/3532 3305/3544/3534
f 32/3543/3533 3305/3544/3534 33/3545/3535
f 33/3545/3535 3305/3544/3534 3306/3546/3536
f 33/3545/3535 3306/3546/3536 34/3547/3537
f 34/3547/3537 3306/3546/3536 3307/3548/3538
f 34/3547/3537 3307/3548/3538 35/3549/3539
f 35/3549/3539 3307/3548/3538 3308/3550/3540
f 35/3549/3539 3308/3550/3540 36/3551/3541
f 36/3551/3541 3308/3550/3540 3309/3552/3542
f 36/3551/3541 3309/3552/3542 37/3553/3543
f 37/3553/3543 3309/3552/3542 3310/3554/3544
f 37/3553/3543 3310/3554/3544 38/3555/3545
f 38/3555/3545 3310/3554/3544 3311/3556/3546
f 38/3555/3545 3311/3556/3546 39/3557/3547
f 39/3557/3547 3311/3556/3546 3312/3558/3548
f 39/3557/3547 3312/3558/3548 40/3559/3549
f 40/3559/3549 3312/3558/3548 3313/3560/3550
f 40/3559/3549 3313/3560/3550 41/3561/3551
f 41/3561/3551 3313/3560/3550 3314/3562/3552
f 41/3561/3551 3314/3562/3552 42/3563/3553
f 42/3563/3553 3314/3562/3552 3315/3564/3554
f 42/3563/3553 3315/3564/3554 43/3565/3555
f 43/3565/3555 3315/3564/3554 3316/3566/3556
f 43/3565/3555 3316/3566/3556 44/3567/3557
f 44/3567/3557 3316/3566/3556 3317/3568/3558
f 44/3567/3557 3317/3568/3558 45/3569/3559
f 45/3569/3559 3317/3568/3558 3318/3570/3560
f 45/3569/3559 3318/3570/3560 46/3571/3561
f 46/3571/3561 3318/3570/3560 3319/3572/3562
f 46/3571/3561 3319/3572/3562 47/3573/3563
f 47/3573/3563 3319/3572/3562 3320/3574/3564
f 47/3573/3563 3320/3574/3564 48/3575/3565
f 48/3575/3565 3320/3574/3564 3321/3576/3566
f 48/3575/3565 3321/3576/3566 49/3577/3567
f 49/3577/3567 3321/3576/3566 3322/3578/3568
f 49/3577/3567 3322/3578/3568 50/3579/3569
f 50/3579/3569 3322/3578/3568 3323/3580/3570
f 50/3579/3569 3323/3580/3570 51/3525/3517
f 51/3525/3517 3323/3580/3570 3324/3526/3518
f 75/3581/3571 1041/3582/3572 52/3583/3573
f 52/3583/3573 1041/3582/3572 1040/3584/3574
f 52/3583/3573 1040/3584/3574 53/3585/3575
f 53/3585/3575 1040/3584/3574 1039/3586/3576
f 53/3585/3575 1039/3586/3576 54/3587/3577
f 54/3587/3577 1039/3586/3576 1038/3588/3578
f 54/3587/3577 1038/3588/3578 55/3589/3579
f 55/3589/3579 1038/3588/3578 1037/3590/3580
f 55/3589/3579 1037/3590/3580 56/3591/3581
f 56/3591/3581 1037/3590/3580 94/3592/3582
f 56/3591/3581 94/3592/3582 80/3593/3583
f 80/3593/3583 94/3592/3582 93/3594/3584
f 80/3593/3583 93/3594/3584 81/3595/3585
f 81/3595/3585 93/3594/3584 92/3596/3586
f 81/3595/3585 92/3596/3586 91/3597/3587
f 1041/3582/3572 75/3581/3571 1042/3598/3588
f 1042/3598/3588 75/3581/3571 74/3599/3589
f 1042/3598/3588 74/3599/3589 1043/3600/3590
f 1043/3600/3590 74/3599/3589 73/3601/3591
f 1043/3600/3590 73/3601/3591 1044/3602/3592
f 1044/3602/3592 73/3601/3591 72/3603/3593
f 1044/3602/3592 72/3603/3593 543/3604/3594
f 543/3604/3594 72/3603/3593 557/3605/3595
f 543/3604/3594 557/3605/3595 544/3606/3596
f 544/3606/3596 557/3605/3595 556/3607/3597
f 544/3606/3596 556/3607/3597 545/3608/3598
f 545/3608/3598 556/3607/3597 546/3609/3599
f 546/3609/3599 556/3607/3597 547/3610/3600
f 547/3610/3600 556/3607/3597 548/3611/3601
f 548/3611/3601 556/3607/3597 549/3612/3602
f 549/3612/3602 556/3607/3597 550/3613/3603
f 550/3613/3603 556/3607/3597 551/3614/3604
f 551/3614/3604 556/3607/3597 552/3615/3605
f 552/3615/3605 556/3607/3597 555/3616/3606
f 552/3615/3605 555/3616/3606 554/3617/3607
f 72/3603/3593 71/3618/3608 557/3605/3595
f 557/3605/3595 71/3618/3608 1002/3619/3609
f 1002/3619/3609 71/3618/3608 70/3620/3610
f 1002/3619/3609 70/3620/3610 1003/3621/3611
f 1003/3621/3611 70/3620/3610 1004/3622/3612
f 1004/3622/3612 70/3620/3610 69/3623/3613
f 1004/3622/3612 69/3623/3613 1005/3624/3614
f 1005/3624/3614 69/3623/3613 68/3625/3615
f 1005/3624/3614 68/3625/3615 1006/3626/3616
f 1006/3626/3616 68/3625/3615 1007/3627/3617
f 1007/3627/3617 68/3625/3615 67/3628/3618
f 1007/3627/3617 67/3628/3618 1008/3629/3619
f 1008/3629/3619 67/3628/3618 66/3630/3620
f 1008/3629/3619 66/3630/3620 1009/3631/3621
f 1009/3631/3621 66/3630/3620 65/3632/3622
f 1009/3631/3621 65/3632/3622 1010/3633/3623
f 1010/3633/3623 65/3632/3622 64/3634/3624
f 1010/3633/3623 64/3634/3624 1095/3635/3625
f 1095/3635/3625 64/3634/3624 63/3636/3626
f 1095/3635/3625 63/3636/3626 1096/3637/3627
f 1096/3637/3627 63/3636/3626 62/3638/3628
f 1096/3637/3627 62/3638/3628 1097/3639/3629
f 1097/3639/3629 62/3638/3628 61/3640/3630
f 1097/3639/3629 61/3640/3630 1098/3641/3631
f 1098/3641/3631 61/3640/3630 60/3642/3632
f 1098/3641/3631 60/3642/3632 1099/3643/3633
f 1099/3643/3633 60/3642/3632 1100/3644/3634
f 1100/3644/3634 60/3642/3632 59/3645/3635
f 1100/3644/3634 59/3645/3635 1101/3646/3636
f 1101/3646/3636 59/3645/3635 58/3647/3637
f 1101/3646/3636 58/3647/3637 1102/3648/3638
f 1102/3648/3638 58/3647/3637 1103/3649/3639
f 1103/3649/3639 58/3647/3637 57/3650/3640
f 1103/3649/3639 57/3650/3640 80/3593/3583
f 80/3593/3583 57/3650/3640 56/3591/3581
f 554/3617/3607 553/3651/3641 552/3615/3605
f 91/3597/3587 90/3652/3642 81/3595/3585
f 81/3595/3585 90/3652/3642 89/3653/3643
f 81/3595/3585 89/3653/3643 88/3654/3644
f 88/3654/3644 87/3655/3645 81/3595/3585
f 81/3595/3585 87/3655/3645 86/3656/3646
f 81/3595/3585 86/3656/3646 85/3657/3647
f 84/3658/3648 83/3659/3649 85/3657/3647
f 85/3657/3647 83/3659/3649 82/3660/3650
f 85/3657/3647 82/3660/3650 81/3595/3585
f 1010/3633/3623 1095/3635/3625 2266/3661/3651
f 2266/3661/3651 1095/3635/3625 2278/3662/3652
f 2266/3661/3651 2278/3662/3652 2267/3663/3653
f 2267/3663/3653 2278/3662/3652 2268/3664/3654
f 2268/3664/3654 2278/3662/3652 2269/3665/3655
f 2269/3665/3655 2278/3662/3652 2270/3666/3656
f 2270/3666/3656 2278/3662/3652 2271/3667/3657
f 2271/3667/3657 2278/3662/3652 2272/3668/3658
f 2272/3668/3658 2278/3662/3652 2273/3669/3659
f 2273/3669/3659 2278/3662/3652 2274/3670/3660
f 2274/3670/3660 2278/3662/3652 2275/3671/3661
f 2275/3671/3661 2278/3662/3652 2276/3672/3662
f 2276/3672/3662 2278/3662/3652 2277/3673/3663
f 3324/3674/3664 1030/3675/3665 3298/3676/3666
f 3298/3676/3666 1030/3675/3665 1029/3677/3667
f 3298/3676/3666 1029/3677/3667 1028/3678/3668
f 1030/3675/3665 3324/3674/3664 1031/3679/3669
f 1031/3679/3669 3324/3674/3664 3323/3680/3670
f 1031/3679/3669 3323/3680/3670 1052/3681/3671
f 1052/3681/3671 3323/3680/3670 3322/3682/3672
f 1052/3681/3671 3322/3682/3672 1053/3683/3673
f 1053/3683/3673 3322/3682/3672 3321/3684/3674
f 1053/3683/3673 3321/3684/3674 1054/3685/3675
f 1054/3685/3675 3321/3684/3674 3320/3686/3676
f 1054/3685/3675 3320/3686/3676 1055/3687/3677
f 1055/3687/3677 3320/3686/3676 3319/3688/3678
f 1055/3687/3677 3319/3688/3678 1056/3689/3679
f 1056/3689/3679 3319/3688/3678 3318/3690/3680
f 1056/3689/3679 3318/3690/3680 1057/3691/3681
f 1057/3691/3681 3318/3690/3680 3317/3692/3682
f 1057/3691/3681 3317/3692/3682 1058/3693/3683
f 1058/3693/3683 3317/3692/3682 3316/3694/3684
f 1058/3693/3683 3316/3694/3684 1059/3695/3685
f 1059/3695/3685 3316/3694/3684 1060/3696/3686
f 1060/3696/3686 3316/3694/3684 3315/3697/3687
f 1060/3696/3686 3315/3697/3687 1061/3698/3688
f 1061/3698/3688 3315/3697/3687 3314/3699/3689
f 1061/3698/3688 3314/3699/3689 1074/3700/3690
f 1074/3700/3690 3314/3699/3689 3313/3701/3691
f 1074/3700/3690 3313/3701/3691 1075/3702/3692
f 1075/3702/3692 3313/3701/3691 3312/3703/3693
f 1075/3702/3692 3312/3703/3693 1076/3704/3694
f 1076/3704/3694 3312/3703/3693 3311/3705/3695
f 1076/3704/3694 3311/3705/3695 1077/3706/3696
f 1077/3706/3696 3311/3705/3695 3310/3707/3697
f 1077/3706/3696 3310/3707/3697 1078/3708/3698
f 1078/3708/3698 3310/3707/3697 3309/3709/3699
f 1078/3708/3698 3309/3709/3699 1079/3710/3700
f 1079/3710/3700 3309/3709/3699 3308/3711/3701
f 1079/3710/3700 3308/3711/3701 1080/3712/3702
f 1080/3712/3702 3308/3711/3701 1081/3713/3703
f 1081/3713/3703 3308/3711/3701 3307/3714/3704
f 1081/3713/3703 3307/3714/3704 1082/3715/3705
f 1082/3715/3705 3307/3714/3704 3306/3716/3706
f 1082/3715/3705 3306/3716/3706 1083/3717/3707
f 1083/3717/3707 3306/3716/3706 3305/3718/3708
f 1083/3717/3707 3305/3718/3708 1022/3719/3709
f 1022/3719/3709 3305/3718/3708 3304/3720/3710
f 1022/3719/3709 3304/3720/3710 1023/3721/3711
f 1023/3721/3711 3304/3720/3710 3303/3722/3712
f 1023/3721/3711 3303/3722/3712 1024/3723/3713
f 1024/3723/3713 3303/3722/3712 3302/3724/3714
f 1024/3723/3713 3302/3724/3714 1025/3725/3715
f 1025/3725/3715 3302/3724/3714 3301/3726/3716
f 1025/3725/3715 3301/3726/3716 1026/3727/3717
f 1026/3727/3717 3301/3726/3716 3300/3728/3718
f 1026/3727/3717 3300/3728/3718 1027/3729/3719
f 1027/3729/3719 3300/3728/3718 3299/3730/3720
f 1027/3729/3719 3299/3730/3720 1028/3678/3668
f 1028/3678/3668 3299/3730/3720 3298/3676/3666
f 1022/3719/3709 2817/3731/3721 1083/3717/3707
f 1083/3717/3707 2817/3731/3721 2805/3732/3722
f 2805/3732/3722 2817/3731/3721 2806/3733/3723
f 2806/3733/3723 2817/3731/3721 2807/3734/3724
f 2807/3734/3724 2817/3731/3721 2816/3735/3725
f 2807/3734/3724 2816/3735/3725 2815/3736/3726
f 2814/3737/3727 2813/3738/3728 2815/3736/3726
f 2815/3736/3726 2813/3738/3728 2812/3739/3729
f 2815/3736/3726 2812/3739/3729 2811/3740/3730
f 2811/3740/3730 2810/3741/3731 2815/3736/3726
f 2815/3736/3726 2810/3741/3731 2809/3742/3732
f 2815/3736/3726 2809/3742/3732 2808/3743/3733
f 2808/3743/3733 2807/3734/3724 2815/3736/3726
f 1061/3698/3688 1074/3700/3690 1280/3744/3734
f 1280/3744/3734 1074/3700/3690 1292/3745/3735
f 1280/3744/3734 1292/3745/3735 1281/3746/3736
f 1281/3746/3736 1292/3745/3735 1282/3747/3737
f 1282/3747/3737 1292/3745/3735 1283/3748/3738
f 1283/3748/3738 1292/3745/3735 1284/3749/3739
f 1284/3749/3739 1292/3745/3735 1285/3750/3740
f 1285/3750/3740 1292/3745/3735 1286/3751/3741
f 1286/3751/3741 1292/3745/3735 1287/3752/3742
f 1287/3752/3742 1292/3745/3735 1288/3753/3743
f 1288/3753/3743 1292/3745/3735 1289/3754/3744
f 1289/3754/3744 1292/3745/3735 1290/3755/3745
f 1290/3755/3745 1292/3745/3735 1291/3756/3746
f 1052/3681/3671 1785/3757/3747 1031/3679/3669
f 1031/3679/3669 1785/3757/3747 1773/3758/3748
f 1773/3758/3748 1785/3757/3747 1784/3759/3749
f 1773/3758/3748 1784/3759/3749 1783/3760/3750
f 1783/3760/3750 1782/3761/3751 1773/3758/3748
f 1773/3758/3748 1782/3761/3751 1781/3762/3752
f 1773/3758/3748 1781/3762/3752 1780/3763/3753
f 1780/3763/3753 1779/3764/3754 1773/3758/3748
f 1773/3758/3748 1779/3764/3754 1778/3765/3755
f 1773/3758/3748 1778/3765/3755 1777/3766/3756
f 1777/3766/3756 1776/3767/3757 1773/3758/3748
f 1773/3758/3748 1776/3767/3757 1775/3768/3758
f 1773/3758/3748 1775/3768/3758 1774/3769/3759
# 3324 vertices
# 3769 texture params
# 3759 normals
# 6648 facets

# 1 groups
