# WaveFront *.obj file (generated by Autodesk ATF)

mtllib CW_Propeller_Horizontal.mtl

g Body1

v -0.243215 2.400000 -0.128342
v -0.268145 2.400000 -0.061020
v -0.274801 2.400000 0.010460
v -0.262730 2.400000 0.081227
v -0.232755 2.400000 0.146459
v -0.186917 2.400000 0.201710
v -0.128342 2.400000 0.243215
v -0.061020 2.400000 0.268145
v 0.010460 2.400000 0.274801
v 0.081227 2.400000 0.262730
v 0.146459 2.400000 0.232755
v 0.201710 2.400000 0.186917
v 0.243215 2.400000 0.128342
v 0.268145 2.400000 0.061020
v 0.274801 2.400000 -0.010460
v 0.262730 2.400000 -0.081227
v 0.232755 2.400000 -0.146459
v 0.186917 2.400000 -0.201710
v 0.128342 2.400000 -0.243215
v 0.061020 2.400000 -0.268145
v -0.010460 2.400000 -0.274801
v -0.081227 2.400000 -0.262730
v -0.146459 2.400000 -0.232755
v -0.201710 2.400000 -0.186917
v 1.238183 2.400000 0.653378
v 1.054128 2.400000 0.921311
v 0.813245 2.400000 1.139575
v 0.528520 2.400000 1.296405
v 0.215302 2.400000 1.383346
v -0.109523 2.400000 1.395709
v -0.428443 2.400000 1.332830
v -0.724266 2.400000 1.198098
v -0.981044 2.400000 0.998776
v -1.184933 2.400000 0.745609
v -1.324943 2.400000 0.452247
v -1.393524 2.400000 0.134504
v -1.386980 2.400000 -0.190491
v -1.305663 2.400000 -0.505216
v -1.153958 2.400000 -0.792704
v -0.940043 2.400000 -1.037458
v -0.675450 2.400000 -1.226282
v -0.374443 2.400000 -1.348997
v -0.053250 2.400000 -1.398987
v 0.270814 2.400000 -1.373557
v 0.580278 2.400000 -1.274079
v 0.858460 2.400000 -1.105914
v 1.090361 2.400000 -0.878130
v 1.263481 2.400000 -0.603005
v 1.368486 2.400000 -0.295372
v 1.399716 2.400000 0.028184
v 1.355487 2.400000 0.350221
v -0.243215 3.400000 -0.128342
v -0.268145 3.400000 -0.061020
v -0.274801 3.400000 0.010460
v -0.262730 3.400000 0.081227
v -0.232755 3.400000 0.146459
v -0.186917 3.400000 0.201710
v -0.128342 3.400000 0.243215
v -0.061020 3.400000 0.268145
v 0.010460 3.400000 0.274801
v 0.081227 3.400000 0.262730
v 0.146459 3.400000 0.232755
v 0.201710 3.400000 0.186917
v 0.243215 3.400000 0.128342
v 0.268145 3.400000 0.061020
v 0.274801 3.400000 -0.010460
v 0.262730 3.400000 -0.081227
v 0.232755 3.400000 -0.146459
v 0.186917 3.400000 -0.201710
v 0.128342 3.400000 -0.243215
v 0.061020 3.400000 -0.268145
v -0.010460 3.400000 -0.274801
v -0.081227 3.400000 -0.262730
v -0.146459 3.400000 -0.232755
v -0.201710 3.400000 -0.186917
v 0.133729 3.400000 -1.744883
v -0.155279 3.136730 -1.743126
v -0.431380 2.857055 -1.696026
v -0.685569 2.565865 -1.610125
v -0.916768 2.266667 -1.490650
v -1.866409 2.266667 -2.545747
v -2.184980 2.266667 -2.899695
v -2.195361 2.266667 -2.909200
v -2.207337 2.266667 -2.916603
v -2.220467 2.266667 -2.921690
v -2.234307 2.266667 -2.924246
v -2.248357 2.266667 -2.924054
v -2.262100 2.266667 -2.921169
v -2.275111 2.266667 -2.915822
v -2.286965 2.266667 -2.908242
v -2.297238 2.266667 -2.898662
v -2.305507 2.266667 -2.887312
v -2.311358 2.266667 -2.874533
v -2.314646 2.266667 -2.860877
v -2.315392 2.266667 -2.846828
v -2.313620 2.266667 -2.832869
v -2.309353 2.266667 -2.819484
v -2.302614 2.266667 -2.807155
v -1.231856 2.266667 -1.242993
v -0.970184 2.617197 -1.456450
v -0.674556 2.956935 -1.614774
v -0.539412 3.099568 -1.664814
v -0.424150 3.219008 -1.697832
v -0.332978 3.316773 -1.718021
v -0.265981 3.400000 -1.729669
v -0.140293 3.400000 -1.971697
v -0.132187 3.400000 -1.984055
v -0.121816 3.400000 -1.994592
v -0.109615 3.400000 -2.002943
v -0.096021 3.400000 -2.008743
v -0.086421 3.400000 -2.011050
v -0.076601 3.400000 -2.012076
v -0.066731 3.400000 -2.011804
v -0.056982 3.400000 -2.010237
v -0.042978 3.400000 -2.005489
v -0.030170 3.400000 -1.998089
v -0.019020 3.400000 -1.988368
v -0.009993 3.400000 -1.976656
v -1.633761 2.455556 -2.536177
v -1.308236 2.455556 -1.694486
v -1.227819 2.691667 -2.396297
v -0.659501 3.022222 -2.200465
v -0.874576 2.833333 -1.740830
v -0.253559 3.258333 -2.060584
v -0.468019 3.187500 -1.784277
v -0.264741 3.364583 -1.806000
v -0.070885 3.364583 -1.997638
v -0.081399 3.364583 -2.010950
v -0.087455 3.364583 -2.016902
v -0.093969 3.364583 -2.022333
v -0.100885 3.364583 -2.027201
v -0.108146 3.364583 -2.031468
v -0.115698 3.364583 -2.035091
v -0.123482 3.364583 -2.038032
v -0.124806 3.364583 -2.038446
v -0.126147 3.364583 -2.038825
v -0.127505 3.364583 -2.039168
v -0.128878 3.364583 -2.039475
v -0.130262 3.364583 -2.039744
v -0.131657 3.364583 -2.039975
v -0.133059 3.364583 -2.040166
v -0.134468 3.364583 -2.040317
v -0.135880 3.364583 -2.040427
v -0.137292 3.364583 -2.040495
v -0.140112 3.364583 -2.040511
v -0.145675 3.364583 -2.040081
v -0.151027 3.364583 -2.039087
v -0.156053 3.364583 -2.037607
v -0.160708 3.364583 -2.035767
v -0.162892 3.364583 -2.034752
v -0.164977 3.364583 -2.033693
v -0.180266 3.364583 -2.022727
v -0.192905 3.364583 -2.007576
v -0.201893 3.364583 -1.989080
v -0.233317 3.364583 -1.897540
v -0.497124 3.116667 -2.144512
v -0.518048 3.116667 -2.169022
v -0.529129 3.116667 -2.180733
v -0.540564 3.116667 -2.192039
v -0.552311 3.116667 -2.202910
v -0.564325 3.116667 -2.213315
v -0.576563 3.116667 -2.223222
v -0.588982 3.116667 -2.232601
v -0.591127 3.116667 -2.234051
v -0.593389 3.116667 -2.235361
v -0.595754 3.116667 -2.236525
v -0.598207 3.116667 -2.237536
v -0.600735 3.116667 -2.238387
v -0.603323 3.116667 -2.239072
v -0.605958 3.116667 -2.239583
v -0.608625 3.116667 -2.239914
v -0.611307 3.116667 -2.240057
v -0.613984 3.116667 -2.240009
v -0.619271 3.116667 -2.239369
v -0.629192 3.116667 -2.236117
v -0.637523 3.116667 -2.230622
v -0.643477 3.116667 -2.223507
v -0.646849 3.116667 -2.215758
v -0.647577 3.116667 -2.211949
v -0.647670 3.116667 -2.208346
v -0.645120 3.116667 -2.178841
v -0.640519 3.116667 -2.146097
v -0.633092 3.116667 -2.110762
v -0.591211 3.116667 -1.943174
v -0.549331 3.116667 -1.775587
v -0.488956 3.187500 -1.930136
v -0.509892 3.187500 -2.075996
v -0.512630 3.187500 -2.106519
v -0.512305 3.187500 -2.134237
v -0.509758 3.187500 -2.158445
v -0.509095 3.187500 -2.161321
v -0.507952 3.187500 -2.164332
v -0.504213 3.187500 -2.170393
v -0.498524 3.187500 -2.175898
v -0.491044 3.187500 -2.180107
v -0.482369 3.187500 -2.182552
v -0.477787 3.187500 -2.183005
v -0.475471 3.187500 -2.183020
v -0.473151 3.187500 -2.182886
v -0.470844 3.187500 -2.182607
v -0.468561 3.187500 -2.182187
v -0.466314 3.187500 -2.181632
v -0.464113 3.187500 -2.180947
v -0.461969 3.187500 -2.180138
v -0.459892 3.187500 -2.179208
v -0.457892 3.187500 -2.178164
v -0.455982 3.187500 -2.177010
v -0.444887 3.187500 -2.169471
v -0.433988 3.187500 -2.161359
v -0.423332 3.187500 -2.152708
v -0.412966 3.187500 -2.143552
v -0.402936 3.187500 -2.133924
v -0.393291 3.187500 -2.123859
v -0.375341 3.187500 -2.102548
v -0.984254 2.833333 -2.312369
v -1.017076 2.833333 -2.349676
v -1.033899 2.833333 -2.367967
v -1.050959 2.833333 -2.385989
v -1.068226 2.833333 -2.403720
v -1.085671 2.833333 -2.421141
v -1.103266 2.833333 -2.438229
v -1.120981 2.833333 -2.454966
v -1.124066 2.833333 -2.457600
v -1.127380 2.833333 -2.459974
v -1.130895 2.833333 -2.462076
v -1.134584 2.833333 -2.463892
v -1.138419 2.833333 -2.465408
v -1.142371 2.833333 -2.466611
v -1.146414 2.833333 -2.467488
v -1.150519 2.833333 -2.468025
v -1.154653 2.833333 -2.468205
v -1.158775 2.833333 -2.468024
v -1.166881 2.833333 -2.466636
v -1.181783 2.833333 -2.460159
v -1.193518 2.833333 -2.449518
v -1.200533 2.833333 -2.435964
v -1.202440 2.833333 -2.421462
v -1.201502 2.833333 -2.414461
v -1.199318 2.833333 -2.407949
v -1.176382 2.833333 -2.357257
v -1.152078 2.833333 -2.304406
v -1.125890 2.833333 -2.249827
v -1.000233 2.833333 -1.995328
v -0.955887 2.762500 -1.732140
v -0.766161 2.927778 -1.752415
v -0.863892 2.927778 -1.977944
v -0.961624 2.927778 -2.203472
v -0.981559 2.927778 -2.251636
v -0.999295 2.927778 -2.297785
v -1.015435 2.927778 -2.341415
v -1.016860 2.927778 -2.346957
v -1.017243 2.927778 -2.352894
v -1.014848 2.927778 -2.365145
v -1.008186 2.927778 -2.376553
v -0.997586 2.927778 -2.385478
v -0.984344 2.927778 -2.390880
v -0.977178 2.927778 -2.392019
v -0.973537 2.927778 -2.392155
v -0.969888 2.927778 -2.391988
v -0.966262 2.927778 -2.391520
v -0.962689 2.927778 -2.390765
v -0.959191 2.927778 -2.389734
v -0.955792 2.927778 -2.388440
v -0.952515 2.927778 -2.386893
v -0.949383 2.927778 -2.385103
v -0.946420 2.927778 -2.383083
v -0.943648 2.927778 -2.380844
v -0.927698 2.927778 -2.366560
v -0.911889 2.927778 -2.351865
v -0.896254 2.927778 -2.336783
v -0.880827 2.927778 -2.321339
v -0.865642 2.927778 -2.305556
v -0.850733 2.927778 -2.289458
v -0.821877 2.927778 -2.256417
v -1.471385 2.550000 -2.480225
v -1.516104 2.550000 -2.530331
v -1.538669 2.550000 -2.555202
v -1.561353 2.550000 -2.579939
v -1.584141 2.550000 -2.604530
v -1.607018 2.550000 -2.628966
v -1.629969 2.550000 -2.653236
v -1.652981 2.550000 -2.677331
v -1.657005 2.550000 -2.681148
v -1.661371 2.550000 -2.684587
v -1.666036 2.550000 -2.687627
v -1.670961 2.550000 -2.690248
v -1.676102 2.550000 -2.692429
v -1.681419 2.550000 -2.694151
v -1.686870 2.550000 -2.695393
v -1.692413 2.550000 -2.696135
v -1.697998 2.550000 -2.696353
v -1.703566 2.550000 -2.696039
v -1.714490 2.550000 -2.693903
v -1.734374 2.550000 -2.684200
v -1.749512 2.550000 -2.668415
v -1.757589 2.550000 -2.648420
v -1.758030 2.550000 -2.627165
v -1.755428 2.550000 -2.616972
v -1.750966 2.550000 -2.607552
v -1.707643 2.550000 -2.535673
v -1.663637 2.550000 -2.462715
v -1.618689 2.550000 -2.388892
v -1.409255 2.550000 -2.047482
v -1.199821 2.550000 -1.706072
v -1.118510 2.620833 -1.714761
v -1.306999 2.620833 -2.034444
v -1.495489 2.620833 -2.354126
v -1.535748 2.620833 -2.423137
v -1.574828 2.620833 -2.491069
v -1.613054 2.620833 -2.557652
v -1.616946 2.620833 -2.566345
v -1.619132 2.620833 -2.575740
v -1.618325 2.620833 -2.595306
v -1.610514 2.620833 -2.613691
v -1.596226 2.620833 -2.628190
v -1.577588 2.620833 -2.637086
v -1.567369 2.620833 -2.639035
v -1.562162 2.620833 -2.639316
v -1.556939 2.620833 -2.639107
v -1.551756 2.620833 -2.638417
v -1.546657 2.620833 -2.637266
v -1.541681 2.620833 -2.635674
v -1.536867 2.620833 -2.633659
v -1.532251 2.620833 -2.631239
v -1.527873 2.620833 -2.628434
v -1.523770 2.620833 -2.625261
v -1.519981 2.620833 -2.621739
v -1.498293 2.620833 -2.599485
v -1.476681 2.620833 -2.577010
v -1.455162 2.620833 -2.554328
v -1.433755 2.620833 -2.531451
v -1.412477 2.620833 -2.508393
v -1.391347 2.620833 -2.485167
v -1.349602 2.620833 -2.438261
v -1.416651 2.361111 -1.682900
v -1.681936 2.361111 -2.082251
v -1.947221 2.361111 -2.481602
v -2.004677 2.361111 -2.568254
v -2.061818 2.361111 -2.654617
v -2.118731 2.361111 -2.740621
v -2.124711 2.361111 -2.751980
v -2.128423 2.361111 -2.764301
v -2.128960 2.361111 -2.790058
v -2.120176 2.361111 -2.814346
v -2.102768 2.361111 -2.833561
v -2.079563 2.361111 -2.845414
v -2.066760 2.361111 -2.848049
v -2.060229 2.361111 -2.848452
v -2.053676 2.361111 -2.848209
v -2.047174 2.361111 -2.847329
v -2.040784 2.361111 -2.845844
v -2.034558 2.361111 -2.843776
v -2.028545 2.361111 -2.841151
v -2.022797 2.361111 -2.837994
v -2.017364 2.361111 -2.834329
v -2.012298 2.361111 -2.830181
v -2.007647 2.361111 -2.825574
v -1.981105 2.361111 -2.796575
v -1.954582 2.361111 -2.767517
v -1.928084 2.361111 -2.738403
v -1.901616 2.361111 -2.709238
v -1.875183 2.361111 -2.680025
v -1.848789 2.361111 -2.650767
v -1.796138 2.361111 -2.592129
v -0.657746 3.022222 -1.764001
v -0.727552 3.022222 -1.960559
v -0.797358 3.022222 -2.157117
v -0.811039 3.022222 -2.198866
v -0.822207 3.022222 -2.238313
v -0.831552 3.022222 -2.274880
v -0.832218 3.022222 -2.279453
v -0.832046 3.022222 -2.284326
v -0.829163 3.022222 -2.294326
v -0.822854 3.022222 -2.303587
v -0.813389 3.022222 -2.310798
v -0.801808 3.022222 -2.315125
v -0.795581 3.022222 -2.316014
v -0.792422 3.022222 -2.316106
v -0.789256 3.022222 -2.315951
v -0.786110 3.022222 -2.315551
v -0.783006 3.022222 -2.314918
v -0.779963 3.022222 -2.314061
v -0.777000 3.022222 -2.312988
v -0.774134 3.022222 -2.311709
v -0.771386 3.022222 -2.310232
v -0.768773 3.022222 -2.308567
v -0.766315 3.022222 -2.306723
v -0.752131 3.022222 -2.294891
v -0.738107 3.022222 -2.282590
v -0.724282 3.022222 -2.269847
v -0.710696 3.022222 -2.256689
v -0.697386 3.022222 -2.243144
v -0.684391 3.022222 -2.229240
v -0.386708 3.258333 -1.792966
v -0.386700 3.258333 -1.917098
v -0.386692 3.258333 -2.041229
v -0.384740 3.258333 -2.066942
v -0.379489 3.258333 -2.089633
v -0.371845 3.258333 -2.108544
v -0.370614 3.258333 -2.110694
v -0.369054 3.258333 -2.112906
v -0.364949 3.258333 -2.117278
v -0.359525 3.258333 -2.121173
v -0.352896 3.258333 -2.124097
v -0.345466 3.258333 -2.125736
v -0.341589 3.258333 -2.126001
v -0.339634 3.258333 -2.125983
v -0.337678 3.258333 -2.125859
v -0.335730 3.258333 -2.125631
v -0.333799 3.258333 -2.125302
v -0.331893 3.258333 -2.124877
v -0.330019 3.258333 -2.124358
v -0.328183 3.258333 -2.123750
v -0.326394 3.258333 -2.123055
v -0.324658 3.258333 -2.122277
v -0.322982 3.258333 -2.121419
v -0.313211 3.258333 -2.115719
v -0.303651 3.258333 -2.109402
v -0.294353 3.258333 -2.102505
v -0.285367 3.258333 -2.095064
v -0.276744 3.258333 -2.087115
v -0.268534 3.258333 -2.078695
v -0.305397 3.329167 -1.801655
v -0.284445 3.329167 -1.904059
v -0.263493 3.329167 -2.006463
v -0.256850 3.329167 -2.027365
v -0.246674 3.329167 -2.045029
v -0.233933 3.329167 -2.058644
v -0.232132 3.329167 -2.060066
v -0.230157 3.329167 -2.061480
v -0.225685 3.329167 -2.064164
v -0.220527 3.329167 -2.066449
v -0.214748 3.329167 -2.068086
v -0.208564 3.329167 -2.068919
v -0.205391 3.329167 -2.068997
v -0.203798 3.329167 -2.068946
v -0.202204 3.329167 -2.068831
v -0.200616 3.329167 -2.068654
v -0.199038 3.329167 -2.068417
v -0.197473 3.329167 -2.068122
v -0.195925 3.329167 -2.067769
v -0.194398 3.329167 -2.067362
v -0.192896 3.329167 -2.066902
v -0.191423 3.329167 -2.066390
v -0.189982 3.329167 -2.065828
v -0.181535 3.329167 -2.061967
v -0.173315 3.329167 -2.057446
v -0.165374 3.329167 -2.052303
v -0.157768 3.329167 -2.046577
v -0.150551 3.329167 -2.040307
v -0.143777 3.329167 -2.033531
v -0.131776 3.329167 -2.018620
v -1.545595 2.455556 -2.064867
v -1.782955 2.455556 -2.435247
v -1.834157 2.455556 -2.515484
v -1.884731 2.455556 -2.595145
v -1.934849 2.455556 -2.674087
v -1.940070 2.455556 -2.684476
v -1.943227 2.455556 -2.695733
v -1.943275 2.455556 -2.719239
v -1.934844 2.455556 -2.741381
v -1.918571 2.455556 -2.758881
v -1.897027 2.455556 -2.769658
v -1.885163 2.455556 -2.772044
v -1.879113 2.455556 -2.772402
v -1.873044 2.455556 -2.772172
v -1.867022 2.455556 -2.771361
v -1.861101 2.455556 -2.769997
v -1.855330 2.455556 -2.768102
v -1.849753 2.455556 -2.765699
v -1.844417 2.455556 -2.762811
v -1.839368 2.455556 -2.759458
v -1.834651 2.455556 -2.755664
v -1.830314 2.455556 -2.751452
v -1.805537 2.455556 -2.724906
v -1.780800 2.455556 -2.698241
v -1.756113 2.455556 -2.671467
v -1.731485 2.455556 -2.644589
v -1.706926 2.455556 -2.617614
v -1.682446 2.455556 -2.590549
v -1.037198 2.691667 -1.723451
v -1.204744 2.691667 -2.021405
v -1.372289 2.691667 -2.319360
v -1.407858 2.691667 -2.383560
v -1.442013 2.691667 -2.446465
v -1.475142 2.691667 -2.507751
v -1.478465 2.691667 -2.515717
v -1.480235 2.691667 -2.524314
v -1.479061 2.691667 -2.542192
v -1.471515 2.691667 -2.558967
v -1.458078 2.691667 -2.572180
v -1.440686 2.691667 -2.580269
v -1.431171 2.691667 -2.582032
v -1.426325 2.691667 -2.582279
v -1.421466 2.691667 -2.582080
v -1.416642 2.691667 -2.581440
v -1.411895 2.691667 -2.580381
v -1.407260 2.691667 -2.578918
v -1.402772 2.691667 -2.577070
v -1.398466 2.691667 -2.574852
v -1.394375 2.691667 -2.572281
v -1.390536 2.691667 -2.569374
v -1.386981 2.691667 -2.566148
v -1.366618 2.691667 -2.545733
v -1.346344 2.691667 -2.525053
v -1.326183 2.691667 -2.504125
v -1.306156 2.691667 -2.482964
v -1.286284 2.691667 -2.461585
v -1.266590 2.691667 -2.440003
v -1.106037 2.762500 -2.354333
v -1.102488 2.762500 -2.008367
v -1.249090 2.762500 -2.284593
v -1.279968 2.762500 -2.343983
v -1.309197 2.762500 -2.401861
v -1.337230 2.762500 -2.457850
v -1.339984 2.762500 -2.465089
v -1.341337 2.762500 -2.472888
v -1.339797 2.762500 -2.489078
v -1.332516 2.762500 -2.504243
v -1.319930 2.762500 -2.516169
v -1.303783 2.762500 -2.523453
v -1.294973 2.762500 -2.525028
v -1.290489 2.762500 -2.525242
v -1.285992 2.762500 -2.525052
v -1.281528 2.762500 -2.524464
v -1.277133 2.762500 -2.523496
v -1.272839 2.762500 -2.522163
v -1.268678 2.762500 -2.520481
v -1.264681 2.762500 -2.518464
v -1.260878 2.762500 -2.516127
v -1.257301 2.762500 -2.513487
v -1.253981 2.762500 -2.510557
v -1.234942 2.762500 -2.491981
v -1.216008 2.762500 -2.473097
v -1.197205 2.762500 -2.453923
v -1.178557 2.762500 -2.434476
v -1.160092 2.762500 -2.414776
v -1.141833 2.762500 -2.394840
v -1.577978 3.400000 0.756629
v -1.431952 3.136730 1.006039
v -1.253112 2.857055 1.221599
v -1.051625 2.565865 1.398783
v -0.832557 2.266667 1.539269
v -1.271477 2.266667 2.889231
v -1.418720 2.266667 3.342096
v -1.421760 2.266667 3.355839
v -1.422184 2.266667 3.369912
v -1.420024 2.266667 3.383826
v -1.415317 2.266667 3.397090
v -1.408127 2.266667 3.409162
v -1.398757 2.266667 3.419621
v -1.387620 2.266667 3.428214
v -1.375129 2.266667 3.434690
v -1.361695 2.266667 3.438797
v -1.347732 2.266667 3.440284
v -1.333740 2.266667 3.438961
v -1.320269 2.266667 3.434980
v -1.307729 2.266667 3.428602
v -1.296527 2.266667 3.420088
v -1.287068 2.266667 3.409701
v -1.279761 2.266667 3.397700
v -0.460536 2.266667 1.688315
v -0.776231 2.617197 1.568429
v -1.061157 2.956935 1.391569
v -1.172065 3.099568 1.299551
v -1.258291 3.219008 1.216241
v -1.321361 3.316773 1.147378
v -1.364946 3.400000 1.095181
v -1.637393 3.400000 1.107346
v -1.652148 3.400000 1.106505
v -1.666459 3.400000 1.102792
v -1.679792 3.400000 1.096401
v -1.691612 3.400000 1.087528
v -1.698410 3.400000 1.080368
v -1.704209 3.400000 1.072376
v -1.708908 3.400000 1.063692
v -1.712425 3.400000 1.054466
v -1.715316 3.400000 1.039965
v -1.715311 3.400000 1.025172
v -1.712467 3.400000 1.010656
v -1.706838 3.400000 0.996983
v -1.379513 2.455556 2.682968
v -0.813350 2.455556 1.980209
v -1.461344 2.691667 2.261471
v -1.575908 3.022222 1.671377
v -1.070315 2.833333 1.627820
v -1.657739 3.258333 1.249880
v -1.311219 3.187500 1.297455
v -1.431671 3.364583 1.132272
v -1.694563 3.364583 1.060207
v -1.700834 3.364583 1.075968
v -1.702961 3.364583 1.084189
v -1.704407 3.364583 1.092546
v -1.705166 3.364583 1.100970
v -1.705229 3.364583 1.109391
v -1.704592 3.364583 1.117743
v -1.703247 3.364583 1.125955
v -1.702943 3.364583 1.127308
v -1.702601 3.364583 1.128659
v -1.702219 3.364583 1.130007
v -1.701798 3.364583 1.131349
v -1.701339 3.364583 1.132682
v -1.700842 3.364583 1.134005
v -1.700306 3.364583 1.135316
v -1.699733 3.364583 1.136611
v -1.699122 3.364583 1.137889
v -1.698475 3.364583 1.139146
v -1.697078 3.364583 1.141596
v -1.693925 3.364583 1.146199
v -1.690388 3.364583 1.150337
v -1.686593 3.364583 1.153949
v -1.682672 3.364583 1.157061
v -1.680701 3.364583 1.158444
v -1.678741 3.364583 1.159721
v -1.661600 3.364583 1.167478
v -1.642159 3.364583 1.170849
v -1.621647 3.364583 1.169384
v -1.526659 3.364583 1.150828
v -1.608640 3.116667 1.502778
v -1.619404 3.116667 1.533154
v -1.624006 3.116667 1.548605
v -1.628079 3.116667 1.564162
v -1.631621 3.116667 1.579770
v -1.634625 3.116667 1.595377
v -1.637086 3.116667 1.610929
v -1.638999 3.116667 1.626374
v -1.639181 3.116667 1.628957
v -1.639185 3.116667 1.631571
v -1.639011 3.116667 1.634201
v -1.638660 3.116667 1.636831
v -1.638133 3.116667 1.639446
v -1.637431 3.116667 1.642029
v -1.636557 3.116667 1.644566
v -1.635510 3.116667 1.647042
v -1.634293 3.116667 1.649436
v -1.632912 3.116667 1.651731
v -1.629715 3.116667 1.655989
v -1.621939 3.116667 1.662955
v -1.613014 3.116667 1.667422
v -1.603875 3.116667 1.669021
v -1.595478 3.116667 1.668067
v -1.591816 3.116667 1.666792
v -1.588649 3.116667 1.665071
v -1.564372 3.116667 1.648111
v -1.538314 3.116667 1.627754
v -1.511428 3.116667 1.603654
v -1.387233 3.116667 1.483591
v -1.263038 3.116667 1.363528
v -1.427069 3.187500 1.388516
v -1.542919 3.187500 1.479577
v -1.567984 3.187500 1.497210
v -1.592151 3.187500 1.510787
v -1.614390 3.187500 1.520686
v -1.617212 3.187500 1.521550
v -1.620391 3.187500 1.522065
v -1.627509 3.187500 1.521858
v -1.635121 3.187500 1.519683
v -1.642506 3.187500 1.515310
v -1.648962 3.187500 1.509020
v -1.651644 3.187500 1.505278
v -1.652815 3.187500 1.503279
v -1.653859 3.187500 1.501204
v -1.654771 3.187500 1.499066
v -1.655549 3.187500 1.496880
v -1.656192 3.187500 1.494656
v -1.656699 3.187500 1.492407
v -1.657070 3.187500 1.490145
v -1.657304 3.187500 1.487882
v -1.657399 3.187500 1.485628
v -1.657355 3.187500 1.483397
v -1.656373 3.187500 1.470019
v -1.654797 3.187500 1.456524
v -1.652634 3.187500 1.442970
v -1.649887 3.187500 1.429414
v -1.646564 3.187500 1.415915
v -1.642670 3.187500 1.402529
v -1.633190 3.187500 1.376329
v -1.510443 2.833333 2.008574
v -1.526342 2.833333 2.055652
v -1.533770 2.833333 2.079367
v -1.540848 2.833333 2.103151
v -1.547570 2.833333 2.126971
v -1.553934 2.833333 2.150789
v -1.559936 2.833333 2.174571
v -1.565572 2.833333 2.198281
v -1.566311 2.833333 2.202270
v -1.566710 2.833333 2.206327
v -1.566773 2.833333 2.210422
v -1.566501 2.833333 2.214525
v -1.565897 2.833333 2.218603
v -1.564962 2.833333 2.222628
v -1.563700 2.833333 2.226567
v -1.562112 2.833333 2.230391
v -1.560202 2.833333 2.234061
v -1.557984 2.833333 2.237541
v -1.552729 2.833333 2.243866
v -1.539669 2.833333 2.253533
v -1.524586 2.833333 2.258376
v -1.509340 2.833333 2.257674
v -1.495828 2.833333 2.252074
v -1.490233 2.833333 2.247762
v -1.485686 2.833333 2.242614
v -1.453254 2.833333 2.197405
v -1.419635 2.833333 2.149932
v -1.385462 2.833333 2.099963
v -1.227889 2.833333 1.863891
v -1.022134 2.762500 1.693893
v -1.134556 2.927778 1.539722
v -1.281003 2.927778 1.737125
v -1.427451 2.927778 1.934527
v -1.459195 2.927778 1.975873
v -1.490293 2.927778 2.014307
v -1.520007 2.927778 2.050100
v -1.524094 2.927778 2.054105
v -1.529044 2.927778 2.057405
v -1.540851 2.927778 2.061456
v -1.554062 2.927778 2.061391
v -1.567092 2.927778 2.056674
v -1.578391 2.927778 2.047907
v -1.582960 2.927778 2.042271
v -1.584899 2.927778 2.039186
v -1.586578 2.927778 2.035941
v -1.587986 2.927778 2.032567
v -1.589119 2.927778 2.029095
v -1.589975 2.927778 2.025551
v -1.590554 2.927778 2.021960
v -1.590852 2.927778 2.018348
v -1.590868 2.927778 2.014741
v -1.590601 2.927778 2.011165
v -1.590048 2.927778 2.007645
v -1.585652 2.927778 1.986690
v -1.580831 2.927778 1.965652
v -1.575587 2.927778 1.944571
v -1.569925 2.927778 1.923488
v -1.563849 2.927778 1.902446
v -1.557362 2.927778 1.881486
v -1.543175 2.927778 1.839975
v -1.412246 2.550000 2.514369
v -1.433279 2.550000 2.578150
v -1.443535 2.550000 2.610128
v -1.453616 2.550000 2.642141
v -1.463519 2.550000 2.674171
v -1.473243 2.550000 2.706201
v -1.482786 2.550000 2.738213
v -1.492146 2.550000 2.770189
v -1.493440 2.550000 2.775583
v -1.494235 2.550000 2.781083
v -1.494535 2.550000 2.786643
v -1.494342 2.550000 2.792218
v -1.493661 2.550000 2.797761
v -1.492493 2.550000 2.803227
v -1.490844 2.550000 2.808568
v -1.488715 2.550000 2.813740
v -1.486111 2.550000 2.818686
v -1.483055 2.550000 2.823351
v -1.475743 2.550000 2.831744
v -1.457399 2.550000 2.844112
v -1.436159 2.550000 2.849330
v -1.414805 2.550000 2.846327
v -1.396177 2.550000 2.836081
v -1.388651 2.550000 2.828731
v -1.382724 2.550000 2.820157
v -1.342136 2.550000 2.746699
v -1.300955 2.550000 2.672109
v -1.259497 2.550000 2.596272
v -1.068544 2.550000 2.244192
v -0.877591 2.550000 1.892111
v -0.925772 2.620833 1.826038
v -1.108380 2.620833 2.149116
v -1.290988 2.620833 2.472195
v -1.330625 2.620833 2.541565
v -1.369915 2.620833 2.609376
v -1.408464 2.620833 2.675771
v -1.414046 2.620833 2.683489
v -1.421090 2.620833 2.690080
v -1.438438 2.620833 2.699164
v -1.458266 2.620833 2.701591
v -1.477966 2.620833 2.696467
v -1.494989 2.620833 2.684774
v -1.501787 2.620833 2.676899
v -1.504634 2.620833 2.672530
v -1.507064 2.620833 2.667903
v -1.509058 2.620833 2.663068
v -1.510611 2.620833 2.658077
v -1.511720 2.620833 2.652972
v -1.512382 2.620833 2.647795
v -1.512594 2.620833 2.642588
v -1.512354 2.620833 2.637394
v -1.511658 2.620833 2.632254
v -1.510502 2.620833 2.627212
v -1.502073 2.620833 2.597302
v -1.493415 2.620833 2.567348
v -1.484532 2.620833 2.537371
v -1.475424 2.620833 2.507393
v -1.466094 2.620833 2.477437
v -1.456544 2.620833 2.447525
v -1.436795 2.620833 2.387920
v -0.749109 2.361111 2.068306
v -0.962315 2.361111 2.497725
v -1.175520 2.361111 2.927144
v -1.221835 2.361111 3.020228
v -1.268057 2.361111 3.112895
v -1.314082 2.361111 3.205186
v -1.320929 2.361111 3.216044
v -1.329743 2.361111 3.225419
v -1.351781 2.361111 3.238763
v -1.377208 2.361111 3.243299
v -1.402552 2.361111 3.237831
v -1.424419 2.361111 3.223662
v -1.433103 2.361111 3.213892
v -1.436717 2.361111 3.208436
v -1.439783 2.361111 3.202640
v -1.442273 2.361111 3.196569
v -1.444181 2.361111 3.190293
v -1.445503 2.361111 3.183867
v -1.446237 2.361111 3.177347
v -1.446376 2.361111 3.170791
v -1.445919 2.361111 3.164253
v -1.444860 2.361111 3.157791
v -1.443195 2.361111 3.151460
v -1.431352 2.361111 3.113974
v -1.419449 2.361111 3.076476
v -1.407485 2.361111 3.038972
v -1.395461 2.361111 3.001467
v -1.383378 2.361111 2.963969
v -1.371237 2.361111 2.926481
v -1.346781 2.361111 2.851566
v -1.198797 3.022222 1.451625
v -1.334118 3.022222 1.610358
v -1.469439 3.022222 1.769091
v -1.498754 3.022222 1.801814
v -1.527332 3.022222 1.831209
v -1.554328 3.022222 1.857586
v -1.557955 3.022222 1.860449
v -1.562261 3.022222 1.862736
v -1.572363 3.022222 1.865239
v -1.583538 3.022222 1.864406
v -1.594515 3.022222 1.859814
v -1.604053 3.022222 1.851948
v -1.607936 3.022222 1.847001
v -1.609596 3.022222 1.844311
v -1.611044 3.022222 1.841491
v -1.612271 3.022222 1.838567
v -1.613275 3.022222 1.835562
v -1.614054 3.022222 1.832498
v -1.614607 3.022222 1.829395
v -1.614931 3.022222 1.826275
v -1.615027 3.022222 1.823156
v -1.614891 3.022222 1.820061
v -1.614523 3.022222 1.817010
v -1.611369 3.022222 1.798810
v -1.607728 3.022222 1.780514
v -1.603604 3.022222 1.762170
v -1.599002 3.022222 1.743825
v -1.593927 3.022222 1.725526
v -1.588383 3.022222 1.707320
v -1.359400 3.258333 1.231382
v -1.466905 3.258333 1.293441
v -1.574410 3.258333 1.355500
v -1.597654 3.258333 1.366666
v -1.619931 3.258333 1.373464
v -1.640130 3.258333 1.376300
v -1.642607 3.258333 1.376308
v -1.645303 3.258333 1.376064
v -1.651142 3.258333 1.374694
v -1.657227 3.258333 1.371945
v -1.663074 3.258333 1.367665
v -1.668208 3.258333 1.362050
v -1.670376 3.258333 1.358825
v -1.671338 3.258333 1.357123
v -1.672209 3.258333 1.355367
v -1.672985 3.258333 1.353566
v -1.673666 3.258333 1.351730
v -1.674251 3.258333 1.349867
v -1.674739 3.258333 1.347984
v -1.675130 3.258333 1.346090
v -1.675423 3.258333 1.344193
v -1.675617 3.258333 1.342300
v -1.675712 3.258333 1.340420
v -1.675661 3.258333 1.329108
v -1.674970 3.258333 1.317671
v -1.673646 3.258333 1.306170
v -1.671695 3.258333 1.294667
v -1.669123 3.258333 1.283225
v -1.665936 3.258333 1.271905
v -1.407581 3.329167 1.165309
v -1.506741 3.329167 1.198366
v -1.605901 3.329167 1.231423
v -1.627324 3.329167 1.236121
v -1.647710 3.329167 1.236140
v -1.665871 3.329167 1.231914
v -1.668003 3.329167 1.231065
v -1.670216 3.329167 1.230062
v -1.674776 3.329167 1.227531
v -1.679334 3.329167 1.224206
v -1.683641 3.329167 1.220021
v -1.687455 3.329167 1.215081
v -1.689109 3.329167 1.212373
v -1.689861 3.329167 1.210967
v -1.690558 3.329167 1.209530
v -1.691199 3.329167 1.208066
v -1.691783 3.329167 1.206580
v -1.692310 3.329167 1.205077
v -1.692778 3.329167 1.203561
v -1.693189 3.329167 1.202035
v -1.693541 3.329167 1.200504
v -1.693834 3.329167 1.198972
v -1.694068 3.329167 1.197443
v -1.694948 3.329167 1.188198
v -1.695143 3.329167 1.178818
v -1.694659 3.329167 1.169370
v -1.693503 3.329167 1.159920
v -1.691682 3.329167 1.150534
v -1.689201 3.329167 1.141280
v -1.682288 3.329167 1.123431
v -1.015429 2.455556 2.370958
v -1.217509 2.455556 2.761708
v -1.261395 2.455556 2.846169
v -1.305096 2.455556 2.929797
v -1.348403 2.455556 3.012671
v -1.354790 2.455556 3.022388
v -1.362960 2.455556 3.030750
v -1.383293 2.455556 3.042545
v -1.406683 2.455556 3.046314
v -1.429976 2.455556 3.040971
v -1.450081 2.455556 3.027703
v -1.458079 2.455556 3.018621
v -1.461414 2.455556 3.013561
v -1.464249 2.455556 3.008190
v -1.466558 2.455556 3.002569
v -1.468337 2.455556 2.996760
v -1.469582 2.455556 2.990814
v -1.470290 2.455556 2.984783
v -1.470456 2.455556 2.978717
v -1.470077 2.455556 2.972668
v -1.469150 2.455556 2.966687
v -1.467670 2.455556 2.960825
v -1.457069 2.455556 2.926094
v -1.446346 2.455556 2.891339
v -1.435502 2.455556 2.856571
v -1.424538 2.455556 2.821804
v -1.413457 2.455556 2.787048
v -1.402258 2.455556 2.752316
v -0.973953 2.691667 1.759966
v -1.148216 2.691667 2.054041
v -1.322480 2.691667 2.348117
v -1.360295 2.691667 2.411021
v -1.397695 2.691667 2.472052
v -1.434205 2.691667 2.531386
v -1.439442 2.691667 2.538247
v -1.446002 2.691667 2.544078
v -1.462072 2.691667 2.552001
v -1.480373 2.691667 2.553853
v -1.498534 2.691667 2.548823
v -1.514236 2.691667 2.537805
v -1.520519 2.691667 2.530446
v -1.523156 2.691667 2.526373
v -1.525414 2.691667 2.522066
v -1.527272 2.691667 2.517568
v -1.528728 2.691667 2.512927
v -1.529779 2.691667 2.508182
v -1.530422 2.691667 2.503371
v -1.530654 2.691667 2.498533
v -1.530473 2.691667 2.493705
v -1.529875 2.691667 2.488926
v -1.528859 2.691667 2.484235
v -1.521361 2.691667 2.456392
v -1.513588 2.691667 2.428495
v -1.505544 2.691667 2.400571
v -1.497232 2.691667 2.372646
v -1.488653 2.691667 2.344747
v -1.479810 2.691667 2.316901
v -1.485894 2.762500 2.135022
v -1.188052 2.762500 1.958966
v -1.353971 2.762500 2.224040
v -1.389965 2.762500 2.280476
v -1.425474 2.762500 2.334729
v -1.459946 2.762500 2.387000
v -1.464838 2.762500 2.393004
v -1.470915 2.762500 2.398076
v -1.485706 2.762500 2.404837
v -1.502480 2.762500 2.406114
v -1.519101 2.762500 2.401178
v -1.533482 2.762500 2.390836
v -1.539252 2.762500 2.383994
v -1.541679 2.762500 2.380217
v -1.543763 2.762500 2.376228
v -1.545486 2.762500 2.372068
v -1.546845 2.762500 2.367778
v -1.547838 2.762500 2.363393
v -1.548461 2.762500 2.358948
v -1.548713 2.762500 2.354477
v -1.548591 2.762500 2.350016
v -1.548093 2.762500 2.345598
v -1.547216 2.762500 2.341258
v -1.540648 2.762500 2.315482
v -1.533761 2.762500 2.289642
v -1.526557 2.762500 2.263771
v -1.519040 2.762500 2.237899
v -1.511212 2.762500 2.212057
v -1.503076 2.762500 2.186276
v -0.190753 1.699996 1.739573
v 0.083722 1.133333 1.747996
v 0.342225 0.834142 1.716214
v 0.600745 0.542949 1.643683
v 0.855423 0.263291 1.526712
v 1.095181 -0.000000 1.364946
v 1.352618 -0.000000 1.110371
v 1.552160 0.000000 0.808270
v 1.685265 0.000000 0.471572
v 1.746238 0.000000 0.114690
v 1.732467 0.000000 -0.247101
v 1.644542 0.000000 -0.598315
v 1.486227 0.000000 -0.923920
v 1.264298 0.000000 -1.209979
v 0.988254 0.000000 -1.444248
v 1.043638 0.083224 -1.404739
v 1.117138 0.180991 -1.347049
v 1.206815 0.300438 -1.267346
v 1.307054 0.443078 -1.163670
v 1.505144 0.782819 -0.892774
v 1.648682 1.133333 -0.586811
v 1.720181 1.699996 -0.321677
v 1.749324 2.266667 -0.048619
v 1.737194 2.565865 0.211343
v 1.684491 2.857055 0.474427
v 1.587231 3.136730 0.737087
v 1.444248 3.400000 0.988254
v 1.209979 3.400000 1.264298
v 0.923920 3.400000 1.486227
v 0.598315 3.400000 1.644542
v 0.247101 3.400000 1.732467
v -0.114690 3.400000 1.746238
v -0.471572 3.400000 1.685265
v -0.808270 3.400000 1.552160
v -1.110371 3.400000 1.352618
v -1.411137 1.699996 -1.034984
v -1.555670 1.133333 -0.801492
v -1.657398 0.834142 -0.561731
v -1.723844 0.542949 -0.301581
v -1.749883 0.263291 -0.022538
v -1.729669 -0.000000 0.265981
v -1.637919 -0.000000 0.616216
v -1.476062 -0.000000 0.940075
v -1.251026 -0.000000 1.223697
v -0.972444 -0.000000 1.454941
v -0.652238 -0.000000 1.623911
v -0.304115 -0.000000 1.723373
v 0.057025 -0.000000 1.749071
v 0.415724 -0.000000 1.699904
v 0.756629 -0.000000 1.577978
v 0.694721 0.083224 1.606186
v 0.608010 0.180991 1.640994
v 0.494146 0.300438 1.678806
v 0.354241 0.443078 1.713777
v 0.020593 0.782819 1.749880
v -0.316148 1.133333 1.721206
v -0.581510 1.699996 1.650559
v -1.699904 3.400000 0.415724
v -1.749071 3.400000 0.057025
v -1.723373 3.400000 -0.304115
v -1.623911 3.400000 -0.652238
v -1.454941 3.400000 -0.972444
v -1.223697 3.400000 -1.251026
v -0.940075 3.400000 -1.476062
v -0.616216 3.400000 -1.637919
v 0.489925 3.400000 -1.680022
v 0.825151 3.400000 -1.543252
v 1.125058 3.400000 -1.340427
v 1.376810 3.400000 -1.080229
v 1.569631 3.400000 -0.773794
v 1.695269 3.400000 -0.434239
v 1.748345 3.400000 -0.076098
v 1.726587 3.400000 0.285301
v 1.630928 3.400000 0.634488
v 1.654339 3.316773 0.570643
v 1.682441 3.219008 0.481592
v 1.711477 3.099568 0.365263
v 1.735713 2.956935 0.223205
v 1.746414 2.617197 -0.111979
v 1.692391 2.266667 -0.445322
v 1.601891 1.699996 -0.704589
v 1.471948 1.133333 -0.946504
v 1.315172 0.834142 -1.154483
v 1.123099 0.542949 -1.342102
v 0.894460 0.263291 -1.504174
v 0.634488 0.000000 -1.630928
v 0.285301 0.000000 -1.726587
v -0.076098 0.000000 -1.748345
v -0.434239 0.000000 -1.695269
v -0.773794 0.000000 -1.569631
v -1.080229 0.000000 -1.376810
v -1.340427 0.000000 -1.125058
v -1.543252 -0.000000 -0.825151
v -1.680022 -0.000000 -0.489925
v -1.744883 -0.000000 -0.133729
v -1.738359 0.083224 -0.201447
v -1.725147 0.180991 -0.293945
v -1.700962 0.300438 -0.411460
v -1.661295 0.443078 -0.550107
v -1.525737 0.782819 -0.857106
v -1.332534 1.133333 -1.134395
v -1.138671 1.699996 -1.328882
v -2.680961 1.133333 -1.913261
v -2.974095 1.133333 -2.082578
v -2.986902 1.133333 -2.088355
v -3.000575 1.133333 -2.091587
v -3.014628 1.133333 -2.092287
v -3.028579 1.133333 -2.090469
v -3.041944 1.133333 -2.086148
v -3.054238 1.133333 -2.079337
v -3.064923 1.133333 -2.070225
v -3.073690 1.133333 -2.059249
v -3.080342 1.133333 -2.046851
v -3.084680 1.133333 -2.033470
v -3.086506 1.133333 -2.019547
v -3.085623 1.133333 -2.005523
v -3.082017 1.133333 -1.991918
v -3.075942 1.133333 -1.979216
v -3.067645 1.133333 -1.967841
v -3.057375 1.133333 -1.958217
v -2.682438 1.133333 -1.669412
v -1.623012 1.984426 -1.511421
v -1.920530 1.984426 -1.880266
v -2.218049 1.984426 -2.249112
v -2.515567 1.984426 -2.617957
v -2.523252 1.984426 -2.629719
v -2.528555 1.984426 -2.642728
v -2.531416 1.984426 -2.656505
v -2.531773 1.984426 -2.670569
v -2.529566 1.984426 -2.684441
v -2.524735 1.984426 -2.697639
v -2.517382 1.984426 -2.709602
v -2.507891 1.984426 -2.719958
v -2.496668 1.984426 -2.728443
v -2.484117 1.984426 -2.734795
v -2.470643 1.984426 -2.738748
v -2.456651 1.984426 -2.740040
v -2.442653 1.984426 -2.738578
v -2.429165 1.984426 -2.734536
v -2.416646 1.984426 -2.728094
v -2.405552 1.984426 -2.719433
v -2.061863 1.984426 -2.393117
v -1.718174 1.984426 -2.066801
v -1.374485 1.984426 -1.740485
v -1.506927 1.699996 -1.627208
v -1.875183 1.699996 -1.925534
v -2.243439 1.699996 -2.223860
v -2.611695 1.699996 -2.522186
v -2.623435 1.699996 -2.529950
v -2.636421 1.699996 -2.535388
v -2.650185 1.699996 -2.538359
v -2.664255 1.699996 -2.538718
v -2.678102 1.699996 -2.536331
v -2.691224 1.699996 -2.531332
v -2.703238 1.699996 -2.524014
v -2.713760 1.699996 -2.514674
v -2.722409 1.699996 -2.503604
v -2.728800 1.699996 -2.491101
v -2.732580 1.699996 -2.477564
v -2.733691 1.699996 -2.463562
v -2.732230 1.699996 -2.449569
v -2.728297 1.699996 -2.436059
v -2.721988 1.699996 -2.423506
v -2.713404 1.699996 -2.412384
v -2.387837 1.699996 -2.068034
v -2.062271 1.699996 -1.723684
v -1.736704 1.699996 -1.379334
v -1.629108 1.417759 -1.504827
v -2.019483 1.417759 -1.773549
v -2.409858 1.417759 -2.042272
v -2.800233 1.417759 -2.310994
v -2.812542 1.417759 -2.317819
v -2.825913 1.417759 -2.322229
v -2.839866 1.417759 -2.324118
v -2.853921 1.417759 -2.323380
v -2.867540 1.417759 -2.319921
v -2.880232 1.417759 -2.313915
v -2.891639 1.417759 -2.305684
v -2.901402 1.417759 -2.295552
v -2.909161 1.417759 -2.283842
v -2.914559 1.417759 -2.270879
v -2.917273 1.417759 -2.257089
v -2.917289 1.417759 -2.243043
v -2.914743 1.417759 -2.229207
v -2.909769 1.417759 -2.216045
v -2.902501 1.417759 -2.204022
v -2.893076 1.417759 -2.193602
v -2.541674 1.417759 -1.875670
v -2.190272 1.417759 -1.557738
v -1.838870 1.417759 -1.239806
v -0.316452 1.133333 3.278410
v -0.316518 1.133333 3.616931
v -0.315118 1.133333 3.630911
v -0.311080 1.133333 3.644367
v -0.304660 1.133333 3.656888
v -0.296110 1.133333 3.668061
v -0.285685 1.133333 3.677475
v -0.273640 1.133333 3.684716
v -0.260406 1.133333 3.689413
v -0.246517 1.133333 3.691518
v -0.232454 1.133333 3.691079
v -0.218697 1.133333 3.688146
v -0.205726 1.133333 3.682766
v -0.194022 1.133333 3.674989
v -0.184043 1.133333 3.665064
v -0.176080 1.133333 3.653452
v -0.170378 1.133333 3.640579
v -0.167178 1.133333 3.626873
v -0.104534 1.133333 3.157765
v -0.497423 1.984426 2.161280
v -0.668093 1.984426 2.603361
v -0.838763 1.984426 3.045442
v -1.009434 1.984426 3.487524
v -1.015778 1.984426 3.500060
v -1.024392 1.984426 3.511157
v -1.034893 1.984426 3.520523
v -1.046894 1.984426 3.527864
v -1.060011 1.984426 3.532889
v -1.073856 1.984426 3.535304
v -1.087893 1.984426 3.534917
v -1.101607 1.984426 3.531876
v -1.114567 1.984426 3.526399
v -1.126343 1.984426 3.518706
v -1.136504 1.984426 3.509013
v -1.144619 1.984426 3.497542
v -1.150351 1.984426 3.484688
v -1.153595 1.984426 3.470987
v -1.154276 1.984426 3.456924
v -1.152322 1.984426 3.442986
v -1.041568 1.984426 2.982184
v -0.930815 1.984426 2.521383
v -0.820062 1.984426 2.060581
v -0.655740 1.699996 2.118641
v -0.729970 1.699996 2.586723
v -0.804200 1.699996 3.054805
v -0.878430 1.699996 3.522887
v -0.879284 1.699996 3.536936
v -0.877500 1.699996 3.550902
v -0.873191 1.699996 3.564307
v -0.866467 1.699996 3.576671
v -0.857476 1.699996 3.587470
v -0.846585 1.699996 3.596334
v -0.834242 1.699996 3.603080
v -0.820891 1.699996 3.607522
v -0.806980 1.699996 3.609477
v -0.792956 1.699996 3.608761
v -0.779343 1.699996 3.605266
v -0.766661 1.699996 3.599227
v -0.755274 1.699996 3.590965
v -0.745541 1.699996 3.580804
v -0.737824 1.699996 3.569064
v -0.732484 1.699996 3.556068
v -0.597051 1.699996 3.101944
v -0.461618 1.699996 2.647820
v -0.326186 1.699996 2.193697
v -0.488664 1.417759 2.163262
v -0.526197 1.417759 2.635698
v -0.563730 1.417759 3.108134
v -0.601263 1.417759 3.580570
v -0.601019 1.417759 3.594643
v -0.598153 1.417759 3.608427
v -0.592813 1.417759 3.621455
v -0.585146 1.417759 3.633258
v -0.575341 1.417759 3.643323
v -0.563793 1.417759 3.651312
v -0.550961 1.417759 3.657075
v -0.537305 1.417759 3.660464
v -0.523285 1.417759 3.661329
v -0.509359 1.417759 3.659522
v -0.496060 1.417759 3.654977
v -0.483888 1.417759 3.647968
v -0.473178 1.417759 3.638845
v -0.464267 1.417759 3.627956
v -0.457488 1.417759 3.615651
v -0.453177 1.417759 3.602279
v -0.353541 1.417759 3.138990
v -0.253905 1.417759 2.675700
v -0.154269 1.417759 2.212411
v -1.976656 -0.000000 0.009993
v -1.988368 -0.000000 0.019020
v -1.998089 -0.000000 0.030170
v -2.005489 -0.000000 0.042978
v -2.010237 -0.000000 0.056982
v -2.011803 -0.000000 0.066731
v -2.012076 -0.000000 0.076601
v -2.011050 -0.000000 0.086421
v -2.008743 -0.000000 0.096021
v -2.002943 -0.000000 0.109615
v -1.994592 -0.000000 0.121816
v -1.984055 -0.000000 0.132187
v -1.971697 -0.000000 0.140293
v -1.820887 0.035417 -0.126703
v -1.813362 0.247917 -0.371989
v -2.125002 0.212500 -0.214464
v -1.809600 0.354167 -0.494633
v -1.802075 0.566667 -0.739919
v -2.278307 0.425000 -0.569221
v -2.448647 0.661111 -0.963396
v -1.789534 0.920833 -1.148731
v -2.687122 0.991667 -1.515240
v -1.784518 1.062500 -1.312255
v -2.210730 1.062500 -1.552656
v -2.636942 1.062500 -1.793057
v -2.729496 1.062500 -1.845186
v -2.821816 1.062500 -1.897096
v -2.913854 1.062500 -1.948856
v -2.925893 1.062500 -1.954121
v -2.938737 1.062500 -1.956998
v -2.965030 1.062500 -1.955644
v -2.989105 1.062500 -1.944900
v -3.007339 1.062500 -1.925759
v -3.017620 1.062500 -1.901282
v -3.019313 1.062500 -1.888076
v -3.019217 1.062500 -1.881412
v -3.018462 1.062500 -1.874776
v -3.017062 1.062500 -1.868242
v -3.015053 1.062500 -1.861870
v -3.012464 1.062500 -1.855710
v -3.009324 1.062500 -1.849811
v -3.005662 1.062500 -1.844224
v -3.001507 1.062500 -1.838998
v -2.996889 1.062500 -1.834182
v -2.991835 1.062500 -1.829827
v -2.960263 1.062500 -1.805197
v -2.928649 1.062500 -1.780585
v -2.896994 1.062500 -1.755996
v -2.865303 1.062500 -1.731431
v -2.833577 1.062500 -1.706895
v -2.801820 1.062500 -1.682391
v -2.738224 1.062500 -1.633493
v -2.584918 0.850000 -1.278736
v -2.638267 0.850000 -1.319475
v -2.664776 0.850000 -1.340065
v -2.691161 0.850000 -1.360782
v -2.717408 0.850000 -1.381613
v -2.743508 0.850000 -1.402545
v -2.769448 0.850000 -1.423564
v -2.795217 0.850000 -1.444657
v -2.799331 0.850000 -1.448378
v -2.803093 0.850000 -1.452468
v -2.806481 0.850000 -1.456888
v -2.809470 0.850000 -1.461597
v -2.812038 0.850000 -1.466557
v -2.814161 0.850000 -1.471727
v -2.815816 0.850000 -1.477067
v -2.816980 0.850000 -1.482537
v -2.817624 0.850000 -1.488089
v -2.817736 0.850000 -1.493665
v -2.816441 0.850000 -1.504720
v -2.808286 0.850000 -1.525287
v -2.793704 0.850000 -1.541588
v -2.774385 0.850000 -1.551169
v -2.753226 0.850000 -1.553233
v -2.742864 0.850000 -1.551417
v -2.733130 0.850000 -1.547688
v -2.658113 0.850000 -1.509966
v -2.581966 0.850000 -1.471644
v -2.504885 0.850000 -1.432447
v -2.148463 0.850000 -1.249708
v -1.792042 0.850000 -1.066968
v -1.795387 0.755556 -0.957952
v -2.120790 0.755556 -1.115064
v -2.446193 0.755556 -1.272176
v -2.516397 0.755556 -1.305625
v -2.585356 0.755556 -1.337908
v -2.652809 0.755556 -1.369391
v -2.661518 0.755556 -1.372437
v -2.670777 0.755556 -1.373781
v -2.689654 0.755556 -1.371402
v -2.706860 0.755556 -1.362338
v -2.719819 0.755556 -1.347299
v -2.727028 0.755556 -1.328471
v -2.728146 0.755556 -1.318371
v -2.728026 0.755556 -1.313279
v -2.727432 0.755556 -1.308208
v -2.726373 0.755556 -1.303211
v -2.724875 0.755556 -1.298329
v -2.722960 0.755556 -1.293600
v -2.720646 0.755556 -1.289058
v -2.717956 0.755556 -1.284738
v -2.714909 0.755556 -1.280677
v -2.711527 0.755556 -1.276909
v -2.707831 0.755556 -1.273471
v -2.684641 0.755556 -1.253950
v -2.661223 0.755556 -1.234527
v -2.637592 0.755556 -1.215221
v -2.613764 0.755556 -1.196049
v -2.589754 0.755556 -1.177029
v -2.565577 0.755556 -1.158179
v -2.516783 0.755556 -1.121066
v -2.329409 0.495833 -0.687474
v -2.365679 0.495833 -0.714616
v -2.383442 0.495833 -0.728680
v -2.400924 0.495833 -0.743033
v -2.418098 0.495833 -0.757642
v -2.434939 0.495833 -0.772478
v -2.451421 0.495833 -0.787510
v -2.467519 0.495833 -0.802708
v -2.470068 0.495833 -0.805371
v -2.472404 0.495833 -0.808252
v -2.474512 0.495833 -0.811327
v -2.476380 0.495833 -0.814574
v -2.477994 0.495833 -0.817968
v -2.479341 0.495833 -0.821487
v -2.480406 0.495833 -0.825107
v -2.481176 0.495833 -0.828804
v -2.481634 0.495833 -0.832551
v -2.481774 0.495833 -0.836313
v -2.481143 0.495833 -0.843784
v -2.476532 0.495833 -0.857834
v -2.468037 0.495833 -0.869401
v -2.456643 0.495833 -0.877044
v -2.444040 0.495833 -0.880290
v -2.437816 0.495833 -0.880244
v -2.431925 0.495833 -0.879075
v -2.385275 0.495833 -0.864750
v -2.336082 0.495833 -0.849074
v -2.284789 0.495833 -0.831430
v -2.044686 0.495833 -0.744794
v -1.804583 0.495833 -0.658157
v -1.807092 0.425000 -0.576395
v -2.023931 0.425000 -0.643811
v -2.240770 0.425000 -0.711227
v -2.286906 0.425000 -0.724560
v -2.330707 0.425000 -0.735706
v -2.371683 0.425000 -0.745353
v -2.376806 0.425000 -0.746009
v -2.382203 0.425000 -0.745701
v -2.393094 0.425000 -0.742219
v -2.402903 0.425000 -0.734963
v -2.410181 0.425000 -0.724343
v -2.414083 0.425000 -0.711596
v -2.414582 0.425000 -0.704843
v -2.414436 0.425000 -0.701444
v -2.414015 0.425000 -0.698058
v -2.413324 0.425000 -0.694715
v -2.412377 0.425000 -0.691439
v -2.411186 0.425000 -0.688250
v -2.409762 0.425000 -0.685169
v -2.408118 0.425000 -0.682215
v -2.406266 0.425000 -0.679408
v -2.404216 0.425000 -0.676769
v -2.401980 0.425000 -0.674318
v -2.387816 0.425000 -0.660300
v -2.373225 0.425000 -0.646465
v -2.358236 0.425000 -0.632848
v -2.342876 0.425000 -0.619483
v -2.327175 0.425000 -0.606403
v -2.311161 0.425000 -0.593644
v -2.227206 0.354167 -0.450969
v -1.812108 0.283333 -0.412871
v -1.982420 0.283333 -0.441845
v -2.152732 0.283333 -0.470820
v -2.188552 0.283333 -0.475532
v -2.221572 0.283333 -0.477620
v -2.251201 0.283333 -0.477908
v -2.254787 0.283333 -0.477540
v -2.258529 0.283333 -0.476524
v -2.265997 0.283333 -0.472569
v -2.272636 0.283333 -0.466088
v -2.277479 0.283333 -0.457362
v -2.279963 0.283333 -0.447222
v -2.280197 0.283333 -0.441902
v -2.280041 0.283333 -0.439228
v -2.279693 0.283333 -0.436565
v -2.279159 0.283333 -0.433931
v -2.278448 0.283333 -0.431343
v -2.277568 0.283333 -0.428815
v -2.276526 0.283333 -0.426360
v -2.275331 0.283333 -0.423991
v -2.273990 0.283333 -0.421722
v -2.272510 0.283333 -0.419566
v -2.270901 0.283333 -0.417538
v -2.260606 0.283333 -0.405878
v -2.249798 0.283333 -0.394438
v -2.238512 0.283333 -0.383260
v -2.226782 0.283333 -0.372383
v -2.214641 0.283333 -0.361850
v -2.202126 0.283333 -0.351700
v -2.176104 0.283333 -0.332716
v -2.256643 0.354167 -0.472672
v -2.270908 0.354167 -0.484127
v -2.284829 0.354167 -0.495933
v -2.298374 0.354167 -0.508054
v -2.311512 0.354167 -0.520452
v -2.324211 0.354167 -0.533089
v -2.336440 0.354167 -0.545928
v -2.338363 0.354167 -0.548168
v -2.340128 0.354167 -0.550565
v -2.341725 0.354167 -0.553103
v -2.343144 0.354167 -0.555764
v -2.344377 0.354167 -0.558533
v -2.345412 0.354167 -0.561391
v -2.346241 0.354167 -0.564323
v -2.346854 0.354167 -0.567311
v -2.347238 0.354167 -0.570336
v -2.347390 0.354167 -0.573372
v -2.347023 0.354167 -0.579409
v -2.343830 0.354167 -0.590852
v -2.337770 0.354167 -0.600526
v -2.329546 0.354167 -0.607394
v -2.320366 0.354167 -0.611112
v -2.315797 0.354167 -0.611774
v -2.311442 0.354167 -0.611630
v -2.276139 0.354167 -0.606663
v -2.237729 0.354167 -0.600046
v -2.196751 0.354167 -0.591024
v -2.003176 0.354167 -0.542828
v -1.817124 0.141667 -0.249346
v -1.940909 0.141667 -0.239880
v -2.064694 0.141667 -0.230413
v -2.090199 0.141667 -0.226504
v -2.112436 0.141667 -0.219534
v -2.130719 0.141667 -0.210463
v -2.132768 0.141667 -0.209071
v -2.134855 0.141667 -0.207347
v -2.138900 0.141667 -0.202919
v -2.142369 0.141667 -0.197214
v -2.144778 0.141667 -0.190381
v -2.145844 0.141667 -0.182847
v -2.145813 0.141667 -0.178961
v -2.145645 0.141667 -0.177013
v -2.145372 0.141667 -0.175072
v -2.144995 0.141667 -0.173147
v -2.144520 0.141667 -0.171248
v -2.143951 0.141667 -0.169380
v -2.143290 0.141667 -0.167550
v -2.142544 0.141667 -0.165767
v -2.141714 0.141667 -0.164035
v -2.140805 0.141667 -0.162364
v -2.139822 0.141667 -0.160758
v -2.133395 0.141667 -0.151456
v -2.126370 0.141667 -0.142412
v -2.118788 0.141667 -0.133671
v -2.110687 0.141667 -0.125284
v -2.102108 0.141667 -0.117296
v -2.093090 0.141667 -0.109756
v -2.073900 0.141667 -0.096212
v -2.022798 0.070833 0.022041
v -2.147608 0.212500 -0.230728
v -2.158374 0.212500 -0.239573
v -2.168734 0.212500 -0.248833
v -2.178650 0.212500 -0.258466
v -2.188084 0.212500 -0.268425
v -2.197000 0.212500 -0.278667
v -2.205361 0.212500 -0.289148
v -2.206658 0.212500 -0.290965
v -2.207852 0.212500 -0.292879
v -2.208937 0.212500 -0.294879
v -2.209908 0.212500 -0.296955
v -2.210759 0.212500 -0.299097
v -2.211484 0.212500 -0.301295
v -2.212077 0.212500 -0.303539
v -2.212533 0.212500 -0.305818
v -2.212843 0.212500 -0.308121
v -2.213005 0.212500 -0.310431
v -2.212904 0.212500 -0.315034
v -2.211129 0.212500 -0.323871
v -2.207503 0.212500 -0.331651
v -2.202449 0.212500 -0.337744
v -2.196692 0.212500 -0.341935
v -2.193777 0.212500 -0.343305
v -2.190960 0.212500 -0.344185
v -2.167004 0.212500 -0.348577
v -2.139376 0.212500 -0.351018
v -2.108713 0.212500 -0.350617
v -1.961665 0.212500 -0.340863
v -1.814616 0.212500 -0.331108
v -1.819633 0.070833 -0.167584
v -1.920154 0.070833 -0.138897
v -2.020675 0.070833 -0.110210
v -2.041022 0.070833 -0.101990
v -2.057869 0.070833 -0.090490
v -2.070478 0.070833 -0.076740
v -2.071758 0.070833 -0.074836
v -2.073018 0.070833 -0.072758
v -2.075352 0.070833 -0.068094
v -2.077236 0.070833 -0.062776
v -2.078427 0.070833 -0.056890
v -2.078784 0.070833 -0.050660
v -2.078620 0.070833 -0.047490
v -2.078447 0.070833 -0.045906
v -2.078211 0.070833 -0.044325
v -2.077913 0.070833 -0.042755
v -2.077556 0.070833 -0.041200
v -2.077142 0.070833 -0.039662
v -2.076673 0.070833 -0.038145
v -2.076150 0.070833 -0.036654
v -2.075576 0.070833 -0.035192
v -2.074953 0.070833 -0.033762
v -2.074282 0.070833 -0.032368
v -2.069790 0.070833 -0.024246
v -2.064657 0.070833 -0.016398
v -2.058926 0.070833 -0.008877
v -2.052639 0.070833 -0.001734
v -2.045841 0.070833 0.004981
v -2.038572 0.070833 0.011216
v -1.997247 0.035417 0.081167
v -2.011314 0.035417 0.071701
v -2.017707 0.035417 0.066119
v -2.023616 0.035417 0.060041
v -2.028995 0.035417 0.053520
v -2.033800 0.035417 0.046609
v -2.037987 0.035417 0.039360
v -2.041513 0.035417 0.031826
v -2.042026 0.035417 0.030538
v -2.042507 0.035417 0.029229
v -2.042953 0.035417 0.027902
v -2.043364 0.035417 0.026557
v -2.043738 0.035417 0.025197
v -2.044074 0.035417 0.023824
v -2.044372 0.035417 0.022441
v -2.044631 0.035417 0.021048
v -2.044848 0.035417 0.019648
v -2.045024 0.035417 0.018245
v -2.045255 0.035417 0.015434
v -2.045251 0.035417 0.009855
v -2.044669 0.035417 0.004443
v -2.043578 0.035417 -0.000682
v -2.042099 0.035417 -0.005464
v -2.041253 0.035417 -0.007719
v -2.040357 0.035417 -0.009879
v -2.030585 0.035417 -0.025969
v -2.016434 0.035417 -0.039733
v -1.998666 0.035417 -0.050108
v -1.909776 0.035417 -0.088406
v -1.972042 0.247917 -0.391354
v -2.130723 0.247917 -0.410718
v -2.163964 0.247917 -0.413275
v -2.194288 0.247917 -0.413098
v -2.221081 0.247917 -0.411047
v -2.224282 0.247917 -0.410423
v -2.227610 0.247917 -0.409229
v -2.234223 0.247917 -0.405157
v -2.240070 0.247917 -0.398870
v -2.244304 0.247917 -0.390617
v -2.246434 0.247917 -0.381128
v -2.246601 0.247917 -0.376166
v -2.246442 0.247917 -0.373675
v -2.246113 0.247917 -0.371192
v -2.245618 0.247917 -0.368735
v -2.244966 0.247917 -0.366319
v -2.244164 0.247917 -0.363956
v -2.243217 0.247917 -0.361657
v -2.242134 0.247917 -0.359435
v -2.240921 0.247917 -0.357300
v -2.239584 0.247917 -0.355266
v -2.238131 0.247917 -0.353343
v -2.228803 0.247917 -0.342273
v -2.218941 0.247917 -0.331432
v -2.208581 0.247917 -0.320863
v -2.197758 0.247917 -0.310608
v -2.186508 0.247917 -0.300711
v -2.174867 0.247917 -0.291214
v -2.150553 0.247917 -0.273590
v -2.380511 0.566667 -0.805726
v -2.420196 0.566667 -0.835588
v -2.439709 0.566667 -0.850957
v -2.458971 0.566667 -0.866582
v -2.477960 0.566667 -0.882436
v -2.496653 0.566667 -0.898492
v -2.515027 0.566667 -0.914721
v -2.533059 0.566667 -0.931098
v -2.535921 0.566667 -0.933972
v -2.538542 0.566667 -0.937095
v -2.540906 0.566667 -0.940439
v -2.542998 0.566667 -0.943978
v -2.544803 0.566667 -0.947686
v -2.546305 0.566667 -0.951535
v -2.547488 0.566667 -0.955499
v -2.548336 0.566667 -0.959551
v -2.548832 0.566667 -0.963659
v -2.548967 0.566667 -0.967783
v -2.548202 0.566667 -0.975971
v -2.542883 0.566667 -0.991324
v -2.533170 0.566667 -1.003838
v -2.520191 0.566667 -1.011869
v -2.505877 0.566667 -1.014878
v -2.498825 0.566667 -1.014478
v -2.492166 0.566667 -1.012798
v -2.439842 0.566667 -0.993793
v -2.385259 0.566667 -0.973588
v -2.328808 0.566667 -0.951634
v -2.065442 0.566667 -0.845777
v -1.798731 0.661111 -0.848936
v -2.492887 0.661111 -0.996884
v -2.514731 0.661111 -1.013993
v -2.536368 0.661111 -1.031315
v -2.557776 0.661111 -1.048829
v -2.578938 0.661111 -1.066510
v -2.599834 0.661111 -1.084336
v -2.620445 0.661111 -1.102284
v -2.623724 0.661111 -1.105441
v -2.626725 0.661111 -1.108886
v -2.629431 0.661111 -1.112589
v -2.631822 0.661111 -1.116518
v -2.633881 0.661111 -1.120643
v -2.635590 0.661111 -1.124932
v -2.636930 0.661111 -1.129355
v -2.637884 0.661111 -1.133880
v -2.638429 0.661111 -1.138469
v -2.638557 0.661111 -1.143077
v -2.637615 0.661111 -1.152221
v -2.631351 0.661111 -1.169312
v -2.620015 0.661111 -1.183088
v -2.604922 0.661111 -1.191636
v -2.588327 0.661111 -1.194330
v -2.580172 0.661111 -1.193458
v -2.572487 0.661111 -1.191095
v -2.512599 0.661111 -1.165851
v -2.450828 0.661111 -1.139607
v -2.387500 0.661111 -1.111905
v -2.093116 0.661111 -0.980420
v -2.636020 0.920833 -1.396988
v -2.692785 0.920833 -1.440447
v -2.721043 0.920833 -1.462341
v -2.749208 0.920833 -1.484331
v -2.777270 0.920833 -1.506407
v -2.805221 0.920833 -1.528559
v -2.833053 0.920833 -1.550775
v -2.860756 0.920833 -1.573047
v -2.865183 0.920833 -1.576979
v -2.869231 0.920833 -1.581311
v -2.872875 0.920833 -1.586000
v -2.876088 0.920833 -1.591002
v -2.878847 0.920833 -1.596275
v -2.881125 0.920833 -1.601775
v -2.882898 0.920833 -1.607459
v -2.884140 0.920833 -1.613283
v -2.884821 0.920833 -1.619197
v -2.884929 0.920833 -1.625135
v -2.883501 0.920833 -1.636908
v -2.874637 0.920833 -1.658778
v -2.858838 0.920833 -1.676025
v -2.837934 0.920833 -1.685994
v -2.815063 0.920833 -1.687821
v -2.803874 0.920833 -1.685651
v -2.793372 0.920833 -1.681410
v -2.712681 0.920833 -1.639009
v -2.631142 0.920833 -1.596158
v -2.548904 0.920833 -1.552651
v -2.169219 0.920833 -1.350691
v -1.787026 0.991667 -1.230493
v -2.747302 0.991667 -1.561419
v -2.777310 0.991667 -1.584618
v -2.807255 0.991667 -1.607881
v -2.837132 0.991667 -1.631201
v -2.866935 0.991667 -1.654572
v -2.896658 0.991667 -1.677986
v -2.926296 0.991667 -1.701437
v -2.931036 0.991667 -1.705580
v -2.935369 0.991667 -1.710154
v -2.939268 0.991667 -1.715112
v -2.942706 0.991667 -1.720407
v -2.945655 0.991667 -1.725992
v -2.948089 0.991667 -1.731822
v -2.949980 0.991667 -1.737850
v -2.951301 0.991667 -1.744030
v -2.952019 0.991667 -1.750304
v -2.952121 0.991667 -1.756606
v -2.950560 0.991667 -1.769095
v -2.940988 0.991667 -1.792268
v -2.923971 0.991667 -1.810463
v -2.901482 0.991667 -1.820819
v -2.876900 0.991667 -1.822410
v -2.864883 0.991667 -1.819886
v -2.853613 0.991667 -1.815133
v -2.767248 0.991667 -1.768052
v -2.680319 0.991667 -1.720672
v -2.592923 0.991667 -1.672854
v -2.189974 0.991667 -1.451673
v 0.996983 -0.000000 1.706838
v 1.010656 -0.000000 1.712467
v 1.025172 -0.000000 1.715311
v 1.039965 -0.000000 1.715316
v 1.054466 -0.000000 1.712425
v 1.063692 -0.000000 1.708907
v 1.072376 -0.000000 1.704209
v 1.080368 -0.000000 1.698410
v 1.087528 -0.000000 1.691612
v 1.096401 -0.000000 1.679792
v 1.102792 -0.000000 1.666459
v 1.106505 -0.000000 1.652148
v 1.107346 -0.000000 1.637393
v 0.800715 0.035417 1.640285
v 0.584529 0.247917 1.756412
v 0.876770 0.212500 1.947538
v 0.476435 0.354167 1.814476
v 0.260249 0.566667 1.930603
v 0.646194 0.425000 2.257683
v 0.389998 0.661111 2.602288
v -0.100063 0.920833 2.124147
v 0.031324 0.991667 3.084736
v -0.244187 1.062500 2.201565
v -0.239275 1.062500 2.690876
v -0.234362 1.062500 3.180187
v -0.233230 1.062500 3.286405
v -0.232025 1.062500 3.392312
v -0.230831 1.062500 3.497899
v -0.229372 1.062500 3.510958
v -0.225442 1.062500 3.523520
v -0.211122 1.062500 3.545614
v -0.189780 1.062500 3.561091
v -0.164087 1.062500 3.567311
v -0.137749 1.062500 3.563977
v -0.125465 1.062500 3.558840
v -0.119742 1.062500 3.555425
v -0.114373 1.062500 3.551453
v -0.109414 1.062500 3.546974
v -0.104900 1.062500 3.542048
v -0.100860 1.062500 3.536725
v -0.097322 1.062500 3.531057
v -0.094314 1.062500 3.525092
v -0.091865 1.062500 3.518880
v -0.090004 1.062500 3.512473
v -0.088759 1.062500 3.505919
v -0.083215 1.062500 3.466262
v -0.077708 1.062500 3.426577
v -0.072240 1.062500 3.386868
v -0.066812 1.062500 3.347141
v -0.061426 1.062500 3.307397
v -0.056083 1.062500 3.267643
v -0.045534 1.062500 3.188118
v 0.185042 0.850000 2.877973
v 0.176434 0.850000 2.944544
v 0.171858 0.850000 2.977796
v 0.167109 0.850000 3.011004
v 0.162192 0.850000 3.044151
v 0.157114 0.850000 3.077220
v 0.151881 0.850000 3.110194
v 0.146499 0.850000 3.143057
v 0.145334 0.850000 3.148481
v 0.143673 0.850000 3.153784
v 0.141539 0.850000 3.158927
v 0.138955 0.850000 3.163871
v 0.135943 0.850000 3.168575
v 0.132528 0.850000 3.172998
v 0.128731 0.850000 3.177101
v 0.124575 0.850000 3.180844
v 0.120089 0.850000 3.184178
v 0.115316 0.850000 3.187064
v 0.105094 0.850000 3.191470
v 0.083206 0.850000 3.194691
v 0.061798 0.850000 3.190213
v 0.043841 0.850000 3.178272
v 0.031474 0.850000 3.160980
v 0.027866 0.850000 3.151098
v 0.026228 0.850000 3.140804
v 0.021388 0.850000 3.056976
v 0.016502 0.850000 2.971870
v 0.011907 0.850000 2.885517
v -0.008047 0.850000 2.485478
v -0.028000 0.850000 2.085438
v 0.068083 0.755556 2.033826
v 0.094721 0.755556 2.394190
v 0.121360 0.755556 2.754553
v 0.127494 0.755556 2.832076
v 0.134015 0.755556 2.907938
v 0.140477 0.755556 2.982096
v 0.142193 0.755556 2.991161
v 0.145659 0.755556 2.999851
v 0.157158 0.755556 3.015010
v 0.173611 0.755556 3.025378
v 0.193114 0.755556 3.029082
v 0.213025 0.755556 3.025911
v 0.222330 0.755556 3.021830
v 0.226680 0.755556 3.019180
v 0.230774 0.755556 3.016130
v 0.234573 0.755556 3.012714
v 0.238051 0.755556 3.008976
v 0.241189 0.755556 3.004952
v 0.243966 0.755556 3.000677
v 0.246362 0.755556 2.996188
v 0.248356 0.755556 2.991519
v 0.249928 0.755556 2.986706
v 0.251058 0.755556 2.981786
v 0.256368 0.755556 2.951942
v 0.261479 0.755556 2.921950
v 0.266384 0.755556 2.891832
v 0.271074 0.755556 2.861610
v 0.275540 0.755556 2.831307
v 0.279776 0.755556 2.800944
v 0.287520 0.755556 2.740130
v 0.569335 0.495833 2.361064
v 0.563964 0.495833 2.406046
v 0.560665 0.495833 2.428461
v 0.556977 0.495833 2.450777
v 0.552912 0.495833 2.472955
v 0.548484 0.495833 2.494958
v 0.543707 0.495833 2.516748
v 0.538594 0.495833 2.538288
v 0.537563 0.495833 2.541827
v 0.536235 0.495833 2.545290
v 0.534626 0.495833 2.548654
v 0.532749 0.495833 2.551895
v 0.530616 0.495833 2.554990
v 0.528242 0.495833 2.557915
v 0.525639 0.495833 2.560648
v 0.522822 0.495833 2.563163
v 0.519807 0.495833 2.565434
v 0.516619 0.495833 2.567436
v 0.509833 0.495833 2.570624
v 0.495360 0.495833 2.573657
v 0.481095 0.495833 2.572083
v 0.468779 0.495833 2.566037
v 0.459667 0.495833 2.556746
v 0.456594 0.495833 2.551332
v 0.454661 0.495833 2.545646
v 0.443742 0.495833 2.498083
v 0.432721 0.495833 2.447644
v 0.422355 0.495833 2.394401
v 0.377333 0.495833 2.143147
v 0.332311 0.495833 1.891894
v 0.404373 0.425000 1.853185
v 0.454409 0.425000 2.074681
v 0.504445 0.425000 2.296178
v 0.515965 0.425000 2.342798
v 0.528213 0.425000 2.386305
v 0.540347 0.425000 2.426615
v 0.542340 0.425000 2.431379
v 0.545306 0.425000 2.435899
v 0.553766 0.425000 2.443590
v 0.564955 0.425000 2.448457
v 0.577791 0.425000 2.449450
v 0.590781 0.425000 2.446455
v 0.596879 0.425000 2.443511
v 0.599750 0.425000 2.441685
v 0.602472 0.425000 2.439627
v 0.605021 0.425000 2.437357
v 0.607384 0.425000 2.434899
v 0.609550 0.425000 2.432273
v 0.611507 0.425000 2.429500
v 0.613244 0.425000 2.426599
v 0.614748 0.425000 2.423591
v 0.616008 0.425000 2.420496
v 0.617014 0.425000 2.417334
v 0.622072 0.425000 2.398059
v 0.626758 0.425000 2.378506
v 0.631055 0.425000 2.358716
v 0.634950 0.425000 2.338732
v 0.638427 0.425000 2.318595
v 0.641470 0.425000 2.298346
v 0.723052 0.354167 2.154301
v 0.548498 0.283333 1.775767
v 0.608561 0.283333 1.937749
v 0.668624 0.283333 2.099731
v 0.682453 0.283333 2.133108
v 0.697155 0.283333 2.162748
v 0.711720 0.283333 2.188551
v 0.713832 0.283333 2.191473
v 0.716583 0.283333 2.194205
v 0.723742 0.283333 2.198696
v 0.732674 0.283333 2.201205
v 0.742653 0.283333 2.201036
v 0.752676 0.283333 2.198117
v 0.757401 0.283333 2.195660
v 0.759637 0.283333 2.194187
v 0.761770 0.283333 2.192555
v 0.763784 0.283333 2.190776
v 0.765670 0.283333 2.188866
v 0.767419 0.283333 2.186839
v 0.769025 0.283333 2.184709
v 0.770479 0.283333 2.182490
v 0.771773 0.283333 2.180194
v 0.772900 0.283333 2.177835
v 0.773852 0.283333 2.175427
v 0.778802 0.283333 2.160681
v 0.783305 0.283333 2.145601
v 0.787343 0.283333 2.130238
v 0.790897 0.283333 2.114641
v 0.793950 0.283333 2.098861
v 0.796482 0.283333 2.082947
v 0.799911 0.283333 2.050919
v 0.718976 0.354167 2.190646
v 0.716188 0.354167 2.208728
v 0.712924 0.354167 2.226686
v 0.709199 0.354167 2.244477
v 0.705031 0.354167 2.262054
v 0.700437 0.354167 2.279370
v 0.695433 0.354167 2.296381
v 0.694454 0.354167 2.299166
v 0.693260 0.354167 2.301893
v 0.691861 0.354167 2.304545
v 0.690266 0.354167 2.307105
v 0.688485 0.354167 2.309556
v 0.686527 0.354167 2.311882
v 0.684403 0.354167 2.314066
v 0.682121 0.354167 2.316091
v 0.679694 0.354167 2.317936
v 0.677140 0.354167 2.319585
v 0.671729 0.354167 2.322286
v 0.660222 0.354167 2.325243
v 0.648814 0.354167 2.324831
v 0.638754 0.354167 2.321143
v 0.630944 0.354167 2.315052
v 0.628086 0.354167 2.311426
v 0.626034 0.354167 2.307583
v 0.612684 0.354167 2.274526
v 0.599209 0.354167 2.237953
v 0.586534 0.354167 2.197954
v 0.531485 0.354167 2.006215
v 0.692622 0.141667 1.698349
v 0.762713 0.141667 1.800817
v 0.832803 0.141667 1.903284
v 0.848941 0.141667 1.923418
v 0.866097 0.141667 1.939190
v 0.883093 0.141667 1.950488
v 0.885323 0.141667 1.951566
v 0.887860 0.141667 1.952512
v 0.893717 0.141667 1.953802
v 0.900393 0.141667 1.953953
v 0.907514 0.141667 1.952622
v 0.914572 0.141667 1.949779
v 0.917922 0.141667 1.947809
v 0.919524 0.141667 1.946689
v 0.921069 0.141667 1.945482
v 0.922548 0.141667 1.944194
v 0.923955 0.141667 1.942833
v 0.925288 0.141667 1.941406
v 0.926543 0.141667 1.939919
v 0.927714 0.141667 1.938380
v 0.928798 0.141667 1.936796
v 0.929792 0.141667 1.935174
v 0.930690 0.141667 1.933519
v 0.935532 0.141667 1.923303
v 0.939853 0.141667 1.912697
v 0.943631 0.141667 1.901760
v 0.946845 0.141667 1.890550
v 0.949472 0.141667 1.879127
v 0.951493 0.141667 1.867547
v 0.953628 0.141667 1.844156
v 1.030487 0.070833 1.740774
v 0.873987 0.212500 1.975247
v 0.871711 0.212500 1.988994
v 0.868871 0.212500 2.002596
v 0.865487 0.212500 2.015999
v 0.861579 0.212500 2.029149
v 0.857167 0.212500 2.041992
v 0.852271 0.212500 2.054473
v 0.851346 0.212500 2.056504
v 0.850286 0.212500 2.058495
v 0.849096 0.212500 2.060435
v 0.847784 0.212500 2.062314
v 0.846354 0.212500 2.064122
v 0.844813 0.212500 2.065849
v 0.843166 0.212500 2.067485
v 0.841420 0.212500 2.069019
v 0.839581 0.212500 2.070438
v 0.837661 0.212500 2.071734
v 0.833624 0.212500 2.073948
v 0.825084 0.212500 2.076829
v 0.816533 0.212500 2.077579
v 0.808729 0.212500 2.076249
v 0.802221 0.212500 2.073358
v 0.799578 0.212500 2.071519
v 0.797407 0.212500 2.069520
v 0.781626 0.212500 2.050969
v 0.765697 0.212500 2.028263
v 0.750714 0.212500 2.001508
v 0.685637 0.212500 1.869283
v 0.620560 0.212500 1.737058
v 0.764684 0.070833 1.659640
v 0.839789 0.070833 1.732351
v 0.914893 0.070833 1.805061
v 0.932185 0.070833 1.818572
v 0.950567 0.070833 1.827412
v 0.968780 0.070833 1.831456
v 0.971069 0.070833 1.831613
v 0.973499 0.070833 1.831665
v 0.978705 0.070833 1.831354
v 0.984252 0.070833 1.830327
v 0.989945 0.070833 1.828415
v 0.995520 0.070833 1.825610
v 0.998182 0.070833 1.823883
v 0.999468 0.070833 1.822941
v 1.000718 0.070833 1.821946
v 1.001929 0.070833 1.820903
v 1.003098 0.070833 1.819816
v 1.004223 0.070833 1.818689
v 1.005301 0.070833 1.817524
v 1.006331 0.070833 1.816326
v 1.007311 0.070833 1.815097
v 1.008237 0.070833 1.813843
v 1.009109 0.070833 1.812565
v 1.013898 0.070833 1.804613
v 1.018127 0.070833 1.796244
v 1.021775 0.070833 1.787521
v 1.024818 0.070833 1.778505
v 1.027234 0.070833 1.769260
v 1.028999 0.070833 1.759848
v 1.068916 0.035417 1.689084
v 1.067752 0.035417 1.705998
v 1.066115 0.035417 1.714326
v 1.063805 0.035417 1.722482
v 1.060847 0.035417 1.730401
v 1.057264 0.035417 1.738018
v 1.053080 0.035417 1.745269
v 1.048319 0.035417 1.752089
v 1.047460 0.035417 1.753178
v 1.046567 0.035417 1.754248
v 1.045640 0.035417 1.755298
v 1.044681 0.035417 1.756326
v 1.043690 0.035417 1.757330
v 1.042670 0.035417 1.758308
v 1.041620 0.035417 1.759258
v 1.040543 0.035417 1.760178
v 1.039440 0.035417 1.761066
v 1.038312 0.035417 1.761920
v 1.035994 0.035417 1.763525
v 1.031161 0.035417 1.766312
v 1.026182 0.035417 1.768514
v 1.021198 0.035417 1.770131
v 1.016318 0.035417 1.771241
v 1.013942 0.035417 1.771636
v 1.011623 0.035417 1.771941
v 0.992803 0.035417 1.771522
v 0.973807 0.035417 1.766150
v 0.955938 0.035417 1.755949
v 0.878327 0.035417 1.698117
v 0.647099 0.247917 1.903516
v 0.709669 0.247917 2.050619
v 0.724075 0.247917 2.080685
v 0.739390 0.247917 2.106858
v 0.754563 0.247917 2.129036
v 0.756705 0.247917 2.131496
v 0.759402 0.247917 2.133782
v 0.766236 0.247917 2.137472
v 0.774604 0.247917 2.139392
v 0.783868 0.247917 2.138933
v 0.793150 0.247917 2.136033
v 0.797531 0.247917 2.133697
v 0.799609 0.247917 2.132313
v 0.801595 0.247917 2.130787
v 0.803475 0.247917 2.129130
v 0.805241 0.247917 2.127358
v 0.806887 0.247917 2.125481
v 0.808404 0.247917 2.123512
v 0.809787 0.247917 2.121462
v 0.811029 0.247917 2.119344
v 0.812123 0.247917 2.117170
v 0.813061 0.247917 2.114950
v 0.817985 0.247917 2.101336
v 0.822442 0.247917 2.087375
v 0.826415 0.247917 2.073118
v 0.829884 0.247917 2.058618
v 0.832830 0.247917 2.043927
v 0.835234 0.247917 2.029097
v 0.838340 0.247917 1.999229
v 0.492476 0.566667 2.464446
v 0.486458 0.566667 2.513745
v 0.482904 0.566667 2.538328
v 0.479003 0.566667 2.562823
v 0.474768 0.566667 2.587195
v 0.470210 0.566667 2.611411
v 0.465342 0.566667 2.635438
v 0.460175 0.566667 2.659242
v 0.459117 0.566667 2.663158
v 0.457723 0.566667 2.666989
v 0.456009 0.566667 2.670709
v 0.453990 0.566667 2.674290
v 0.451681 0.566667 2.677707
v 0.449099 0.566667 2.680932
v 0.446258 0.566667 2.683938
v 0.443173 0.566667 2.686700
v 0.439863 0.566667 2.689183
v 0.436358 0.566667 2.691362
v 0.428885 0.566667 2.694793
v 0.412929 0.566667 2.697863
v 0.397236 0.566667 2.695709
v 0.383791 0.566667 2.688484
v 0.374029 0.566667 2.677593
v 0.370849 0.566667 2.671285
v 0.368974 0.566667 2.664678
v 0.359271 0.566667 2.609862
v 0.349478 0.566667 2.552489
v 0.340265 0.566667 2.492624
v 0.300257 0.566667 2.211613
v 0.164166 0.661111 1.982215
v 0.383117 0.661111 2.657345
v 0.379222 0.661111 2.684818
v 0.375038 0.661111 2.712217
v 0.370576 0.661111 2.739513
v 0.365844 0.661111 2.766680
v 0.360855 0.661111 2.793690
v 0.355616 0.661111 2.820514
v 0.354522 0.661111 2.824932
v 0.353039 0.661111 2.829254
v 0.351185 0.661111 2.833448
v 0.348978 0.661111 2.837484
v 0.346435 0.661111 2.841330
v 0.343575 0.661111 2.844954
v 0.340415 0.661111 2.848326
v 0.336974 0.661111 2.851415
v 0.333272 0.661111 2.854181
v 0.329344 0.661111 2.856596
v 0.320955 0.661111 2.860352
v 0.303022 0.661111 2.863473
v 0.285423 0.661111 2.860543
v 0.270474 0.661111 2.851747
v 0.259844 0.661111 2.838722
v 0.256521 0.661111 2.831223
v 0.254725 0.661111 2.823387
v 0.246643 0.661111 2.758900
v 0.238486 0.661111 2.692282
v 0.230812 0.661111 2.623588
v 0.197489 0.661111 2.302901
v 0.108183 0.920833 2.981354
v 0.098928 0.920833 3.052244
v 0.094097 0.920833 3.087663
v 0.089135 0.920833 3.123050
v 0.084048 0.920833 3.158390
v 0.078840 0.920833 3.193672
v 0.073516 0.920833 3.228883
v 0.068080 0.920833 3.264011
v 0.066888 0.920833 3.269811
v 0.065160 0.920833 3.275483
v 0.062921 0.920833 3.280982
v 0.060196 0.920833 3.286266
v 0.057009 0.920833 3.291292
v 0.053385 0.920833 3.296015
v 0.049349 0.920833 3.300392
v 0.044926 0.920833 3.304381
v 0.040145 0.920833 3.307927
v 0.035056 0.920833 3.310989
v 0.024147 0.920833 3.315639
v 0.000775 0.920833 3.318898
v -0.022061 0.920833 3.313839
v -0.041147 0.920833 3.300720
v -0.054164 0.920833 3.281827
v -0.057880 0.920833 3.271051
v -0.059458 0.920833 3.259836
v -0.063083 0.920833 3.168755
v -0.066742 0.920833 3.076715
v -0.070183 0.920833 2.983741
v -0.085123 0.920833 2.553944
v -0.172125 0.991667 2.162856
v 0.021423 0.991667 3.159943
v 0.016336 0.991667 3.197530
v 0.011162 0.991667 3.235095
v 0.005904 0.991667 3.272629
v 0.000566 0.991667 3.310125
v -0.004849 0.991667 3.347573
v -0.010340 0.991667 3.384965
v -0.011558 0.991667 3.391142
v -0.013352 0.991667 3.397181
v -0.015696 0.991667 3.403037
v -0.018563 0.991667 3.408661
v -0.021926 0.991667 3.414008
v -0.025758 0.991667 3.419031
v -0.030033 0.991667 3.423683
v -0.034724 0.991667 3.427917
v -0.039798 0.991667 3.431676
v -0.045205 0.991667 3.434915
v -0.056801 0.991667 3.439808
v -0.081656 0.991667 3.443105
v -0.105921 0.991667 3.437465
v -0.126135 0.991667 3.423167
v -0.139803 0.991667 3.402674
v -0.143626 0.991667 3.391005
v -0.145145 0.991667 3.378868
v -0.147554 0.991667 3.280533
v -0.149986 0.991667 3.181560
v -0.152273 0.991667 3.081964
v -0.162199 0.991667 2.622410
v 3.137886 2.266667 -0.343484
v 3.603700 2.266667 -0.442401
v 3.617122 2.266667 -0.446639
v 3.629521 2.266667 -0.453309
v 3.640491 2.266667 -0.462136
v 3.649625 2.266667 -0.472844
v 3.656484 2.266667 -0.485107
v 3.660857 2.266667 -0.498451
v 3.662731 2.266667 -0.512393
v 3.662094 2.266667 -0.526449
v 3.658934 2.266667 -0.540136
v 3.653239 2.266667 -0.552972
v 3.645098 2.266667 -0.564428
v 3.634915 2.266667 -0.574103
v 3.623121 2.266667 -0.581774
v 3.610147 2.266667 -0.587219
v 3.596421 2.266667 -0.590217
v 3.582375 2.266667 -0.590545
v 1.777686 3.400000 0.864351
v 1.784336 3.400000 0.877550
v 1.788275 3.400000 0.891800
v 1.789407 3.400000 0.906542
v 1.787633 3.400000 0.921214
v 1.784831 3.400000 0.930682
v 1.780809 3.400000 0.939700
v 1.775638 3.400000 0.948111
v 1.769407 3.400000 0.955770
v 1.758294 3.400000 0.965524
v 1.745481 3.400000 0.972917
v 1.731487 3.400000 0.977712
v 1.716831 3.400000 0.979674
v 3.013275 2.455556 -0.146790
v 2.121586 2.455556 -0.285722
v 2.689164 2.691667 0.134826
v 2.235409 3.022222 0.529088
v 1.944891 2.833333 0.113010
v 1.911298 3.258333 0.810704
v 1.779238 3.187500 0.486822
v 1.696412 3.364583 0.673728
v 1.765448 3.364583 0.937431
v 1.782233 3.364583 0.934982
v 1.790416 3.364583 0.932713
v 1.798376 3.364583 0.929787
v 1.806050 3.364583 0.926232
v 1.813376 3.364583 0.922076
v 1.820289 3.364583 0.917349
v 1.826729 3.364583 0.912077
v 1.827749 3.364583 0.911138
v 1.828748 3.364583 0.910166
v 1.829724 3.364583 0.909161
v 1.830676 3.364583 0.908126
v 1.831601 3.364583 0.907062
v 1.832498 3.364583 0.905969
v 1.833365 3.364583 0.904851
v 1.834200 3.364583 0.903706
v 1.835002 3.364583 0.902538
v 1.835767 3.364583 0.901349
v 1.837190 3.364583 0.898914
v 1.839599 3.364583 0.893883
v 1.841415 3.364583 0.888750
v 1.842646 3.364583 0.883658
v 1.843380 3.364583 0.878707
v 1.843593 3.364583 0.876307
v 1.843719 3.364583 0.873972
v 1.841866 3.364583 0.855248
v 1.835065 3.364583 0.836727
v 1.823540 3.364583 0.819695
v 1.759976 3.364583 0.746712
v 2.105764 3.116667 0.641734
v 2.137452 3.116667 0.635868
v 2.153134 3.116667 0.632127
v 2.168644 3.116667 0.627877
v 2.183931 3.116667 0.623140
v 2.198949 3.116667 0.617938
v 2.213648 3.116667 0.612293
v 2.227980 3.116667 0.606227
v 2.230309 3.116667 0.605094
v 2.232574 3.116667 0.603790
v 2.234765 3.116667 0.602325
v 2.236867 3.116667 0.600705
v 2.238868 3.116667 0.598942
v 2.240755 3.116667 0.597043
v 2.242515 3.116667 0.595017
v 2.244135 3.116667 0.592872
v 2.245600 3.116667 0.590621
v 2.246897 3.116667 0.588278
v 2.248986 3.116667 0.583380
v 2.251130 3.116667 0.573163
v 2.250536 3.116667 0.563200
v 2.247352 3.116667 0.554486
v 2.242328 3.116667 0.547691
v 2.239393 3.116667 0.545157
v 2.236319 3.116667 0.543275
v 2.209492 3.116667 0.530730
v 2.178834 3.116667 0.518342
v 2.144519 3.116667 0.507107
v 1.978444 3.116667 0.459583
v 1.812369 3.116667 0.412059
v 1.916025 3.187500 0.541620
v 2.052811 3.187500 0.596418
v 2.080614 3.187500 0.609309
v 2.104456 3.187500 0.623450
v 2.124147 3.187500 0.637760
v 2.126307 3.187500 0.639771
v 2.128343 3.187500 0.642267
v 2.131722 3.187500 0.648535
v 2.133645 3.187500 0.656214
v 2.133550 3.187500 0.664797
v 2.131330 3.187500 0.673533
v 2.129431 3.187500 0.677727
v 2.128286 3.187500 0.679740
v 2.127011 3.187500 0.681682
v 2.125615 3.187500 0.683541
v 2.124110 3.187500 0.685307
v 2.122506 3.187500 0.686976
v 2.120812 3.187500 0.688540
v 2.119039 3.187500 0.689992
v 2.117195 3.187500 0.691326
v 2.115291 3.187500 0.692535
v 2.113337 3.187500 0.693613
v 2.101260 3.187500 0.699452
v 2.088785 3.187500 0.704835
v 2.075965 3.187500 0.709738
v 2.062853 3.187500 0.714137
v 2.049501 3.187500 0.718009
v 2.035961 3.187500 0.721329
v 2.008531 3.187500 0.726219
v 2.494697 2.833333 0.303795
v 2.543417 2.833333 0.294025
v 2.567669 2.833333 0.288601
v 2.591806 2.833333 0.282837
v 2.615796 2.833333 0.276749
v 2.639605 2.833333 0.270351
v 2.663202 2.833333 0.263658
v 2.686553 2.833333 0.256685
v 2.690377 2.833333 0.255330
v 2.694090 2.833333 0.253647
v 2.697668 2.833333 0.251654
v 2.701085 2.833333 0.249367
v 2.704315 2.833333 0.246805
v 2.707334 2.833333 0.243983
v 2.710114 2.833333 0.240920
v 2.712631 2.833333 0.237634
v 2.714854 2.833333 0.234144
v 2.716759 2.833333 0.230483
v 2.719610 2.833333 0.222770
v 2.721451 2.833333 0.206626
v 2.718104 2.833333 0.191143
v 2.709873 2.833333 0.178289
v 2.698267 2.833333 0.169388
v 2.691736 2.833333 0.166699
v 2.685004 2.833333 0.165335
v 2.629635 2.833333 0.159852
v 2.571713 2.833333 0.154474
v 2.511352 2.833333 0.149864
v 2.228122 2.833333 0.131437
v 1.978021 2.762500 0.038248
v 1.900717 2.927778 0.212693
v 2.144896 2.927778 0.240819
v 2.389075 2.927778 0.268945
v 2.440753 2.927778 0.275763
v 2.489588 2.927778 0.283478
v 2.535442 2.927778 0.291315
v 2.540955 2.927778 0.292852
v 2.546287 2.927778 0.295489
v 2.555699 2.927778 0.303688
v 2.562248 2.927778 0.315162
v 2.564678 2.927778 0.328805
v 2.562735 2.927778 0.342973
v 2.560138 2.927778 0.349748
v 2.558436 2.927778 0.352970
v 2.556466 2.927778 0.356047
v 2.554248 2.927778 0.358952
v 2.551807 2.927778 0.361670
v 2.549166 2.927778 0.364184
v 2.546346 2.927778 0.366480
v 2.543367 2.927778 0.368544
v 2.540252 2.927778 0.370362
v 2.537021 2.927778 0.371918
v 2.533696 2.927778 0.373199
v 2.513351 2.927778 0.379870
v 2.492720 2.927778 0.386214
v 2.471841 2.927778 0.392213
v 2.450752 2.927778 0.397851
v 2.429491 2.927778 0.403110
v 2.408096 2.927778 0.407973
v 2.365053 2.927778 0.416442
v 2.883630 2.550000 -0.034144
v 2.949382 2.550000 -0.047819
v 2.982204 2.550000 -0.054926
v 3.014969 2.550000 -0.062202
v 3.047660 2.550000 -0.069641
v 3.080260 2.550000 -0.077235
v 3.112755 2.550000 -0.084976
v 3.145127 2.550000 -0.092858
v 3.150445 2.550000 -0.094434
v 3.155606 2.550000 -0.096496
v 3.160571 2.550000 -0.099016
v 3.165303 2.550000 -0.101971
v 3.169763 2.550000 -0.105333
v 3.173912 2.550000 -0.109076
v 3.177713 2.550000 -0.113176
v 3.181128 2.550000 -0.117605
v 3.184109 2.550000 -0.122333
v 3.186622 2.550000 -0.127312
v 3.190233 2.550000 -0.137841
v 3.191773 2.550000 -0.159911
v 3.185672 2.550000 -0.180915
v 3.172394 2.550000 -0.197907
v 3.154207 2.550000 -0.208916
v 3.144078 2.550000 -0.211759
v 3.133690 2.550000 -0.212605
v 3.049779 2.550000 -0.211026
v 2.964592 2.550000 -0.209395
v 2.878186 2.550000 -0.207379
v 2.477799 2.550000 -0.196709
v 2.077412 2.550000 -0.186039
v 2.044282 2.620833 -0.111277
v 2.415380 2.620833 -0.114673
v 2.786477 2.620833 -0.118069
v 2.866372 2.620833 -0.118428
v 2.944743 2.620833 -0.118306
v 3.021518 2.620833 -0.118120
v 3.030993 2.620833 -0.117144
v 3.040222 2.620833 -0.114340
v 3.056764 2.620833 -0.103858
v 3.068780 2.620833 -0.087900
v 3.074192 2.620833 -0.068277
v 3.072577 2.620833 -0.047688
v 3.069156 2.620833 -0.037863
v 3.066795 2.620833 -0.033214
v 3.064004 2.620833 -0.028795
v 3.060814 2.620833 -0.024652
v 3.057268 2.620833 -0.020811
v 3.053401 2.620833 -0.017298
v 3.049249 2.620833 -0.014136
v 3.044846 2.620833 -0.011349
v 3.040227 2.620833 -0.008960
v 3.035428 2.620833 -0.006993
v 3.030483 2.620833 -0.005472
v 3.000366 2.620833 0.002182
v 2.970096 2.620833 0.009662
v 2.939694 2.620833 0.016957
v 2.909178 2.620833 0.024058
v 2.878571 2.620833 0.030956
v 2.847891 2.620833 0.037642
v 2.786397 2.620833 0.050341
v 2.165760 2.361111 -0.385406
v 2.644251 2.361111 -0.415474
v 3.122741 2.361111 -0.445542
v 3.226511 2.361111 -0.451974
v 3.329875 2.361111 -0.458278
v 3.432813 2.361111 -0.464565
v 3.445640 2.361111 -0.464064
v 3.458167 2.361111 -0.461118
v 3.480741 2.361111 -0.448705
v 3.497383 2.361111 -0.428953
v 3.505320 2.361111 -0.404270
v 3.503982 2.361111 -0.378248
v 3.499863 2.361111 -0.365842
v 3.496946 2.361111 -0.359985
v 3.493459 2.361111 -0.354431
v 3.489446 2.361111 -0.349240
v 3.484965 2.361111 -0.344449
v 3.480061 2.361111 -0.340091
v 3.474782 2.361111 -0.336196
v 3.469174 2.361111 -0.332797
v 3.463283 2.361111 -0.329924
v 3.457157 2.361111 -0.327610
v 3.450842 2.361111 -0.325887
v 3.412457 2.361111 -0.317400
v 3.374031 2.361111 -0.308959
v 3.335569 2.361111 -0.300568
v 3.297077 2.361111 -0.292229
v 3.258561 2.361111 -0.283943
v 3.220026 2.361111 -0.275715
v 3.142919 2.361111 -0.259437
v 1.856543 3.022222 0.312376
v 2.061670 3.022222 0.350201
v 2.266797 3.022222 0.388026
v 2.309794 3.022222 0.397053
v 2.349540 3.022222 0.407104
v 2.385880 3.022222 0.417295
v 2.390174 3.022222 0.419004
v 2.394307 3.022222 0.421590
v 2.401526 3.022222 0.429087
v 2.406392 3.022222 0.439181
v 2.407904 3.022222 0.450984
v 2.405861 3.022222 0.463177
v 2.403518 3.022222 0.469013
v 2.402018 3.022222 0.471795
v 2.400300 3.022222 0.474460
v 2.398381 3.022222 0.476984
v 2.396281 3.022222 0.479356
v 2.394017 3.022222 0.481563
v 2.391606 3.022222 0.483593
v 2.389066 3.022222 0.485434
v 2.386413 3.022222 0.487076
v 2.383665 3.022222 0.488506
v 2.380838 3.022222 0.489713
v 2.363499 3.022222 0.496082
v 2.345834 3.022222 0.502076
v 2.327886 3.022222 0.507677
v 2.309698 3.022222 0.512864
v 2.291313 3.022222 0.517619
v 2.272774 3.022222 0.521920
v 1.746108 3.258333 0.561584
v 1.853605 3.258333 0.623657
v 1.961103 3.258333 0.685729
v 1.982394 3.258333 0.700276
v 1.999420 3.258333 0.716169
v 2.011976 3.258333 0.732245
v 2.013221 3.258333 0.734386
v 2.014358 3.258333 0.736843
v 2.016091 3.258333 0.742584
v 2.016753 3.258333 0.749229
v 2.015970 3.258333 0.756431
v 2.013674 3.258333 0.763685
v 2.011965 3.258333 0.767176
v 2.010972 3.258333 0.768860
v 2.009887 3.258333 0.770492
v 2.008715 3.258333 0.772065
v 2.007465 3.258333 0.773572
v 2.006144 3.258333 0.775010
v 2.004758 3.258333 0.776374
v 2.003313 3.258333 0.777660
v 2.001816 3.258333 0.778862
v 2.000274 3.258333 0.779977
v 1.998694 3.258333 0.780999
v 1.988872 3.258333 0.786610
v 1.978622 3.258333 0.791731
v 1.967999 3.258333 0.796335
v 1.957062 3.258333 0.800397
v 1.945867 3.258333 0.803891
v 1.934470 3.258333 0.806790
v 1.712978 3.329167 0.636346
v 1.791186 3.329167 0.705693
v 1.869394 3.329167 0.775040
v 1.884175 3.329167 0.791244
v 1.894384 3.329167 0.808889
v 1.899804 3.329167 0.826729
v 1.900135 3.329167 0.829000
v 1.900373 3.329167 0.831419
v 1.900461 3.329167 0.836633
v 1.899861 3.329167 0.842243
v 1.898390 3.329167 0.848066
v 1.896018 3.329167 0.853838
v 1.894500 3.329167 0.856625
v 1.893658 3.329167 0.857979
v 1.892762 3.329167 0.859302
v 1.891815 3.329167 0.860589
v 1.890821 3.329167 0.861837
v 1.889782 3.329167 0.863045
v 1.888703 3.329167 0.864209
v 1.887587 3.329167 0.865327
v 1.886438 3.329167 0.866398
v 1.885257 3.329167 0.867418
v 1.884050 3.329167 0.868385
v 1.876484 3.329167 0.873769
v 1.868458 3.329167 0.878628
v 1.860033 3.329167 0.882933
v 1.851272 3.329167 0.886657
v 1.842233 3.329167 0.889772
v 1.832978 3.329167 0.892251
v 1.814064 3.329167 0.895189
v 2.561025 2.455556 -0.306091
v 3.000464 2.455556 -0.326461
v 3.095552 2.455556 -0.330684
v 3.189827 2.455556 -0.334652
v 3.283251 2.455556 -0.338585
v 3.294859 2.455556 -0.337911
v 3.306187 2.455556 -0.335017
v 3.326568 2.455556 -0.323306
v 3.341527 2.455556 -0.304934
v 3.348546 2.455556 -0.282090
v 3.347108 2.455556 -0.258044
v 3.343242 2.455556 -0.246577
v 3.340527 2.455556 -0.241159
v 3.337293 2.455556 -0.236018
v 3.333580 2.455556 -0.231208
v 3.329439 2.455556 -0.226763
v 3.324912 2.455556 -0.222712
v 3.320042 2.455556 -0.219083
v 3.314872 2.455556 -0.215907
v 3.309445 2.455556 -0.213210
v 3.303801 2.455556 -0.211022
v 3.297984 2.455556 -0.209372
v 3.262606 2.455556 -0.201188
v 3.227145 2.455556 -0.193097
v 3.191614 2.455556 -0.185105
v 3.156023 2.455556 -0.177216
v 3.120383 2.455556 -0.169435
v 3.084704 2.455556 -0.161767
v 2.011151 2.691667 -0.036515
v 2.352960 2.691667 -0.032636
v 2.694769 2.691667 -0.028758
v 2.768152 2.691667 -0.027461
v 2.839707 2.691667 -0.025587
v 2.909347 2.691667 -0.023635
v 2.917907 2.691667 -0.022530
v 2.926237 2.691667 -0.019764
v 2.941133 2.691667 -0.009809
v 2.951888 2.691667 0.005114
v 2.956612 2.691667 0.023357
v 2.954922 2.691667 0.042464
v 2.951690 2.691667 0.051585
v 2.949482 2.691667 0.055905
v 2.946880 2.691667 0.060014
v 2.943914 2.691667 0.063872
v 2.940623 2.691667 0.067454
v 2.937039 2.691667 0.070736
v 2.933194 2.691667 0.073698
v 2.929120 2.691667 0.076319
v 2.924848 2.691667 0.078576
v 2.920411 2.691667 0.080448
v 2.915840 2.691667 0.081913
v 2.887978 2.691667 0.089341
v 2.859933 2.691667 0.096558
v 2.831728 2.691667 0.103554
v 2.803388 2.691667 0.110318
v 2.774937 2.691667 0.116838
v 2.746400 2.691667 0.123103
v 2.591930 2.762500 0.219310
v 2.290541 2.762500 0.049400
v 2.603061 2.762500 0.060553
v 2.669933 2.762500 0.063507
v 2.734671 2.762500 0.067133
v 2.797175 2.762500 0.070850
v 2.804821 2.762500 0.072085
v 2.812252 2.762500 0.074812
v 2.825503 2.762500 0.084240
v 2.834996 2.762500 0.098128
v 2.839032 2.762500 0.114991
v 2.837266 2.762500 0.132617
v 2.834225 2.762500 0.141034
v 2.832168 2.762500 0.145025
v 2.829756 2.762500 0.148824
v 2.827014 2.762500 0.152396
v 2.823978 2.762500 0.155718
v 2.820677 2.762500 0.158770
v 2.817140 2.762500 0.161533
v 2.813394 2.762500 0.163986
v 2.809469 2.762500 0.166112
v 2.805394 2.762500 0.167889
v 2.801197 2.762500 0.169299
v 2.775590 2.762500 0.176500
v 2.749769 2.762500 0.183455
v 2.723762 2.762500 0.190152
v 2.697597 2.762500 0.196578
v 2.671303 2.762500 0.202719
v 2.644909 2.762500 0.208564
v 2.997413 1.133333 -1.365150
v 3.290613 1.133333 -1.534353
v 3.302020 1.133333 -1.542556
v 3.311655 1.133333 -1.552780
v 3.319288 1.133333 -1.564601
v 3.324689 1.133333 -1.577592
v 3.327629 1.133333 -1.591327
v 3.327878 1.133333 -1.605379
v 3.325329 1.133333 -1.619188
v 3.320207 1.133333 -1.632269
v 3.312796 1.133333 -1.644229
v 3.303376 1.133333 -1.654676
v 3.292232 1.133333 -1.663219
v 3.279645 1.133333 -1.669466
v 3.266060 1.133333 -1.673146
v 3.252022 1.133333 -1.674236
v 3.238023 1.133333 -1.672738
v 3.224553 1.133333 -1.668656
v 2.786972 1.133333 -1.488353
v 2.120435 1.984426 -0.649859
v 2.588624 1.984426 -0.723095
v 3.056812 1.984426 -0.796331
v 3.525001 1.984426 -0.869567
v 3.539029 1.984426 -0.870341
v 3.552947 1.984426 -0.868429
v 3.566309 1.984426 -0.864018
v 3.578667 1.984426 -0.857295
v 3.589577 1.984426 -0.848448
v 3.598591 1.984426 -0.837666
v 3.605275 1.984426 -0.825316
v 3.609498 1.984426 -0.811918
v 3.611235 1.984426 -0.797956
v 3.610460 1.984426 -0.783911
v 3.607147 1.984426 -0.770265
v 3.601270 1.984426 -0.757502
v 3.593004 1.984426 -0.746111
v 3.582760 1.984426 -0.736451
v 3.570922 1.984426 -0.728830
v 3.557874 1.984426 -0.723553
v 3.103431 1.984426 -0.589067
v 2.648989 1.984426 -0.454582
v 2.194546 1.984426 -0.320096
v 2.162667 1.699996 -0.491433
v 2.605153 1.699996 -0.661189
v 3.047639 1.699996 -0.830945
v 3.490125 1.699996 -1.000701
v 3.502718 1.699996 -1.006986
v 3.513922 1.699996 -1.015514
v 3.523376 1.699996 -1.025948
v 3.530721 1.699996 -1.037953
v 3.535578 1.699996 -1.051139
v 3.537810 1.699996 -1.065003
v 3.537479 1.699996 -1.079066
v 3.534651 1.699996 -1.092849
v 3.529389 1.699996 -1.105873
v 3.521757 1.699996 -1.117660
v 3.511923 1.699996 -1.127702
v 3.500352 1.699996 -1.135665
v 3.487504 1.699996 -1.141397
v 3.473837 1.699996 -1.144745
v 3.459812 1.699996 -1.145558
v 3.445887 1.699996 -1.143685
v 2.984888 1.699996 -1.033911
v 2.523889 1.699996 -0.924137
v 2.062890 1.699996 -0.814363
v 2.117772 1.417759 -0.658435
v 2.545680 1.417759 -0.862149
v 2.973588 1.417759 -1.065863
v 3.401496 1.417759 -1.269576
v 3.413562 1.417759 -1.276823
v 3.424066 1.417759 -1.286198
v 3.432678 1.417759 -1.297337
v 3.439066 1.417759 -1.309878
v 3.442881 1.417759 -1.323402
v 3.444025 1.417759 -1.337397
v 3.442601 1.417759 -1.351391
v 3.438707 1.417759 -1.364912
v 3.432446 1.417759 -1.377486
v 3.423919 1.417759 -1.388643
v 3.413333 1.417759 -1.397888
v 3.401177 1.417759 -1.404925
v 3.387921 1.417759 -1.409638
v 3.374035 1.417759 -1.411911
v 3.359989 1.417759 -1.411629
v 3.346253 1.417759 -1.408677
v 2.895215 1.417759 -1.263319
v 2.444177 1.417759 -1.117962
v 1.993139 1.417759 -0.972605
v 0.979674 0.000000 -1.716831
v 0.977712 0.000000 -1.731487
v 0.972917 0.000000 -1.745481
v 0.965524 0.000000 -1.758294
v 0.955770 0.000000 -1.769407
v 0.948111 0.000000 -1.775638
v 0.939700 0.000000 -1.780809
v 0.930682 0.000000 -1.784831
v 0.921214 0.000000 -1.787633
v 0.906542 0.000000 -1.789407
v 0.891800 0.000000 -1.788275
v 0.877550 0.000000 -1.784336
v 0.864351 0.000000 -1.777686
v 1.020171 0.035417 -1.513583
v 1.228833 0.247917 -1.384423
v 1.248232 0.212500 -1.733074
v 1.333164 0.354167 -1.319843
v 1.541827 0.566667 -1.190683
v 1.632114 0.425000 -1.688462
v 2.058649 0.661111 -1.638892
v 1.889597 0.920833 -0.975417
v 2.655798 0.991667 -1.569496
v 2.028705 1.062500 -0.889310
v 2.450004 1.062500 -1.138220
v 2.871304 1.062500 -1.387130
v 2.962726 1.062500 -1.441220
v 3.053841 1.062500 -1.495216
v 3.144685 1.062500 -1.549044
v 3.155265 1.062500 -1.556837
v 3.164179 1.062500 -1.566522
v 3.176153 1.062500 -1.589970
v 3.178885 1.062500 -1.616191
v 3.171426 1.062500 -1.641553
v 3.155369 1.062500 -1.662694
v 3.144779 1.062500 -1.670764
v 3.138959 1.062500 -1.674013
v 3.132835 1.062500 -1.676677
v 3.126476 1.062500 -1.678731
v 3.119954 1.062500 -1.680177
v 3.113324 1.062500 -1.681015
v 3.106646 1.062500 -1.681245
v 3.099976 1.062500 -1.680868
v 3.093372 1.062500 -1.679883
v 3.086892 1.062500 -1.678291
v 3.080594 1.062500 -1.676092
v 3.043478 1.062500 -1.661065
v 3.006357 1.062500 -1.645992
v 2.969234 1.062500 -1.630873
v 2.932115 1.062500 -1.615710
v 2.895003 1.062500 -1.600502
v 2.857903 1.062500 -1.585252
v 2.783758 1.062500 -1.554625
v 2.399877 0.850000 -1.599237
v 2.461833 0.850000 -1.625069
v 2.492918 0.850000 -1.637732
v 2.524052 0.850000 -1.650223
v 2.555216 0.850000 -1.662538
v 2.586394 0.850000 -1.674675
v 2.617567 0.850000 -1.686630
v 2.648718 0.850000 -1.698400
v 2.653997 0.850000 -1.700103
v 2.659421 0.850000 -1.701316
v 2.664942 0.850000 -1.702040
v 2.670515 0.850000 -1.702274
v 2.676094 0.850000 -1.702018
v 2.681633 0.850000 -1.701272
v 2.687085 0.850000 -1.700035
v 2.692405 0.850000 -1.698307
v 2.697535 0.850000 -1.696089
v 2.702420 0.850000 -1.693399
v 2.711347 0.850000 -1.686749
v 2.725080 0.850000 -1.669404
v 2.731906 0.850000 -1.648625
v 2.730544 0.850000 -1.627103
v 2.721752 0.850000 -1.607747
v 2.714998 0.850000 -1.599681
v 2.706902 0.850000 -1.593116
v 2.636725 0.850000 -1.547010
v 2.565464 0.850000 -1.500226
v 2.492978 0.850000 -1.453070
v 2.156510 0.850000 -1.235770
v 1.820043 0.850000 -1.018470
v 1.727304 0.755556 -1.075874
v 2.026069 0.755556 -1.279126
v 2.324833 0.755556 -1.482377
v 2.388903 0.755556 -1.526451
v 2.451341 0.755556 -1.570030
v 2.512332 0.755556 -1.612704
v 2.519324 0.755556 -1.618723
v 2.525118 0.755556 -1.626070
v 2.532496 0.755556 -1.643607
v 2.533249 0.755556 -1.663040
v 2.526705 0.755556 -1.681782
v 2.514003 0.755556 -1.697440
v 2.505816 0.755556 -1.703459
v 2.501346 0.755556 -1.705901
v 2.496658 0.755556 -1.707921
v 2.491800 0.755556 -1.709503
v 2.486824 0.755556 -1.710647
v 2.481770 0.755556 -1.711352
v 2.476680 0.755556 -1.711620
v 2.471594 0.755556 -1.711450
v 2.466553 0.755556 -1.710842
v 2.461600 0.755556 -1.709797
v 2.456773 0.755556 -1.708315
v 2.428273 0.755556 -1.697992
v 2.399743 0.755556 -1.687423
v 2.371208 0.755556 -1.676611
v 2.342691 0.755556 -1.665562
v 2.314214 0.755556 -1.654278
v 2.285801 0.755556 -1.642765
v 2.229263 0.755556 -1.619065
v 1.760074 0.495833 -1.673591
v 1.801715 0.495833 -1.691430
v 1.822777 0.495833 -1.699781
v 1.843947 0.495833 -1.707745
v 1.865186 0.495833 -1.715313
v 1.886455 0.495833 -1.722480
v 1.907715 0.495833 -1.729238
v 1.928925 0.495833 -1.735581
v 1.932506 0.495833 -1.736456
v 1.936168 0.495833 -1.737038
v 1.939886 0.495833 -1.737327
v 1.943632 0.495833 -1.737321
v 1.947378 0.495833 -1.737022
v 1.951099 0.495833 -1.736428
v 1.954766 0.495833 -1.735541
v 1.958354 0.495833 -1.734359
v 1.961828 0.495833 -1.732883
v 1.965155 0.495833 -1.731123
v 1.971309 0.495833 -1.726841
v 1.981172 0.495833 -1.715823
v 1.986941 0.495833 -1.702682
v 1.987864 0.495833 -1.688993
v 1.984373 0.495833 -1.676456
v 1.981221 0.495833 -1.671089
v 1.977264 0.495833 -1.666571
v 1.941533 0.495833 -1.633334
v 1.903361 0.495833 -1.598570
v 1.862434 0.495833 -1.562971
v 1.667353 0.495833 -1.398353
v 1.472273 0.495833 -1.233736
v 1.402718 0.425000 -1.276790
v 1.569522 0.425000 -1.430870
v 1.736326 0.425000 -1.584951
v 1.770940 0.425000 -1.618238
v 1.802494 0.425000 -1.650598
v 1.831336 0.425000 -1.681262
v 1.834466 0.425000 -1.685370
v 1.836898 0.425000 -1.690198
v 1.839328 0.425000 -1.701371
v 1.837949 0.425000 -1.713494
v 1.832390 0.425000 -1.725107
v 1.823302 0.425000 -1.734859
v 1.817703 0.425000 -1.738668
v 1.814686 0.425000 -1.740241
v 1.811543 0.425000 -1.741569
v 1.808303 0.425000 -1.742642
v 1.804992 0.425000 -1.743460
v 1.801635 0.425000 -1.744023
v 1.798255 0.425000 -1.744331
v 1.794875 0.425000 -1.744384
v 1.791518 0.425000 -1.744183
v 1.788207 0.425000 -1.743727
v 1.784966 0.425000 -1.743017
v 1.765744 0.425000 -1.737760
v 1.746468 0.425000 -1.732041
v 1.727180 0.425000 -1.725868
v 1.707926 0.425000 -1.719249
v 1.688748 0.425000 -1.712191
v 1.669691 0.425000 -1.704702
v 1.504153 0.354167 -1.703332
v 1.263610 0.283333 -1.362896
v 1.373859 0.283333 -1.495904
v 1.484108 0.283333 -1.628911
v 1.506099 0.283333 -1.657576
v 1.524417 0.283333 -1.685128
v 1.539481 0.283333 -1.710643
v 1.540955 0.283333 -1.713933
v 1.541946 0.283333 -1.717682
v 1.542256 0.283333 -1.726127
v 1.539963 0.283333 -1.735117
v 1.534827 0.283333 -1.743674
v 1.527287 0.283333 -1.750895
v 1.522797 0.283333 -1.753758
v 1.520403 0.283333 -1.754959
v 1.517923 0.283333 -1.755990
v 1.515375 0.283333 -1.756844
v 1.512778 0.283333 -1.757523
v 1.510149 0.283333 -1.758024
v 1.507501 0.283333 -1.758350
v 1.504852 0.283333 -1.758499
v 1.502217 0.283333 -1.758472
v 1.499610 0.283333 -1.758268
v 1.497049 0.283333 -1.757889
v 1.481804 0.283333 -1.754803
v 1.466493 0.283333 -1.751163
v 1.451169 0.283333 -1.746978
v 1.435884 0.283333 -1.742258
v 1.420692 0.283333 -1.737011
v 1.405644 0.283333 -1.731247
v 1.376193 0.283333 -1.718203
v 1.537668 0.354167 -1.717974
v 1.554720 0.354167 -1.724601
v 1.571905 0.354167 -1.730753
v 1.589174 0.354167 -1.736423
v 1.606480 0.354167 -1.741602
v 1.623774 0.354167 -1.746281
v 1.641008 0.354167 -1.750453
v 1.643909 0.354167 -1.750998
v 1.646867 0.354167 -1.751327
v 1.649863 0.354167 -1.751442
v 1.652878 0.354167 -1.751340
v 1.655892 0.354167 -1.751024
v 1.658885 0.354167 -1.750491
v 1.661839 0.354167 -1.749743
v 1.664733 0.354167 -1.748780
v 1.667545 0.354167 -1.747600
v 1.670250 0.354167 -1.746213
v 1.675294 0.354167 -1.742877
v 1.683608 0.354167 -1.734390
v 1.688956 0.354167 -1.724305
v 1.690792 0.354167 -1.713749
v 1.689422 0.354167 -1.703940
v 1.687711 0.354167 -1.699651
v 1.685409 0.354167 -1.695953
v 1.663455 0.354167 -1.667863
v 1.638520 0.354167 -1.637907
v 1.610217 0.354167 -1.606931
v 1.471691 0.354167 -1.463387
v 1.124502 0.141667 -1.449003
v 1.178197 0.141667 -1.560937
v 1.231891 0.141667 -1.672871
v 1.241258 0.141667 -1.696913
v 1.246340 0.141667 -1.719657
v 1.247626 0.141667 -1.740025
v 1.247444 0.141667 -1.742496
v 1.246995 0.141667 -1.745165
v 1.245183 0.141667 -1.750882
v 1.241977 0.141667 -1.756740
v 1.237263 0.141667 -1.762242
v 1.231272 0.141667 -1.766932
v 1.227891 0.141667 -1.768848
v 1.226120 0.141667 -1.769676
v 1.224303 0.141667 -1.770410
v 1.222448 0.141667 -1.771047
v 1.220565 0.141667 -1.771585
v 1.218662 0.141667 -1.772026
v 1.216748 0.141667 -1.772369
v 1.214830 0.141667 -1.772614
v 1.212916 0.141667 -1.772761
v 1.211014 0.141667 -1.772810
v 1.209132 0.141667 -1.772761
v 1.197863 0.141667 -1.771846
v 1.186517 0.141667 -1.770285
v 1.175157 0.141667 -1.768088
v 1.163842 0.141667 -1.765267
v 1.152635 0.141667 -1.761831
v 1.141597 0.141667 -1.757791
v 1.120272 0.141667 -1.747944
v 0.992311 0.070833 -1.762815
v 1.273620 0.212500 -1.744519
v 1.286663 0.212500 -1.749421
v 1.299863 0.212500 -1.753762
v 1.313163 0.212500 -1.757533
v 1.326505 0.212500 -1.760724
v 1.339833 0.212500 -1.763325
v 1.353090 0.212500 -1.765325
v 1.355312 0.212500 -1.765539
v 1.357566 0.212500 -1.765616
v 1.359841 0.212500 -1.765556
v 1.362125 0.212500 -1.765359
v 1.364406 0.212500 -1.765025
v 1.366672 0.212500 -1.764554
v 1.368911 0.212500 -1.763946
v 1.371113 0.212500 -1.763200
v 1.373262 0.212500 -1.762318
v 1.375344 0.212500 -1.761303
v 1.379280 0.212500 -1.758914
v 1.386045 0.212500 -1.752958
v 1.390970 0.212500 -1.745928
v 1.393719 0.212500 -1.738504
v 1.394470 0.212500 -1.731423
v 1.394200 0.212500 -1.728214
v 1.393553 0.212500 -1.725334
v 1.385378 0.212500 -1.702392
v 1.373679 0.212500 -1.677245
v 1.358000 0.212500 -1.650891
v 1.276028 0.212500 -1.528420
v 1.194056 0.212500 -1.405949
v 1.054948 0.070833 -1.492056
v 1.080365 0.070833 -1.593454
v 1.105782 0.070833 -1.694851
v 1.108837 0.070833 -1.716582
v 1.107301 0.070833 -1.736921
v 1.101698 0.070833 -1.754716
v 1.100689 0.070833 -1.756777
v 1.099519 0.070833 -1.758907
v 1.096647 0.070833 -1.763260
v 1.092984 0.070833 -1.767551
v 1.088482 0.070833 -1.771526
v 1.083265 0.070833 -1.774950
v 1.080438 0.070833 -1.776393
v 1.078979 0.070833 -1.777035
v 1.077492 0.070833 -1.777621
v 1.075984 0.070833 -1.778148
v 1.074458 0.070833 -1.778617
v 1.072919 0.070833 -1.779027
v 1.071371 0.070833 -1.779378
v 1.069819 0.070833 -1.779671
v 1.068265 0.070833 -1.779905
v 1.066715 0.070833 -1.780081
v 1.065173 0.070833 -1.780197
v 1.055892 0.070833 -1.780368
v 1.046530 0.070833 -1.779846
v 1.037151 0.070833 -1.778643
v 1.027821 0.070833 -1.776771
v 1.018607 0.070833 -1.774240
v 1.009573 0.070833 -1.771063
v 0.928331 0.035417 -1.770251
v 0.943562 0.035417 -1.777699
v 0.951593 0.035417 -1.780445
v 0.959811 0.035417 -1.782523
v 0.968148 0.035417 -1.783921
v 0.976536 0.035417 -1.784627
v 0.984907 0.035417 -1.784629
v 0.993194 0.035417 -1.783915
v 0.994566 0.035417 -1.783716
v 0.995940 0.035417 -1.783478
v 0.997313 0.035417 -1.783200
v 0.998683 0.035417 -1.782883
v 1.000047 0.035417 -1.782527
v 1.001405 0.035417 -1.782132
v 1.002752 0.035417 -1.781699
v 1.004087 0.035417 -1.781226
v 1.005408 0.035417 -1.780714
v 1.006712 0.035417 -1.780165
v 1.009261 0.035417 -1.778959
v 1.014091 0.035417 -1.776167
v 1.018487 0.035417 -1.772957
v 1.022379 0.035417 -1.769449
v 1.025781 0.035417 -1.765778
v 1.027311 0.035417 -1.763918
v 1.028734 0.035417 -1.762062
v 1.037782 0.035417 -1.745554
v 1.042627 0.035417 -1.726417
v 1.042728 0.035417 -1.705841
v 1.031450 0.035417 -1.609712
v 1.324944 0.247917 -1.512162
v 1.421054 0.247917 -1.639901
v 1.439889 0.247917 -1.667410
v 1.454898 0.247917 -1.693760
v 1.466517 0.247917 -1.717989
v 1.467577 0.247917 -1.721074
v 1.468208 0.247917 -1.724552
v 1.467987 0.247917 -1.732316
v 1.465466 0.247917 -1.740522
v 1.460436 0.247917 -1.748316
v 1.453283 0.247917 -1.754905
v 1.449070 0.247917 -1.757530
v 1.446832 0.247917 -1.758638
v 1.444518 0.247917 -1.759595
v 1.442143 0.247917 -1.760395
v 1.439725 0.247917 -1.761038
v 1.437277 0.247917 -1.761525
v 1.434813 0.247917 -1.761855
v 1.432347 0.247917 -1.762028
v 1.429891 0.247917 -1.762044
v 1.427461 0.247917 -1.761904
v 1.425070 0.247917 -1.761607
v 1.410818 0.247917 -1.759064
v 1.396499 0.247917 -1.755944
v 1.382166 0.247917 -1.752256
v 1.367874 0.247917 -1.748010
v 1.353678 0.247917 -1.743216
v 1.339632 0.247917 -1.737883
v 1.312213 0.247917 -1.725638
v 1.888035 0.566667 -1.658720
v 1.933738 0.566667 -1.678158
v 1.956805 0.566667 -1.687371
v 1.979968 0.566667 -1.696240
v 2.003192 0.566667 -1.704758
v 2.026443 0.566667 -1.712919
v 2.049685 0.566667 -1.720716
v 2.072884 0.566667 -1.728145
v 2.076804 0.566667 -1.729186
v 2.080819 0.566667 -1.729894
v 2.084897 0.566667 -1.730269
v 2.089008 0.566667 -1.730312
v 2.093122 0.566667 -1.730021
v 2.097206 0.566667 -1.729397
v 2.101230 0.566667 -1.728440
v 2.105164 0.566667 -1.727149
v 2.108969 0.566667 -1.725524
v 2.112608 0.566667 -1.723578
v 2.119317 0.566667 -1.718822
v 2.129954 0.566667 -1.706539
v 2.135934 0.566667 -1.691871
v 2.136400 0.566667 -1.676615
v 2.131849 0.566667 -1.662714
v 2.127977 0.566667 -1.656807
v 2.123192 0.566667 -1.651880
v 2.080571 0.566667 -1.616069
v 2.035781 0.566667 -1.578901
v 1.988543 0.566667 -1.540990
v 1.765185 0.566667 -1.365837
v 1.634565 0.661111 -1.133279
v 2.109770 0.661111 -1.660461
v 2.135509 0.661111 -1.670825
v 2.161329 0.661111 -1.680901
v 2.187200 0.661111 -1.690685
v 2.213093 0.661111 -1.700171
v 2.238979 0.661111 -1.709354
v 2.264828 0.661111 -1.718230
v 2.269202 0.661111 -1.719491
v 2.273686 0.661111 -1.720368
v 2.278245 0.661111 -1.720860
v 2.282844 0.661111 -1.720966
v 2.287446 0.661111 -1.720687
v 2.292015 0.661111 -1.720022
v 2.296515 0.661111 -1.718971
v 2.300911 0.661111 -1.717535
v 2.305158 0.661111 -1.715712
v 2.309212 0.661111 -1.713518
v 2.316660 0.661111 -1.708131
v 2.328329 0.661111 -1.694161
v 2.334592 0.661111 -1.677456
v 2.334448 0.661111 -1.660111
v 2.328483 0.661111 -1.644392
v 2.323651 0.661111 -1.637765
v 2.317762 0.661111 -1.632292
v 2.265956 0.661111 -1.593049
v 2.212342 0.661111 -1.552676
v 2.156688 0.661111 -1.511684
v 1.895627 0.661111 -1.322481
v 2.527837 0.920833 -1.584366
v 2.593856 0.920833 -1.611796
v 2.626946 0.920833 -1.625322
v 2.660073 0.920833 -1.638718
v 2.693222 0.920833 -1.651983
v 2.726381 0.920833 -1.665114
v 2.759537 0.920833 -1.678108
v 2.792677 0.920833 -1.690964
v 2.798296 0.920833 -1.692832
v 2.804071 0.920833 -1.694172
v 2.809953 0.920833 -1.694982
v 2.815892 0.920833 -1.695264
v 2.821838 0.920833 -1.695017
v 2.827740 0.920833 -1.694240
v 2.833549 0.920833 -1.692934
v 2.839215 0.920833 -1.691097
v 2.844676 0.920833 -1.688730
v 2.849873 0.920833 -1.685854
v 2.859354 0.920833 -1.678731
v 2.873862 0.920833 -1.660120
v 2.880899 0.920833 -1.637813
v 2.879080 0.920833 -1.614726
v 2.869228 0.920833 -1.594006
v 2.861754 0.920833 -1.585400
v 2.852830 0.920833 -1.578425
v 2.775764 0.920833 -1.529746
v 2.697884 0.920833 -1.480557
v 2.619087 0.920833 -1.431090
v 2.254342 0.920833 -1.203253
v 1.959151 0.991667 -0.932364
v 2.725880 0.991667 -1.598524
v 2.760975 0.991667 -1.612912
v 2.796094 0.991667 -1.627214
v 2.831228 0.991667 -1.641428
v 2.866369 0.991667 -1.655553
v 2.901508 0.991667 -1.669587
v 2.936635 0.991667 -1.683528
v 2.942594 0.991667 -1.685561
v 2.948722 0.991667 -1.687027
v 2.954965 0.991667 -1.687925
v 2.961269 0.991667 -1.688255
v 2.967581 0.991667 -1.688016
v 2.973847 0.991667 -1.687209
v 2.980013 0.991667 -1.685832
v 2.986025 0.991667 -1.683887
v 2.991818 0.991667 -1.681372
v 2.997326 0.991667 -1.678309
v 3.007361 0.991667 -1.670713
v 3.022644 0.991667 -1.650836
v 3.029892 0.991667 -1.627002
v 3.027617 0.991667 -1.602348
v 3.016703 0.991667 -1.580264
v 3.008509 0.991667 -1.571119
v 2.998758 0.991667 -1.563735
v 2.914802 0.991667 -1.512481
v 2.830305 0.991667 -1.460888
v 2.745195 0.991667 -1.409110
v 2.352173 0.991667 -1.170737
v 1.238183 0.000000 0.653378
v 1.054128 -0.000000 0.921311
v 0.813245 -0.000000 1.139575
v 0.528520 -0.000000 1.296405
v 0.215302 -0.000000 1.383346
v -0.109523 -0.000000 1.395709
v -0.428443 -0.000000 1.332830
v -0.724266 -0.000000 1.198098
v -0.981044 -0.000000 0.998776
v -1.184933 -0.000000 0.745609
v -1.324943 -0.000000 0.452247
v -1.393524 -0.000000 0.134504
v -1.386980 -0.000000 -0.190491
v -1.305663 -0.000000 -0.505216
v -1.153958 0.000000 -0.792704
v -0.940043 0.000000 -1.037458
v -0.675450 0.000000 -1.226282
v -0.374443 0.000000 -1.348997
v -0.053250 0.000000 -1.398987
v 0.270814 0.000000 -1.373557
v 0.580278 0.000000 -1.274079
v 0.858460 0.000000 -1.105914
v 1.090361 0.000000 -0.878130
v 1.263481 0.000000 -0.603005
v 1.368486 0.000000 -0.295372
v 1.399716 0.000000 0.028184
v 1.355487 0.000000 0.350221
vt 0.265630 -0.071175 0.000000
vt 1.390534 -0.162530 0.000000
vt 0.275000 0.000000 0.000000
vt 1.390534 0.162530 0.000000
vt 0.265630 0.071175 0.000000
vt 1.315570 0.478828 0.000000
vt 0.238157 0.137500 0.000000
vt 1.169683 0.769313 0.000000
vt 0.194454 0.194454 0.000000
vt 0.960738 1.018323 0.000000
vt 0.137500 0.238157 0.000000
vt 0.700000 1.212436 0.000000
vt 0.401525 1.341185 0.000000
vt 1.315570 -0.478828 0.000000
vt 0.238157 -0.137500 0.000000
vt 1.169683 -0.769313 0.000000
vt 0.194454 -0.194454 0.000000
vt 0.960738 -1.018323 0.000000
vt 0.137500 -0.238157 0.000000
vt 0.700000 -1.212436 0.000000
vt 0.401525 -1.341185 0.000000
vt 0.071175 -0.265630 0.000000
vt 0.081403 -1.397631 0.000000
vt -0.000000 -0.275000 0.000000
vt -0.243107 -1.378731 0.000000
vt -0.071175 -0.265630 0.000000
vt -0.554512 -1.285503 0.000000
vt -0.137500 -0.238157 0.000000
vt -0.836022 -1.122972 0.000000
vt -0.194454 -0.194454 0.000000
vt -1.072462 -0.899903 0.000000
vt -0.238157 -0.137500 0.000000
vt -1.251086 -0.628319 0.000000
vt -0.265630 -0.071175 0.000000
vt -1.362263 -0.322862 0.000000
vt -0.275000 0.000000 0.000000
vt -1.400000 -0.000000 0.000000
vt -1.362263 0.322862 0.000000
vt -0.265630 0.071175 0.000000
vt -1.251086 0.628319 0.000000
vt -0.238157 0.137500 0.000000
vt -1.072462 0.899903 0.000000
vt -0.194454 0.194454 0.000000
vt -0.836022 1.122972 0.000000
vt -0.137500 0.238157 0.000000
vt -0.554512 1.285503 0.000000
vt -0.071175 0.265630 0.000000
vt -0.243107 1.378731 0.000000
vt -0.000000 0.275000 0.000000
vt 0.081403 1.397631 0.000000
vt 0.071175 0.265630 0.000000
vt -1.000000 0.791943 0.000000
vt 0.000000 0.791943 0.000000
vt -1.000000 0.863938 0.000000
vt 0.000000 0.863938 0.000000
vt -1.000000 -0.863938 0.000000
vt 0.000000 -0.863938 0.000000
vt -1.000000 -0.791943 0.000000
vt 0.000000 -0.791943 0.000000
vt -1.000000 -0.719948 0.000000
vt 0.000000 -0.719948 0.000000
vt -1.000000 -0.647953 0.000000
vt 0.000000 -0.647953 0.000000
vt -1.000000 -0.575959 0.000000
vt 0.000000 -0.575959 0.000000
vt -1.000000 -0.503964 0.000000
vt 0.000000 -0.503964 0.000000
vt -1.000000 -0.431969 0.000000
vt 0.000000 -0.431969 0.000000
vt -1.000000 -0.359974 0.000000
vt 0.000000 -0.359974 0.000000
vt -1.000000 -0.287979 0.000000
vt 0.000000 -0.287979 0.000000
vt -1.000000 -0.215984 0.000000
vt 0.000000 -0.215984 0.000000
vt -1.000000 -0.143990 0.000000
vt 0.000000 -0.143990 0.000000
vt -1.000000 -0.071995 0.000000
vt 0.000000 -0.071995 0.000000
vt -1.000000 0.000000 0.000000
vt 0.000000 0.000000 0.000000
vt -1.000000 0.071995 0.000000
vt 0.000000 0.071995 0.000000
vt -1.000000 0.143990 0.000000
vt 0.000000 0.143990 0.000000
vt -1.000000 0.215984 0.000000
vt 0.000000 0.215984 0.000000
vt -1.000000 0.287979 0.000000
vt 0.000000 0.287979 0.000000
vt -1.000000 0.359974 0.000000
vt 0.000000 0.359974 0.000000
vt -1.000000 0.431969 0.000000
vt 0.000000 0.431969 0.000000
vt -1.000000 0.503964 0.000000
vt 0.000000 0.503964 0.000000
vt -1.000000 0.575959 0.000000
vt 0.000000 0.575959 0.000000
vt -1.000000 0.647953 0.000000
vt 0.000000 0.647953 0.000000
vt -1.000000 0.719948 0.000000
vt 0.000000 0.719948 0.000000
vt 0.892435 2.640856 0.000000
vt 0.000000 2.640856 0.000000
vt 0.892435 2.558330 0.000000
vt 0.114321 2.027579 0.000000
vt 0.892435 2.475803 0.000000
vt 0.892435 2.310749 0.000000
vt 0.940936 2.310749 0.000000
vt 0.940936 2.145696 0.000000
vt 0.965187 2.145696 0.000000
vt 0.965187 1.980642 0.000000
vt 0.989438 1.980642 0.000000
vt 0.989438 1.760571 0.000000
vt 1.013689 1.760571 0.000000
vt 1.013689 1.540500 0.000000
vt 1.037939 1.540500 0.000000
vt 1.037939 1.320428 0.000000
vt 1.062190 1.320428 0.000000
vt 1.062190 1.155375 0.000000
vt 1.086441 1.155375 0.000000
vt 1.086441 0.990321 0.000000
vt 1.090483 0.990321 0.000000
vt 1.090483 0.825268 0.000000
vt 1.094524 0.825268 0.000000
vt 1.094524 0.660214 0.000000
vt 1.098566 0.660214 0.000000
vt 1.098566 0.440143 0.000000
vt 1.102608 0.440143 0.000000
vt 1.102608 0.220071 0.000000
vt 1.106650 0.220071 0.000000
vt 1.102608 0.000000 0.000000
vt 1.110691 0.000000 0.000000
vt 0.096335 1.375834 0.000000
vt 0.892435 1.760571 0.000000
vt 0.892435 1.980642 0.000000
vt 0.892435 2.145696 0.000000
vt 0.940936 1.980642 0.000000
vt 0.051172 0.697193 0.000000
vt 0.892435 0.990321 0.000000
vt 0.892435 1.155375 0.000000
vt 0.892435 1.320428 0.000000
vt 0.940936 1.155375 0.000000
vt 0.940936 1.320428 0.000000
vt 0.965187 1.155375 0.000000
vt 0.965187 1.320428 0.000000
vt 0.989438 1.155375 0.000000
vt 0.989438 1.320428 0.000000
vt 1.013689 1.155375 0.000000
vt 1.013689 1.320428 0.000000
vt 1.037939 1.155375 0.000000
vt 0.000000 0.000000 0.000000
vt 0.813530 0.000000 0.000000
vt 0.892435 0.660214 0.000000
vt 0.892435 0.825268 0.000000
vt 0.940936 0.660214 0.000000
vt 0.940936 0.825268 0.000000
vt 0.965187 0.660214 0.000000
vt 0.965187 0.825268 0.000000
vt 0.989438 0.660214 0.000000
vt 0.989438 0.825268 0.000000
vt 1.013689 0.660214 0.000000
vt 1.013689 0.825268 0.000000
vt 1.037939 0.660214 0.000000
vt 1.037939 0.825268 0.000000
vt 1.062190 0.660214 0.000000
vt 1.062190 0.825268 0.000000
vt 1.086441 0.660214 0.000000
vt 1.086441 0.825268 0.000000
vt 1.090483 0.660214 0.000000
vt 1.086441 0.000000 0.000000
vt 0.940936 0.220071 0.000000
vt 0.892435 0.220071 0.000000
vt 0.892435 0.440143 0.000000
vt 0.940936 0.440143 0.000000
vt 0.965187 0.220071 0.000000
vt 0.965187 0.440143 0.000000
vt 0.989438 0.220071 0.000000
vt 0.989438 0.440143 0.000000
vt 1.013689 0.220071 0.000000
vt 1.013689 0.440143 0.000000
vt 1.037939 0.220071 0.000000
vt 1.037939 0.440143 0.000000
vt 1.062190 0.220071 0.000000
vt 1.062190 0.440143 0.000000
vt 1.086441 0.220071 0.000000
vt 1.086441 0.440143 0.000000
vt 1.090483 0.220071 0.000000
vt 1.090483 0.440143 0.000000
vt 1.094524 0.220071 0.000000
vt 1.094524 0.440143 0.000000
vt 1.098566 0.220071 0.000000
vt 1.094524 0.000000 0.000000
vt 1.118775 0.000000 0.000000
vt 1.114733 0.220071 0.000000
vt 1.110691 0.220071 0.000000
vt 1.106650 0.440143 0.000000
vt 1.102608 0.660214 0.000000
vt 1.098566 0.825268 0.000000
vt 1.094524 0.990321 0.000000
vt 1.090483 1.155375 0.000000
vt 1.086441 1.320428 0.000000
vt 1.062190 1.540500 0.000000
vt 1.037939 1.760571 0.000000
vt 1.013689 1.980642 0.000000
vt 0.989438 2.145696 0.000000
vt 0.965187 2.310749 0.000000
vt 0.940936 2.475803 0.000000
vt 1.126858 0.000000 0.000000
vt 1.122817 0.220071 0.000000
vt 1.118775 0.220071 0.000000
vt 1.114733 0.440143 0.000000
vt 1.110691 0.440143 0.000000
vt 1.110691 0.660214 0.000000
vt 1.106650 0.660214 0.000000
vt 1.106650 0.825268 0.000000
vt 1.102608 0.825268 0.000000
vt 1.102608 0.990321 0.000000
vt 1.098566 0.990321 0.000000
vt 1.098566 1.155375 0.000000
vt 1.094524 1.155375 0.000000
vt 1.094524 1.320428 0.000000
vt 1.090483 1.320428 0.000000
vt 1.090483 1.540500 0.000000
vt 1.086441 1.540500 0.000000
vt 1.086441 1.760571 0.000000
vt 1.062190 1.760571 0.000000
vt 1.062190 1.980642 0.000000
vt 1.037939 1.980642 0.000000
vt 1.037939 2.145696 0.000000
vt 1.013689 2.145696 0.000000
vt 1.013689 2.310749 0.000000
vt 0.989438 2.310749 0.000000
vt 0.989438 2.475803 0.000000
vt 0.965187 2.475803 0.000000
vt 0.965187 2.558330 0.000000
vt 0.940936 2.558330 0.000000
vt 0.940936 2.640856 0.000000
vt 1.126858 0.220071 0.000000
vt 1.134942 0.000000 0.000000
vt 1.134942 0.220071 0.000000
vt 1.143025 0.000000 0.000000
vt 1.151109 0.220071 0.000000
vt 1.151109 0.000000 0.000000
vt 1.159192 0.000000 0.000000
vt 1.167276 0.220071 0.000000
vt 1.167276 0.000000 0.000000
vt 1.175359 0.000000 0.000000
vt 1.183443 0.220071 0.000000
vt 1.183443 0.000000 0.000000
vt 1.191526 0.000000 0.000000
vt 1.199610 0.220071 0.000000
vt 1.199610 0.000000 0.000000
vt 1.207693 0.000000 0.000000
vt 1.207693 0.220071 0.000000
vt 1.215777 0.000000 0.000000
vt 1.215777 0.220071 0.000000
vt 1.280413 0.220071 0.000000
vt 1.215777 0.440143 0.000000
vt 1.280413 0.440143 0.000000
vt 1.215777 0.660214 0.000000
vt 1.280413 0.660214 0.000000
vt 1.215777 0.825268 0.000000
vt 1.280413 0.825268 0.000000
vt 1.215777 0.990321 0.000000
vt 1.280413 0.990321 0.000000
vt 1.215777 1.155375 0.000000
vt 1.280413 1.155375 0.000000
vt 1.215777 1.320428 0.000000
vt 1.280413 1.320428 0.000000
vt 1.215777 1.540500 0.000000
vt 1.280413 1.540500 0.000000
vt 1.215777 1.760571 0.000000
vt 1.280413 1.760571 0.000000
vt 1.215777 1.980642 0.000000
vt 1.280413 1.980642 0.000000
vt 1.215777 2.145696 0.000000
vt 1.280413 2.145696 0.000000
vt 1.215777 2.310749 0.000000
vt 1.280413 2.310749 0.000000
vt 1.215777 2.475803 0.000000
vt 1.280413 2.475803 0.000000
vt 1.215777 2.558330 0.000000
vt 1.280413 2.558330 0.000000
vt 1.264254 2.640856 0.000000
vt 1.312731 2.640856 0.000000
vt 1.345049 2.558330 0.000000
vt 1.361208 2.640856 0.000000
vt 1.409686 2.558330 0.000000
vt 1.409686 2.640856 0.000000
vt 1.707164 2.558330 0.000000
vt 2.004642 2.558330 0.000000
vt 2.004642 2.475803 0.000000
vt 2.234642 2.446936 0.000000
vt 2.004642 2.310749 0.000000
vt 2.201895 2.219110 0.000000
vt 2.004642 2.145696 0.000000
vt 2.191710 1.940837 0.000000
vt 2.004642 1.980642 0.000000
vt 2.004642 1.760571 0.000000
vt 1.707164 1.980642 0.000000
vt 1.707164 1.760571 0.000000
vt 1.409686 1.980642 0.000000
vt 1.409686 1.760571 0.000000
vt 1.345049 1.980642 0.000000
vt 1.345049 1.760571 0.000000
vt 2.302120 0.000000 0.000000
vt 1.707164 0.220071 0.000000
vt 1.409686 0.220071 0.000000
vt 1.345049 0.220071 0.000000
vt 1.345049 0.440143 0.000000
vt 2.243807 0.816917 0.000000
vt 2.004642 0.440143 0.000000
vt 2.004642 0.220071 0.000000
vt 1.707164 0.440143 0.000000
vt 1.409686 0.440143 0.000000
vt 1.409686 0.660214 0.000000
vt 1.345049 0.660214 0.000000
vt 1.345049 0.825268 0.000000
vt 2.198620 1.608475 0.000000
vt 2.004642 1.155375 0.000000
vt 2.004642 0.990321 0.000000
vt 2.004642 0.825268 0.000000
vt 1.707164 0.990321 0.000000
vt 1.707164 0.825268 0.000000
vt 1.409686 0.990321 0.000000
vt 1.409686 0.825268 0.000000
vt 1.345049 0.990321 0.000000
vt 2.004642 1.540500 0.000000
vt 2.004642 1.320428 0.000000
vt 1.707164 1.540500 0.000000
vt 1.707164 1.320428 0.000000
vt 1.409686 1.540500 0.000000
vt 1.409686 1.320428 0.000000
vt 1.345049 1.540500 0.000000
vt 1.345049 1.320428 0.000000
vt 2.302120 2.640856 0.000000
vt 1.215777 2.640856 0.000000
vt 1.207693 2.558330 0.000000
vt 1.207693 2.475803 0.000000
vt 1.207693 2.310749 0.000000
vt 1.207693 2.145696 0.000000
vt 1.207693 1.980642 0.000000
vt 1.207693 1.760571 0.000000
vt 1.207693 1.540500 0.000000
vt 1.207693 1.320428 0.000000
vt 1.207693 1.155375 0.000000
vt 1.207693 0.990321 0.000000
vt 1.207693 0.825268 0.000000
vt 1.207693 0.660214 0.000000
vt 1.207693 0.440143 0.000000
vt 1.199610 2.558330 0.000000
vt 1.183443 2.640856 0.000000
vt 1.183443 2.558330 0.000000
vt 1.167276 2.558330 0.000000
vt 1.183443 2.475803 0.000000
vt 1.167276 2.475803 0.000000
vt 1.183443 2.310749 0.000000
vt 1.167276 2.310749 0.000000
vt 1.183443 2.145696 0.000000
vt 1.167276 2.145696 0.000000
vt 1.183443 1.980642 0.000000
vt 1.167276 1.980642 0.000000
vt 1.183443 1.760571 0.000000
vt 1.167276 1.760571 0.000000
vt 1.183443 1.540500 0.000000
vt 1.167276 1.540500 0.000000
vt 1.183443 1.320428 0.000000
vt 1.167276 1.320428 0.000000
vt 1.183443 1.155375 0.000000
vt 1.167276 1.155375 0.000000
vt 1.183443 0.990321 0.000000
vt 1.167276 0.990321 0.000000
vt 1.183443 0.825268 0.000000
vt 1.167276 0.825268 0.000000
vt 1.183443 0.660214 0.000000
vt 1.167276 0.660214 0.000000
vt 1.183443 0.440143 0.000000
vt 1.167276 0.440143 0.000000
vt 1.151109 2.640856 0.000000
vt 1.151109 2.558330 0.000000
vt 1.151109 2.475803 0.000000
vt 1.151109 2.310749 0.000000
vt 1.151109 2.145696 0.000000
vt 1.151109 1.980642 0.000000
vt 1.151109 1.760571 0.000000
vt 1.151109 1.540500 0.000000
vt 1.151109 1.320428 0.000000
vt 1.151109 1.155375 0.000000
vt 1.151109 0.990321 0.000000
vt 1.151109 0.825268 0.000000
vt 1.151109 0.660214 0.000000
vt 1.151109 0.440143 0.000000
vt 1.134942 2.558330 0.000000
vt 1.118775 2.640856 0.000000
vt 1.126858 2.558330 0.000000
vt 1.122817 2.558330 0.000000
vt 1.126858 2.475803 0.000000
vt 1.122817 2.475803 0.000000
vt 1.126858 2.310749 0.000000
vt 1.122817 2.310749 0.000000
vt 1.126858 2.145696 0.000000
vt 1.122817 2.145696 0.000000
vt 1.126858 1.980642 0.000000
vt 1.122817 1.980642 0.000000
vt 1.126858 1.760571 0.000000
vt 1.122817 1.760571 0.000000
vt 1.126858 1.540500 0.000000
vt 1.122817 1.540500 0.000000
vt 1.126858 1.320428 0.000000
vt 1.122817 1.320428 0.000000
vt 1.126858 1.155375 0.000000
vt 1.122817 1.155375 0.000000
vt 1.126858 0.990321 0.000000
vt 1.122817 0.990321 0.000000
vt 1.126858 0.825268 0.000000
vt 1.122817 0.825268 0.000000
vt 1.126858 0.660214 0.000000
vt 1.122817 0.660214 0.000000
vt 1.126858 0.440143 0.000000
vt 1.122817 0.440143 0.000000
vt 1.086441 2.640856 0.000000
vt 1.110691 2.558330 0.000000
vt 1.114733 2.558330 0.000000
vt 1.118775 2.558330 0.000000
vt 1.118775 2.475803 0.000000
vt 1.037939 2.640856 0.000000
vt 1.086441 2.558330 0.000000
vt 1.090483 2.558330 0.000000
vt 1.094524 2.558330 0.000000
vt 1.094524 2.475803 0.000000
vt 1.098566 2.475803 0.000000
vt 1.098566 2.310749 0.000000
vt 1.102608 2.310749 0.000000
vt 1.102608 2.145696 0.000000
vt 1.106650 2.145696 0.000000
vt 1.106650 1.980642 0.000000
vt 1.110691 1.980642 0.000000
vt 1.110691 1.760571 0.000000
vt 1.114733 1.760571 0.000000
vt 1.114733 1.540500 0.000000
vt 1.118775 1.540500 0.000000
vt 1.118775 1.320428 0.000000
vt 0.989438 2.640856 0.000000
vt 1.037939 2.558330 0.000000
vt 1.062190 2.558330 0.000000
vt 1.086441 2.475803 0.000000
vt 1.090483 2.475803 0.000000
vt 1.090483 2.310749 0.000000
vt 1.094524 2.310749 0.000000
vt 1.094524 2.145696 0.000000
vt 1.098566 2.145696 0.000000
vt 1.098566 1.980642 0.000000
vt 1.102608 1.980642 0.000000
vt 1.102608 1.760571 0.000000
vt 1.106650 1.760571 0.000000
vt 1.106650 1.540500 0.000000
vt 1.110691 1.540500 0.000000
vt 1.110691 1.320428 0.000000
vt 1.114733 1.320428 0.000000
vt 1.114733 1.155375 0.000000
vt 1.118775 1.155375 0.000000
vt 1.118775 0.990321 0.000000
vt 0.989438 2.558330 0.000000
vt 1.013689 2.558330 0.000000
vt 1.013689 2.475803 0.000000
vt 1.037939 2.475803 0.000000
vt 1.037939 2.310749 0.000000
vt 1.062190 2.310749 0.000000
vt 1.062190 2.145696 0.000000
vt 1.086441 2.145696 0.000000
vt 1.086441 1.980642 0.000000
vt 1.090483 1.980642 0.000000
vt 1.090483 1.760571 0.000000
vt 1.094524 1.760571 0.000000
vt 1.094524 1.540500 0.000000
vt 1.098566 1.540500 0.000000
vt 1.098566 1.320428 0.000000
vt 1.102608 1.320428 0.000000
vt 1.102608 1.155375 0.000000
vt 1.106650 1.155375 0.000000
vt 1.106650 0.990321 0.000000
vt 1.110691 0.990321 0.000000
vt 1.110691 0.825268 0.000000
vt 1.114733 0.825268 0.000000
vt 1.114733 0.660214 0.000000
vt 1.118775 0.660214 0.000000
vt 1.118775 0.440143 0.000000
vt 2.004642 0.660214 0.000000
vt 0.940936 0.990321 0.000000
vt 0.965187 0.990321 0.000000
vt 0.989438 0.990321 0.000000
vt 1.013689 0.990321 0.000000
vt 1.037939 0.990321 0.000000
vt 1.062190 0.990321 0.000000
vt 0.892435 1.540500 0.000000
vt 1.062190 2.475803 0.000000
vt 1.098566 2.558330 0.000000
vt 1.102608 2.558330 0.000000
vt 1.106650 2.558330 0.000000
vt 1.106650 2.475803 0.000000
vt 1.110691 2.475803 0.000000
vt 1.110691 2.310749 0.000000
vt 1.114733 2.310749 0.000000
vt 1.114733 2.145696 0.000000
vt 1.118775 2.145696 0.000000
vt 1.118775 1.980642 0.000000
vt 1.102608 2.475803 0.000000
vt 1.114733 2.475803 0.000000
vt 1.134942 2.475803 0.000000
vt 1.134942 2.310749 0.000000
vt 1.134942 2.145696 0.000000
vt 1.134942 1.980642 0.000000
vt 1.134942 1.760571 0.000000
vt 1.134942 1.540500 0.000000
vt 1.134942 1.320428 0.000000
vt 1.134942 1.155375 0.000000
vt 1.134942 0.990321 0.000000
vt 1.134942 0.825268 0.000000
vt 1.134942 0.660214 0.000000
vt 1.134942 0.440143 0.000000
vt 1.199610 2.475803 0.000000
vt 1.199610 2.310749 0.000000
vt 1.199610 2.145696 0.000000
vt 1.199610 1.980642 0.000000
vt 1.199610 1.760571 0.000000
vt 1.199610 1.540500 0.000000
vt 1.199610 1.320428 0.000000
vt 1.199610 1.155375 0.000000
vt 1.199610 0.990321 0.000000
vt 1.199610 0.825268 0.000000
vt 1.199610 0.660214 0.000000
vt 1.199610 0.440143 0.000000
vt 1.345049 2.475803 0.000000
vt 1.345049 2.310749 0.000000
vt 1.345049 2.145696 0.000000
vt 1.409686 2.475803 0.000000
vt 1.409686 2.310749 0.000000
vt 1.409686 2.145696 0.000000
vt 1.707164 2.475803 0.000000
vt 1.707164 2.310749 0.000000
vt 1.707164 2.145696 0.000000
vt 0.940936 1.760571 0.000000
vt 0.940936 1.540500 0.000000
vt 0.965187 1.760571 0.000000
vt 0.965187 1.540500 0.000000
vt 1.094524 1.980642 0.000000
vt 1.090483 2.145696 0.000000
vt 1.098566 1.760571 0.000000
vt 1.102608 1.540500 0.000000
vt 1.106650 1.320428 0.000000
vt 1.110691 1.155375 0.000000
vt 1.114733 0.990321 0.000000
vt 1.118775 0.825268 0.000000
vt 1.114733 1.980642 0.000000
vt 1.110691 2.145696 0.000000
vt 1.118775 1.760571 0.000000
vt 1.118775 2.310749 0.000000
vt 1.106650 2.310749 0.000000
vt 1.086441 2.310749 0.000000
vt 0.989438 1.540500 0.000000
vt 1.345049 1.155375 0.000000
vt 1.409686 1.155375 0.000000
vt 1.707164 1.155375 0.000000
vt 1.707164 0.660214 0.000000
vt 0.892435 2.640856 0.000000
vt 0.000000 2.640856 0.000000
vt 0.892435 2.558330 0.000000
vt 0.114321 2.027579 0.000000
vt 0.892435 2.475803 0.000000
vt 0.892435 2.310749 0.000000
vt 0.940936 2.310749 0.000000
vt 0.940936 2.145696 0.000000
vt 0.965187 2.145696 0.000000
vt 0.965187 1.980642 0.000000
vt 0.989438 1.980642 0.000000
vt 0.989438 1.760571 0.000000
vt 1.013689 1.760571 0.000000
vt 1.013689 1.540500 0.000000
vt 1.037939 1.540500 0.000000
vt 1.037939 1.320428 0.000000
vt 1.062190 1.320428 0.000000
vt 1.062190 1.155375 0.000000
vt 1.086441 1.155375 0.000000
vt 1.086441 0.990321 0.000000
vt 1.090483 0.990321 0.000000
vt 1.090483 0.825268 0.000000
vt 1.094524 0.825268 0.000000
vt 1.094524 0.660214 0.000000
vt 1.098566 0.660214 0.000000
vt 1.098566 0.440143 0.000000
vt 1.102608 0.440143 0.000000
vt 1.102608 0.220071 0.000000
vt 1.106650 0.220071 0.000000
vt 1.102608 0.000000 0.000000
vt 1.110691 0.000000 0.000000
vt 0.096335 1.375834 0.000000
vt 0.892435 1.760571 0.000000
vt 0.892435 1.980642 0.000000
vt 0.892435 2.145696 0.000000
vt 0.940936 1.980642 0.000000
vt 0.051172 0.697193 0.000000
vt 0.892435 0.990321 0.000000
vt 0.892435 1.155375 0.000000
vt 0.892435 1.320428 0.000000
vt 0.940936 1.155375 0.000000
vt 0.940936 1.320428 0.000000
vt 0.965187 1.155375 0.000000
vt 0.965187 1.320428 0.000000
vt 0.989438 1.155375 0.000000
vt 0.989438 1.320428 0.000000
vt 1.013689 1.155375 0.000000
vt 1.013689 1.320428 0.000000
vt 1.037939 1.155375 0.000000
vt 0.000000 0.000000 0.000000
vt 0.813530 0.000000 0.000000
vt 0.892435 0.660214 0.000000
vt 0.892435 0.825268 0.000000
vt 0.940936 0.660214 0.000000
vt 0.940936 0.825268 0.000000
vt 0.965187 0.660214 0.000000
vt 0.965187 0.825268 0.000000
vt 0.989438 0.660214 0.000000
vt 0.989438 0.825268 0.000000
vt 1.013689 0.660214 0.000000
vt 1.013689 0.825268 0.000000
vt 1.037939 0.660214 0.000000
vt 1.037939 0.825268 0.000000
vt 1.062190 0.660214 0.000000
vt 1.062190 0.825268 0.000000
vt 1.086441 0.660214 0.000000
vt 1.086441 0.825268 0.000000
vt 1.090483 0.660214 0.000000
vt 1.086441 0.000000 0.000000
vt 0.940936 0.220071 0.000000
vt 0.892435 0.220071 0.000000
vt 0.892435 0.440143 0.000000
vt 0.940936 0.440143 0.000000
vt 0.965187 0.220071 0.000000
vt 0.965187 0.440143 0.000000
vt 0.989438 0.220071 0.000000
vt 0.989438 0.440143 0.000000
vt 1.013689 0.220071 0.000000
vt 1.013689 0.440143 0.000000
vt 1.037939 0.220071 0.000000
vt 1.037939 0.440143 0.000000
vt 1.062190 0.220071 0.000000
vt 1.062190 0.440143 0.000000
vt 1.086441 0.220071 0.000000
vt 1.086441 0.440143 0.000000
vt 1.090483 0.220071 0.000000
vt 1.090483 0.440143 0.000000
vt 1.094524 0.220071 0.000000
vt 1.094524 0.440143 0.000000
vt 1.098566 0.220071 0.000000
vt 1.094524 0.000000 0.000000
vt 1.118775 0.000000 0.000000
vt 1.114733 0.220071 0.000000
vt 1.110691 0.220071 0.000000
vt 1.106650 0.440143 0.000000
vt 1.102608 0.660214 0.000000
vt 1.098566 0.825268 0.000000
vt 1.094524 0.990321 0.000000
vt 1.090483 1.155375 0.000000
vt 1.086441 1.320428 0.000000
vt 1.062190 1.540500 0.000000
vt 1.037939 1.760571 0.000000
vt 1.013689 1.980642 0.000000
vt 0.989438 2.145696 0.000000
vt 0.965187 2.310749 0.000000
vt 0.940936 2.475803 0.000000
vt 1.126858 0.000000 0.000000
vt 1.122817 0.220071 0.000000
vt 1.118775 0.220071 0.000000
vt 1.114733 0.440143 0.000000
vt 1.110691 0.440143 0.000000
vt 1.110691 0.660214 0.000000
vt 1.106650 0.660214 0.000000
vt 1.106650 0.825268 0.000000
vt 1.102608 0.825268 0.000000
vt 1.102608 0.990321 0.000000
vt 1.098566 0.990321 0.000000
vt 1.098566 1.155375 0.000000
vt 1.094524 1.155375 0.000000
vt 1.094524 1.320428 0.000000
vt 1.090483 1.320428 0.000000
vt 1.090483 1.540500 0.000000
vt 1.086441 1.540500 0.000000
vt 1.086441 1.760571 0.000000
vt 1.062190 1.760571 0.000000
vt 1.062190 1.980642 0.000000
vt 1.037939 1.980642 0.000000
vt 1.037939 2.145696 0.000000
vt 1.013689 2.145696 0.000000
vt 1.013689 2.310749 0.000000
vt 0.989438 2.310749 0.000000
vt 0.989438 2.475803 0.000000
vt 0.965187 2.475803 0.000000
vt 0.965187 2.558330 0.000000
vt 0.940936 2.558330 0.000000
vt 0.940936 2.640856 0.000000
vt 1.126858 0.220071 0.000000
vt 1.134942 0.000000 0.000000
vt 1.134942 0.220071 0.000000
vt 1.143025 0.000000 0.000000
vt 1.151109 0.220071 0.000000
vt 1.151109 0.000000 0.000000
vt 1.159192 0.000000 0.000000
vt 1.167276 0.220071 0.000000
vt 1.167276 0.000000 0.000000
vt 1.175359 0.000000 0.000000
vt 1.183443 0.220071 0.000000
vt 1.183443 0.000000 0.000000
vt 1.191526 0.000000 0.000000
vt 1.199610 0.220071 0.000000
vt 1.199610 0.000000 0.000000
vt 1.207693 0.000000 0.000000
vt 1.207693 0.220071 0.000000
vt 1.215777 0.000000 0.000000
vt 1.215777 0.220071 0.000000
vt 1.280413 0.220071 0.000000
vt 1.215777 0.440143 0.000000
vt 1.280413 0.440143 0.000000
vt 1.215777 0.660214 0.000000
vt 1.280413 0.660214 0.000000
vt 1.215777 0.825268 0.000000
vt 1.280413 0.825268 0.000000
vt 1.215777 0.990321 0.000000
vt 1.280413 0.990321 0.000000
vt 1.215777 1.155375 0.000000
vt 1.280413 1.155375 0.000000
vt 1.215777 1.320428 0.000000
vt 1.280413 1.320428 0.000000
vt 1.215777 1.540500 0.000000
vt 1.280413 1.540500 0.000000
vt 1.215777 1.760571 0.000000
vt 1.280413 1.760571 0.000000
vt 1.215777 1.980642 0.000000
vt 1.280413 1.980642 0.000000
vt 1.215777 2.145696 0.000000
vt 1.280413 2.145696 0.000000
vt 1.215777 2.310749 0.000000
vt 1.280413 2.310749 0.000000
vt 1.215777 2.475803 0.000000
vt 1.280413 2.475803 0.000000
vt 1.215777 2.558330 0.000000
vt 1.280413 2.558330 0.000000
vt 1.264254 2.640856 0.000000
vt 1.312731 2.640856 0.000000
vt 1.345049 2.558330 0.000000
vt 1.361208 2.640856 0.000000
vt 1.409686 2.558330 0.000000
vt 1.409686 2.640856 0.000000
vt 1.707164 2.558330 0.000000
vt 2.004642 2.558330 0.000000
vt 2.004642 2.475803 0.000000
vt 2.234642 2.446936 0.000000
vt 2.004642 2.310749 0.000000
vt 2.201895 2.219110 0.000000
vt 2.004642 2.145696 0.000000
vt 2.191710 1.940837 0.000000
vt 2.004642 1.980642 0.000000
vt 2.004642 1.760571 0.000000
vt 1.707164 1.980642 0.000000
vt 1.707164 1.760571 0.000000
vt 1.409686 1.980642 0.000000
vt 1.409686 1.760571 0.000000
vt 1.345049 1.980642 0.000000
vt 1.345049 1.760571 0.000000
vt 2.302120 0.000000 0.000000
vt 1.707164 0.220071 0.000000
vt 1.409686 0.220071 0.000000
vt 1.345049 0.220071 0.000000
vt 1.345049 0.440143 0.000000
vt 2.243807 0.816917 0.000000
vt 2.004642 0.440143 0.000000
vt 2.004642 0.220071 0.000000
vt 1.707164 0.440143 0.000000
vt 1.409686 0.440143 0.000000
vt 1.409686 0.660214 0.000000
vt 1.345049 0.660214 0.000000
vt 1.345049 0.825268 0.000000
vt 2.198620 1.608475 0.000000
vt 2.004642 1.155375 0.000000
vt 2.004642 0.990321 0.000000
vt 2.004642 0.825268 0.000000
vt 1.707164 0.990321 0.000000
vt 1.707164 0.825268 0.000000
vt 1.409686 0.990321 0.000000
vt 1.409686 0.825268 0.000000
vt 1.345049 0.990321 0.000000
vt 2.004642 1.540500 0.000000
vt 2.004642 1.320428 0.000000
vt 1.707164 1.540500 0.000000
vt 1.707164 1.320428 0.000000
vt 1.409686 1.540500 0.000000
vt 1.409686 1.320428 0.000000
vt 1.345049 1.540500 0.000000
vt 1.345049 1.320428 0.000000
vt 2.302120 2.640856 0.000000
vt 1.215777 2.640856 0.000000
vt 1.207693 2.558330 0.000000
vt 1.207693 2.475803 0.000000
vt 1.207693 2.310749 0.000000
vt 1.207693 2.145696 0.000000
vt 1.207693 1.980642 0.000000
vt 1.207693 1.760571 0.000000
vt 1.207693 1.540500 0.000000
vt 1.207693 1.320428 0.000000
vt 1.207693 1.155375 0.000000
vt 1.207693 0.990321 0.000000
vt 1.207693 0.825268 0.000000
vt 1.207693 0.660214 0.000000
vt 1.207693 0.440143 0.000000
vt 1.199610 2.558330 0.000000
vt 1.183443 2.640856 0.000000
vt 1.183443 2.558330 0.000000
vt 1.167276 2.558330 0.000000
vt 1.183443 2.475803 0.000000
vt 1.167276 2.475803 0.000000
vt 1.183443 2.310749 0.000000
vt 1.167276 2.310749 0.000000
vt 1.183443 2.145696 0.000000
vt 1.167276 2.145696 0.000000
vt 1.183443 1.980642 0.000000
vt 1.167276 1.980642 0.000000
vt 1.183443 1.760571 0.000000
vt 1.167276 1.760571 0.000000
vt 1.183443 1.540500 0.000000
vt 1.167276 1.540500 0.000000
vt 1.183443 1.320428 0.000000
vt 1.167276 1.320428 0.000000
vt 1.183443 1.155375 0.000000
vt 1.167276 1.155375 0.000000
vt 1.183443 0.990321 0.000000
vt 1.167276 0.990321 0.000000
vt 1.183443 0.825268 0.000000
vt 1.167276 0.825268 0.000000
vt 1.183443 0.660214 0.000000
vt 1.167276 0.660214 0.000000
vt 1.183443 0.440143 0.000000
vt 1.167276 0.440143 0.000000
vt 1.151109 2.640856 0.000000
vt 1.151109 2.558330 0.000000
vt 1.151109 2.475803 0.000000
vt 1.151109 2.310749 0.000000
vt 1.151109 2.145696 0.000000
vt 1.151109 1.980642 0.000000
vt 1.151109 1.760571 0.000000
vt 1.151109 1.540500 0.000000
vt 1.151109 1.320428 0.000000
vt 1.151109 1.155375 0.000000
vt 1.151109 0.990321 0.000000
vt 1.151109 0.825268 0.000000
vt 1.151109 0.660214 0.000000
vt 1.151109 0.440143 0.000000
vt 1.134942 2.558330 0.000000
vt 1.118775 2.640856 0.000000
vt 1.126858 2.558330 0.000000
vt 1.122817 2.558330 0.000000
vt 1.126858 2.475803 0.000000
vt 1.122817 2.475803 0.000000
vt 1.126858 2.310749 0.000000
vt 1.122817 2.310749 0.000000
vt 1.126858 2.145696 0.000000
vt 1.122817 2.145696 0.000000
vt 1.126858 1.980642 0.000000
vt 1.122817 1.980642 0.000000
vt 1.126858 1.760571 0.000000
vt 1.122817 1.760571 0.000000
vt 1.126858 1.540500 0.000000
vt 1.122817 1.540500 0.000000
vt 1.126858 1.320428 0.000000
vt 1.122817 1.320428 0.000000
vt 1.126858 1.155375 0.000000
vt 1.122817 1.155375 0.000000
vt 1.126858 0.990321 0.000000
vt 1.122817 0.990321 0.000000
vt 1.126858 0.825268 0.000000
vt 1.122817 0.825268 0.000000
vt 1.126858 0.660214 0.000000
vt 1.122817 0.660214 0.000000
vt 1.126858 0.440143 0.000000
vt 1.122817 0.440143 0.000000
vt 1.086441 2.640856 0.000000
vt 1.110691 2.558330 0.000000
vt 1.114733 2.558330 0.000000
vt 1.118775 2.558330 0.000000
vt 1.118775 2.475803 0.000000
vt 1.037939 2.640856 0.000000
vt 1.086441 2.558330 0.000000
vt 1.090483 2.558330 0.000000
vt 1.094524 2.558330 0.000000
vt 1.094524 2.475803 0.000000
vt 1.098566 2.475803 0.000000
vt 1.098566 2.310749 0.000000
vt 1.102608 2.310749 0.000000
vt 1.102608 2.145696 0.000000
vt 1.106650 2.145696 0.000000
vt 1.106650 1.980642 0.000000
vt 1.110691 1.980642 0.000000
vt 1.110691 1.760571 0.000000
vt 1.114733 1.760571 0.000000
vt 1.114733 1.540500 0.000000
vt 1.118775 1.540500 0.000000
vt 1.118775 1.320428 0.000000
vt 0.989438 2.640856 0.000000
vt 1.037939 2.558330 0.000000
vt 1.062190 2.558330 0.000000
vt 1.086441 2.475803 0.000000
vt 1.090483 2.475803 0.000000
vt 1.090483 2.310749 0.000000
vt 1.094524 2.310749 0.000000
vt 1.094524 2.145696 0.000000
vt 1.098566 2.145696 0.000000
vt 1.098566 1.980642 0.000000
vt 1.102608 1.980642 0.000000
vt 1.102608 1.760571 0.000000
vt 1.106650 1.760571 0.000000
vt 1.106650 1.540500 0.000000
vt 1.110691 1.540500 0.000000
vt 1.110691 1.320428 0.000000
vt 1.114733 1.320428 0.000000
vt 1.114733 1.155375 0.000000
vt 1.118775 1.155375 0.000000
vt 1.118775 0.990321 0.000000
vt 0.989438 2.558330 0.000000
vt 1.013689 2.558330 0.000000
vt 1.013689 2.475803 0.000000
vt 1.037939 2.475803 0.000000
vt 1.037939 2.310749 0.000000
vt 1.062190 2.310749 0.000000
vt 1.062190 2.145696 0.000000
vt 1.086441 2.145696 0.000000
vt 1.086441 1.980642 0.000000
vt 1.090483 1.980642 0.000000
vt 1.090483 1.760571 0.000000
vt 1.094524 1.760571 0.000000
vt 1.094524 1.540500 0.000000
vt 1.098566 1.540500 0.000000
vt 1.098566 1.320428 0.000000
vt 1.102608 1.320428 0.000000
vt 1.102608 1.155375 0.000000
vt 1.106650 1.155375 0.000000
vt 1.106650 0.990321 0.000000
vt 1.110691 0.990321 0.000000
vt 1.110691 0.825268 0.000000
vt 1.114733 0.825268 0.000000
vt 1.114733 0.660214 0.000000
vt 1.118775 0.660214 0.000000
vt 1.118775 0.440143 0.000000
vt 2.004642 0.660214 0.000000
vt 0.940936 0.990321 0.000000
vt 0.965187 0.990321 0.000000
vt 0.989438 0.990321 0.000000
vt 1.013689 0.990321 0.000000
vt 1.037939 0.990321 0.000000
vt 1.062190 0.990321 0.000000
vt 0.892435 1.540500 0.000000
vt 1.062190 2.475803 0.000000
vt 1.098566 2.558330 0.000000
vt 1.102608 2.558330 0.000000
vt 1.106650 2.558330 0.000000
vt 1.106650 2.475803 0.000000
vt 1.110691 2.475803 0.000000
vt 1.110691 2.310749 0.000000
vt 1.114733 2.310749 0.000000
vt 1.114733 2.145696 0.000000
vt 1.118775 2.145696 0.000000
vt 1.118775 1.980642 0.000000
vt 1.102608 2.475803 0.000000
vt 1.114733 2.475803 0.000000
vt 1.134942 2.475803 0.000000
vt 1.134942 2.310749 0.000000
vt 1.134942 2.145696 0.000000
vt 1.134942 1.980642 0.000000
vt 1.134942 1.760571 0.000000
vt 1.134942 1.540500 0.000000
vt 1.134942 1.320428 0.000000
vt 1.134942 1.155375 0.000000
vt 1.134942 0.990321 0.000000
vt 1.134942 0.825268 0.000000
vt 1.134942 0.660214 0.000000
vt 1.134942 0.440143 0.000000
vt 1.199610 2.475803 0.000000
vt 1.199610 2.310749 0.000000
vt 1.199610 2.145696 0.000000
vt 1.199610 1.980642 0.000000
vt 1.199610 1.760571 0.000000
vt 1.199610 1.540500 0.000000
vt 1.199610 1.320428 0.000000
vt 1.199610 1.155375 0.000000
vt 1.199610 0.990321 0.000000
vt 1.199610 0.825268 0.000000
vt 1.199610 0.660214 0.000000
vt 1.199610 0.440143 0.000000
vt 1.345049 2.475803 0.000000
vt 1.345049 2.310749 0.000000
vt 1.345049 2.145696 0.000000
vt 1.409686 2.475803 0.000000
vt 1.409686 2.310749 0.000000
vt 1.409686 2.145696 0.000000
vt 1.707164 2.475803 0.000000
vt 1.707164 2.310749 0.000000
vt 1.707164 2.145696 0.000000
vt 0.940936 1.760571 0.000000
vt 0.940936 1.540500 0.000000
vt 0.965187 1.760571 0.000000
vt 0.965187 1.540500 0.000000
vt 1.094524 1.980642 0.000000
vt 1.090483 2.145696 0.000000
vt 1.098566 1.760571 0.000000
vt 1.102608 1.540500 0.000000
vt 1.106650 1.320428 0.000000
vt 1.110691 1.155375 0.000000
vt 1.114733 0.990321 0.000000
vt 1.118775 0.825268 0.000000
vt 1.114733 1.980642 0.000000
vt 1.110691 2.145696 0.000000
vt 1.118775 1.760571 0.000000
vt 1.118775 2.310749 0.000000
vt 1.106650 2.310749 0.000000
vt 1.086441 2.310749 0.000000
vt 0.989438 1.540500 0.000000
vt 1.345049 1.155375 0.000000
vt 1.409686 1.155375 0.000000
vt 1.707164 1.155375 0.000000
vt 1.707164 0.660214 0.000000
vt 3.400000 -2.033034 0.000000
vt 3.316773 -2.101040 0.000000
vt 3.400000 -2.395735 0.000000
vt 3.219008 -2.194431 0.000000
vt 3.099568 -2.314352 0.000000
vt 2.956935 -2.458502 0.000000
vt 3.400000 -2.758437 0.000000
vt 2.617197 -2.794371 0.000000
vt 3.400000 -3.121139 0.000000
vt 2.266667 -3.132589 0.000000
vt 1.699996 -3.407480 0.000000
vt 3.400000 -3.483841 0.000000
vt 1.133333 -3.682368 0.000000
vt 3.400000 -3.846542 0.000000
vt 0.834142 -3.943058 0.000000
vt 3.400000 -4.209244 0.000000
vt 0.542949 -4.211822 0.000000
vt 0.263291 -4.492372 0.000000
vt 3.400000 -4.571946 0.000000
vt -0.000000 -4.781927 0.000000
vt 3.400000 -4.934647 0.000000
vt -0.000000 -5.144629 0.000000
vt 3.400000 -5.297349 0.000000
vt -0.000000 -5.507331 0.000000
vt 3.136730 -5.586690 0.000000
vt -0.000000 -5.870032 0.000000
vt 2.857055 -5.867074 0.000000
vt 2.565865 -6.135647 0.000000
vt -0.000000 -6.232734 0.000000
vt 2.266667 -6.396132 0.000000
vt -0.000000 -6.595436 0.000000
vt 1.699996 -6.671023 0.000000
vt -0.000000 -6.958138 0.000000
vt 1.133333 -6.945911 0.000000
vt 0.782819 -7.284398 0.000000
vt -0.000000 -7.320839 0.000000
vt 0.443078 -7.620509 0.000000
vt -0.000000 -7.683541 0.000000
vt 0.300438 -7.764759 0.000000
vt 0.180991 -7.884759 0.000000
vt -0.000000 -8.046243 0.000000
vt 0.083224 -7.978206 0.000000
vt 3.400000 1.632158 0.000000
vt 3.316773 1.564152 0.000000
vt 3.400000 1.269456 0.000000
vt 3.219008 1.470760 0.000000
vt 3.099568 1.350840 0.000000
vt 2.956935 1.206690 0.000000
vt 3.400000 0.906754 0.000000
vt 2.617197 0.870821 0.000000
vt 3.400000 0.544053 0.000000
vt 2.266667 0.532603 0.000000
vt 1.699996 0.257711 0.000000
vt 3.400000 0.181351 0.000000
vt 1.133333 -0.017176 0.000000
vt 3.400000 -0.181351 0.000000
vt 0.834142 -0.277866 0.000000
vt 3.400000 -0.544053 0.000000
vt 0.542949 -0.546630 0.000000
vt 0.263291 -0.827181 0.000000
vt 3.400000 -0.906754 0.000000
vt -0.000000 -1.116736 0.000000
vt 3.400000 -1.269456 0.000000
vt -0.000000 -1.479438 0.000000
vt 3.400000 -1.632158 0.000000
vt -0.000000 -1.842139 0.000000
vt 3.136730 -1.921499 0.000000
vt -0.000000 -2.204841 0.000000
vt 2.857055 -2.201883 0.000000
vt 2.565865 -2.470456 0.000000
vt -0.000000 -2.567543 0.000000
vt 2.266667 -2.730941 0.000000
vt -0.000000 -2.930244 0.000000
vt 1.699996 -3.005832 0.000000
vt -0.000000 -3.292946 0.000000
vt 1.133333 -3.280720 0.000000
vt 0.782819 -3.619206 0.000000
vt -0.000000 -3.655648 0.000000
vt 0.443078 -3.955318 0.000000
vt -0.000000 -4.018350 0.000000
vt 0.300438 -4.099568 0.000000
vt 0.180991 -4.219568 0.000000
vt -0.000000 -4.381051 0.000000
vt 0.083224 -4.313015 0.000000
vt 2.565865 1.194736 0.000000
vt -0.000000 1.097649 0.000000
vt 2.266667 0.934251 0.000000
vt -0.000000 0.734947 0.000000
vt 1.699996 0.659359 0.000000
vt -0.000000 0.372245 0.000000
vt 1.133333 0.384472 0.000000
vt 0.782819 0.045985 0.000000
vt -0.000000 0.009544 0.000000
vt 0.443078 -0.290126 0.000000
vt -0.000000 -0.353158 0.000000
vt 0.300438 -0.434376 0.000000
vt 0.180991 -0.554376 0.000000
vt -0.000000 -0.715860 0.000000
vt 0.083224 -0.647824 0.000000
vt -0.000000 1.460350 0.000000
vt 2.857055 1.463308 0.000000
vt 3.136730 1.743693 0.000000
vt -0.000000 1.823052 0.000000
vt 3.400000 2.033034 0.000000
vt -0.000000 2.185754 0.000000
vt 3.400000 2.395735 0.000000
vt -0.000000 2.548456 0.000000
vt 3.400000 2.758437 0.000000
vt 0.263291 2.838010 0.000000
vt 3.400000 3.121139 0.000000
vt 0.542949 3.118561 0.000000
vt 0.834142 3.387325 0.000000
vt 3.400000 3.483841 0.000000
vt 1.133333 3.648015 0.000000
vt 3.400000 3.846542 0.000000
vt 1.699996 3.922903 0.000000
vt 3.400000 4.209244 0.000000
vt 2.266667 4.197794 0.000000
vt 2.617197 4.536012 0.000000
vt 3.400000 4.571946 0.000000
vt 2.956935 4.871881 0.000000
vt 3.400000 4.934647 0.000000
vt 3.099568 5.016031 0.000000
vt 3.219008 5.135952 0.000000
vt 3.316773 5.229343 0.000000
vt 3.400000 5.297349 0.000000
vt 4.016952 1.620036 0.000000
vt 3.543064 1.216589 0.000000
vt 4.016952 0.810012 0.000000
vt 3.543064 0.810012 0.000000
vt 3.543064 0.406571 0.000000
vt 3.069176 0.810012 0.000000
vt 3.069176 0.406571 0.000000
vt 2.595288 0.810012 0.000000
vt 2.595288 0.406571 0.000000
vt 2.121400 0.810012 0.000000
vt 2.121400 0.406571 0.000000
vt 2.107295 0.810012 0.000000
vt 2.107295 0.406571 0.000000
vt 2.093190 0.810012 0.000000
vt 2.093190 0.406571 0.000000
vt 2.079085 0.810012 0.000000
vt 2.079085 0.406571 0.000000
vt 2.064981 0.810012 0.000000
vt 2.064981 0.406571 0.000000
vt 2.050876 0.810012 0.000000
vt 2.050876 0.406571 0.000000
vt 2.036771 0.810012 0.000000
vt 2.036771 0.406571 0.000000
vt 2.022666 0.810012 0.000000
vt 2.022666 0.406571 0.000000
vt 2.008561 0.810012 0.000000
vt 2.008561 0.406571 0.000000
vt 1.994456 0.810012 0.000000
vt 1.994456 0.406571 0.000000
vt 1.980352 0.810012 0.000000
vt 1.980352 0.406571 0.000000
vt 1.966247 0.810012 0.000000
vt 1.966247 0.406571 0.000000
vt 1.952142 0.810012 0.000000
vt 1.952142 0.406571 0.000000
vt 1.938037 0.810012 0.000000
vt 1.938037 0.406571 0.000000
vt 1.923932 0.810012 0.000000
vt 1.923932 0.406571 0.000000
vt 1.909827 0.810012 0.000000
vt 1.909827 0.406571 0.000000
vt 1.895723 0.810012 0.000000
vt 1.895723 0.406571 0.000000
vt 1.421792 0.810012 0.000000
vt 1.421792 0.406571 0.000000
vt 0.947861 0.810012 0.000000
vt 0.947861 0.406571 0.000000
vt 0.473931 0.810012 0.000000
vt 0.473931 0.406571 0.000000
vt 0.000000 0.810012 0.000000
vt 0.000000 0.000000 0.000000
vt 3.069176 1.216589 0.000000
vt 2.121400 1.620036 0.000000
vt 2.595288 1.216589 0.000000
vt 2.121400 1.216589 0.000000
vt 2.107295 1.620036 0.000000
vt 2.107295 1.216589 0.000000
vt 2.093190 1.620036 0.000000
vt 2.093190 1.216589 0.000000
vt 2.079085 1.620036 0.000000
vt 2.079085 1.216589 0.000000
vt 2.064981 1.620036 0.000000
vt 2.064981 1.216589 0.000000
vt 2.050876 1.620036 0.000000
vt 2.050876 1.216589 0.000000
vt 2.036771 1.620036 0.000000
vt 2.036771 1.216589 0.000000
vt 2.022666 1.620036 0.000000
vt 2.022666 1.216589 0.000000
vt 2.008561 1.620036 0.000000
vt 2.008561 1.216589 0.000000
vt 1.994456 1.620036 0.000000
vt 1.994456 1.216589 0.000000
vt 1.980352 1.620036 0.000000
vt 1.980352 1.216589 0.000000
vt 1.966247 1.620036 0.000000
vt 1.966247 1.216589 0.000000
vt 1.952142 1.620036 0.000000
vt 1.952142 1.216589 0.000000
vt 1.938037 1.620036 0.000000
vt 1.938037 1.216589 0.000000
vt 1.923932 1.620036 0.000000
vt 1.923932 1.216589 0.000000
vt 1.909827 1.620036 0.000000
vt 1.909827 1.216589 0.000000
vt 1.895723 1.620036 0.000000
vt 1.895723 1.216589 0.000000
vt 1.419522 1.620036 0.000000
vt 1.421792 1.216589 0.000000
vt 0.000000 1.620036 0.000000
vt 0.473931 1.216589 0.000000
vt 0.947861 1.216589 0.000000
vt 1.557203 0.000000 0.000000
vt 1.895723 0.000000 0.000000
vt 1.909807 0.000000 0.000000
vt 1.923900 0.000000 0.000000
vt 1.938033 0.000000 0.000000
vt 1.952176 0.000000 0.000000
vt 1.966297 0.000005 0.000000
vt 1.980459 0.000105 0.000000
vt 1.994466 0.000052 0.000000
vt 2.008491 0.000000 0.000000
vt 2.022673 0.000050 0.000000
vt 2.036882 0.000108 0.000000
vt 2.050926 0.000004 0.000000
vt 2.065013 0.000000 0.000000
vt 2.079082 0.000000 0.000000
vt 2.093160 0.000000 0.000000
vt 2.107275 0.000000 0.000000
vt 2.121400 0.000000 0.000000
vt 2.594671 0.000000 0.000000
vt 4.016952 0.000000 0.000000
vt 4.016952 1.620036 0.000000
vt 3.543064 1.216589 0.000000
vt 4.016952 0.810012 0.000000
vt 3.543064 0.810012 0.000000
vt 3.543064 0.406571 0.000000
vt 3.069176 0.810012 0.000000
vt 3.069176 0.406571 0.000000
vt 2.595288 0.810012 0.000000
vt 2.595288 0.406571 0.000000
vt 2.121400 0.810012 0.000000
vt 2.121400 0.406571 0.000000
vt 2.107295 0.810012 0.000000
vt 2.107295 0.406571 0.000000
vt 2.093190 0.810012 0.000000
vt 2.093190 0.406571 0.000000
vt 2.079085 0.810012 0.000000
vt 2.079085 0.406571 0.000000
vt 2.064981 0.810012 0.000000
vt 2.064981 0.406571 0.000000
vt 2.050876 0.810012 0.000000
vt 2.050876 0.406571 0.000000
vt 2.036771 0.810012 0.000000
vt 2.036771 0.406571 0.000000
vt 2.022666 0.810012 0.000000
vt 2.022666 0.406571 0.000000
vt 2.008561 0.810012 0.000000
vt 2.008561 0.406571 0.000000
vt 1.994456 0.810012 0.000000
vt 1.994456 0.406571 0.000000
vt 1.980352 0.810012 0.000000
vt 1.980352 0.406571 0.000000
vt 1.966247 0.810012 0.000000
vt 1.966247 0.406571 0.000000
vt 1.952142 0.810012 0.000000
vt 1.952142 0.406571 0.000000
vt 1.938037 0.810012 0.000000
vt 1.938037 0.406571 0.000000
vt 1.923932 0.810012 0.000000
vt 1.923932 0.406571 0.000000
vt 1.909827 0.810012 0.000000
vt 1.909827 0.406571 0.000000
vt 1.895723 0.810012 0.000000
vt 1.895723 0.406571 0.000000
vt 1.421792 0.810012 0.000000
vt 1.421792 0.406571 0.000000
vt 0.947861 0.810012 0.000000
vt 0.947861 0.406571 0.000000
vt 0.473931 0.810012 0.000000
vt 0.473931 0.406571 0.000000
vt 0.000000 0.810012 0.000000
vt 0.000000 0.000000 0.000000
vt 3.069176 1.216589 0.000000
vt 2.121400 1.620036 0.000000
vt 2.595288 1.216589 0.000000
vt 2.121400 1.216589 0.000000
vt 2.107295 1.620036 0.000000
vt 2.107295 1.216589 0.000000
vt 2.093190 1.620036 0.000000
vt 2.093190 1.216589 0.000000
vt 2.079085 1.620036 0.000000
vt 2.079085 1.216589 0.000000
vt 2.064981 1.620036 0.000000
vt 2.064981 1.216589 0.000000
vt 2.050876 1.620036 0.000000
vt 2.050876 1.216589 0.000000
vt 2.036771 1.620036 0.000000
vt 2.036771 1.216589 0.000000
vt 2.022666 1.620036 0.000000
vt 2.022666 1.216589 0.000000
vt 2.008561 1.620036 0.000000
vt 2.008561 1.216589 0.000000
vt 1.994456 1.620036 0.000000
vt 1.994456 1.216589 0.000000
vt 1.980352 1.620036 0.000000
vt 1.980352 1.216589 0.000000
vt 1.966247 1.620036 0.000000
vt 1.966247 1.216589 0.000000
vt 1.952142 1.620036 0.000000
vt 1.952142 1.216589 0.000000
vt 1.938037 1.620036 0.000000
vt 1.938037 1.216589 0.000000
vt 1.923932 1.620036 0.000000
vt 1.923932 1.216589 0.000000
vt 1.909827 1.620036 0.000000
vt 1.909827 1.216589 0.000000
vt 1.895723 1.620036 0.000000
vt 1.895723 1.216589 0.000000
vt 1.419522 1.620036 0.000000
vt 1.421792 1.216589 0.000000
vt 0.000000 1.620036 0.000000
vt 0.473931 1.216589 0.000000
vt 0.947861 1.216589 0.000000
vt 1.557203 0.000000 0.000000
vt 1.895723 0.000000 0.000000
vt 1.909807 0.000000 0.000000
vt 1.923900 0.000000 0.000000
vt 1.938033 0.000000 0.000000
vt 1.952176 0.000000 0.000000
vt 1.966297 0.000005 0.000000
vt 1.980459 0.000105 0.000000
vt 1.994466 0.000052 0.000000
vt 2.008491 0.000000 0.000000
vt 2.022673 0.000050 0.000000
vt 2.036882 0.000108 0.000000
vt 2.050926 0.000004 0.000000
vt 2.065013 0.000000 0.000000
vt 2.079082 0.000000 0.000000
vt 2.093160 0.000000 0.000000
vt 2.107275 0.000000 0.000000
vt 2.121400 0.000000 0.000000
vt 2.594671 0.000000 0.000000
vt 4.016952 0.000000 0.000000
vt -2.243398 1.824019 0.000000
vt -2.004348 2.310804 0.000000
vt -2.301783 2.640919 0.000000
vt -2.004348 2.475862 0.000000
vt -1.706914 2.475862 0.000000
vt -1.706914 2.310804 0.000000
vt -1.409479 2.310804 0.000000
vt -1.409479 2.145747 0.000000
vt -1.344820 2.145747 0.000000
vt -1.344820 1.980689 0.000000
vt -1.280161 1.980689 0.000000
vt -1.280161 1.760613 0.000000
vt -1.215501 1.760613 0.000000
vt -1.215501 1.540536 0.000000
vt -1.207419 1.540536 0.000000
vt -1.207419 1.320460 0.000000
vt -1.199337 1.320460 0.000000
vt -1.199337 1.155402 0.000000
vt -1.183172 1.155402 0.000000
vt -1.183172 0.990345 0.000000
vt -1.167007 0.990345 0.000000
vt -1.167007 0.825287 0.000000
vt -1.150843 0.825287 0.000000
vt -1.150843 0.660230 0.000000
vt -1.134678 0.660230 0.000000
vt -1.134678 0.577701 0.000000
vt -1.126596 0.577701 0.000000
vt -1.126596 0.495172 0.000000
vt -1.122555 0.495172 0.000000
vt -1.122555 0.330115 0.000000
vt -1.118513 0.330115 0.000000
vt -1.118513 0.165057 0.000000
vt -1.114472 0.165057 0.000000
vt -1.114472 0.082529 0.000000
vt -1.110431 0.082529 0.000000
vt -1.118513 0.000000 0.000000
vt -1.086184 0.000000 0.000000
vt -2.198161 1.032435 0.000000
vt -2.004348 1.320460 0.000000
vt -2.004348 1.540536 0.000000
vt -2.004348 1.760613 0.000000
vt -1.706914 1.540536 0.000000
vt -1.706914 1.760613 0.000000
vt -1.409479 1.540536 0.000000
vt -1.409479 1.760613 0.000000
vt -1.344820 1.540536 0.000000
vt -1.344820 1.760613 0.000000
vt -1.280161 1.540536 0.000000
vt -2.191244 0.700050 0.000000
vt -2.004348 0.825287 0.000000
vt -2.004348 0.990345 0.000000
vt -2.004348 1.155402 0.000000
vt -1.706914 0.990345 0.000000
vt -1.706914 1.155402 0.000000
vt -1.409479 0.990345 0.000000
vt -1.409479 1.155402 0.000000
vt -1.344820 0.990345 0.000000
vt -1.344820 1.155402 0.000000
vt -1.280161 0.990345 0.000000
vt -1.280161 1.155402 0.000000
vt -1.215501 0.990345 0.000000
vt -1.215501 1.155402 0.000000
vt -1.207419 0.990345 0.000000
vt -1.207419 1.155402 0.000000
vt -1.199337 0.990345 0.000000
vt -2.201442 0.421756 0.000000
vt -2.004348 0.577701 0.000000
vt -2.004348 0.660230 0.000000
vt -1.706914 0.660230 0.000000
vt -1.706914 0.825287 0.000000
vt -1.409479 0.660230 0.000000
vt -1.409479 0.825287 0.000000
vt -1.344820 0.660230 0.000000
vt -1.344820 0.825287 0.000000
vt -1.280161 0.660230 0.000000
vt -1.280161 0.825287 0.000000
vt -1.215501 0.660230 0.000000
vt -1.215501 0.825287 0.000000
vt -1.207419 0.660230 0.000000
vt -1.207419 0.825287 0.000000
vt -1.199337 0.660230 0.000000
vt -1.199337 0.825287 0.000000
vt -1.183172 0.660230 0.000000
vt -1.183172 0.825287 0.000000
vt -1.167007 0.660230 0.000000
vt -2.234227 0.193918 0.000000
vt -2.004348 0.330115 0.000000
vt -2.004348 0.495172 0.000000
vt -1.706914 0.495172 0.000000
vt -1.706914 0.577701 0.000000
vt -1.409479 0.495172 0.000000
vt -1.409479 0.577701 0.000000
vt -1.344820 0.495172 0.000000
vt -1.344820 0.577701 0.000000
vt -1.280161 0.495172 0.000000
vt -1.280161 0.577701 0.000000
vt -1.215501 0.495172 0.000000
vt -1.215501 0.577701 0.000000
vt -1.207419 0.495172 0.000000
vt -1.207419 0.577701 0.000000
vt -1.199337 0.495172 0.000000
vt -1.199337 0.577701 0.000000
vt -1.183172 0.495172 0.000000
vt -1.183172 0.577701 0.000000
vt -1.167007 0.495172 0.000000
vt -1.167007 0.577701 0.000000
vt -1.150843 0.495172 0.000000
vt -1.150843 0.577701 0.000000
vt -1.134678 0.495172 0.000000
vt -2.301783 0.000000 0.000000
vt -2.004348 0.082529 0.000000
vt -2.004348 0.165057 0.000000
vt -1.706914 0.165057 0.000000
vt -1.706914 0.330115 0.000000
vt -1.409479 0.165057 0.000000
vt -1.409479 0.330115 0.000000
vt -1.344820 0.165057 0.000000
vt -1.344820 0.330115 0.000000
vt -1.280161 0.165057 0.000000
vt -1.280161 0.330115 0.000000
vt -1.215501 0.165057 0.000000
vt -1.215501 0.330115 0.000000
vt -1.207419 0.165057 0.000000
vt -1.207419 0.330115 0.000000
vt -1.199337 0.165057 0.000000
vt -1.199337 0.330115 0.000000
vt -1.183172 0.165057 0.000000
vt -1.183172 0.330115 0.000000
vt -1.167007 0.165057 0.000000
vt -1.167007 0.330115 0.000000
vt -1.150843 0.165057 0.000000
vt -1.150843 0.330115 0.000000
vt -1.134678 0.165057 0.000000
vt -1.134678 0.330115 0.000000
vt -1.126596 0.165057 0.000000
vt -1.126596 0.330115 0.000000
vt -1.122555 0.165057 0.000000
vt -1.409479 0.000000 0.000000
vt -1.706914 0.082529 0.000000
vt -1.409479 0.082529 0.000000
vt -1.360985 0.000000 0.000000
vt -1.344820 0.082529 0.000000
vt -1.312490 0.000000 0.000000
vt -1.280161 0.082529 0.000000
vt -1.263996 0.000000 0.000000
vt -1.215501 0.082529 0.000000
vt -1.215501 0.000000 0.000000
vt -1.207419 0.082529 0.000000
vt -1.199337 0.082529 0.000000
vt -1.183172 0.000000 0.000000
vt -1.183172 0.082529 0.000000
vt -1.167007 0.082529 0.000000
vt -1.150843 0.000000 0.000000
vt -1.150843 0.082529 0.000000
vt -1.134678 0.082529 0.000000
vt -1.126596 0.082529 0.000000
vt -1.037714 0.000000 0.000000
vt -1.086184 0.082529 0.000000
vt -1.090225 0.082529 0.000000
vt -1.094267 0.082529 0.000000
vt -1.094267 0.165057 0.000000
vt -1.098308 0.165057 0.000000
vt -1.098308 0.330115 0.000000
vt -1.102349 0.330115 0.000000
vt -1.102349 0.495172 0.000000
vt -1.106390 0.495172 0.000000
vt -1.106390 0.577701 0.000000
vt -1.110431 0.577701 0.000000
vt -1.110431 0.660230 0.000000
vt -1.114472 0.660230 0.000000
vt -1.114472 0.825287 0.000000
vt -1.118513 0.825287 0.000000
vt -1.118513 0.990345 0.000000
vt -1.122555 0.990345 0.000000
vt -1.122555 1.155402 0.000000
vt -1.126596 1.155402 0.000000
vt -1.126596 1.320460 0.000000
vt -1.134678 1.320460 0.000000
vt -1.134678 1.540536 0.000000
vt -1.150843 1.540536 0.000000
vt -1.150843 1.760613 0.000000
vt -1.167007 1.760613 0.000000
vt -1.167007 1.980689 0.000000
vt -1.183172 1.980689 0.000000
vt -1.183172 2.145747 0.000000
vt -1.199337 2.145747 0.000000
vt -1.199337 2.310804 0.000000
vt -1.207419 2.310804 0.000000
vt -1.207419 2.475862 0.000000
vt -1.215501 2.475862 0.000000
vt -1.215501 2.640919 0.000000
vt -1.280161 2.475862 0.000000
vt -1.409479 2.640919 0.000000
vt -1.344820 2.475862 0.000000
vt -1.409479 2.475862 0.000000
vt -1.344820 2.310804 0.000000
vt -0.989244 0.000000 0.000000
vt -1.037714 0.082529 0.000000
vt -1.061949 0.082529 0.000000
vt -1.086184 0.165057 0.000000
vt -1.090225 0.165057 0.000000
vt -1.090225 0.330115 0.000000
vt -1.094267 0.330115 0.000000
vt -1.094267 0.495172 0.000000
vt -1.098308 0.495172 0.000000
vt -1.098308 0.577701 0.000000
vt -1.102349 0.577701 0.000000
vt -1.102349 0.660230 0.000000
vt -1.106390 0.660230 0.000000
vt -1.106390 0.825287 0.000000
vt -1.110431 0.825287 0.000000
vt -1.110431 0.990345 0.000000
vt -1.114472 0.990345 0.000000
vt -1.114472 1.155402 0.000000
vt -1.118513 1.155402 0.000000
vt -1.118513 1.320460 0.000000
vt -1.122555 1.320460 0.000000
vt -1.122555 1.540536 0.000000
vt -1.126596 1.540536 0.000000
vt -1.126596 1.760613 0.000000
vt -1.134678 1.760613 0.000000
vt -1.134678 1.980689 0.000000
vt -1.150843 1.980689 0.000000
vt -1.150843 2.145747 0.000000
vt -1.167007 2.145747 0.000000
vt -1.167007 2.310804 0.000000
vt -1.183172 2.310804 0.000000
vt -1.183172 2.475862 0.000000
vt -1.199337 2.475862 0.000000
vt -1.191254 2.640919 0.000000
vt -1.199337 2.640919 0.000000
vt -0.940774 0.000000 0.000000
vt -0.965009 0.082529 0.000000
vt -0.989244 0.082529 0.000000
vt -1.013479 0.082529 0.000000
vt -1.013479 0.165057 0.000000
vt -1.037714 0.165057 0.000000
vt -1.037714 0.330115 0.000000
vt -1.061949 0.330115 0.000000
vt -1.061949 0.495172 0.000000
vt -1.086184 0.495172 0.000000
vt -1.086184 0.577701 0.000000
vt -1.090225 0.577701 0.000000
vt -1.090225 0.660230 0.000000
vt -1.094267 0.660230 0.000000
vt -1.094267 0.825287 0.000000
vt -1.098308 0.825287 0.000000
vt -1.098308 0.990345 0.000000
vt -1.102349 0.990345 0.000000
vt -1.102349 1.155402 0.000000
vt -1.106390 1.155402 0.000000
vt -1.106390 1.320460 0.000000
vt -1.110431 1.320460 0.000000
vt -1.110431 1.540536 0.000000
vt -1.114472 1.540536 0.000000
vt -1.114472 1.760613 0.000000
vt -1.118513 1.760613 0.000000
vt -1.118513 1.980689 0.000000
vt -1.122555 1.980689 0.000000
vt -1.122555 2.145747 0.000000
vt -1.126596 2.145747 0.000000
vt -1.126596 2.310804 0.000000
vt -1.134678 2.310804 0.000000
vt -1.134678 2.475862 0.000000
vt -1.150843 2.475862 0.000000
vt -1.142760 2.640919 0.000000
vt -1.150843 2.640919 0.000000
vt -0.940774 0.082529 0.000000
vt -0.892304 0.000000 0.000000
vt -0.892304 0.082529 0.000000
vt -0.000000 0.000000 0.000000
vt -0.114435 0.613341 0.000000
vt -0.096428 1.265066 0.000000
vt -0.892304 0.825287 0.000000
vt -0.892304 0.660230 0.000000
vt -0.892304 0.577701 0.000000
vt -0.940774 0.660230 0.000000
vt -0.940774 0.577701 0.000000
vt -0.965009 0.660230 0.000000
vt -0.965009 0.577701 0.000000
vt -0.989244 0.660230 0.000000
vt -0.989244 0.577701 0.000000
vt -1.013479 0.660230 0.000000
vt -1.013479 0.577701 0.000000
vt -1.037714 0.660230 0.000000
vt -1.037714 0.577701 0.000000
vt -1.061949 0.660230 0.000000
vt -1.061949 0.577701 0.000000
vt -1.086184 0.660230 0.000000
vt -0.051222 1.943725 0.000000
vt -0.892304 1.540536 0.000000
vt -0.892304 1.320460 0.000000
vt -0.892304 1.155402 0.000000
vt -0.940774 1.320460 0.000000
vt -0.940774 1.155402 0.000000
vt -0.965009 1.320460 0.000000
vt -0.965009 1.155402 0.000000
vt -0.989244 1.320460 0.000000
vt -0.989244 1.155402 0.000000
vt -1.013479 1.320460 0.000000
vt -1.013479 1.155402 0.000000
vt -1.037714 1.320460 0.000000
vt -1.037714 1.155402 0.000000
vt -1.061949 1.320460 0.000000
vt -1.061949 1.155402 0.000000
vt -1.086184 1.320460 0.000000
vt -1.086184 1.155402 0.000000
vt -1.090225 1.320460 0.000000
vt -1.090225 1.155402 0.000000
vt -1.094267 1.320460 0.000000
vt -1.094267 1.155402 0.000000
vt -1.098308 1.320460 0.000000
vt -1.098308 1.155402 0.000000
vt -1.102349 1.320460 0.000000
vt -0.000000 2.640919 0.000000
vt -0.814992 2.640919 0.000000
vt -0.892304 1.980689 0.000000
vt -0.892304 1.760613 0.000000
vt -0.940774 1.980689 0.000000
vt -0.940774 1.760613 0.000000
vt -0.965009 1.980689 0.000000
vt -0.965009 1.760613 0.000000
vt -0.989244 1.980689 0.000000
vt -0.989244 1.760613 0.000000
vt -1.013479 1.980689 0.000000
vt -1.013479 1.760613 0.000000
vt -1.037714 1.980689 0.000000
vt -1.037714 1.760613 0.000000
vt -1.061949 1.980689 0.000000
vt -1.061949 1.760613 0.000000
vt -1.086184 1.980689 0.000000
vt -1.086184 1.760613 0.000000
vt -1.090225 1.980689 0.000000
vt -1.090225 1.760613 0.000000
vt -1.094267 1.980689 0.000000
vt -1.094267 1.760613 0.000000
vt -1.098308 1.980689 0.000000
vt -1.098308 1.760613 0.000000
vt -1.102349 1.980689 0.000000
vt -1.102349 1.760613 0.000000
vt -1.106390 1.980689 0.000000
vt -1.106390 1.760613 0.000000
vt -1.110431 1.980689 0.000000
vt -1.110431 1.760613 0.000000
vt -1.114472 1.980689 0.000000
vt -1.086184 2.640919 0.000000
vt -0.940774 2.475862 0.000000
vt -0.892304 2.475862 0.000000
vt -0.892304 2.310804 0.000000
vt -0.940774 2.310804 0.000000
vt -0.965009 2.475862 0.000000
vt -0.965009 2.310804 0.000000
vt -0.989244 2.475862 0.000000
vt -0.989244 2.310804 0.000000
vt -1.013479 2.475862 0.000000
vt -1.013479 2.310804 0.000000
vt -1.037714 2.475862 0.000000
vt -1.037714 2.310804 0.000000
vt -1.061949 2.475862 0.000000
vt -1.061949 2.310804 0.000000
vt -1.086184 2.475862 0.000000
vt -1.086184 2.310804 0.000000
vt -1.090225 2.475862 0.000000
vt -1.090225 2.310804 0.000000
vt -1.094267 2.475862 0.000000
vt -1.094267 2.310804 0.000000
vt -1.098308 2.475862 0.000000
vt -1.098308 2.310804 0.000000
vt -1.102349 2.475862 0.000000
vt -1.102349 2.310804 0.000000
vt -1.106390 2.475862 0.000000
vt -1.106390 2.310804 0.000000
vt -1.110431 2.475862 0.000000
vt -1.110431 2.310804 0.000000
vt -1.114472 2.475862 0.000000
vt -1.114472 2.310804 0.000000
vt -1.118513 2.475862 0.000000
vt -1.118513 2.310804 0.000000
vt -1.122555 2.475862 0.000000
vt -1.122555 2.310804 0.000000
vt -1.126596 2.475862 0.000000
vt -1.094267 2.640919 0.000000
vt -1.102349 2.640919 0.000000
vt -1.110431 2.640919 0.000000
vt -1.118513 2.640919 0.000000
vt -1.126596 2.640919 0.000000
vt -1.134678 2.640919 0.000000
vt -1.158925 2.640919 0.000000
vt -1.167007 2.475862 0.000000
vt -1.150843 2.310804 0.000000
vt -1.167007 2.640919 0.000000
vt -1.175090 2.640919 0.000000
vt -1.183172 2.640919 0.000000
vt -1.207419 2.640919 0.000000
vt -0.892304 0.165057 0.000000
vt -0.940774 0.165057 0.000000
vt -0.965009 0.165057 0.000000
vt -0.989244 0.165057 0.000000
vt -0.892304 0.495172 0.000000
vt -0.940774 0.495172 0.000000
vt -0.965009 0.495172 0.000000
vt -0.989244 0.495172 0.000000
vt -1.013479 0.495172 0.000000
vt -1.037714 0.495172 0.000000
vt -1.706914 1.320460 0.000000
vt -1.409479 1.320460 0.000000
vt -1.344820 1.320460 0.000000
vt -1.280161 1.320460 0.000000
vt -1.215501 1.320460 0.000000
vt -0.892304 0.990345 0.000000
vt -0.940774 0.990345 0.000000
vt -0.965009 0.990345 0.000000
vt -0.989244 0.990345 0.000000
vt -1.013479 0.990345 0.000000
vt -1.037714 0.990345 0.000000
vt -1.061949 0.990345 0.000000
vt -1.086184 0.990345 0.000000
vt -1.090225 0.990345 0.000000
vt -1.094267 0.990345 0.000000
vt -0.940774 1.540536 0.000000
vt -0.965009 1.540536 0.000000
vt -0.989244 1.540536 0.000000
vt -1.013479 1.540536 0.000000
vt -1.037714 1.540536 0.000000
vt -1.061949 1.540536 0.000000
vt -1.086184 1.540536 0.000000
vt -1.090225 1.540536 0.000000
vt -1.094267 1.540536 0.000000
vt -1.098308 1.540536 0.000000
vt -1.102349 1.540536 0.000000
vt -1.106390 1.540536 0.000000
vt -2.004348 2.145747 0.000000
vt -2.004348 1.980689 0.000000
vt -1.280161 2.310804 0.000000
vt -1.280161 2.145747 0.000000
vt -1.215501 2.310804 0.000000
vt -1.215501 2.145747 0.000000
vt -1.215501 1.980689 0.000000
vt -0.892304 2.145747 0.000000
vt -0.940774 2.145747 0.000000
vt -0.965009 2.145747 0.000000
vt -0.989244 2.145747 0.000000
vt -1.013479 2.145747 0.000000
vt -1.037714 2.145747 0.000000
vt -1.061949 2.145747 0.000000
vt -1.086184 2.145747 0.000000
vt -1.090225 2.145747 0.000000
vt -1.094267 2.145747 0.000000
vt -1.098308 2.145747 0.000000
vt -1.102349 2.145747 0.000000
vt -1.106390 2.145747 0.000000
vt -1.110431 2.145747 0.000000
vt -1.114472 2.145747 0.000000
vt -1.118513 2.145747 0.000000
vt -1.126596 1.980689 0.000000
vt -1.122555 1.760613 0.000000
vt -1.134678 2.145747 0.000000
vt -1.199337 1.980689 0.000000
vt -1.183172 1.760613 0.000000
vt -1.199337 1.760613 0.000000
vt -1.183172 1.540536 0.000000
vt -1.199337 1.540536 0.000000
vt -1.183172 1.320460 0.000000
vt -1.207419 1.980689 0.000000
vt -1.207419 1.760613 0.000000
vt -1.207419 2.145747 0.000000
vt -1.409479 1.980689 0.000000
vt -1.706914 1.980689 0.000000
vt -1.706914 2.145747 0.000000
vt -1.167007 1.540536 0.000000
vt -1.150843 1.320460 0.000000
vt -1.134678 1.155402 0.000000
vt -1.126596 0.990345 0.000000
vt -1.122555 0.825287 0.000000
vt -1.118513 0.660230 0.000000
vt -1.114472 0.577701 0.000000
vt -1.110431 0.495172 0.000000
vt -1.106390 0.330115 0.000000
vt -1.102349 0.165057 0.000000
vt -1.098308 0.082529 0.000000
vt -1.118513 1.540536 0.000000
vt -1.114472 1.320460 0.000000
vt -1.110431 1.155402 0.000000
vt -1.106390 0.990345 0.000000
vt -1.102349 0.825287 0.000000
vt -1.098308 0.660230 0.000000
vt -1.094267 0.577701 0.000000
vt -1.090225 0.495172 0.000000
vt -1.086184 0.330115 0.000000
vt -1.061949 0.165057 0.000000
vt -0.940774 0.825287 0.000000
vt -0.965009 0.825287 0.000000
vt -0.989244 0.825287 0.000000
vt -1.013479 0.825287 0.000000
vt -1.037714 0.825287 0.000000
vt -1.061949 0.825287 0.000000
vt -1.086184 0.825287 0.000000
vt -1.090225 0.825287 0.000000
vt -1.150843 1.155402 0.000000
vt -1.134678 0.990345 0.000000
vt -1.150843 0.990345 0.000000
vt -1.134678 0.825287 0.000000
vt -1.167007 1.155402 0.000000
vt -1.167007 1.320460 0.000000
vt -1.126596 0.825287 0.000000
vt -1.122555 0.660230 0.000000
vt -1.118513 0.577701 0.000000
vt -1.114472 0.495172 0.000000
vt -1.110431 0.330115 0.000000
vt -1.106390 0.165057 0.000000
vt -1.102349 0.082529 0.000000
vt -1.126596 0.660230 0.000000
vt -1.122555 0.577701 0.000000
vt -1.118513 0.495172 0.000000
vt -1.114472 0.330115 0.000000
vt -1.110431 0.165057 0.000000
vt -1.106390 0.082529 0.000000
vt -1.013479 0.330115 0.000000
vt -0.989244 0.330115 0.000000
vt -0.965009 0.330115 0.000000
vt -0.940774 0.330115 0.000000
vt -0.892304 0.330115 0.000000
vt -1.122555 0.082529 0.000000
vt -1.118513 0.082529 0.000000
vt -2.243398 1.824019 0.000000
vt -2.004348 2.310804 0.000000
vt -2.301783 2.640919 0.000000
vt -2.004348 2.475862 0.000000
vt -1.706914 2.475862 0.000000
vt -1.706914 2.310804 0.000000
vt -1.409479 2.310804 0.000000
vt -1.409479 2.145747 0.000000
vt -1.344820 2.145747 0.000000
vt -1.344820 1.980689 0.000000
vt -1.280161 1.980689 0.000000
vt -1.280161 1.760613 0.000000
vt -1.215501 1.760613 0.000000
vt -1.215501 1.540536 0.000000
vt -1.207419 1.540536 0.000000
vt -1.207419 1.320460 0.000000
vt -1.199337 1.320460 0.000000
vt -1.199337 1.155402 0.000000
vt -1.183172 1.155402 0.000000
vt -1.183172 0.990345 0.000000
vt -1.167007 0.990345 0.000000
vt -1.167007 0.825287 0.000000
vt -1.150843 0.825287 0.000000
vt -1.150843 0.660230 0.000000
vt -1.134678 0.660230 0.000000
vt -1.134678 0.577701 0.000000
vt -1.126596 0.577701 0.000000
vt -1.126596 0.495172 0.000000
vt -1.122555 0.495172 0.000000
vt -1.122555 0.330115 0.000000
vt -1.118513 0.330115 0.000000
vt -1.118513 0.165057 0.000000
vt -1.114472 0.165057 0.000000
vt -1.114472 0.082529 0.000000
vt -1.110431 0.082529 0.000000
vt -1.118513 0.000000 0.000000
vt -1.086184 0.000000 0.000000
vt -2.198161 1.032435 0.000000
vt -2.004348 1.320460 0.000000
vt -2.004348 1.540536 0.000000
vt -2.004348 1.760613 0.000000
vt -1.706914 1.540536 0.000000
vt -1.706914 1.760613 0.000000
vt -1.409479 1.540536 0.000000
vt -1.409479 1.760613 0.000000
vt -1.344820 1.540536 0.000000
vt -1.344820 1.760613 0.000000
vt -1.280161 1.540536 0.000000
vt -2.191244 0.700050 0.000000
vt -2.004348 0.825287 0.000000
vt -2.004348 0.990345 0.000000
vt -2.004348 1.155402 0.000000
vt -1.706914 0.990345 0.000000
vt -1.706914 1.155402 0.000000
vt -1.409479 0.990345 0.000000
vt -1.409479 1.155402 0.000000
vt -1.344820 0.990345 0.000000
vt -1.344820 1.155402 0.000000
vt -1.280161 0.990345 0.000000
vt -1.280161 1.155402 0.000000
vt -1.215501 0.990345 0.000000
vt -1.215501 1.155402 0.000000
vt -1.207419 0.990345 0.000000
vt -1.207419 1.155402 0.000000
vt -1.199337 0.990345 0.000000
vt -2.201442 0.421756 0.000000
vt -2.004348 0.577701 0.000000
vt -2.004348 0.660230 0.000000
vt -1.706914 0.660230 0.000000
vt -1.706914 0.825287 0.000000
vt -1.409479 0.660230 0.000000
vt -1.409479 0.825287 0.000000
vt -1.344820 0.660230 0.000000
vt -1.344820 0.825287 0.000000
vt -1.280161 0.660230 0.000000
vt -1.280161 0.825287 0.000000
vt -1.215501 0.660230 0.000000
vt -1.215501 0.825287 0.000000
vt -1.207419 0.660230 0.000000
vt -1.207419 0.825287 0.000000
vt -1.199337 0.660230 0.000000
vt -1.199337 0.825287 0.000000
vt -1.183172 0.660230 0.000000
vt -1.183172 0.825287 0.000000
vt -1.167007 0.660230 0.000000
vt -2.234227 0.193918 0.000000
vt -2.004348 0.330115 0.000000
vt -2.004348 0.495172 0.000000
vt -1.706914 0.495172 0.000000
vt -1.706914 0.577701 0.000000
vt -1.409479 0.495172 0.000000
vt -1.409479 0.577701 0.000000
vt -1.344820 0.495172 0.000000
vt -1.344820 0.577701 0.000000
vt -1.280161 0.495172 0.000000
vt -1.280161 0.577701 0.000000
vt -1.215501 0.495172 0.000000
vt -1.215501 0.577701 0.000000
vt -1.207419 0.495172 0.000000
vt -1.207419 0.577701 0.000000
vt -1.199337 0.495172 0.000000
vt -1.199337 0.577701 0.000000
vt -1.183172 0.495172 0.000000
vt -1.183172 0.577701 0.000000
vt -1.167007 0.495172 0.000000
vt -1.167007 0.577701 0.000000
vt -1.150843 0.495172 0.000000
vt -1.150843 0.577701 0.000000
vt -1.134678 0.495172 0.000000
vt -2.301783 0.000000 0.000000
vt -2.004348 0.082529 0.000000
vt -2.004348 0.165057 0.000000
vt -1.706914 0.165057 0.000000
vt -1.706914 0.330115 0.000000
vt -1.409479 0.165057 0.000000
vt -1.409479 0.330115 0.000000
vt -1.344820 0.165057 0.000000
vt -1.344820 0.330115 0.000000
vt -1.280161 0.165057 0.000000
vt -1.280161 0.330115 0.000000
vt -1.215501 0.165057 0.000000
vt -1.215501 0.330115 0.000000
vt -1.207419 0.165057 0.000000
vt -1.207419 0.330115 0.000000
vt -1.199337 0.165057 0.000000
vt -1.199337 0.330115 0.000000
vt -1.183172 0.165057 0.000000
vt -1.183172 0.330115 0.000000
vt -1.167007 0.165057 0.000000
vt -1.167007 0.330115 0.000000
vt -1.150843 0.165057 0.000000
vt -1.150843 0.330115 0.000000
vt -1.134678 0.165057 0.000000
vt -1.134678 0.330115 0.000000
vt -1.126596 0.165057 0.000000
vt -1.126596 0.330115 0.000000
vt -1.122555 0.165057 0.000000
vt -1.409479 0.000000 0.000000
vt -1.706914 0.082529 0.000000
vt -1.409479 0.082529 0.000000
vt -1.360985 0.000000 0.000000
vt -1.344820 0.082529 0.000000
vt -1.312490 0.000000 0.000000
vt -1.280161 0.082529 0.000000
vt -1.263996 0.000000 0.000000
vt -1.215501 0.082529 0.000000
vt -1.215501 0.000000 0.000000
vt -1.207419 0.082529 0.000000
vt -1.199337 0.082529 0.000000
vt -1.183172 0.000000 0.000000
vt -1.183172 0.082529 0.000000
vt -1.167007 0.082529 0.000000
vt -1.150843 0.000000 0.000000
vt -1.150843 0.082529 0.000000
vt -1.134678 0.082529 0.000000
vt -1.126596 0.082529 0.000000
vt -1.037714 0.000000 0.000000
vt -1.086184 0.082529 0.000000
vt -1.090225 0.082529 0.000000
vt -1.094267 0.082529 0.000000
vt -1.094267 0.165057 0.000000
vt -1.098308 0.165057 0.000000
vt -1.098308 0.330115 0.000000
vt -1.102349 0.330115 0.000000
vt -1.102349 0.495172 0.000000
vt -1.106390 0.495172 0.000000
vt -1.106390 0.577701 0.000000
vt -1.110431 0.577701 0.000000
vt -1.110431 0.660230 0.000000
vt -1.114472 0.660230 0.000000
vt -1.114472 0.825287 0.000000
vt -1.118513 0.825287 0.000000
vt -1.118513 0.990345 0.000000
vt -1.122555 0.990345 0.000000
vt -1.122555 1.155402 0.000000
vt -1.126596 1.155402 0.000000
vt -1.126596 1.320460 0.000000
vt -1.134678 1.320460 0.000000
vt -1.134678 1.540536 0.000000
vt -1.150843 1.540536 0.000000
vt -1.150843 1.760613 0.000000
vt -1.167007 1.760613 0.000000
vt -1.167007 1.980689 0.000000
vt -1.183172 1.980689 0.000000
vt -1.183172 2.145747 0.000000
vt -1.199337 2.145747 0.000000
vt -1.199337 2.310804 0.000000
vt -1.207419 2.310804 0.000000
vt -1.207419 2.475862 0.000000
vt -1.215501 2.475862 0.000000
vt -1.215501 2.640919 0.000000
vt -1.280161 2.475862 0.000000
vt -1.409479 2.640919 0.000000
vt -1.344820 2.475862 0.000000
vt -1.409479 2.475862 0.000000
vt -1.344820 2.310804 0.000000
vt -0.989244 0.000000 0.000000
vt -1.037714 0.082529 0.000000
vt -1.061949 0.082529 0.000000
vt -1.086184 0.165057 0.000000
vt -1.090225 0.165057 0.000000
vt -1.090225 0.330115 0.000000
vt -1.094267 0.330115 0.000000
vt -1.094267 0.495172 0.000000
vt -1.098308 0.495172 0.000000
vt -1.098308 0.577701 0.000000
vt -1.102349 0.577701 0.000000
vt -1.102349 0.660230 0.000000
vt -1.106390 0.660230 0.000000
vt -1.106390 0.825287 0.000000
vt -1.110431 0.825287 0.000000
vt -1.110431 0.990345 0.000000
vt -1.114472 0.990345 0.000000
vt -1.114472 1.155402 0.000000
vt -1.118513 1.155402 0.000000
vt -1.118513 1.320460 0.000000
vt -1.122555 1.320460 0.000000
vt -1.122555 1.540536 0.000000
vt -1.126596 1.540536 0.000000
vt -1.126596 1.760613 0.000000
vt -1.134678 1.760613 0.000000
vt -1.134678 1.980689 0.000000
vt -1.150843 1.980689 0.000000
vt -1.150843 2.145747 0.000000
vt -1.167007 2.145747 0.000000
vt -1.167007 2.310804 0.000000
vt -1.183172 2.310804 0.000000
vt -1.183172 2.475862 0.000000
vt -1.199337 2.475862 0.000000
vt -1.191254 2.640919 0.000000
vt -1.199337 2.640919 0.000000
vt -0.940774 0.000000 0.000000
vt -0.965009 0.082529 0.000000
vt -0.989244 0.082529 0.000000
vt -1.013479 0.082529 0.000000
vt -1.013479 0.165057 0.000000
vt -1.037714 0.165057 0.000000
vt -1.037714 0.330115 0.000000
vt -1.061949 0.330115 0.000000
vt -1.061949 0.495172 0.000000
vt -1.086184 0.495172 0.000000
vt -1.086184 0.577701 0.000000
vt -1.090225 0.577701 0.000000
vt -1.090225 0.660230 0.000000
vt -1.094267 0.660230 0.000000
vt -1.094267 0.825287 0.000000
vt -1.098308 0.825287 0.000000
vt -1.098308 0.990345 0.000000
vt -1.102349 0.990345 0.000000
vt -1.102349 1.155402 0.000000
vt -1.106390 1.155402 0.000000
vt -1.106390 1.320460 0.000000
vt -1.110431 1.320460 0.000000
vt -1.110431 1.540536 0.000000
vt -1.114472 1.540536 0.000000
vt -1.114472 1.760613 0.000000
vt -1.118513 1.760613 0.000000
vt -1.118513 1.980689 0.000000
vt -1.122555 1.980689 0.000000
vt -1.122555 2.145747 0.000000
vt -1.126596 2.145747 0.000000
vt -1.126596 2.310804 0.000000
vt -1.134678 2.310804 0.000000
vt -1.134678 2.475862 0.000000
vt -1.150843 2.475862 0.000000
vt -1.142760 2.640919 0.000000
vt -1.150843 2.640919 0.000000
vt -0.940774 0.082529 0.000000
vt -0.892304 0.000000 0.000000
vt -0.892304 0.082529 0.000000
vt -0.000000 0.000000 0.000000
vt -0.114435 0.613341 0.000000
vt -0.096428 1.265066 0.000000
vt -0.892304 0.825287 0.000000
vt -0.892304 0.660230 0.000000
vt -0.892304 0.577701 0.000000
vt -0.940774 0.660230 0.000000
vt -0.940774 0.577701 0.000000
vt -0.965009 0.660230 0.000000
vt -0.965009 0.577701 0.000000
vt -0.989244 0.660230 0.000000
vt -0.989244 0.577701 0.000000
vt -1.013479 0.660230 0.000000
vt -1.013479 0.577701 0.000000
vt -1.037714 0.660230 0.000000
vt -1.037714 0.577701 0.000000
vt -1.061949 0.660230 0.000000
vt -1.061949 0.577701 0.000000
vt -1.086184 0.660230 0.000000
vt -0.051222 1.943725 0.000000
vt -0.892304 1.540536 0.000000
vt -0.892304 1.320460 0.000000
vt -0.892304 1.155402 0.000000
vt -0.940774 1.320460 0.000000
vt -0.940774 1.155402 0.000000
vt -0.965009 1.320460 0.000000
vt -0.965009 1.155402 0.000000
vt -0.989244 1.320460 0.000000
vt -0.989244 1.155402 0.000000
vt -1.013479 1.320460 0.000000
vt -1.013479 1.155402 0.000000
vt -1.037714 1.320460 0.000000
vt -1.037714 1.155402 0.000000
vt -1.061949 1.320460 0.000000
vt -1.061949 1.155402 0.000000
vt -1.086184 1.320460 0.000000
vt -1.086184 1.155402 0.000000
vt -1.090225 1.320460 0.000000
vt -1.090225 1.155402 0.000000
vt -1.094267 1.320460 0.000000
vt -1.094267 1.155402 0.000000
vt -1.098308 1.320460 0.000000
vt -1.098308 1.155402 0.000000
vt -1.102349 1.320460 0.000000
vt -0.000000 2.640919 0.000000
vt -0.814992 2.640919 0.000000
vt -0.892304 1.980689 0.000000
vt -0.892304 1.760613 0.000000
vt -0.940774 1.980689 0.000000
vt -0.940774 1.760613 0.000000
vt -0.965009 1.980689 0.000000
vt -0.965009 1.760613 0.000000
vt -0.989244 1.980689 0.000000
vt -0.989244 1.760613 0.000000
vt -1.013479 1.980689 0.000000
vt -1.013479 1.760613 0.000000
vt -1.037714 1.980689 0.000000
vt -1.037714 1.760613 0.000000
vt -1.061949 1.980689 0.000000
vt -1.061949 1.760613 0.000000
vt -1.086184 1.980689 0.000000
vt -1.086184 1.760613 0.000000
vt -1.090225 1.980689 0.000000
vt -1.090225 1.760613 0.000000
vt -1.094267 1.980689 0.000000
vt -1.094267 1.760613 0.000000
vt -1.098308 1.980689 0.000000
vt -1.098308 1.760613 0.000000
vt -1.102349 1.980689 0.000000
vt -1.102349 1.760613 0.000000
vt -1.106390 1.980689 0.000000
vt -1.106390 1.760613 0.000000
vt -1.110431 1.980689 0.000000
vt -1.110431 1.760613 0.000000
vt -1.114472 1.980689 0.000000
vt -1.086184 2.640919 0.000000
vt -0.940774 2.475862 0.000000
vt -0.892304 2.475862 0.000000
vt -0.892304 2.310804 0.000000
vt -0.940774 2.310804 0.000000
vt -0.965009 2.475862 0.000000
vt -0.965009 2.310804 0.000000
vt -0.989244 2.475862 0.000000
vt -0.989244 2.310804 0.000000
vt -1.013479 2.475862 0.000000
vt -1.013479 2.310804 0.000000
vt -1.037714 2.475862 0.000000
vt -1.037714 2.310804 0.000000
vt -1.061949 2.475862 0.000000
vt -1.061949 2.310804 0.000000
vt -1.086184 2.475862 0.000000
vt -1.086184 2.310804 0.000000
vt -1.090225 2.475862 0.000000
vt -1.090225 2.310804 0.000000
vt -1.094267 2.475862 0.000000
vt -1.094267 2.310804 0.000000
vt -1.098308 2.475862 0.000000
vt -1.098308 2.310804 0.000000
vt -1.102349 2.475862 0.000000
vt -1.102349 2.310804 0.000000
vt -1.106390 2.475862 0.000000
vt -1.106390 2.310804 0.000000
vt -1.110431 2.475862 0.000000
vt -1.110431 2.310804 0.000000
vt -1.114472 2.475862 0.000000
vt -1.114472 2.310804 0.000000
vt -1.118513 2.475862 0.000000
vt -1.118513 2.310804 0.000000
vt -1.122555 2.475862 0.000000
vt -1.122555 2.310804 0.000000
vt -1.126596 2.475862 0.000000
vt -1.094267 2.640919 0.000000
vt -1.102349 2.640919 0.000000
vt -1.110431 2.640919 0.000000
vt -1.118513 2.640919 0.000000
vt -1.126596 2.640919 0.000000
vt -1.134678 2.640919 0.000000
vt -1.158925 2.640919 0.000000
vt -1.167007 2.475862 0.000000
vt -1.150843 2.310804 0.000000
vt -1.167007 2.640919 0.000000
vt -1.175090 2.640919 0.000000
vt -1.183172 2.640919 0.000000
vt -1.207419 2.640919 0.000000
vt -0.892304 0.165057 0.000000
vt -0.940774 0.165057 0.000000
vt -0.965009 0.165057 0.000000
vt -0.989244 0.165057 0.000000
vt -0.892304 0.495172 0.000000
vt -0.940774 0.495172 0.000000
vt -0.965009 0.495172 0.000000
vt -0.989244 0.495172 0.000000
vt -1.013479 0.495172 0.000000
vt -1.037714 0.495172 0.000000
vt -1.706914 1.320460 0.000000
vt -1.409479 1.320460 0.000000
vt -1.344820 1.320460 0.000000
vt -1.280161 1.320460 0.000000
vt -1.215501 1.320460 0.000000
vt -0.892304 0.990345 0.000000
vt -0.940774 0.990345 0.000000
vt -0.965009 0.990345 0.000000
vt -0.989244 0.990345 0.000000
vt -1.013479 0.990345 0.000000
vt -1.037714 0.990345 0.000000
vt -1.061949 0.990345 0.000000
vt -1.086184 0.990345 0.000000
vt -1.090225 0.990345 0.000000
vt -1.094267 0.990345 0.000000
vt -0.940774 1.540536 0.000000
vt -0.965009 1.540536 0.000000
vt -0.989244 1.540536 0.000000
vt -1.013479 1.540536 0.000000
vt -1.037714 1.540536 0.000000
vt -1.061949 1.540536 0.000000
vt -1.086184 1.540536 0.000000
vt -1.090225 1.540536 0.000000
vt -1.094267 1.540536 0.000000
vt -1.098308 1.540536 0.000000
vt -1.102349 1.540536 0.000000
vt -1.106390 1.540536 0.000000
vt -2.004348 2.145747 0.000000
vt -2.004348 1.980689 0.000000
vt -1.280161 2.310804 0.000000
vt -1.280161 2.145747 0.000000
vt -1.215501 2.310804 0.000000
vt -1.215501 2.145747 0.000000
vt -1.215501 1.980689 0.000000
vt -0.892304 2.145747 0.000000
vt -0.940774 2.145747 0.000000
vt -0.965009 2.145747 0.000000
vt -0.989244 2.145747 0.000000
vt -1.013479 2.145747 0.000000
vt -1.037714 2.145747 0.000000
vt -1.061949 2.145747 0.000000
vt -1.086184 2.145747 0.000000
vt -1.090225 2.145747 0.000000
vt -1.094267 2.145747 0.000000
vt -1.098308 2.145747 0.000000
vt -1.102349 2.145747 0.000000
vt -1.106390 2.145747 0.000000
vt -1.110431 2.145747 0.000000
vt -1.114472 2.145747 0.000000
vt -1.118513 2.145747 0.000000
vt -1.126596 1.980689 0.000000
vt -1.122555 1.760613 0.000000
vt -1.134678 2.145747 0.000000
vt -1.199337 1.980689 0.000000
vt -1.183172 1.760613 0.000000
vt -1.199337 1.760613 0.000000
vt -1.183172 1.540536 0.000000
vt -1.199337 1.540536 0.000000
vt -1.183172 1.320460 0.000000
vt -1.207419 1.980689 0.000000
vt -1.207419 1.760613 0.000000
vt -1.207419 2.145747 0.000000
vt -1.409479 1.980689 0.000000
vt -1.706914 1.980689 0.000000
vt -1.706914 2.145747 0.000000
vt -1.167007 1.540536 0.000000
vt -1.150843 1.320460 0.000000
vt -1.134678 1.155402 0.000000
vt -1.126596 0.990345 0.000000
vt -1.122555 0.825287 0.000000
vt -1.118513 0.660230 0.000000
vt -1.114472 0.577701 0.000000
vt -1.110431 0.495172 0.000000
vt -1.106390 0.330115 0.000000
vt -1.102349 0.165057 0.000000
vt -1.098308 0.082529 0.000000
vt -1.118513 1.540536 0.000000
vt -1.114472 1.320460 0.000000
vt -1.110431 1.155402 0.000000
vt -1.106390 0.990345 0.000000
vt -1.102349 0.825287 0.000000
vt -1.098308 0.660230 0.000000
vt -1.094267 0.577701 0.000000
vt -1.090225 0.495172 0.000000
vt -1.086184 0.330115 0.000000
vt -1.061949 0.165057 0.000000
vt -0.940774 0.825287 0.000000
vt -0.965009 0.825287 0.000000
vt -0.989244 0.825287 0.000000
vt -1.013479 0.825287 0.000000
vt -1.037714 0.825287 0.000000
vt -1.061949 0.825287 0.000000
vt -1.086184 0.825287 0.000000
vt -1.090225 0.825287 0.000000
vt -1.150843 1.155402 0.000000
vt -1.134678 0.990345 0.000000
vt -1.150843 0.990345 0.000000
vt -1.134678 0.825287 0.000000
vt -1.167007 1.155402 0.000000
vt -1.167007 1.320460 0.000000
vt -1.126596 0.825287 0.000000
vt -1.122555 0.660230 0.000000
vt -1.118513 0.577701 0.000000
vt -1.114472 0.495172 0.000000
vt -1.110431 0.330115 0.000000
vt -1.106390 0.165057 0.000000
vt -1.102349 0.082529 0.000000
vt -1.126596 0.660230 0.000000
vt -1.122555 0.577701 0.000000
vt -1.118513 0.495172 0.000000
vt -1.114472 0.330115 0.000000
vt -1.110431 0.165057 0.000000
vt -1.106390 0.082529 0.000000
vt -1.013479 0.330115 0.000000
vt -0.989244 0.330115 0.000000
vt -0.965009 0.330115 0.000000
vt -0.940774 0.330115 0.000000
vt -0.892304 0.330115 0.000000
vt -1.122555 0.082529 0.000000
vt -1.118513 0.082529 0.000000
vt 0.892435 2.640856 0.000000
vt 0.000000 2.640856 0.000000
vt 0.892435 2.558330 0.000000
vt 0.114321 2.027579 0.000000
vt 0.892435 2.475803 0.000000
vt 0.892435 2.310749 0.000000
vt 0.940936 2.310749 0.000000
vt 0.940936 2.145696 0.000000
vt 0.965187 2.145696 0.000000
vt 0.965187 1.980642 0.000000
vt 0.989438 1.980642 0.000000
vt 0.989438 1.760571 0.000000
vt 1.013689 1.760571 0.000000
vt 1.013689 1.540500 0.000000
vt 1.037939 1.540500 0.000000
vt 1.037939 1.320428 0.000000
vt 1.062190 1.320428 0.000000
vt 1.062190 1.155375 0.000000
vt 1.086441 1.155375 0.000000
vt 1.086441 0.990321 0.000000
vt 1.090483 0.990321 0.000000
vt 1.090483 0.825268 0.000000
vt 1.094524 0.825268 0.000000
vt 1.094524 0.660214 0.000000
vt 1.098566 0.660214 0.000000
vt 1.098566 0.440143 0.000000
vt 1.102608 0.440143 0.000000
vt 1.102608 0.220071 0.000000
vt 1.106650 0.220071 0.000000
vt 1.102608 0.000000 0.000000
vt 1.110691 0.000000 0.000000
vt 0.096335 1.375834 0.000000
vt 0.892435 1.760571 0.000000
vt 0.892435 1.980642 0.000000
vt 0.892435 2.145696 0.000000
vt 0.940936 1.980642 0.000000
vt 0.051172 0.697193 0.000000
vt 0.892435 0.990321 0.000000
vt 0.892435 1.155375 0.000000
vt 0.892435 1.320428 0.000000
vt 0.940936 1.155375 0.000000
vt 0.940936 1.320428 0.000000
vt 0.965187 1.155375 0.000000
vt 0.965187 1.320428 0.000000
vt 0.989438 1.155375 0.000000
vt 0.989438 1.320428 0.000000
vt 1.013689 1.155375 0.000000
vt 1.013689 1.320428 0.000000
vt 1.037939 1.155375 0.000000
vt 0.000000 0.000000 0.000000
vt 0.813530 0.000000 0.000000
vt 0.892435 0.660214 0.000000
vt 0.892435 0.825268 0.000000
vt 0.940936 0.660214 0.000000
vt 0.940936 0.825268 0.000000
vt 0.965187 0.660214 0.000000
vt 0.965187 0.825268 0.000000
vt 0.989438 0.660214 0.000000
vt 0.989438 0.825268 0.000000
vt 1.013689 0.660214 0.000000
vt 1.013689 0.825268 0.000000
vt 1.037939 0.660214 0.000000
vt 1.037939 0.825268 0.000000
vt 1.062190 0.660214 0.000000
vt 1.062190 0.825268 0.000000
vt 1.086441 0.660214 0.000000
vt 1.086441 0.825268 0.000000
vt 1.090483 0.660214 0.000000
vt 1.086441 0.000000 0.000000
vt 0.940936 0.220071 0.000000
vt 0.892435 0.220071 0.000000
vt 0.892435 0.440143 0.000000
vt 0.940936 0.440143 0.000000
vt 0.965187 0.220071 0.000000
vt 0.965187 0.440143 0.000000
vt 0.989438 0.220071 0.000000
vt 0.989438 0.440143 0.000000
vt 1.013689 0.220071 0.000000
vt 1.013689 0.440143 0.000000
vt 1.037939 0.220071 0.000000
vt 1.037939 0.440143 0.000000
vt 1.062190 0.220071 0.000000
vt 1.062190 0.440143 0.000000
vt 1.086441 0.220071 0.000000
vt 1.086441 0.440143 0.000000
vt 1.090483 0.220071 0.000000
vt 1.090483 0.440143 0.000000
vt 1.094524 0.220071 0.000000
vt 1.094524 0.440143 0.000000
vt 1.098566 0.220071 0.000000
vt 1.094524 0.000000 0.000000
vt 1.118775 0.000000 0.000000
vt 1.114733 0.220071 0.000000
vt 1.110691 0.220071 0.000000
vt 1.106650 0.440143 0.000000
vt 1.102608 0.660214 0.000000
vt 1.098566 0.825268 0.000000
vt 1.094524 0.990321 0.000000
vt 1.090483 1.155375 0.000000
vt 1.086441 1.320428 0.000000
vt 1.062190 1.540500 0.000000
vt 1.037939 1.760571 0.000000
vt 1.013689 1.980642 0.000000
vt 0.989438 2.145696 0.000000
vt 0.965187 2.310749 0.000000
vt 0.940936 2.475803 0.000000
vt 1.126858 0.000000 0.000000
vt 1.122817 0.220071 0.000000
vt 1.118775 0.220071 0.000000
vt 1.114733 0.440143 0.000000
vt 1.110691 0.440143 0.000000
vt 1.110691 0.660214 0.000000
vt 1.106650 0.660214 0.000000
vt 1.106650 0.825268 0.000000
vt 1.102608 0.825268 0.000000
vt 1.102608 0.990321 0.000000
vt 1.098566 0.990321 0.000000
vt 1.098566 1.155375 0.000000
vt 1.094524 1.155375 0.000000
vt 1.094524 1.320428 0.000000
vt 1.090483 1.320428 0.000000
vt 1.090483 1.540500 0.000000
vt 1.086441 1.540500 0.000000
vt 1.086441 1.760571 0.000000
vt 1.062190 1.760571 0.000000
vt 1.062190 1.980642 0.000000
vt 1.037939 1.980642 0.000000
vt 1.037939 2.145696 0.000000
vt 1.013689 2.145696 0.000000
vt 1.013689 2.310749 0.000000
vt 0.989438 2.310749 0.000000
vt 0.989438 2.475803 0.000000
vt 0.965187 2.475803 0.000000
vt 0.965187 2.558330 0.000000
vt 0.940936 2.558330 0.000000
vt 0.940936 2.640856 0.000000
vt 1.126858 0.220071 0.000000
vt 1.134942 0.000000 0.000000
vt 1.134942 0.220071 0.000000
vt 1.143025 0.000000 0.000000
vt 1.151109 0.220071 0.000000
vt 1.151109 0.000000 0.000000
vt 1.159192 0.000000 0.000000
vt 1.167276 0.220071 0.000000
vt 1.167276 0.000000 0.000000
vt 1.175359 0.000000 0.000000
vt 1.183443 0.220071 0.000000
vt 1.183443 0.000000 0.000000
vt 1.191526 0.000000 0.000000
vt 1.199610 0.220071 0.000000
vt 1.199610 0.000000 0.000000
vt 1.207693 0.000000 0.000000
vt 1.207693 0.220071 0.000000
vt 1.215777 0.000000 0.000000
vt 1.215777 0.220071 0.000000
vt 1.280413 0.220071 0.000000
vt 1.215777 0.440143 0.000000
vt 1.280413 0.440143 0.000000
vt 1.215777 0.660214 0.000000
vt 1.280413 0.660214 0.000000
vt 1.215777 0.825268 0.000000
vt 1.280413 0.825268 0.000000
vt 1.215777 0.990321 0.000000
vt 1.280413 0.990321 0.000000
vt 1.215777 1.155375 0.000000
vt 1.280413 1.155375 0.000000
vt 1.215777 1.320428 0.000000
vt 1.280413 1.320428 0.000000
vt 1.215777 1.540500 0.000000
vt 1.280413 1.540500 0.000000
vt 1.215777 1.760571 0.000000
vt 1.280413 1.760571 0.000000
vt 1.215777 1.980642 0.000000
vt 1.280413 1.980642 0.000000
vt 1.215777 2.145696 0.000000
vt 1.280413 2.145696 0.000000
vt 1.215777 2.310749 0.000000
vt 1.280413 2.310749 0.000000
vt 1.215777 2.475803 0.000000
vt 1.280413 2.475803 0.000000
vt 1.215777 2.558330 0.000000
vt 1.280413 2.558330 0.000000
vt 1.264254 2.640856 0.000000
vt 1.312731 2.640856 0.000000
vt 1.345049 2.558330 0.000000
vt 1.361208 2.640856 0.000000
vt 1.409686 2.558330 0.000000
vt 1.409686 2.640856 0.000000
vt 1.707164 2.558330 0.000000
vt 2.004642 2.558330 0.000000
vt 2.004642 2.475803 0.000000
vt 2.234642 2.446936 0.000000
vt 2.004642 2.310749 0.000000
vt 2.201895 2.219110 0.000000
vt 2.004642 2.145696 0.000000
vt 2.191710 1.940837 0.000000
vt 2.004642 1.980642 0.000000
vt 2.004642 1.760571 0.000000
vt 1.707164 1.980642 0.000000
vt 1.707164 1.760571 0.000000
vt 1.409686 1.980642 0.000000
vt 1.409686 1.760571 0.000000
vt 1.345049 1.980642 0.000000
vt 1.345049 1.760571 0.000000
vt 2.302120 0.000000 0.000000
vt 1.707164 0.220071 0.000000
vt 1.409686 0.220071 0.000000
vt 1.345049 0.220071 0.000000
vt 1.345049 0.440143 0.000000
vt 2.243807 0.816917 0.000000
vt 2.004642 0.440143 0.000000
vt 2.004642 0.220071 0.000000
vt 1.707164 0.440143 0.000000
vt 1.409686 0.440143 0.000000
vt 1.409686 0.660214 0.000000
vt 1.345049 0.660214 0.000000
vt 1.345049 0.825268 0.000000
vt 2.198620 1.608475 0.000000
vt 2.004642 1.155375 0.000000
vt 2.004642 0.990321 0.000000
vt 2.004642 0.825268 0.000000
vt 1.707164 0.990321 0.000000
vt 1.707164 0.825268 0.000000
vt 1.409686 0.990321 0.000000
vt 1.409686 0.825268 0.000000
vt 1.345049 0.990321 0.000000
vt 2.004642 1.540500 0.000000
vt 2.004642 1.320428 0.000000
vt 1.707164 1.540500 0.000000
vt 1.707164 1.320428 0.000000
vt 1.409686 1.540500 0.000000
vt 1.409686 1.320428 0.000000
vt 1.345049 1.540500 0.000000
vt 1.345049 1.320428 0.000000
vt 2.302120 2.640856 0.000000
vt 1.215777 2.640856 0.000000
vt 1.207693 2.558330 0.000000
vt 1.207693 2.475803 0.000000
vt 1.207693 2.310749 0.000000
vt 1.207693 2.145696 0.000000
vt 1.207693 1.980642 0.000000
vt 1.207693 1.760571 0.000000
vt 1.207693 1.540500 0.000000
vt 1.207693 1.320428 0.000000
vt 1.207693 1.155375 0.000000
vt 1.207693 0.990321 0.000000
vt 1.207693 0.825268 0.000000
vt 1.207693 0.660214 0.000000
vt 1.207693 0.440143 0.000000
vt 1.199610 2.558330 0.000000
vt 1.183443 2.640856 0.000000
vt 1.183443 2.558330 0.000000
vt 1.167276 2.558330 0.000000
vt 1.183443 2.475803 0.000000
vt 1.167276 2.475803 0.000000
vt 1.183443 2.310749 0.000000
vt 1.167276 2.310749 0.000000
vt 1.183443 2.145696 0.000000
vt 1.167276 2.145696 0.000000
vt 1.183443 1.980642 0.000000
vt 1.167276 1.980642 0.000000
vt 1.183443 1.760571 0.000000
vt 1.167276 1.760571 0.000000
vt 1.183443 1.540500 0.000000
vt 1.167276 1.540500 0.000000
vt 1.183443 1.320428 0.000000
vt 1.167276 1.320428 0.000000
vt 1.183443 1.155375 0.000000
vt 1.167276 1.155375 0.000000
vt 1.183443 0.990321 0.000000
vt 1.167276 0.990321 0.000000
vt 1.183443 0.825268 0.000000
vt 1.167276 0.825268 0.000000
vt 1.183443 0.660214 0.000000
vt 1.167276 0.660214 0.000000
vt 1.183443 0.440143 0.000000
vt 1.167276 0.440143 0.000000
vt 1.151109 2.640856 0.000000
vt 1.151109 2.558330 0.000000
vt 1.151109 2.475803 0.000000
vt 1.151109 2.310749 0.000000
vt 1.151109 2.145696 0.000000
vt 1.151109 1.980642 0.000000
vt 1.151109 1.760571 0.000000
vt 1.151109 1.540500 0.000000
vt 1.151109 1.320428 0.000000
vt 1.151109 1.155375 0.000000
vt 1.151109 0.990321 0.000000
vt 1.151109 0.825268 0.000000
vt 1.151109 0.660214 0.000000
vt 1.151109 0.440143 0.000000
vt 1.134942 2.558330 0.000000
vt 1.118775 2.640856 0.000000
vt 1.126858 2.558330 0.000000
vt 1.122817 2.558330 0.000000
vt 1.126858 2.475803 0.000000
vt 1.122817 2.475803 0.000000
vt 1.126858 2.310749 0.000000
vt 1.122817 2.310749 0.000000
vt 1.126858 2.145696 0.000000
vt 1.122817 2.145696 0.000000
vt 1.126858 1.980642 0.000000
vt 1.122817 1.980642 0.000000
vt 1.126858 1.760571 0.000000
vt 1.122817 1.760571 0.000000
vt 1.126858 1.540500 0.000000
vt 1.122817 1.540500 0.000000
vt 1.126858 1.320428 0.000000
vt 1.122817 1.320428 0.000000
vt 1.126858 1.155375 0.000000
vt 1.122817 1.155375 0.000000
vt 1.126858 0.990321 0.000000
vt 1.122817 0.990321 0.000000
vt 1.126858 0.825268 0.000000
vt 1.122817 0.825268 0.000000
vt 1.126858 0.660214 0.000000
vt 1.122817 0.660214 0.000000
vt 1.126858 0.440143 0.000000
vt 1.122817 0.440143 0.000000
vt 1.086441 2.640856 0.000000
vt 1.110691 2.558330 0.000000
vt 1.114733 2.558330 0.000000
vt 1.118775 2.558330 0.000000
vt 1.118775 2.475803 0.000000
vt 1.037939 2.640856 0.000000
vt 1.086441 2.558330 0.000000
vt 1.090483 2.558330 0.000000
vt 1.094524 2.558330 0.000000
vt 1.094524 2.475803 0.000000
vt 1.098566 2.475803 0.000000
vt 1.098566 2.310749 0.000000
vt 1.102608 2.310749 0.000000
vt 1.102608 2.145696 0.000000
vt 1.106650 2.145696 0.000000
vt 1.106650 1.980642 0.000000
vt 1.110691 1.980642 0.000000
vt 1.110691 1.760571 0.000000
vt 1.114733 1.760571 0.000000
vt 1.114733 1.540500 0.000000
vt 1.118775 1.540500 0.000000
vt 1.118775 1.320428 0.000000
vt 0.989438 2.640856 0.000000
vt 1.037939 2.558330 0.000000
vt 1.062190 2.558330 0.000000
vt 1.086441 2.475803 0.000000
vt 1.090483 2.475803 0.000000
vt 1.090483 2.310749 0.000000
vt 1.094524 2.310749 0.000000
vt 1.094524 2.145696 0.000000
vt 1.098566 2.145696 0.000000
vt 1.098566 1.980642 0.000000
vt 1.102608 1.980642 0.000000
vt 1.102608 1.760571 0.000000
vt 1.106650 1.760571 0.000000
vt 1.106650 1.540500 0.000000
vt 1.110691 1.540500 0.000000
vt 1.110691 1.320428 0.000000
vt 1.114733 1.320428 0.000000
vt 1.114733 1.155375 0.000000
vt 1.118775 1.155375 0.000000
vt 1.118775 0.990321 0.000000
vt 0.989438 2.558330 0.000000
vt 1.013689 2.558330 0.000000
vt 1.013689 2.475803 0.000000
vt 1.037939 2.475803 0.000000
vt 1.037939 2.310749 0.000000
vt 1.062190 2.310749 0.000000
vt 1.062190 2.145696 0.000000
vt 1.086441 2.145696 0.000000
vt 1.086441 1.980642 0.000000
vt 1.090483 1.980642 0.000000
vt 1.090483 1.760571 0.000000
vt 1.094524 1.760571 0.000000
vt 1.094524 1.540500 0.000000
vt 1.098566 1.540500 0.000000
vt 1.098566 1.320428 0.000000
vt 1.102608 1.320428 0.000000
vt 1.102608 1.155375 0.000000
vt 1.106650 1.155375 0.000000
vt 1.106650 0.990321 0.000000
vt 1.110691 0.990321 0.000000
vt 1.110691 0.825268 0.000000
vt 1.114733 0.825268 0.000000
vt 1.114733 0.660214 0.000000
vt 1.118775 0.660214 0.000000
vt 1.118775 0.440143 0.000000
vt 2.004642 0.660214 0.000000
vt 0.940936 0.990321 0.000000
vt 0.965187 0.990321 0.000000
vt 0.989438 0.990321 0.000000
vt 1.013689 0.990321 0.000000
vt 1.037939 0.990321 0.000000
vt 1.062190 0.990321 0.000000
vt 0.892435 1.540500 0.000000
vt 1.062190 2.475803 0.000000
vt 1.098566 2.558330 0.000000
vt 1.102608 2.558330 0.000000
vt 1.106650 2.558330 0.000000
vt 1.106650 2.475803 0.000000
vt 1.110691 2.475803 0.000000
vt 1.110691 2.310749 0.000000
vt 1.114733 2.310749 0.000000
vt 1.114733 2.145696 0.000000
vt 1.118775 2.145696 0.000000
vt 1.118775 1.980642 0.000000
vt 1.102608 2.475803 0.000000
vt 1.114733 2.475803 0.000000
vt 1.134942 2.475803 0.000000
vt 1.134942 2.310749 0.000000
vt 1.134942 2.145696 0.000000
vt 1.134942 1.980642 0.000000
vt 1.134942 1.760571 0.000000
vt 1.134942 1.540500 0.000000
vt 1.134942 1.320428 0.000000
vt 1.134942 1.155375 0.000000
vt 1.134942 0.990321 0.000000
vt 1.134942 0.825268 0.000000
vt 1.134942 0.660214 0.000000
vt 1.134942 0.440143 0.000000
vt 1.199610 2.475803 0.000000
vt 1.199610 2.310749 0.000000
vt 1.199610 2.145696 0.000000
vt 1.199610 1.980642 0.000000
vt 1.199610 1.760571 0.000000
vt 1.199610 1.540500 0.000000
vt 1.199610 1.320428 0.000000
vt 1.199610 1.155375 0.000000
vt 1.199610 0.990321 0.000000
vt 1.199610 0.825268 0.000000
vt 1.199610 0.660214 0.000000
vt 1.199610 0.440143 0.000000
vt 1.345049 2.475803 0.000000
vt 1.345049 2.310749 0.000000
vt 1.345049 2.145696 0.000000
vt 1.409686 2.475803 0.000000
vt 1.409686 2.310749 0.000000
vt 1.409686 2.145696 0.000000
vt 1.707164 2.475803 0.000000
vt 1.707164 2.310749 0.000000
vt 1.707164 2.145696 0.000000
vt 0.940936 1.760571 0.000000
vt 0.940936 1.540500 0.000000
vt 0.965187 1.760571 0.000000
vt 0.965187 1.540500 0.000000
vt 1.094524 1.980642 0.000000
vt 1.090483 2.145696 0.000000
vt 1.098566 1.760571 0.000000
vt 1.102608 1.540500 0.000000
vt 1.106650 1.320428 0.000000
vt 1.110691 1.155375 0.000000
vt 1.114733 0.990321 0.000000
vt 1.118775 0.825268 0.000000
vt 1.114733 1.980642 0.000000
vt 1.110691 2.145696 0.000000
vt 1.118775 1.760571 0.000000
vt 1.118775 2.310749 0.000000
vt 1.106650 2.310749 0.000000
vt 1.086441 2.310749 0.000000
vt 0.989438 1.540500 0.000000
vt 1.345049 1.155375 0.000000
vt 1.409686 1.155375 0.000000
vt 1.707164 1.155375 0.000000
vt 1.707164 0.660214 0.000000
vt 4.016952 1.620036 0.000000
vt 3.543064 1.216589 0.000000
vt 4.016952 0.810012 0.000000
vt 3.543064 0.810012 0.000000
vt 3.543064 0.406571 0.000000
vt 3.069176 0.810012 0.000000
vt 3.069176 0.406571 0.000000
vt 2.595288 0.810012 0.000000
vt 2.595288 0.406571 0.000000
vt 2.121400 0.810012 0.000000
vt 2.121400 0.406571 0.000000
vt 2.107295 0.810012 0.000000
vt 2.107295 0.406571 0.000000
vt 2.093190 0.810012 0.000000
vt 2.093190 0.406571 0.000000
vt 2.079085 0.810012 0.000000
vt 2.079085 0.406571 0.000000
vt 2.064981 0.810012 0.000000
vt 2.064981 0.406571 0.000000
vt 2.050876 0.810012 0.000000
vt 2.050876 0.406571 0.000000
vt 2.036771 0.810012 0.000000
vt 2.036771 0.406571 0.000000
vt 2.022666 0.810012 0.000000
vt 2.022666 0.406571 0.000000
vt 2.008561 0.810012 0.000000
vt 2.008561 0.406571 0.000000
vt 1.994456 0.810012 0.000000
vt 1.994456 0.406571 0.000000
vt 1.980352 0.810012 0.000000
vt 1.980352 0.406571 0.000000
vt 1.966247 0.810012 0.000000
vt 1.966247 0.406571 0.000000
vt 1.952142 0.810012 0.000000
vt 1.952142 0.406571 0.000000
vt 1.938037 0.810012 0.000000
vt 1.938037 0.406571 0.000000
vt 1.923932 0.810012 0.000000
vt 1.923932 0.406571 0.000000
vt 1.909827 0.810012 0.000000
vt 1.909827 0.406571 0.000000
vt 1.895723 0.810012 0.000000
vt 1.895723 0.406571 0.000000
vt 1.421792 0.810012 0.000000
vt 1.421792 0.406571 0.000000
vt 0.947861 0.810012 0.000000
vt 0.947861 0.406571 0.000000
vt 0.473931 0.810012 0.000000
vt 0.473931 0.406571 0.000000
vt 0.000000 0.810012 0.000000
vt 0.000000 0.000000 0.000000
vt 3.069176 1.216589 0.000000
vt 2.121400 1.620036 0.000000
vt 2.595288 1.216589 0.000000
vt 2.121400 1.216589 0.000000
vt 2.107295 1.620036 0.000000
vt 2.107295 1.216589 0.000000
vt 2.093190 1.620036 0.000000
vt 2.093190 1.216589 0.000000
vt 2.079085 1.620036 0.000000
vt 2.079085 1.216589 0.000000
vt 2.064981 1.620036 0.000000
vt 2.064981 1.216589 0.000000
vt 2.050876 1.620036 0.000000
vt 2.050876 1.216589 0.000000
vt 2.036771 1.620036 0.000000
vt 2.036771 1.216589 0.000000
vt 2.022666 1.620036 0.000000
vt 2.022666 1.216589 0.000000
vt 2.008561 1.620036 0.000000
vt 2.008561 1.216589 0.000000
vt 1.994456 1.620036 0.000000
vt 1.994456 1.216589 0.000000
vt 1.980352 1.620036 0.000000
vt 1.980352 1.216589 0.000000
vt 1.966247 1.620036 0.000000
vt 1.966247 1.216589 0.000000
vt 1.952142 1.620036 0.000000
vt 1.952142 1.216589 0.000000
vt 1.938037 1.620036 0.000000
vt 1.938037 1.216589 0.000000
vt 1.923932 1.620036 0.000000
vt 1.923932 1.216589 0.000000
vt 1.909827 1.620036 0.000000
vt 1.909827 1.216589 0.000000
vt 1.895723 1.620036 0.000000
vt 1.895723 1.216589 0.000000
vt 1.419522 1.620036 0.000000
vt 1.421792 1.216589 0.000000
vt 0.000000 1.620036 0.000000
vt 0.473931 1.216589 0.000000
vt 0.947861 1.216589 0.000000
vt 1.557203 0.000000 0.000000
vt 1.895723 0.000000 0.000000
vt 1.909807 0.000000 0.000000
vt 1.923900 0.000000 0.000000
vt 1.938033 0.000000 0.000000
vt 1.952176 0.000000 0.000000
vt 1.966297 0.000005 0.000000
vt 1.980459 0.000105 0.000000
vt 1.994466 0.000052 0.000000
vt 2.008491 0.000000 0.000000
vt 2.022673 0.000050 0.000000
vt 2.036882 0.000108 0.000000
vt 2.050926 0.000004 0.000000
vt 2.065013 0.000000 0.000000
vt 2.079082 0.000000 0.000000
vt 2.093160 0.000000 0.000000
vt 2.107275 0.000000 0.000000
vt 2.121400 0.000000 0.000000
vt 2.594671 0.000000 0.000000
vt 4.016952 0.000000 0.000000
vt -2.243398 1.824019 0.000000
vt -2.004348 2.310804 0.000000
vt -2.301783 2.640919 0.000000
vt -2.004348 2.475862 0.000000
vt -1.706914 2.475862 0.000000
vt -1.706914 2.310804 0.000000
vt -1.409479 2.310804 0.000000
vt -1.409479 2.145747 0.000000
vt -1.344820 2.145747 0.000000
vt -1.344820 1.980689 0.000000
vt -1.280161 1.980689 0.000000
vt -1.280161 1.760613 0.000000
vt -1.215501 1.760613 0.000000
vt -1.215501 1.540536 0.000000
vt -1.207419 1.540536 0.000000
vt -1.207419 1.320460 0.000000
vt -1.199337 1.320460 0.000000
vt -1.199337 1.155402 0.000000
vt -1.183172 1.155402 0.000000
vt -1.183172 0.990345 0.000000
vt -1.167007 0.990345 0.000000
vt -1.167007 0.825287 0.000000
vt -1.150843 0.825287 0.000000
vt -1.150843 0.660230 0.000000
vt -1.134678 0.660230 0.000000
vt -1.134678 0.577701 0.000000
vt -1.126596 0.577701 0.000000
vt -1.126596 0.495172 0.000000
vt -1.122555 0.495172 0.000000
vt -1.122555 0.330115 0.000000
vt -1.118513 0.330115 0.000000
vt -1.118513 0.165057 0.000000
vt -1.114472 0.165057 0.000000
vt -1.114472 0.082529 0.000000
vt -1.110431 0.082529 0.000000
vt -1.118513 0.000000 0.000000
vt -1.086184 0.000000 0.000000
vt -2.198161 1.032435 0.000000
vt -2.004348 1.320460 0.000000
vt -2.004348 1.540536 0.000000
vt -2.004348 1.760613 0.000000
vt -1.706914 1.540536 0.000000
vt -1.706914 1.760613 0.000000
vt -1.409479 1.540536 0.000000
vt -1.409479 1.760613 0.000000
vt -1.344820 1.540536 0.000000
vt -1.344820 1.760613 0.000000
vt -1.280161 1.540536 0.000000
vt -2.191244 0.700050 0.000000
vt -2.004348 0.825287 0.000000
vt -2.004348 0.990345 0.000000
vt -2.004348 1.155402 0.000000
vt -1.706914 0.990345 0.000000
vt -1.706914 1.155402 0.000000
vt -1.409479 0.990345 0.000000
vt -1.409479 1.155402 0.000000
vt -1.344820 0.990345 0.000000
vt -1.344820 1.155402 0.000000
vt -1.280161 0.990345 0.000000
vt -1.280161 1.155402 0.000000
vt -1.215501 0.990345 0.000000
vt -1.215501 1.155402 0.000000
vt -1.207419 0.990345 0.000000
vt -1.207419 1.155402 0.000000
vt -1.199337 0.990345 0.000000
vt -2.201442 0.421756 0.000000
vt -2.004348 0.577701 0.000000
vt -2.004348 0.660230 0.000000
vt -1.706914 0.660230 0.000000
vt -1.706914 0.825287 0.000000
vt -1.409479 0.660230 0.000000
vt -1.409479 0.825287 0.000000
vt -1.344820 0.660230 0.000000
vt -1.344820 0.825287 0.000000
vt -1.280161 0.660230 0.000000
vt -1.280161 0.825287 0.000000
vt -1.215501 0.660230 0.000000
vt -1.215501 0.825287 0.000000
vt -1.207419 0.660230 0.000000
vt -1.207419 0.825287 0.000000
vt -1.199337 0.660230 0.000000
vt -1.199337 0.825287 0.000000
vt -1.183172 0.660230 0.000000
vt -1.183172 0.825287 0.000000
vt -1.167007 0.660230 0.000000
vt -2.234227 0.193918 0.000000
vt -2.004348 0.330115 0.000000
vt -2.004348 0.495172 0.000000
vt -1.706914 0.495172 0.000000
vt -1.706914 0.577701 0.000000
vt -1.409479 0.495172 0.000000
vt -1.409479 0.577701 0.000000
vt -1.344820 0.495172 0.000000
vt -1.344820 0.577701 0.000000
vt -1.280161 0.495172 0.000000
vt -1.280161 0.577701 0.000000
vt -1.215501 0.495172 0.000000
vt -1.215501 0.577701 0.000000
vt -1.207419 0.495172 0.000000
vt -1.207419 0.577701 0.000000
vt -1.199337 0.495172 0.000000
vt -1.199337 0.577701 0.000000
vt -1.183172 0.495172 0.000000
vt -1.183172 0.577701 0.000000
vt -1.167007 0.495172 0.000000
vt -1.167007 0.577701 0.000000
vt -1.150843 0.495172 0.000000
vt -1.150843 0.577701 0.000000
vt -1.134678 0.495172 0.000000
vt -2.301783 0.000000 0.000000
vt -2.004348 0.082529 0.000000
vt -2.004348 0.165057 0.000000
vt -1.706914 0.165057 0.000000
vt -1.706914 0.330115 0.000000
vt -1.409479 0.165057 0.000000
vt -1.409479 0.330115 0.000000
vt -1.344820 0.165057 0.000000
vt -1.344820 0.330115 0.000000
vt -1.280161 0.165057 0.000000
vt -1.280161 0.330115 0.000000
vt -1.215501 0.165057 0.000000
vt -1.215501 0.330115 0.000000
vt -1.207419 0.165057 0.000000
vt -1.207419 0.330115 0.000000
vt -1.199337 0.165057 0.000000
vt -1.199337 0.330115 0.000000
vt -1.183172 0.165057 0.000000
vt -1.183172 0.330115 0.000000
vt -1.167007 0.165057 0.000000
vt -1.167007 0.330115 0.000000
vt -1.150843 0.165057 0.000000
vt -1.150843 0.330115 0.000000
vt -1.134678 0.165057 0.000000
vt -1.134678 0.330115 0.000000
vt -1.126596 0.165057 0.000000
vt -1.126596 0.330115 0.000000
vt -1.122555 0.165057 0.000000
vt -1.409479 0.000000 0.000000
vt -1.706914 0.082529 0.000000
vt -1.409479 0.082529 0.000000
vt -1.360985 0.000000 0.000000
vt -1.344820 0.082529 0.000000
vt -1.312490 0.000000 0.000000
vt -1.280161 0.082529 0.000000
vt -1.263996 0.000000 0.000000
vt -1.215501 0.082529 0.000000
vt -1.215501 0.000000 0.000000
vt -1.207419 0.082529 0.000000
vt -1.199337 0.082529 0.000000
vt -1.183172 0.000000 0.000000
vt -1.183172 0.082529 0.000000
vt -1.167007 0.082529 0.000000
vt -1.150843 0.000000 0.000000
vt -1.150843 0.082529 0.000000
vt -1.134678 0.082529 0.000000
vt -1.126596 0.082529 0.000000
vt -1.037714 0.000000 0.000000
vt -1.086184 0.082529 0.000000
vt -1.090225 0.082529 0.000000
vt -1.094267 0.082529 0.000000
vt -1.094267 0.165057 0.000000
vt -1.098308 0.165057 0.000000
vt -1.098308 0.330115 0.000000
vt -1.102349 0.330115 0.000000
vt -1.102349 0.495172 0.000000
vt -1.106390 0.495172 0.000000
vt -1.106390 0.577701 0.000000
vt -1.110431 0.577701 0.000000
vt -1.110431 0.660230 0.000000
vt -1.114472 0.660230 0.000000
vt -1.114472 0.825287 0.000000
vt -1.118513 0.825287 0.000000
vt -1.118513 0.990345 0.000000
vt -1.122555 0.990345 0.000000
vt -1.122555 1.155402 0.000000
vt -1.126596 1.155402 0.000000
vt -1.126596 1.320460 0.000000
vt -1.134678 1.320460 0.000000
vt -1.134678 1.540536 0.000000
vt -1.150843 1.540536 0.000000
vt -1.150843 1.760613 0.000000
vt -1.167007 1.760613 0.000000
vt -1.167007 1.980689 0.000000
vt -1.183172 1.980689 0.000000
vt -1.183172 2.145747 0.000000
vt -1.199337 2.145747 0.000000
vt -1.199337 2.310804 0.000000
vt -1.207419 2.310804 0.000000
vt -1.207419 2.475862 0.000000
vt -1.215501 2.475862 0.000000
vt -1.215501 2.640919 0.000000
vt -1.280161 2.475862 0.000000
vt -1.409479 2.640919 0.000000
vt -1.344820 2.475862 0.000000
vt -1.409479 2.475862 0.000000
vt -1.344820 2.310804 0.000000
vt -0.989244 0.000000 0.000000
vt -1.037714 0.082529 0.000000
vt -1.061949 0.082529 0.000000
vt -1.086184 0.165057 0.000000
vt -1.090225 0.165057 0.000000
vt -1.090225 0.330115 0.000000
vt -1.094267 0.330115 0.000000
vt -1.094267 0.495172 0.000000
vt -1.098308 0.495172 0.000000
vt -1.098308 0.577701 0.000000
vt -1.102349 0.577701 0.000000
vt -1.102349 0.660230 0.000000
vt -1.106390 0.660230 0.000000
vt -1.106390 0.825287 0.000000
vt -1.110431 0.825287 0.000000
vt -1.110431 0.990345 0.000000
vt -1.114472 0.990345 0.000000
vt -1.114472 1.155402 0.000000
vt -1.118513 1.155402 0.000000
vt -1.118513 1.320460 0.000000
vt -1.122555 1.320460 0.000000
vt -1.122555 1.540536 0.000000
vt -1.126596 1.540536 0.000000
vt -1.126596 1.760613 0.000000
vt -1.134678 1.760613 0.000000
vt -1.134678 1.980689 0.000000
vt -1.150843 1.980689 0.000000
vt -1.150843 2.145747 0.000000
vt -1.167007 2.145747 0.000000
vt -1.167007 2.310804 0.000000
vt -1.183172 2.310804 0.000000
vt -1.183172 2.475862 0.000000
vt -1.199337 2.475862 0.000000
vt -1.191254 2.640919 0.000000
vt -1.199337 2.640919 0.000000
vt -0.940774 0.000000 0.000000
vt -0.965009 0.082529 0.000000
vt -0.989244 0.082529 0.000000
vt -1.013479 0.082529 0.000000
vt -1.013479 0.165057 0.000000
vt -1.037714 0.165057 0.000000
vt -1.037714 0.330115 0.000000
vt -1.061949 0.330115 0.000000
vt -1.061949 0.495172 0.000000
vt -1.086184 0.495172 0.000000
vt -1.086184 0.577701 0.000000
vt -1.090225 0.577701 0.000000
vt -1.090225 0.660230 0.000000
vt -1.094267 0.660230 0.000000
vt -1.094267 0.825287 0.000000
vt -1.098308 0.825287 0.000000
vt -1.098308 0.990345 0.000000
vt -1.102349 0.990345 0.000000
vt -1.102349 1.155402 0.000000
vt -1.106390 1.155402 0.000000
vt -1.106390 1.320460 0.000000
vt -1.110431 1.320460 0.000000
vt -1.110431 1.540536 0.000000
vt -1.114472 1.540536 0.000000
vt -1.114472 1.760613 0.000000
vt -1.118513 1.760613 0.000000
vt -1.118513 1.980689 0.000000
vt -1.122555 1.980689 0.000000
vt -1.122555 2.145747 0.000000
vt -1.126596 2.145747 0.000000
vt -1.126596 2.310804 0.000000
vt -1.134678 2.310804 0.000000
vt -1.134678 2.475862 0.000000
vt -1.150843 2.475862 0.000000
vt -1.142760 2.640919 0.000000
vt -1.150843 2.640919 0.000000
vt -0.940774 0.082529 0.000000
vt -0.892304 0.000000 0.000000
vt -0.892304 0.082529 0.000000
vt -0.000000 0.000000 0.000000
vt -0.114435 0.613341 0.000000
vt -0.096428 1.265066 0.000000
vt -0.892304 0.825287 0.000000
vt -0.892304 0.660230 0.000000
vt -0.892304 0.577701 0.000000
vt -0.940774 0.660230 0.000000
vt -0.940774 0.577701 0.000000
vt -0.965009 0.660230 0.000000
vt -0.965009 0.577701 0.000000
vt -0.989244 0.660230 0.000000
vt -0.989244 0.577701 0.000000
vt -1.013479 0.660230 0.000000
vt -1.013479 0.577701 0.000000
vt -1.037714 0.660230 0.000000
vt -1.037714 0.577701 0.000000
vt -1.061949 0.660230 0.000000
vt -1.061949 0.577701 0.000000
vt -1.086184 0.660230 0.000000
vt -0.051222 1.943725 0.000000
vt -0.892304 1.540536 0.000000
vt -0.892304 1.320460 0.000000
vt -0.892304 1.155402 0.000000
vt -0.940774 1.320460 0.000000
vt -0.940774 1.155402 0.000000
vt -0.965009 1.320460 0.000000
vt -0.965009 1.155402 0.000000
vt -0.989244 1.320460 0.000000
vt -0.989244 1.155402 0.000000
vt -1.013479 1.320460 0.000000
vt -1.013479 1.155402 0.000000
vt -1.037714 1.320460 0.000000
vt -1.037714 1.155402 0.000000
vt -1.061949 1.320460 0.000000
vt -1.061949 1.155402 0.000000
vt -1.086184 1.320460 0.000000
vt -1.086184 1.155402 0.000000
vt -1.090225 1.320460 0.000000
vt -1.090225 1.155402 0.000000
vt -1.094267 1.320460 0.000000
vt -1.094267 1.155402 0.000000
vt -1.098308 1.320460 0.000000
vt -1.098308 1.155402 0.000000
vt -1.102349 1.320460 0.000000
vt -0.000000 2.640919 0.000000
vt -0.814992 2.640919 0.000000
vt -0.892304 1.980689 0.000000
vt -0.892304 1.760613 0.000000
vt -0.940774 1.980689 0.000000
vt -0.940774 1.760613 0.000000
vt -0.965009 1.980689 0.000000
vt -0.965009 1.760613 0.000000
vt -0.989244 1.980689 0.000000
vt -0.989244 1.760613 0.000000
vt -1.013479 1.980689 0.000000
vt -1.013479 1.760613 0.000000
vt -1.037714 1.980689 0.000000
vt -1.037714 1.760613 0.000000
vt -1.061949 1.980689 0.000000
vt -1.061949 1.760613 0.000000
vt -1.086184 1.980689 0.000000
vt -1.086184 1.760613 0.000000
vt -1.090225 1.980689 0.000000
vt -1.090225 1.760613 0.000000
vt -1.094267 1.980689 0.000000
vt -1.094267 1.760613 0.000000
vt -1.098308 1.980689 0.000000
vt -1.098308 1.760613 0.000000
vt -1.102349 1.980689 0.000000
vt -1.102349 1.760613 0.000000
vt -1.106390 1.980689 0.000000
vt -1.106390 1.760613 0.000000
vt -1.110431 1.980689 0.000000
vt -1.110431 1.760613 0.000000
vt -1.114472 1.980689 0.000000
vt -1.086184 2.640919 0.000000
vt -0.940774 2.475862 0.000000
vt -0.892304 2.475862 0.000000
vt -0.892304 2.310804 0.000000
vt -0.940774 2.310804 0.000000
vt -0.965009 2.475862 0.000000
vt -0.965009 2.310804 0.000000
vt -0.989244 2.475862 0.000000
vt -0.989244 2.310804 0.000000
vt -1.013479 2.475862 0.000000
vt -1.013479 2.310804 0.000000
vt -1.037714 2.475862 0.000000
vt -1.037714 2.310804 0.000000
vt -1.061949 2.475862 0.000000
vt -1.061949 2.310804 0.000000
vt -1.086184 2.475862 0.000000
vt -1.086184 2.310804 0.000000
vt -1.090225 2.475862 0.000000
vt -1.090225 2.310804 0.000000
vt -1.094267 2.475862 0.000000
vt -1.094267 2.310804 0.000000
vt -1.098308 2.475862 0.000000
vt -1.098308 2.310804 0.000000
vt -1.102349 2.475862 0.000000
vt -1.102349 2.310804 0.000000
vt -1.106390 2.475862 0.000000
vt -1.106390 2.310804 0.000000
vt -1.110431 2.475862 0.000000
vt -1.110431 2.310804 0.000000
vt -1.114472 2.475862 0.000000
vt -1.114472 2.310804 0.000000
vt -1.118513 2.475862 0.000000
vt -1.118513 2.310804 0.000000
vt -1.122555 2.475862 0.000000
vt -1.122555 2.310804 0.000000
vt -1.126596 2.475862 0.000000
vt -1.094267 2.640919 0.000000
vt -1.102349 2.640919 0.000000
vt -1.110431 2.640919 0.000000
vt -1.118513 2.640919 0.000000
vt -1.126596 2.640919 0.000000
vt -1.134678 2.640919 0.000000
vt -1.158925 2.640919 0.000000
vt -1.167007 2.475862 0.000000
vt -1.150843 2.310804 0.000000
vt -1.167007 2.640919 0.000000
vt -1.175090 2.640919 0.000000
vt -1.183172 2.640919 0.000000
vt -1.207419 2.640919 0.000000
vt -0.892304 0.165057 0.000000
vt -0.940774 0.165057 0.000000
vt -0.965009 0.165057 0.000000
vt -0.989244 0.165057 0.000000
vt -0.892304 0.495172 0.000000
vt -0.940774 0.495172 0.000000
vt -0.965009 0.495172 0.000000
vt -0.989244 0.495172 0.000000
vt -1.013479 0.495172 0.000000
vt -1.037714 0.495172 0.000000
vt -1.706914 1.320460 0.000000
vt -1.409479 1.320460 0.000000
vt -1.344820 1.320460 0.000000
vt -1.280161 1.320460 0.000000
vt -1.215501 1.320460 0.000000
vt -0.892304 0.990345 0.000000
vt -0.940774 0.990345 0.000000
vt -0.965009 0.990345 0.000000
vt -0.989244 0.990345 0.000000
vt -1.013479 0.990345 0.000000
vt -1.037714 0.990345 0.000000
vt -1.061949 0.990345 0.000000
vt -1.086184 0.990345 0.000000
vt -1.090225 0.990345 0.000000
vt -1.094267 0.990345 0.000000
vt -0.940774 1.540536 0.000000
vt -0.965009 1.540536 0.000000
vt -0.989244 1.540536 0.000000
vt -1.013479 1.540536 0.000000
vt -1.037714 1.540536 0.000000
vt -1.061949 1.540536 0.000000
vt -1.086184 1.540536 0.000000
vt -1.090225 1.540536 0.000000
vt -1.094267 1.540536 0.000000
vt -1.098308 1.540536 0.000000
vt -1.102349 1.540536 0.000000
vt -1.106390 1.540536 0.000000
vt -2.004348 2.145747 0.000000
vt -2.004348 1.980689 0.000000
vt -1.280161 2.310804 0.000000
vt -1.280161 2.145747 0.000000
vt -1.215501 2.310804 0.000000
vt -1.215501 2.145747 0.000000
vt -1.215501 1.980689 0.000000
vt -0.892304 2.145747 0.000000
vt -0.940774 2.145747 0.000000
vt -0.965009 2.145747 0.000000
vt -0.989244 2.145747 0.000000
vt -1.013479 2.145747 0.000000
vt -1.037714 2.145747 0.000000
vt -1.061949 2.145747 0.000000
vt -1.086184 2.145747 0.000000
vt -1.090225 2.145747 0.000000
vt -1.094267 2.145747 0.000000
vt -1.098308 2.145747 0.000000
vt -1.102349 2.145747 0.000000
vt -1.106390 2.145747 0.000000
vt -1.110431 2.145747 0.000000
vt -1.114472 2.145747 0.000000
vt -1.118513 2.145747 0.000000
vt -1.126596 1.980689 0.000000
vt -1.122555 1.760613 0.000000
vt -1.134678 2.145747 0.000000
vt -1.199337 1.980689 0.000000
vt -1.183172 1.760613 0.000000
vt -1.199337 1.760613 0.000000
vt -1.183172 1.540536 0.000000
vt -1.199337 1.540536 0.000000
vt -1.183172 1.320460 0.000000
vt -1.207419 1.980689 0.000000
vt -1.207419 1.760613 0.000000
vt -1.207419 2.145747 0.000000
vt -1.409479 1.980689 0.000000
vt -1.706914 1.980689 0.000000
vt -1.706914 2.145747 0.000000
vt -1.167007 1.540536 0.000000
vt -1.150843 1.320460 0.000000
vt -1.134678 1.155402 0.000000
vt -1.126596 0.990345 0.000000
vt -1.122555 0.825287 0.000000
vt -1.118513 0.660230 0.000000
vt -1.114472 0.577701 0.000000
vt -1.110431 0.495172 0.000000
vt -1.106390 0.330115 0.000000
vt -1.102349 0.165057 0.000000
vt -1.098308 0.082529 0.000000
vt -1.118513 1.540536 0.000000
vt -1.114472 1.320460 0.000000
vt -1.110431 1.155402 0.000000
vt -1.106390 0.990345 0.000000
vt -1.102349 0.825287 0.000000
vt -1.098308 0.660230 0.000000
vt -1.094267 0.577701 0.000000
vt -1.090225 0.495172 0.000000
vt -1.086184 0.330115 0.000000
vt -1.061949 0.165057 0.000000
vt -0.940774 0.825287 0.000000
vt -0.965009 0.825287 0.000000
vt -0.989244 0.825287 0.000000
vt -1.013479 0.825287 0.000000
vt -1.037714 0.825287 0.000000
vt -1.061949 0.825287 0.000000
vt -1.086184 0.825287 0.000000
vt -1.090225 0.825287 0.000000
vt -1.150843 1.155402 0.000000
vt -1.134678 0.990345 0.000000
vt -1.150843 0.990345 0.000000
vt -1.134678 0.825287 0.000000
vt -1.167007 1.155402 0.000000
vt -1.167007 1.320460 0.000000
vt -1.126596 0.825287 0.000000
vt -1.122555 0.660230 0.000000
vt -1.118513 0.577701 0.000000
vt -1.114472 0.495172 0.000000
vt -1.110431 0.330115 0.000000
vt -1.106390 0.165057 0.000000
vt -1.102349 0.082529 0.000000
vt -1.126596 0.660230 0.000000
vt -1.122555 0.577701 0.000000
vt -1.118513 0.495172 0.000000
vt -1.114472 0.330115 0.000000
vt -1.110431 0.165057 0.000000
vt -1.106390 0.082529 0.000000
vt -1.013479 0.330115 0.000000
vt -0.989244 0.330115 0.000000
vt -0.965009 0.330115 0.000000
vt -0.940774 0.330115 0.000000
vt -0.892304 0.330115 0.000000
vt -1.122555 0.082529 0.000000
vt -1.118513 0.082529 0.000000
vt -2.400000 4.072435 0.000000
vt 0.000000 4.072435 0.000000
vt -2.400000 4.398230 0.000000
vt 0.000000 4.398230 0.000000
vt -2.400000 -4.398230 0.000000
vt 0.000000 -4.398230 0.000000
vt -2.400000 -4.072435 0.000000
vt 0.000000 -4.072435 0.000000
vt -2.400000 -3.746640 0.000000
vt 0.000000 -3.746640 0.000000
vt -2.400000 -3.420845 0.000000
vt 0.000000 -3.420845 0.000000
vt -2.400000 -3.095051 0.000000
vt 0.000000 -3.095051 0.000000
vt -2.400000 -2.769256 0.000000
vt 0.000000 -2.769256 0.000000
vt -2.400000 -2.443461 0.000000
vt 0.000000 -2.443461 0.000000
vt -2.400000 -2.117666 0.000000
vt 0.000000 -2.117666 0.000000
vt -2.400000 -1.791871 0.000000
vt 0.000000 -1.791871 0.000000
vt -2.400000 -1.466077 0.000000
vt 0.000000 -1.466077 0.000000
vt -2.400000 -1.140282 0.000000
vt 0.000000 -1.140282 0.000000
vt -2.400000 -0.814487 0.000000
vt 0.000000 -0.814487 0.000000
vt -2.400000 -0.488692 0.000000
vt 0.000000 -0.488692 0.000000
vt -2.400000 -0.162897 0.000000
vt 0.000000 -0.162897 0.000000
vt -2.400000 0.162897 0.000000
vt 0.000000 0.162897 0.000000
vt -2.400000 0.488692 0.000000
vt 0.000000 0.488692 0.000000
vt -2.400000 0.814487 0.000000
vt 0.000000 0.814487 0.000000
vt -2.400000 1.140282 0.000000
vt 0.000000 1.140282 0.000000
vt -2.400000 1.466077 0.000000
vt 0.000000 1.466077 0.000000
vt -2.400000 1.791871 0.000000
vt 0.000000 1.791871 0.000000
vt -2.400000 2.117666 0.000000
vt 0.000000 2.117666 0.000000
vt -2.400000 2.443461 0.000000
vt 0.000000 2.443461 0.000000
vt -2.400000 2.769256 0.000000
vt 0.000000 2.769256 0.000000
vt -2.400000 3.095051 0.000000
vt 0.000000 3.095051 0.000000
vt -2.400000 3.420845 0.000000
vt 0.000000 3.420845 0.000000
vt -2.400000 3.746640 0.000000
vt 0.000000 3.746640 0.000000
vt -0.265630 0.071175 0.000000
vt -1.740612 0.181026 0.000000
vt -0.275000 0.000000 0.000000
vt -1.740612 -0.181026 0.000000
vt -0.265630 -0.071175 0.000000
vt -1.666109 -0.535331 0.000000
vt -0.238157 -0.137500 0.000000
vt -1.520294 -0.866722 0.000000
vt -0.194454 -0.194454 0.000000
vt -1.309406 -1.161015 0.000000
vt -0.137500 -0.238157 0.000000
vt -1.042472 -1.405614 0.000000
vt -0.696062 -1.605614 0.000000
vt -1.044265 -1.678326 0.000000
vt -0.931341 -1.743523 0.000000
vt -1.042863 -1.693046 0.000000
vt -1.038603 -1.707212 0.000000
vt -1.666109 0.535331 0.000000
vt -0.238157 0.137500 0.000000
vt -1.520294 0.866722 0.000000
vt -0.194454 0.194454 0.000000
vt -1.309406 1.161015 0.000000
vt -0.137500 0.238157 0.000000
vt -1.042472 1.405614 0.000000
vt -0.696062 1.605614 0.000000
vt -1.044265 1.678326 0.000000
vt -0.931341 1.743523 0.000000
vt -1.042864 1.693039 0.000000
vt -1.038609 1.707199 0.000000
vt -1.031716 1.720279 0.000000
vt -1.022400 1.731752 0.000000
vt -1.014986 1.738273 0.000000
vt -1.006780 1.743764 0.000000
vt -0.997923 1.748129 0.000000
vt -0.988570 1.751293 0.000000
vt -0.944790 1.749669 0.000000
vt -0.959188 1.753063 0.000000
vt -0.071175 0.265630 0.000000
vt -0.350766 1.714486 0.000000
vt 0.000000 0.275000 0.000000
vt 0.009543 1.749974 0.000000
vt 0.369444 1.710559 0.000000
vt 0.071175 0.265630 0.000000
vt 0.713532 1.597927 0.000000
vt 0.137500 0.238157 0.000000
vt 1.027079 1.416901 0.000000
vt 1.296665 1.175228 0.000000
vt 0.194454 0.194454 0.000000
vt 1.510750 0.883252 0.000000
vt 0.238157 0.137500 0.000000
vt 1.660172 0.553471 0.000000
vt 0.265630 0.071175 0.000000
vt 1.738534 0.200000 0.000000
vt 0.275000 0.000000 0.000000
vt 1.738534 -0.200000 0.000000
vt 0.265630 -0.071175 0.000000
vt 1.660172 -0.553471 0.000000
vt 0.238157 -0.137500 0.000000
vt 1.510750 -0.883252 0.000000
vt 0.194454 -0.194454 0.000000
vt 1.296665 -1.175228 0.000000
vt 0.137500 -0.238157 0.000000
vt 1.027079 -1.416901 0.000000
vt 0.713532 -1.597927 0.000000
vt 0.071175 -0.265630 0.000000
vt 0.369444 -1.710559 0.000000
vt 0.000000 -0.275000 0.000000
vt 0.009543 -1.749974 0.000000
vt -0.350766 -1.714486 0.000000
vt -0.071175 -0.265630 0.000000
vt 1.975606 -0.065197 0.000000
vt 1.975606 0.065197 0.000000
vt 1.987652 -0.056622 0.000000
vt 1.997791 -0.045851 0.000000
vt 2.005673 -0.033333 0.000000
vt 2.010949 -0.019520 0.000000
vt 2.012886 -0.009838 0.000000
vt 2.013534 0.000015 0.000000
vt 2.012882 0.009867 0.000000
vt 2.010941 0.019548 0.000000
vt 2.005663 0.033353 0.000000
vt 1.997782 0.045862 0.000000
vt 1.987647 0.056627 0.000000
vt -0.973969 1.753630 0.000000
vt -1.031703 -1.720297 0.000000
vt -1.022379 -1.731773 0.000000
vt -1.014963 -1.738292 0.000000
vt -1.006754 -1.743779 0.000000
vt -0.997896 -1.748140 0.000000
vt -0.988541 -1.751301 0.000000
vt -0.973947 -1.753632 0.000000
vt -0.959173 -1.753061 0.000000
vt -0.944783 -1.749666 0.000000
vt -1.362263 0.322862 0.000000
vt -1.710559 0.369444 0.000000
vt -1.400000 -0.000000 0.000000
vt -1.749974 0.009543 0.000000
vt -1.714486 -0.350766 0.000000
vt -1.597927 0.713532 0.000000
vt -1.251086 0.628319 0.000000
vt -1.416901 1.027079 0.000000
vt -1.072462 0.899903 0.000000
vt -1.175228 1.296665 0.000000
vt -0.836022 1.122972 0.000000
vt -0.883252 1.510750 0.000000
vt -0.554512 1.285503 0.000000
vt -0.553471 1.660172 0.000000
vt -0.243107 1.378731 0.000000
vt -0.200000 1.738534 0.000000
vt 0.081403 1.397631 0.000000
vt 0.200000 1.738534 0.000000
vt 0.401525 1.341185 0.000000
vt 0.553471 1.660172 0.000000
vt 0.700000 1.212436 0.000000
vt 0.883252 1.510750 0.000000
vt 0.960738 1.018323 0.000000
vt 1.175228 1.296665 0.000000
vt 1.416901 1.027079 0.000000
vt 1.169683 0.769313 0.000000
vt 1.597927 0.713532 0.000000
vt 1.315570 0.478828 0.000000
vt 1.710559 0.369445 0.000000
vt 1.390534 0.162530 0.000000
vt 1.749974 0.009544 0.000000
vt 1.390534 -0.162530 0.000000
vt 1.714486 -0.350766 0.000000
vt 1.315570 -0.478828 0.000000
vt 1.605614 -0.696062 0.000000
vt 1.169683 -0.769313 0.000000
vt 1.405614 -1.042472 0.000000
vt 0.960738 -1.018323 0.000000
vt 1.161015 -1.309406 0.000000
vt 0.700000 -1.212436 0.000000
vt 0.866722 -1.520294 0.000000
vt 0.535331 -1.666109 0.000000
vt 0.401525 -1.341185 0.000000
vt 0.181026 -1.740612 0.000000
vt 0.081403 -1.397631 0.000000
vt -0.181026 -1.740612 0.000000
vt -0.243107 -1.378731 0.000000
vt -0.535331 -1.666109 0.000000
vt -0.554512 -1.285503 0.000000
vt -0.866722 -1.520294 0.000000
vt -0.836022 -1.122972 0.000000
vt -1.161015 -1.309406 0.000000
vt -1.072462 -0.899903 0.000000
vt -1.405614 -1.042472 0.000000
vt -1.251086 -0.628319 0.000000
vt -1.605614 -0.696062 0.000000
vt -1.362263 -0.322862 0.000000
vt -1.678326 -1.044265 0.000000
vt -1.743523 -0.931341 0.000000
vt -1.693046 -1.042863 0.000000
vt -1.707212 -1.038603 0.000000
vt -1.720297 -1.031703 0.000000
vt -1.731773 -1.022379 0.000000
vt -1.738291 -1.014962 0.000000
vt -1.743779 -1.006754 0.000000
vt -1.748140 -0.997896 0.000000
vt -1.751301 -0.988541 0.000000
vt -1.753632 -0.973947 0.000000
vt -1.753061 -0.959173 0.000000
vt -1.749666 -0.944783 0.000000
vt 1.678326 -1.044265 0.000000
vt 1.743523 -0.931341 0.000000
vt 1.693039 -1.042864 0.000000
vt 1.707199 -1.038609 0.000000
vt 1.720279 -1.031716 0.000000
vt 1.731752 -1.022400 0.000000
vt 1.738273 -1.014986 0.000000
vt 1.743764 -1.006780 0.000000
vt 1.748129 -0.997923 0.000000
vt 1.751293 -0.988570 0.000000
vt 1.753630 -0.973969 0.000000
vt 1.753063 -0.959188 0.000000
vt 1.749669 -0.944790 0.000000
vt -0.065197 1.975606 0.000000
vt 0.065197 1.975606 0.000000
vt 0.056627 1.987647 0.000000
vt 0.045862 1.997782 0.000000
vt -0.056622 1.987652 0.000000
vt -0.045851 1.997791 0.000000
vt 0.033353 2.005663 0.000000
vt 0.019548 2.010941 0.000000
vt 0.009867 2.012882 0.000000
vt 0.000015 2.013534 0.000000
vt -0.009838 2.012886 0.000000
vt -0.019520 2.010949 0.000000
vt -0.033333 2.005673 0.000000
vn 0.000000 -1.000000 -0.000000
vn 0.000000 -1.000000 -0.000000
vn 0.000000 -1.000000 -0.000000
vn 0.000000 -1.000000 -0.000000
vn 0.000000 -1.000000 -0.000000
vn 0.000000 -1.000000 -0.000000
vn 0.000000 -1.000000 -0.000000
vn 0.000000 -1.000000 -0.000000
vn 0.000000 -1.000000 -0.000000
vn 0.000000 -1.000000 -0.000000
vn 0.000000 -1.000000 -0.000000
vn 0.000000 -1.000000 -0.000000
vn 0.000000 -1.000000 -0.000000
vn 0.000000 -1.000000 -0.000000
vn 0.000000 -1.000000 -0.000000
vn 0.000000 -1.000000 -0.000000
vn 0.000000 -1.000000 -0.000000
vn 0.000000 -1.000000 -0.000000
vn 0.000000 -1.000000 -0.000000
vn 0.000000 -1.000000 -0.000000
vn 0.000000 -1.000000 -0.000000
vn 0.000000 -1.000000 -0.000000
vn 0.000000 -1.000000 -0.000000
vn 0.000000 -1.000000 -0.000000
vn 0.000000 -1.000000 -0.000000
vn 0.000000 -1.000000 -0.000000
vn 0.000000 -1.000000 -0.000000
vn 0.000000 -1.000000 -0.000000
vn 0.000000 -1.000000 -0.000000
vn 0.000000 -1.000000 -0.000000
vn 0.000000 -1.000000 -0.000000
vn 0.000000 -1.000000 -0.000000
vn 0.000000 -1.000000 -0.000000
vn 0.000000 -1.000000 -0.000000
vn 0.000000 -1.000000 -0.000000
vn 0.000000 -1.000000 -0.000000
vn 0.000000 -1.000000 -0.000000
vn 0.000000 -1.000000 -0.000000
vn 0.000000 -1.000000 -0.000000
vn 0.000000 -1.000000 -0.000000
vn 0.000000 -1.000000 -0.000000
vn 0.000000 -1.000000 -0.000000
vn 0.000000 -1.000000 -0.000000
vn 0.000000 -1.000000 -0.000000
vn 0.000000 -1.000000 -0.000000
vn 0.000000 -1.000000 -0.000000
vn 0.000000 -1.000000 -0.000000
vn 0.000000 -1.000000 -0.000000
vn 0.000000 -1.000000 -0.000000
vn 0.000000 -1.000000 -0.000000
vn 0.000000 -1.000000 -0.000000
vn 0.733490 -0.000000 0.679700
vn 0.733490 -0.000000 0.679700
vn 0.884417 -0.000000 0.466698
vn 0.884417 -0.000000 0.466698
vn 0.975071 0.000000 0.221892
vn 0.975071 0.000000 0.221892
vn 0.999276 0.000000 -0.038036
vn 0.999276 0.000000 -0.038036
vn 0.955383 0.000000 -0.295371
vn 0.955383 0.000000 -0.295371
vn 0.846381 0.000000 -0.532578
vn 0.846381 0.000000 -0.532578
vn 0.679700 0.000000 -0.733490
vn 0.679700 0.000000 -0.733490
vn 0.466698 0.000000 -0.884417
vn 0.466698 0.000000 -0.884417
vn 0.221892 0.000000 -0.975071
vn 0.221892 0.000000 -0.975071
vn -0.038036 0.000000 -0.999276
vn -0.038036 0.000000 -0.999276
vn -0.295371 0.000000 -0.955383
vn -0.295371 0.000000 -0.955383
vn -0.532578 0.000000 -0.846381
vn -0.532578 0.000000 -0.846381
vn -0.733490 0.000000 -0.679700
vn -0.733490 0.000000 -0.679700
vn -0.884417 0.000000 -0.466698
vn -0.884417 0.000000 -0.466698
vn -0.975071 -0.000000 -0.221892
vn -0.975071 -0.000000 -0.221892
vn -0.999276 -0.000000 0.038036
vn -0.999276 -0.000000 0.038036
vn -0.955383 -0.000000 0.295371
vn -0.955383 -0.000000 0.295371
vn -0.846381 -0.000000 0.532578
vn -0.846381 -0.000000 0.532578
vn -0.679700 -0.000000 0.733490
vn -0.679700 -0.000000 0.733490
vn -0.466698 -0.000000 0.884417
vn -0.466698 -0.000000 0.884417
vn -0.221892 -0.000000 0.975071
vn -0.221892 -0.000000 0.975071
vn 0.038036 -0.000000 0.999276
vn 0.038036 -0.000000 0.999276
vn 0.295371 -0.000000 0.955383
vn 0.295371 -0.000000 0.955383
vn 0.532578 -0.000000 0.846381
vn 0.532578 -0.000000 0.846381
vn 0.557954 -0.754307 -0.345987
vn 0.629828 -0.671404 -0.390556
vn 0.559000 -0.742858 -0.368348
vn 0.589004 -0.661332 -0.464451
vn 0.559584 -0.733330 -0.386126
vn 0.560033 -0.718444 -0.412555
vn 0.556621 -0.652484 -0.514235
vn 0.556776 -0.654514 -0.511481
vn 0.554220 -0.621385 -0.553824
vn 0.555086 -0.630005 -0.543114
vn 0.552847 -0.600255 -0.577974
vn 0.554619 -0.616622 -0.558726
vn 0.553279 -0.592414 -0.585601
vn 0.555146 -0.610458 -0.564937
vn 0.554665 -0.590942 -0.585776
vn 0.556360 -0.609326 -0.564964
vn 0.556604 -0.593751 -0.581078
vn 0.557705 -0.607708 -0.565382
vn 0.558431 -0.594374 -0.578684
vn 0.559361 -0.608614 -0.562765
vn 0.548921 -0.509950 -0.662297
vn 0.550938 -0.523494 -0.649940
vn 0.527683 -0.400778 -0.748951
vn 0.530588 -0.413330 -0.740024
vn 0.490107 -0.264502 -0.830563
vn 0.494581 -0.278816 -0.823196
vn 0.433840 -0.106547 -0.894668
vn 0.438141 -0.117460 -0.891199
vn 0.357258 0.068392 -0.931498
vn 0.441783 -0.126823 -0.888112
vn 0.265329 0.244246 -0.932708
vn 0.577808 -0.651868 -0.491128
vn 0.559551 -0.690202 -0.458829
vn 0.559869 -0.698887 -0.445089
vn 0.560038 -0.707393 -0.431222
vn 0.556885 -0.655983 -0.509476
vn 0.572525 -0.646246 -0.504561
vn 0.558476 -0.672323 -0.485887
vn 0.558680 -0.675116 -0.481763
vn 0.558899 -0.678355 -0.476934
vn 0.557147 -0.659733 -0.504320
vn 0.557115 -0.659250 -0.504988
vn 0.556789 -0.651004 -0.515926
vn 0.556609 -0.648377 -0.519417
vn 0.556682 -0.641509 -0.527799
vn 0.556332 -0.636506 -0.534187
vn 0.556810 -0.631181 -0.539975
vn 0.556258 -0.623530 -0.549351
vn 0.557158 -0.619943 -0.552491
vn 0.569405 -0.642751 -0.512493
vn 0.558593 -0.659699 -0.502762
vn 0.558116 -0.667753 -0.492556
vn 0.558289 -0.669891 -0.489449
vn 0.557218 -0.660803 -0.502839
vn 0.557198 -0.660497 -0.503264
vn 0.557147 -0.656736 -0.508217
vn 0.557050 -0.655105 -0.510424
vn 0.557317 -0.652262 -0.513763
vn 0.557154 -0.649225 -0.517770
vn 0.557723 -0.647366 -0.519482
vn 0.557503 -0.642832 -0.525317
vn 0.558358 -0.642035 -0.525383
vn 0.558089 -0.635897 -0.533077
vn 0.559217 -0.636251 -0.531471
vn 0.558905 -0.628391 -0.541064
vn 0.560293 -0.629994 -0.537754
vn 0.559941 -0.620278 -0.549292
vn 0.552506 -0.534874 -0.639255
vn 0.560599 -0.656613 -0.504568
vn 0.557261 -0.661453 -0.501936
vn 0.557720 -0.663145 -0.499185
vn 0.557908 -0.665277 -0.496131
vn 0.557241 -0.661154 -0.502351
vn 0.557338 -0.660165 -0.503544
vn 0.557253 -0.658594 -0.505692
vn 0.557613 -0.658585 -0.505304
vn 0.557485 -0.655697 -0.509186
vn 0.558083 -0.656716 -0.507215
vn 0.557935 -0.652462 -0.512837
vn 0.558742 -0.654559 -0.509274
vn 0.558596 -0.648883 -0.516645
vn 0.559588 -0.652112 -0.511479
vn 0.559464 -0.644953 -0.520610
vn 0.560616 -0.649376 -0.513830
vn 0.560535 -0.640666 -0.524735
vn 0.555302 -0.557848 -0.616802
vn 0.554103 -0.547478 -0.627087
vn 0.536195 -0.439029 -0.720936
vn 0.533708 -0.427368 -0.729734
vn 0.498247 -0.290830 -0.816803
vn 0.538215 -0.448861 -0.713336
vn 0.072868 0.537172 -0.840319
vn 0.165138 0.407461 -0.898168
vn 0.262829 0.248639 -0.932255
vn 0.353227 0.076751 -0.932384
vn 0.428690 -0.093670 -0.898583
vn 0.486054 -0.251836 -0.836857
vn 0.524125 -0.385988 -0.759149
vn 0.546273 -0.493584 -0.676728
vn 0.556950 -0.576637 -0.597742
vn 0.554148 -0.569242 -0.607357
vn 0.551656 -0.565090 -0.613473
vn 0.549907 -0.566003 -0.614201
vn 0.550586 -0.582516 -0.597938
vn 0.552831 -0.609119 -0.568640
vn 0.556382 -0.649500 -0.518256
vn -0.078689 0.712455 -0.697292
vn -0.009847 0.638533 -0.769532
vn 0.072968 0.537042 -0.840394
vn 0.163783 0.409499 -0.897489
vn 0.259928 0.253712 -0.931701
vn 0.256523 0.259638 -0.931013
vn 0.348462 0.086544 -0.933319
vn 0.344277 0.095064 -0.934043
vn 0.424110 -0.082386 -0.901855
vn 0.418745 -0.069356 -0.905451
vn 0.481219 -0.237069 -0.843935
vn 0.475364 -0.219648 -0.851930
vn 0.519689 -0.368325 -0.770883
vn 0.514043 -0.346898 -0.784488
vn 0.542715 -0.473451 -0.693761
vn 0.535738 -0.438242 -0.721754
vn 0.553496 -0.545032 -0.629748
vn 0.546753 -0.498840 -0.672473
vn 0.549563 -0.534112 -0.642420
vn 0.540382 -0.480255 -0.690900
vn 0.545912 -0.526360 -0.651863
vn 0.537764 -0.482259 -0.691547
vn 0.545345 -0.536649 -0.643899
vn 0.537030 -0.492445 -0.684906
vn 0.546682 -0.556524 -0.625635
vn 0.539152 -0.515114 -0.666313
vn 0.550365 -0.590316 -0.590445
vn 0.548326 -0.576611 -0.605688
vn 0.556207 -0.647412 -0.521048
vn 0.555970 -0.644682 -0.524673
vn -0.076992 0.710745 -0.699223
vn -0.176819 0.800775 -0.572271
vn -0.174608 0.799013 -0.575404
vn -0.244159 0.848515 -0.469477
vn -0.292574 0.875219 -0.385218
vn -0.294868 0.876317 -0.380948
vn -0.336528 0.892838 -0.299314
vn -0.371101 0.901197 -0.223892
vn -0.373289 0.901547 -0.218786
vn -0.405670 0.903346 -0.139277
vn -0.431251 0.899592 -0.068971
vn -0.433388 0.899029 -0.062617
vn -0.458571 0.888499 0.016818
vn -0.480586 0.871494 0.097644
vn -0.482634 0.869372 0.106096
vn -0.505961 0.835238 0.215365
vn -0.504119 0.838903 0.205199
vn -0.526019 0.770479 0.360090
vn -0.524846 0.776977 0.347625
vn -0.529641 0.772498 0.350325
vn -0.523329 0.784439 0.332840
vn -0.528533 0.779908 0.335256
vn -0.521325 0.793077 0.315038
vn -0.527027 0.788395 0.317295
vn -0.519372 0.800486 0.299123
vn -0.525531 0.795596 0.301404
vn -0.516880 0.808842 0.280376
vn -0.523596 0.803632 0.282883
vn -0.513640 0.818296 0.258001
vn -0.521058 0.812620 0.261051
vn -0.509336 0.829016 0.230890
vn -0.517669 0.822679 0.234985
vn -0.501043 0.845517 0.184546
vn -0.511148 0.837918 0.191368
vn -0.487803 0.864532 0.120964
vn -0.500866 0.855197 0.133312
vn -0.465228 0.884683 0.029970
vn -0.483807 0.873546 0.053376
vn -0.436750 0.897129 -0.066402
vn -0.463063 0.885884 -0.027985
vn -0.389973 0.899162 -0.198567
vn -0.430366 0.892398 -0.135688
vn -0.311555 0.872220 -0.377050
vn -0.377612 0.883197 -0.278159
vn -0.255196 0.837392 -0.483373
vn -0.340109 0.867021 -0.364144
vn -0.269859 0.828626 -0.490464
vn -0.334672 0.853251 -0.399946
vn -0.404370 0.876340 -0.261750
vn -0.388870 0.865904 -0.314626
vn -0.458472 0.874662 -0.157385
vn -0.436584 0.870626 -0.226724
vn -0.543264 0.818587 -0.186493
vn -0.653628 0.722790 -0.224379
vn -0.659008 0.739951 -0.134834
vn -0.752206 0.647450 -0.122452
vn -0.656856 0.754016 -0.000041
vn -0.713003 0.698517 0.060836
vn -0.648330 0.755650 0.093060
vn -0.678630 0.710986 0.184283
vn -0.638681 0.752737 0.159608
vn -0.626743 0.746759 0.222584
vn -0.575840 0.804798 0.143904
vn -0.574897 0.792343 0.204171
vn -0.521573 0.843192 0.130343
vn -0.528865 0.827662 0.187823
vn -0.503084 0.859877 0.086700
vn -0.515054 0.842879 0.155802
vn -0.599501 0.687151 0.410393
vn -0.560139 0.740128 0.372095
vn -0.539279 0.762132 0.358237
vn -0.534582 0.767428 0.353944
vn -0.533956 0.774327 0.339571
vn -0.617509 0.696808 0.364885
vn -0.585698 0.718382 0.375346
vn -0.581952 0.715461 0.386585
vn -0.561831 0.744788 0.360051
vn -0.539117 0.768105 0.345495
vn -0.538793 0.774894 0.330516
vn -0.533046 0.782181 0.322574
vn -0.532099 0.788809 0.307654
vn -0.651946 0.709240 0.268226
vn -0.602681 0.731071 0.319860
vn -0.597928 0.727622 0.336227
vn -0.593739 0.724513 0.350078
vn -0.566860 0.759648 0.318756
vn -0.565227 0.754620 0.333267
vn -0.537803 0.786963 0.302417
vn -0.538394 0.780615 0.317446
vn -0.530835 0.796167 0.290400
vn -0.616580 0.740565 0.267192
vn -0.608103 0.734889 0.300247
vn -0.572801 0.781208 0.248221
vn -0.570392 0.771582 0.281628
vn -0.533132 0.813877 0.231030
vn -0.535699 0.801915 0.264498
vn -0.522275 0.827241 0.207124
vn -0.526813 0.813476 0.246423
vn -0.774838 0.487558 -0.402384
vn -0.185531 0.781175 -0.596108
vn -0.243018 0.831801 -0.499048
vn -0.298952 0.867941 -0.396618
vn -0.372291 0.897316 -0.237113
vn -0.414685 0.901131 -0.126490
vn -0.440761 0.896317 -0.048431
vn -0.462231 0.886431 0.024127
vn -0.475594 0.876498 0.074578
vn -0.484532 0.867651 0.111402
vn -0.489454 0.861825 0.133016
vn -0.493346 0.856641 0.150915
vn -0.496489 0.852029 0.165965
vn -0.499073 0.847916 0.178788
vn -0.501871 0.843092 0.193188
vn -0.229085 0.824669 -0.517147
vn -0.115443 0.731151 -0.672377
vn -0.194874 0.804191 -0.561517
vn -0.149431 0.771255 -0.618737
vn -0.248670 0.844532 -0.474267
vn -0.199071 0.813177 -0.546913
vn -0.313207 0.881239 -0.354004
vn -0.258303 0.854727 -0.450247
vn -0.348942 0.894828 -0.278430
vn -0.291409 0.873363 -0.390280
vn -0.371077 0.900266 -0.227645
vn -0.312215 0.883149 -0.350100
vn -0.389879 0.902766 -0.181680
vn -0.330168 0.890266 -0.313712
vn -0.402117 0.903191 -0.150161
vn -0.342036 0.894237 -0.288706
vn -0.410674 0.902855 -0.127276
vn -0.350442 0.896670 -0.270505
vn -0.415563 0.902409 -0.113862
vn -0.355289 0.897923 -0.259815
vn -0.419542 0.901902 -0.102752
vn -0.359260 0.898865 -0.250947
vn -0.422841 0.901377 -0.093403
vn -0.362572 0.899590 -0.243474
vn -0.425619 0.900861 -0.085430
vn -0.365375 0.900160 -0.237092
vn -0.428704 0.900203 -0.076464
vn -0.368504 0.900749 -0.229905
vn -0.028889 0.654055 -0.755895
vn -0.090555 0.720366 -0.687657
vn -0.132391 0.760692 -0.635469
vn -0.184152 0.805050 -0.563900
vn -0.214335 0.827885 -0.518331
vn -0.233904 0.841404 -0.487163
vn -0.251228 0.852478 -0.458438
vn -0.262933 0.859461 -0.438399
vn -0.271355 0.864226 -0.423651
vn -0.276265 0.866900 -0.414923
vn -0.280319 0.869050 -0.407644
vn -0.283720 0.870812 -0.401484
vn -0.286615 0.872282 -0.396202
vn -0.289864 0.873898 -0.390232
vn -0.017332 0.645778 -0.763329
vn 0.079249 0.528779 -0.845052
vn 0.027152 0.594517 -0.803624
vn 0.051861 0.564110 -0.824069
vn 0.010283 0.614846 -0.788580
vn 0.042409 0.576013 -0.816340
vn -0.013026 0.641982 -0.766609
vn 0.029054 0.592519 -0.805033
vn -0.028316 0.659182 -0.751450
vn 0.020081 0.603404 -0.797182
vn -0.039095 0.671021 -0.740407
vn 0.013643 0.611115 -0.791424
vn -0.049321 0.682033 -0.729657
vn 0.007441 0.618462 -0.785779
vn -0.056647 0.689789 -0.721791
vn 0.002939 0.623748 -0.781620
vn -0.062150 0.695542 -0.715792
vn -0.000478 0.627731 -0.778430
vn -0.065455 0.698968 -0.712152
vn -0.002544 0.630129 -0.776487
vn -0.068240 0.701836 -0.709063
vn -0.004294 0.632152 -0.774833
vn -0.070618 0.704272 -0.706409
vn -0.005795 0.633882 -0.773408
vn -0.072672 0.706368 -0.704105
vn -0.007096 0.635379 -0.772168
vn -0.075012 0.708744 -0.701467
vn -0.008584 0.637086 -0.770745
vn 0.211095 0.326663 -0.921266
vn 0.132973 0.454388 -0.880823
vn 0.105257 0.493623 -0.863283
vn 0.078252 0.530096 -0.844319
vn 0.077483 0.531110 -0.843753
vn 0.411998 -0.093247 -0.906401
vn 0.307827 0.158309 -0.938180
vn 0.278534 0.214686 -0.936124
vn 0.249008 0.268408 -0.930565
vn 0.306492 0.165471 -0.937380
vn 0.267609 0.237849 -0.933710
vn 0.336405 0.109226 -0.935362
vn 0.284322 0.209222 -0.935621
vn 0.322187 0.138262 -0.936525
vn 0.259817 0.253534 -0.931781
vn 0.280815 0.216317 -0.935067
vn 0.210307 0.336912 -0.917748
vn 0.223857 0.314842 -0.922368
vn 0.147101 0.434251 -0.888700
vn 0.151696 0.427495 -0.891199
vn 0.074119 0.535533 -0.841255
vn 0.073815 0.535932 -0.841028
vn 0.522026 -0.440347 -0.730468
vn 0.459473 -0.212967 -0.862281
vn 0.393561 -0.034493 -0.918651
vn 0.380768 0.010700 -0.924609
vn 0.344439 0.089469 -0.934536
vn 0.430130 -0.101276 -0.897068
vn 0.385556 0.004802 -0.922672
vn 0.433280 -0.107187 -0.894863
vn 0.380910 0.016494 -0.924465
vn 0.410903 -0.051492 -0.910224
vn 0.348962 0.084979 -0.933276
vn 0.374082 0.032278 -0.926834
vn 0.301144 0.178992 -0.936629
vn 0.315894 0.151052 -0.936693
vn 0.233847 0.298267 -0.925393
vn 0.241507 0.285376 -0.927489
vn 0.155230 0.422267 -0.893081
vn 0.157388 0.419062 -0.894213
vn 0.073630 0.536175 -0.840889
vn 0.073472 0.536381 -0.840772
vn 0.532514 -0.483884 -0.694467
vn 0.504553 -0.363787 -0.782998
vn 0.520065 -0.419770 -0.743859
vn 0.489593 -0.300467 -0.818547
vn 0.522282 -0.414285 -0.745379
vn 0.500339 -0.319419 -0.804756
vn 0.526838 -0.417576 -0.740319
vn 0.511243 -0.340696 -0.789023
vn 0.532671 -0.426439 -0.731034
vn 0.504012 -0.312851 -0.805044
vn 0.524298 -0.388209 -0.757895
vn 0.488201 -0.259544 -0.833245
vn 0.503719 -0.310183 -0.806259
vn 0.455540 -0.163831 -0.875010
vn 0.468153 -0.198814 -0.860991
vn 0.404718 -0.036192 -0.913725
vn 0.412380 -0.054151 -0.909401
vn 0.333766 0.116157 -0.935472
vn 0.339434 0.104838 -0.934769
vn 0.250138 0.270658 -0.929610
vn 0.253553 0.264778 -0.930378
vn 0.160813 0.413951 -0.895982
vn 0.162195 0.411882 -0.896686
vn 0.073218 0.536714 -0.840582
vn 0.073083 0.536891 -0.840480
vn -0.590028 0.721708 0.361945
vn 0.557175 -0.660144 -0.503752
vn 0.556933 -0.653217 -0.512966
vn 0.556948 -0.645686 -0.522397
vn 0.557210 -0.637510 -0.532070
vn 0.557707 -0.628643 -0.542007
vn 0.558428 -0.619031 -0.552231
vn 0.559217 -0.683574 -0.469044
vn 0.443968 -0.155700 -0.882411
vn 0.219497 0.319303 -0.921882
vn 0.190212 0.367275 -0.910455
vn 0.161325 0.412295 -0.896653
vn 0.189409 0.369479 -0.909730
vn 0.151052 0.428158 -0.890991
vn 0.177789 0.388012 -0.904344
vn 0.125982 0.464692 -0.876465
vn 0.134566 0.452438 -0.881585
vn 0.075613 0.533572 -0.842368
vn 0.075059 0.534301 -0.841956
vn 0.228404 0.305981 -0.924233
vn 0.113664 0.481999 -0.868768
vn -0.045578 0.677174 -0.734410
vn -0.082939 0.716160 -0.692991
vn -0.106325 0.739062 -0.665193
vn -0.122259 0.753990 -0.645409
vn -0.136949 0.767254 -0.626551
vn -0.147215 0.776237 -0.613013
vn -0.154787 0.782707 -0.602835
vn -0.159276 0.786481 -0.596723
vn -0.163024 0.789596 -0.591575
vn -0.166201 0.792211 -0.587179
vn -0.168928 0.794435 -0.583383
vn -0.172013 0.796932 -0.579061
vn -0.284543 0.862215 -0.419072
vn -0.354236 0.893947 -0.274544
vn -0.393625 0.901706 -0.178845
vn -0.417915 0.901446 -0.112882
vn -0.438233 0.897336 -0.052344
vn -0.451186 0.892368 -0.010517
vn -0.460065 0.887661 0.019949
vn -0.465057 0.884472 0.037826
vn -0.469071 0.881590 0.052636
vn -0.472363 0.878997 0.065098
vn -0.475107 0.876664 0.075724
vn -0.478123 0.873906 0.087668
vn -0.430091 0.882600 -0.189839
vn -0.466138 0.881786 -0.071898
vn -0.488648 0.872299 0.017820
vn -0.475308 0.874429 -0.097248
vn -0.498430 0.866930 -0.000031
vn -0.512610 0.855463 0.073579
vn -0.555897 0.823433 -0.113737
vn -0.569430 0.822040 -0.000036
vn -0.574578 0.814284 0.082474
vn 0.556987 -0.657411 -0.507520
vn 0.557060 -0.658454 -0.506085
vn 0.555818 -0.638164 -0.532741
vn 0.556288 -0.643998 -0.525176
vn 0.463276 -0.186270 -0.866417
vn 0.477131 -0.227761 -0.848806
vn 0.437662 -0.116935 -0.891504
vn 0.391732 -0.006550 -0.920056
vn 0.327047 0.129414 -0.936105
vn 0.246171 0.277448 -0.928667
vn 0.159227 0.416321 -0.895167
vn 0.073337 0.536559 -0.840670
vn 0.140884 0.443314 -0.885226
vn 0.196514 0.358902 -0.912454
vn 0.074517 0.535011 -0.841552
vn 0.076374 0.532571 -0.842933
vn 0.230959 0.302625 -0.924703
vn 0.468725 -0.205939 -0.859003
vn 0.555666 -0.628066 -0.544765
vn -0.529133 0.804355 0.270244
vn -0.536943 0.794030 0.284971
vn -0.568590 0.765273 0.301767
vn -0.563701 0.750111 0.345796
vn -0.578611 -0.754307 -0.310209
vn -0.653145 -0.671404 -0.350169
vn -0.598499 -0.742858 -0.299935
vn -0.696728 -0.661332 -0.277866
vn -0.614187 -0.733330 -0.291551
vn -0.637299 -0.718444 -0.278725
vn -0.723651 -0.652484 -0.224930
vn -0.721343 -0.654514 -0.226442
vn -0.756735 -0.621385 -0.203057
vn -0.747894 -0.630005 -0.209162
vn -0.776964 -0.600255 -0.189793
vn -0.761181 -0.616622 -0.200951
vn -0.783785 -0.592414 -0.186353
vn -0.766823 -0.610458 -0.198302
vn -0.784629 -0.590942 -0.187467
vn -0.767453 -0.609326 -0.199340
vn -0.781530 -0.593751 -0.191495
vn -0.768487 -0.607708 -0.200296
vn -0.780370 -0.594374 -0.194273
vn -0.767049 -0.608614 -0.203038
vn -0.848026 -0.509950 -0.144231
vn -0.838333 -0.523494 -0.152156
vn -0.912452 -0.400778 -0.082511
vn -0.906173 -0.413330 -0.089491
vn -0.964342 -0.264502 -0.009163
vn -0.960199 -0.278816 -0.016722
vn -0.991725 -0.106547 0.071618
vn -0.990871 -0.117460 0.066159
vn -0.985330 0.068392 0.156355
vn -0.990020 -0.126823 0.061460
vn -0.940413 0.244246 0.236573
vn -0.714233 -0.651868 -0.254832
vn -0.677133 -0.690202 -0.255171
vn -0.665392 -0.698887 -0.262316
vn -0.653468 -0.707393 -0.269396
vn -0.719661 -0.655983 -0.227538
vn -0.723225 -0.646246 -0.243541
vn -0.700029 -0.672323 -0.240711
vn -0.696559 -0.675116 -0.242949
vn -0.692486 -0.678355 -0.245554
vn -0.715328 -0.659733 -0.230344
vn -0.715889 -0.659250 -0.229982
vn -0.725199 -0.651004 -0.224230
vn -0.728133 -0.648377 -0.222329
vn -0.735428 -0.641509 -0.218201
vn -0.740785 -0.636506 -0.214704
vn -0.746038 -0.631181 -0.212224
vn -0.753881 -0.623530 -0.207058
vn -0.757050 -0.619943 -0.206267
vn -0.728535 -0.642751 -0.236872
vn -0.714702 -0.659699 -0.232375
vn -0.705625 -0.667753 -0.237065
vn -0.703020 -0.669891 -0.238768
vn -0.714080 -0.660803 -0.231146
vn -0.714438 -0.660497 -0.230916
vn -0.718702 -0.656736 -0.228395
vn -0.720565 -0.655105 -0.227208
vn -0.723590 -0.652262 -0.225770
vn -0.726979 -0.649225 -0.223625
vn -0.728746 -0.647366 -0.223261
vn -0.733689 -0.642832 -0.220154
vn -0.734174 -0.642035 -0.220861
vn -0.740703 -0.635897 -0.216781
vn -0.739876 -0.636251 -0.218560
vn -0.748027 -0.628391 -0.213494
vn -0.745855 -0.629994 -0.216351
vn -0.755671 -0.620278 -0.210277
vn -0.829864 -0.534874 -0.158857
vn -0.717268 -0.656613 -0.233209
vn -0.713320 -0.661453 -0.231634
vn -0.711167 -0.663145 -0.233407
vn -0.708616 -0.665277 -0.235097
vn -0.713670 -0.661154 -0.231410
vn -0.714751 -0.660165 -0.230897
vn -0.716568 -0.658594 -0.229749
vn -0.716413 -0.658585 -0.230255
vn -0.719711 -0.655697 -0.228203
vn -0.718302 -0.656716 -0.229707
vn -0.723097 -0.652462 -0.226767
vn -0.720415 -0.654559 -0.229248
vn -0.726725 -0.648883 -0.225436
vn -0.722748 -0.652112 -0.228878
vn -0.730594 -0.644953 -0.224205
vn -0.725298 -0.649376 -0.228593
vn -0.734702 -0.640666 -0.223070
vn -0.811818 -0.557848 -0.172505
vn -0.820124 -0.547478 -0.166324
vn -0.892447 -0.439029 -0.103890
vn -0.898822 -0.427368 -0.097338
vn -0.956496 -0.290830 -0.023093
vn -0.886875 -0.448861 -0.109440
vn -0.764172 0.537172 0.357054
vn -0.860405 0.407461 0.306071
vn -0.938771 0.248639 0.238511
vn -0.984082 0.076751 0.160288
vn -0.992540 -0.093670 0.078035
vn -0.967767 -0.251836 -0.002506
vn -0.919504 -0.385988 -0.074331
vn -0.859200 -0.493584 -0.134723
vn -0.796135 -0.576637 -0.183462
vn -0.803061 -0.569242 -0.176228
vn -0.807111 -0.565090 -0.171012
vn -0.806867 -0.566003 -0.169133
vn -0.793123 -0.582516 -0.177853
vn -0.768872 -0.609119 -0.194446
vn -0.727014 -0.649500 -0.222713
vn -0.564528 0.712455 0.416793
vn -0.661510 0.638533 0.393294
vn -0.764286 0.537042 0.357005
vn -0.859139 0.409499 0.306904
vn -0.936841 0.253712 0.240746
vn -0.934542 0.259638 0.243351
vn -0.982509 0.086544 0.164883
vn -0.981043 0.095064 0.168869
vn -0.993085 -0.082386 0.083637
vn -0.993516 -0.069356 0.090082
vn -0.971479 -0.237069 0.005220
vn -0.975475 -0.219648 0.014287
vn -0.927449 -0.368325 -0.064622
vn -0.936408 -0.346898 -0.052930
vn -0.872172 -0.473451 -0.123124
vn -0.892926 -0.438242 -0.103086
vn -0.822125 -0.545032 -0.164467
vn -0.855755 -0.498840 -0.137265
vn -0.831134 -0.534112 -0.154726
vn -0.868528 -0.480255 -0.122534
vn -0.837486 -0.526360 -0.146842
vn -0.867779 -0.482259 -0.119944
vn -0.830306 -0.536649 -0.150333
vn -0.861661 -0.492445 -0.122629
vn -0.815157 -0.556524 -0.160623
vn -0.846620 -0.515114 -0.133763
vn -0.786523 -0.590316 -0.181407
vn -0.798704 -0.576611 -0.172021
vn -0.729345 -0.647412 -0.221166
vn -0.732365 -0.644682 -0.219147
vn -0.567049 0.710745 0.416288
vn -0.407192 0.800775 0.439266
vn -0.411011 0.799013 0.438917
vn -0.284499 0.848515 0.446186
vn -0.187322 0.875219 0.445986
vn -0.182476 0.876317 0.445838
vn -0.090950 0.892838 0.441098
vn -0.008346 0.901197 0.433329
vn -0.002830 0.901547 0.432671
vn 0.082218 0.903346 0.420959
vn 0.155895 0.899592 0.407960
vn 0.162466 0.899029 0.406634
vn 0.243850 0.888499 0.388725
vn 0.324855 0.871494 0.367378
vn 0.333199 0.869372 0.364925
vn 0.439492 0.835238 0.330492
vn 0.429767 0.838903 0.333980
vn 0.574857 0.770479 0.275501
vn 0.563475 0.776977 0.280718
vn 0.568211 0.772498 0.283520
vn 0.549912 0.784439 0.286796
vn 0.554606 0.779908 0.290095
vn 0.533493 0.793077 0.293962
vn 0.538299 0.788395 0.297771
vn 0.518734 0.800486 0.300228
vn 0.523788 0.795596 0.304421
vn 0.501253 0.808842 0.307443
vn 0.506782 0.803632 0.312006
vn 0.480256 0.818296 0.315825
vn 0.486606 0.812620 0.320724
vn 0.454625 0.829016 0.325653
vn 0.462338 0.822679 0.330822
vn 0.410343 0.845517 0.341642
vn 0.421303 0.837918 0.346983
vn 0.348660 0.864532 0.361968
vn 0.365885 0.855197 0.367106
vn 0.258569 0.884683 0.387915
vn 0.288129 0.873546 0.392301
vn 0.160869 0.897129 0.411438
vn 0.207296 0.885884 0.415016
vn 0.023022 0.899162 0.437010
vn 0.097674 0.892398 0.440552
vn -0.170757 0.872220 0.458339
vn -0.052086 0.883197 0.466101
vn -0.291015 0.837392 0.462693
vn -0.145303 0.867021 0.476615
vn -0.289824 0.828626 0.478937
vn -0.179028 0.853251 0.489807
vn -0.024497 0.876340 0.481070
vn -0.078039 0.865904 0.494084
vn 0.092936 0.874662 0.475741
vn 0.021943 0.870626 0.491455
vn 0.110125 0.818587 0.563727
vn 0.132496 0.722790 0.678248
vn 0.212735 0.739951 0.638135
vn 0.270057 0.647450 0.712656
vn 0.328393 0.754016 0.568875
vn 0.409187 0.698517 0.587060
vn 0.404758 0.755650 0.514941
vn 0.498909 0.710986 0.495569
vn 0.457565 0.752737 0.473309
vn 0.506135 0.746759 0.431484
vn 0.412545 0.804798 0.426740
vn 0.464266 0.792343 0.395790
vn 0.373667 0.843192 0.386524
vn 0.427092 0.827662 0.364099
vn 0.326627 0.859877 0.392334
vn 0.392455 0.842879 0.368149
vn 0.655161 0.687151 0.313987
vn 0.602313 0.740128 0.299047
vn 0.579882 0.762132 0.287910
vn 0.573816 0.767428 0.285990
vn 0.561055 0.774327 0.292634
vn 0.624755 0.696808 0.352336
vn 0.617908 0.718382 0.319556
vn 0.625768 0.715461 0.310693
vn 0.592729 0.744788 0.306535
vn 0.568766 0.768105 0.294142
vn 0.555632 0.774894 0.301351
vn 0.545881 0.782181 0.300344
vn 0.532486 0.788809 0.306985
vn 0.558263 0.709240 0.430489
vn 0.578348 0.731071 0.362007
vn 0.590145 0.727622 0.349708
vn 0.600046 0.724513 0.339154
vn 0.559481 0.759648 0.331537
vn 0.571231 0.754620 0.322868
vn 0.530803 0.786963 0.314543
vn 0.544113 0.780615 0.307540
vn 0.516912 0.796167 0.314517
vn 0.539686 0.740565 0.400378
vn 0.564074 0.734889 0.376509
vn 0.501366 0.781208 0.371950
vn 0.529093 0.771582 0.353160
vn 0.466644 0.813877 0.346191
vn 0.496912 0.801915 0.331680
vn 0.440512 0.827241 0.348742
vn 0.476815 0.813476 0.333022
vn 0.038945 0.487558 0.872221
vn -0.423479 0.781175 0.458728
vn -0.310680 0.831801 0.459984
vn -0.194005 0.867941 0.457209
vn -0.019200 0.897316 0.440970
vn 0.097799 0.901131 0.422373
vn 0.178437 0.896317 0.405926
vn 0.252010 0.886431 0.388240
vn 0.302383 0.876498 0.374588
vn 0.338743 0.867651 0.363916
vn 0.359922 0.861825 0.357371
vn 0.377369 0.856641 0.351793
vn 0.391975 0.852029 0.346990
vn 0.404372 0.847916 0.342816
vn 0.418241 0.843092 0.338039
vn -0.333320 0.824669 0.456967
vn -0.524574 0.731151 0.436165
vn -0.388851 0.804191 0.449525
vn -0.461127 0.771255 0.438780
vn -0.286392 0.844532 0.452488
vn -0.374105 0.813177 0.445857
vn -0.149973 0.881239 0.448247
vn -0.260774 0.854727 0.448820
vn -0.066657 0.894828 0.441407
vn -0.192288 0.873363 0.447507
vn -0.011607 0.900266 0.435185
vn -0.147088 0.883149 0.445436
vn 0.037600 0.902766 0.428485
vn -0.106599 0.890266 0.442790
vn 0.071015 0.903191 0.423323
vn -0.079008 0.894237 0.440565
vn 0.095113 0.902855 0.419292
vn -0.059043 0.896670 0.438744
vn 0.109175 0.902409 0.416819
vn -0.047361 0.897923 0.437597
vn 0.120785 0.901902 0.414710
vn -0.037696 0.898865 0.436602
vn 0.130531 0.901377 0.412893
vn -0.029569 0.899590 0.435734
vn 0.138825 0.900861 0.411312
vn -0.022640 0.900160 0.434970
vn 0.148133 0.900203 0.409501
vn -0.014852 0.900749 0.434087
vn -0.640180 0.654055 0.402966
vn -0.550251 0.720366 0.422252
vn -0.484136 0.760692 0.432388
vn -0.396276 0.805050 0.441430
vn -0.341720 0.827885 0.444785
vn -0.304944 0.841404 0.446148
vn -0.271405 0.852478 0.446789
vn -0.248199 0.859461 0.446906
vn -0.231215 0.864226 0.446826
vn -0.221201 0.866900 0.446714
vn -0.212871 0.869050 0.446585
vn -0.205835 0.870812 0.446451
vn -0.199814 0.872282 0.446317
vn -0.193019 0.873898 0.446146
vn -0.652396 0.645778 0.396674
vn -0.771461 0.528779 0.353894
vn -0.709535 0.594517 0.378298
vn -0.739596 0.564110 0.367121
vn -0.688072 0.614846 0.385385
vn -0.728175 0.576013 0.371443
vn -0.657390 0.641982 0.394585
vn -0.711706 0.592519 0.377355
vn -0.636617 0.659182 0.400247
vn -0.700421 0.603404 0.381200
vn -0.621663 0.671021 0.404061
vn -0.692215 0.611115 0.383897
vn -0.607240 0.682033 0.407542
vn -0.684225 0.618462 0.386446
vn -0.596766 0.689789 0.409953
vn -0.678372 0.623748 0.388265
vn -0.588819 0.695542 0.411720
vn -0.673901 0.627731 0.389629
vn -0.584014 0.698968 0.412762
vn -0.671185 0.630129 0.390447
vn -0.579946 0.701836 0.413629
vn -0.668878 0.632152 0.391135
vn -0.576459 0.704272 0.414361
vn -0.666893 0.633882 0.391722
vn -0.573437 0.706368 0.414988
vn -0.665169 0.635379 0.392229
vn -0.569982 0.708744 0.415695
vn -0.663193 0.637086 0.392806
vn -0.903387 0.326663 0.277819
vn -0.829302 0.454388 0.325254
vn -0.800254 0.493623 0.340486
vn -0.770328 0.530096 0.354391
vn -0.769453 0.531110 0.354774
vn -0.990965 -0.093247 0.096400
vn -0.966401 0.158309 0.202504
vn -0.949975 0.214686 0.226844
vn -0.930397 0.268408 0.249635
vn -0.965041 0.165471 0.203260
vn -0.942420 0.237849 0.235099
vn -0.978250 0.109226 0.176345
vn -0.952433 0.209222 0.221581
vn -0.972148 0.138262 0.189240
vn -0.936854 0.253534 0.240883
vn -0.950199 0.216317 0.224340
vn -0.899947 0.336912 0.276743
vn -0.910723 0.314842 0.267318
vn -0.843187 0.434251 0.316957
vn -0.847649 0.427495 0.314227
vn -0.765608 0.535533 0.356438
vn -0.765259 0.535932 0.356588
vn -0.893617 -0.440347 -0.086854
vn -0.976494 -0.212967 0.033225
vn -0.992356 -0.034493 0.118492
vn -0.991119 0.010700 0.132549
vn -0.981551 0.089469 0.168975
vn -0.991949 -0.101276 0.076030
vn -0.991835 0.004802 0.127435
vn -0.991614 -0.107187 0.072200
vn -0.991065 0.016494 0.132355
vn -0.993728 -0.051492 0.099260
vn -0.982722 0.084979 0.164428
vn -0.989703 0.032278 0.139453
vn -0.961717 0.178992 0.207517
vn -0.969147 0.151052 0.194775
vn -0.918337 0.298267 0.260179
vn -0.923982 0.285376 0.254593
vn -0.851046 0.422267 0.312107
vn -0.853105 0.419062 0.310804
vn -0.765047 0.536175 0.356680
vn -0.764866 0.536381 0.356757
vn -0.867684 -0.483884 -0.113937
vn -0.930372 -0.363787 -0.045457
vn -0.904233 -0.419770 -0.078460
vn -0.953678 -0.300467 -0.014726
vn -0.906658 -0.414285 -0.079620
vn -0.947109 -0.319419 -0.030928
vn -0.904554 -0.417576 -0.086095
vn -0.938935 -0.340696 -0.048238
vn -0.899430 -0.426439 -0.095789
vn -0.949195 -0.312851 -0.033965
vn -0.918506 -0.388209 -0.075108
vn -0.965712 -0.259544 -0.006172
vn -0.950100 -0.310183 -0.033104
vn -0.985551 -0.163831 0.042996
vn -0.979717 -0.198814 0.025063
vn -0.993668 -0.036192 0.106367
vn -0.993754 -0.054151 0.097569
vn -0.977025 0.116157 0.178686
vn -0.979251 0.104838 0.173426
vn -0.930135 0.270658 0.248179
vn -0.932508 0.264778 0.245606
vn -0.856350 0.413951 0.308723
vn -0.857650 0.411882 0.307878
vn -0.764574 0.536714 0.356882
vn -0.764419 0.536891 0.356948
vn 0.608468 0.721708 0.330006
vn -0.714850 -0.660144 -0.230651
vn -0.722708 -0.653217 -0.225835
vn -0.730883 -0.645686 -0.221132
vn -0.739391 -0.637510 -0.216523
vn -0.748245 -0.628643 -0.211985
vn -0.757460 -0.619031 -0.207497
vn -0.685813 -0.683574 -0.249774
vn -0.986175 -0.155700 0.056718
vn -0.908122 0.319303 0.270851
vn -0.883583 0.367275 0.290499
vn -0.857187 0.412295 0.308615
vn -0.882554 0.369479 0.290833
vn -0.847146 0.428158 0.314681
vn -0.872079 0.388012 0.298202
vn -0.822032 0.464692 0.329128
vn -0.830758 0.452438 0.324255
vn -0.767319 0.533572 0.355701
vn -0.766684 0.534301 0.355975
vn -0.914611 0.305981 0.264313
vn -0.809207 0.481999 0.335948
vn -0.613229 0.677174 0.406677
vn -0.558678 0.716160 0.418323
vn -0.522912 0.739062 0.424677
vn -0.497811 0.753990 0.428584
vn -0.474135 0.767254 0.431877
vn -0.457277 0.776237 0.433998
vn -0.444677 0.782707 0.435467
vn -0.437140 0.786481 0.436298
vn -0.430806 0.789596 0.436971
vn -0.425411 0.792211 0.437524
vn -0.420761 0.794435 0.437987
vn -0.415475 0.796932 0.438498
vn -0.220655 0.862215 0.455958
vn -0.060644 0.893947 0.444050
vn 0.041928 0.901706 0.430312
vn 0.111198 0.901446 0.418366
vn 0.173786 0.897336 0.405693
vn 0.216485 0.892368 0.395997
vn 0.247309 0.887661 0.388453
vn 0.265287 0.884472 0.383839
vn 0.280120 0.881590 0.379909
vn 0.292558 0.878997 0.376529
vn 0.303132 0.876664 0.373593
vn 0.314985 0.873906 0.370233
vn 0.050640 0.882600 0.467389
vn 0.170804 0.881786 0.439637
vn 0.259757 0.872299 0.414272
vn 0.153434 0.874429 0.460253
vn 0.249188 0.866930 0.431669
vn 0.320026 0.855463 0.407144
vn 0.179449 0.823433 0.538290
vn 0.284684 0.822040 0.493159
vn 0.358714 0.814284 0.456362
vn -0.718019 -0.657411 -0.228605
vn -0.716813 -0.658454 -0.229385
vn -0.739277 -0.638164 -0.214982
vn -0.732960 -0.643998 -0.219171
vn -0.981977 -0.186270 0.032000
vn -0.973653 -0.227761 0.011195
vn -0.990896 -0.116935 0.066726
vn -0.992658 -0.006550 0.120778
vn -0.974214 0.129414 0.184821
vn -0.927335 0.277448 0.251143
vn -0.854851 0.416321 0.309689
vn -0.764710 0.536559 0.356824
vn -0.837070 0.443314 0.320604
vn -0.888465 0.358902 0.286041
vn -0.766064 0.535011 0.356242
vn -0.768188 0.532571 0.355324
vn -0.916296 0.302625 0.262335
vn -0.978281 -0.205939 0.023574
vn -0.749613 -0.628066 -0.208839
vn 0.498604 0.804355 0.323121
vn 0.515264 0.794030 0.322521
vn 0.545633 0.765273 0.341530
vn 0.581318 0.750111 0.315282
vn -0.779969 -0.000000 0.625818
vn -0.755067 -0.000000 0.655648
vn -0.634498 -0.000000 0.772925
vn -0.719019 -0.000000 0.694990
vn -0.669744 -0.000000 0.742592
vn -0.606374 -0.000000 0.795180
vn -0.461868 -0.000000 0.886948
vn -0.443560 -0.000000 0.896245
vn -0.269470 -0.000000 0.963009
vn -0.263163 -0.000000 0.964751
vn -0.109002 -0.000000 0.994042
vn -0.065537 -0.000000 0.997850
vn 0.047841 -0.000000 0.998855
vn 0.141200 -0.000000 0.989981
vn 0.195557 -0.000000 0.980692
vn 0.341894 -0.000000 0.939738
vn 0.343278 -0.000000 0.939234
vn 0.488805 -0.000000 0.872393
vn 0.527954 -0.000000 0.849273
vn 0.625818 -0.000000 0.779969
vn 0.691417 -0.000000 0.722456
vn 0.772925 -0.000000 0.634498
vn 0.825285 -0.000000 0.564717
vn 0.886948 -0.000000 0.461868
vn 0.906974 0.000000 0.421186
vn 0.963009 0.000000 0.269470
vn 0.962552 0.000000 0.271097
vn 0.992681 0.000000 0.120767
vn 0.997850 0.000000 0.065537
vn 0.999614 0.000000 -0.027782
vn 0.989981 0.000000 -0.141200
vn 0.982961 0.000000 -0.183816
vn 0.939738 0.000000 -0.341894
vn 0.942104 0.000000 -0.335320
vn 0.860082 0.000000 -0.510156
vn 0.849273 0.000000 -0.527954
vn 0.746886 0.000000 -0.664952
vn 0.722456 0.000000 -0.691417
vn 0.689601 0.000000 -0.724190
vn 0.638360 0.000000 -0.769738
vn 0.564717 0.000000 -0.825285
vn 0.596367 0.000000 -0.802712
vn -0.151989 0.000000 -0.988382
vn -0.190274 0.000000 -0.981731
vn -0.352123 0.000000 -0.935954
vn -0.242370 0.000000 -0.970184
vn -0.308232 0.000000 -0.951311
vn -0.385459 0.000000 -0.922725
vn -0.537186 0.000000 -0.843464
vn -0.554390 0.000000 -0.832257
vn -0.699255 0.000000 -0.714872
vn -0.703917 0.000000 -0.710282
vn -0.806364 0.000000 -0.591419
vn -0.831395 0.000000 -0.555682
vn -0.888954 -0.000000 -0.457996
vn -0.927949 -0.000000 -0.372707
vn -0.947083 -0.000000 -0.320989
vn -0.984784 -0.000000 -0.173780
vn -0.985039 -0.000000 -0.172329
vn -0.999917 -0.000000 -0.012879
vn -0.999469 -0.000000 0.032585
vn -0.988382 -0.000000 0.151989
vn -0.971374 -0.000000 0.237556
vn -0.935954 -0.000000 0.352123
vn -0.901701 -0.000000 0.432359
vn -0.843464 -0.000000 0.537186
vn -0.818245 -0.000000 0.574870
vn -0.714872 -0.000000 0.699255
vn -0.716053 -0.000000 0.698046
vn -0.600928 -0.000000 0.799303
vn -0.555682 -0.000000 0.831395
vn -0.475747 -0.000000 0.879582
vn -0.372707 -0.000000 0.927949
vn -0.332291 -0.000000 0.943177
vn -0.173780 -0.000000 0.984784
vn -0.180656 -0.000000 0.983546
vn 0.011767 -0.000000 0.999931
vn 0.032585 -0.000000 0.999469
vn 0.202423 -0.000000 0.979298
vn 0.237556 -0.000000 0.971374
vn 0.282366 -0.000000 0.959307
vn 0.347432 -0.000000 0.937705
vn 0.432359 -0.000000 0.901701
vn 0.396985 -0.000000 0.917825
vn -0.391753 0.000000 -0.920070
vn -0.442168 0.000000 -0.896932
vn -0.523867 0.000000 -0.851800
vn -0.617274 0.000000 -0.786749
vn -0.650669 0.000000 -0.759361
vn -0.765958 0.000000 -0.642890
vn -0.761448 0.000000 -0.648226
vn -0.871849 0.000000 -0.489775
vn -0.881858 0.000000 -0.471515
vn -0.949308 -0.000000 -0.314346
vn -0.960013 -0.000000 -0.279957
vn -0.971967 -0.000000 -0.235117
vn -0.985793 -0.000000 -0.167968
vn -0.997076 -0.000000 -0.076417
vn -0.993352 -0.000000 -0.115113
vn -0.248137 0.000000 -0.968725
vn -0.246499 0.000000 -0.969143
vn -0.088730 0.000000 -0.996056
vn -0.043484 0.000000 -0.999054
vn 0.076417 0.000000 -0.997076
vn 0.163029 0.000000 -0.986621
vn 0.279957 0.000000 -0.960013
vn 0.362564 0.000000 -0.931959
vn 0.471515 0.000000 -0.881858
vn 0.511112 0.000000 -0.859514
vn 0.642890 0.000000 -0.765958
vn 0.641761 0.000000 -0.766904
vn 0.751526 0.000000 -0.659704
vn 0.786749 0.000000 -0.617274
vn 0.841113 0.000000 -0.540859
vn 0.896932 0.000000 -0.442168
vn 0.915366 0.000000 -0.402622
vn 0.968725 0.000000 -0.248137
vn 0.967081 0.000000 -0.254470
vn 0.997951 0.000000 -0.063988
vn 0.999054 0.000000 -0.043484
vn 0.991833 0.000000 0.127545
vn 0.986621 0.000000 0.163029
vn 0.977976 0.000000 0.208719
vn 0.961389 0.000000 0.275193
vn 0.945341 0.000000 0.326083
vn 0.931959 0.000000 0.362564
vn -0.743619 0.433475 0.509049
vn -0.665076 0.519501 0.536464
vn -0.656301 0.429240 0.620501
vn -0.621425 0.518308 0.587527
vn -0.573290 0.519456 0.633643
vn -0.584978 0.593225 0.553069
vn -0.539529 0.594392 0.596328
vn -0.548835 0.655382 0.518897
vn -0.506074 0.656518 0.559351
vn -0.514193 0.706589 0.486145
vn -0.474030 0.707665 0.523933
vn -0.609602 0.694721 0.381770
vn -0.577167 0.695796 0.427488
vn -0.691735 0.669349 0.271061
vn -0.667631 0.670435 0.323707
vn -0.762975 0.628856 0.149695
vn -0.748138 0.629951 0.208450
vn -0.822894 0.568085 0.011184
vn -0.818779 0.569163 0.075199
vn -0.865460 0.477425 -0.151803
vn -0.874122 0.478413 -0.083857
vn -0.874532 0.343567 -0.342280
vn -0.898284 0.344305 -0.273021
vn -0.829168 0.173775 -0.531303
vn -0.868000 0.174059 -0.465059
vn -0.728245 -0.007831 -0.685272
vn -0.779423 -0.008103 -0.626446
vn -0.584501 -0.182691 -0.790558
vn -0.644227 -0.183464 -0.742504
vn -0.415153 -0.337540 -0.844816
vn -0.479512 -0.338650 -0.809558
vn -0.235577 -0.465700 -0.853010
vn -0.301097 -0.466965 -0.831435
vn -0.058203 -0.564700 -0.823241
vn -0.122039 -0.565981 -0.815336
vn 0.093065 -0.629553 -0.771364
vn 0.032638 -0.630786 -0.775270
vn 0.222400 -0.670679 -0.707621
vn 0.166351 -0.671853 -0.721762
vn 0.337786 -0.695335 -0.634357
vn 0.286897 -0.696460 -0.657749
vn 0.445435 -0.706579 -0.549848
vn 0.400621 -0.707670 -0.581985
vn 0.475447 -0.655366 -0.586895
vn 0.427704 -0.656520 -0.621330
vn 0.506759 -0.593199 -0.625548
vn 0.455981 -0.594388 -0.662408
vn 0.538335 -0.518269 -0.664525
vn 0.484517 -0.519444 -0.703862
vn 0.568549 -0.429185 -0.701821
vn 0.450748 -0.433420 -0.780367
vn -0.625906 0.594432 0.504869
vn -0.580359 0.710876 0.397289
vn -0.587092 0.656554 0.473561
vn -0.549916 0.707696 0.443574
vn -0.657987 0.699007 0.280076
vn -0.636717 0.695863 0.332214
vn -0.721787 0.673682 0.158669
vn -0.709853 0.670543 0.215596
vn -0.773445 0.633229 0.028366
vn -0.771367 0.630108 0.089207
vn -0.811551 0.572396 -0.117255
vn -0.820337 0.569382 -0.053406
vn -0.829013 0.481382 -0.284621
vn -0.850189 0.478713 -0.219116
vn -0.809281 0.346528 -0.474323
vn -0.844582 0.344701 -0.409711
vn -0.735693 0.174919 -0.654339
vn -0.784782 0.174532 -0.594689
vn -0.612072 -0.008917 -0.790752
vn -0.672189 -0.007609 -0.740340
vn -0.453366 -0.185787 -0.871747
vn -0.520590 -0.183011 -0.833962
vn -0.277409 -0.341982 -0.897827
vn -0.347438 -0.338279 -0.874560
vn -0.098935 -0.470753 -0.876700
vn -0.167772 -0.466690 -0.868362
vn 0.070994 -0.569812 -0.818703
vn 0.006613 -0.565795 -0.824519
vn 0.211490 -0.634470 -0.743451
vn 0.153167 -0.630667 -0.760789
vn 0.328463 -0.675359 -0.660305
vn 0.276903 -0.671782 -0.687047
vn 0.430236 -0.699815 -0.570224
vn 0.385984 -0.696427 -0.604984
vn 0.522722 -0.710925 -0.470476
vn 0.486482 -0.707672 -0.512382
vn 0.519372 -0.656520 -0.547023
vn 0.669790 -0.433543 -0.602845
vn 0.588364 -0.519436 -0.619689
vn 0.553711 -0.594384 -0.583191
vn 0.368803 -0.675504 -0.638497
vn 0.351782 -0.710866 -0.609031
vn 0.233205 -0.699646 -0.675360
vn 0.108681 -0.675082 -0.729694
vn -0.028573 -0.633941 -0.772853
vn -0.186009 -0.568808 -0.801160
vn -0.365912 -0.469179 -0.803728
vn -0.542872 -0.339355 -0.768198
vn -0.700904 -0.183822 -0.689161
vn -0.825972 -0.007847 -0.563656
vn -0.901601 0.176863 -0.394761
vn -0.915560 0.349292 -0.199362
vn -0.875566 0.482900 -0.013893
vn -0.807342 0.573359 0.139490
vn -0.726424 0.633764 0.265802
vn -0.637351 0.673969 0.373564
vn -0.539233 0.699180 0.469440
vn -0.429149 0.710934 0.557139
vn -0.458414 0.660058 0.595131
vn -0.549882 0.433598 0.713879
vn 0.812659 0.433475 0.389468
vn 0.797129 0.519501 0.307740
vn 0.865521 0.429240 0.258123
vn 0.819526 0.518308 0.244406
vn 0.835396 0.519456 0.179662
vn 0.771460 0.593225 0.230071
vn 0.786199 0.594392 0.169082
vn 0.723796 0.655382 0.215856
vn 0.737449 0.656518 0.158598
vn 0.678111 0.706589 0.202232
vn 0.690755 0.707665 0.148555
vn 0.635424 0.694721 0.337046
vn 0.658800 0.695796 0.286097
vn 0.580614 0.669349 0.463530
vn 0.614154 0.670435 0.416332
vn 0.511128 0.628856 0.585908
vn 0.554592 0.629951 0.543681
vn 0.421133 0.568085 0.707055
vn 0.474513 0.569163 0.671484
vn 0.301265 0.477425 0.825412
vn 0.364439 0.478413 0.798940
vn 0.140843 0.343567 0.928507
vn 0.212699 0.344305 0.914447
vn -0.045538 0.173775 0.983732
vn 0.031247 0.174059 0.984239
vn -0.229341 -0.007831 0.973315
vn -0.152807 -0.008103 0.988223
vn -0.392393 -0.182691 0.901472
vn -0.320914 -0.183464 0.929169
vn -0.524056 -0.337540 0.781941
vn -0.461342 -0.338650 0.820049
vn -0.620940 -0.465700 0.630521
vn -0.569496 -0.466965 0.676475
vn -0.683846 -0.564700 0.462026
vn -0.645082 -0.565981 0.513357
vn -0.714553 -0.629553 0.305085
vn -0.687723 -0.630786 0.359369
vn -0.724018 -0.670679 0.161206
vn -0.708240 -0.671853 0.216817
vn -0.718263 -0.695335 0.024648
vn -0.713076 -0.696460 0.080415
vn -0.698900 -0.706579 -0.110834
vn -0.704324 -0.707670 -0.055955
vn -0.745990 -0.655366 -0.118301
vn -0.751939 -0.656520 -0.059738
vn -0.795120 -0.593199 -0.126093
vn -0.801653 -0.594388 -0.063688
vn -0.844662 -0.518269 -0.133949
vn -0.851821 -0.519444 -0.067673
vn -0.892069 -0.429185 -0.141467
vn -0.901192 -0.433420 -0.000176
vn 0.750182 0.594432 0.289616
vn 0.634242 0.710876 0.303961
vn 0.703662 0.656554 0.271656
vn 0.659105 0.707696 0.254455
vn 0.571546 0.699007 0.429796
vn 0.606064 0.695863 0.385306
vn 0.498305 0.673682 0.545751
vn 0.541638 0.670543 0.506953
vn 0.411288 0.633229 0.655640
vn 0.462939 0.630108 0.623419
vn 0.304229 0.572396 0.761451
vn 0.363917 0.569382 0.737135
vn 0.168018 0.481382 0.860256
vn 0.235335 0.478713 0.845844
vn -0.006136 0.346528 0.938019
vn 0.067471 0.344701 0.936285
vn -0.198827 0.174919 0.964298
vn -0.122625 0.174532 0.976986
vn -0.378775 -0.008917 0.925446
vn -0.305059 -0.007609 0.952303
vn -0.528272 -0.185787 0.828500
vn -0.461938 -0.183011 0.867825
vn -0.638836 -0.341982 0.689156
vn -0.583672 -0.338279 0.738170
vn -0.709777 -0.470753 0.524031
vn -0.668138 -0.466690 0.579476
vn -0.744514 -0.569812 0.347869
vn -0.717361 -0.565795 0.406533
vn -0.749593 -0.634470 0.188569
vn -0.735446 -0.630667 0.247748
vn -0.736072 -0.675359 0.045695
vn -0.733452 -0.671782 0.103718
vn -0.708946 -0.699815 -0.087483
vn -0.716923 -0.696427 -0.031780
vn -0.668805 -0.710925 -0.217452
vn -0.686977 -0.707672 -0.165115
vn -0.733422 -0.656520 -0.176278
vn -0.856974 -0.433543 -0.278632
vn -0.830848 -0.519436 -0.199694
vn -0.781914 -0.594384 -0.187933
vn -0.737356 -0.675504 -0.000144
vn -0.703327 -0.710866 -0.000137
vn -0.701482 -0.699646 0.135719
vn -0.686274 -0.675082 0.270726
vn -0.655024 -0.633941 0.411171
vn -0.600820 -0.568808 0.561669
vn -0.513093 -0.469179 0.718754
vn -0.393842 -0.339355 0.854240
vn -0.246379 -0.183822 0.951581
vn -0.075154 -0.007847 0.997141
vn 0.108928 0.176863 0.978189
vn 0.285128 0.349292 0.892579
vn 0.425751 0.482900 0.765209
vn 0.524473 0.573359 0.629434
vn 0.593403 0.633764 0.496201
vn 0.642191 0.673969 0.365180
vn 0.676164 0.699180 0.232270
vn 0.697071 0.710934 0.093085
vn 0.744605 0.660058 0.099433
vn 0.893178 0.433598 0.119273
vn 0.316530 -0.697069 -0.643353
vn 0.335364 -0.717111 -0.610969
vn 0.363249 -0.687429 -0.628882
vn 0.343453 -0.715026 -0.608915
vn 0.330837 -0.739263 -0.586547
vn 0.322272 -0.742586 -0.587117
vn 0.309781 -0.765202 -0.564360
vn 0.299697 -0.769889 -0.563430
vn 0.293731 -0.776360 -0.557663
vn 0.280811 -0.782338 -0.555961
vn 0.276004 -0.788549 -0.549556
vn 0.254494 -0.798318 -0.545822
vn 0.252654 -0.803299 -0.539330
vn 0.225736 -0.815137 -0.533474
vn 0.101405 -0.860098 -0.499948
vn 0.074033 -0.867711 -0.491525
vn -0.015264 -0.887696 -0.460177
vn -0.036692 -0.891179 -0.452165
vn -0.174271 -0.903155 -0.392352
vn -0.194392 -0.903126 -0.382853
vn -0.325027 -0.892487 -0.312768
vn -0.345533 -0.888851 -0.300917
vn -0.482291 -0.850127 -0.211377
vn -0.503739 -0.841317 -0.196042
vn -0.653088 -0.753793 -0.072607
vn -0.661629 -0.747039 -0.064656
vn -0.746231 -0.665291 0.022942
vn -0.751697 -0.658862 0.029200
vn -0.793612 -0.603012 0.080970
vn -0.800755 -0.592113 0.090519
vn -0.834929 -0.532091 0.140613
vn -0.835661 -0.530630 0.141781
vn -0.857831 -0.481462 0.179777
vn -0.853007 -0.493100 0.170973
vn -0.868368 -0.453822 0.199955
vn -0.836821 -0.528298 0.143640
vn -0.902668 -0.325978 0.280944
vn 0.217596 -0.709473 -0.670299
vn 0.252846 -0.735080 -0.629068
vn 0.278681 -0.730086 -0.623948
vn 0.299131 -0.725729 -0.619547
vn 0.263373 -0.763491 -0.589675
vn 0.284398 -0.756413 -0.589031
vn 0.249126 -0.791721 -0.557776
vn 0.270560 -0.782804 -0.560370
vn 0.235971 -0.801656 -0.549241
vn 0.260595 -0.791319 -0.553086
vn 0.228006 -0.809637 -0.540834
vn 0.131925 -0.711200 -0.690500
vn 0.160219 -0.748477 -0.643516
vn 0.198443 -0.743787 -0.638280
vn 0.228564 -0.739266 -0.633439
vn 0.183276 -0.786705 -0.589496
vn 0.212904 -0.778798 -0.590039
vn 0.169661 -0.820622 -0.545706
vn 0.198655 -0.810822 -0.550549
vn 0.143044 -0.834917 -0.531462
vn 0.177225 -0.823718 -0.538590
vn 0.125306 -0.846405 -0.517588
vn 0.163569 -0.834001 -0.526960
vn 0.117088 -0.854817 -0.505547
vn 0.158369 -0.841238 -0.516951
vn 0.015426 -0.881403 -0.472113
vn 0.048034 -0.874222 -0.483144
vn -0.063599 -0.894881 -0.441751
vn 0.006306 -0.698714 -0.715373
vn 0.079484 -0.754628 -0.651321
vn 0.110387 -0.752868 -0.648848
vn 0.099530 -0.804880 -0.585032
vn 0.146411 -0.795457 -0.588058
vn 0.090154 -0.843242 -0.529920
vn 0.134227 -0.831465 -0.539119
vn 0.048030 -0.859922 -0.508161
vn 0.100903 -0.847108 -0.521753
vn 0.016261 -0.873586 -0.486398
vn 0.077401 -0.859821 -0.504696
vn -0.005668 -0.884721 -0.466087
vn 0.064075 -0.869637 -0.489516
vn -0.081964 -0.896338 -0.435730
vn -0.026493 -0.889029 -0.457084
vn -0.144482 -0.901455 -0.408049
vn -0.098291 -0.898543 -0.427738
vn -0.255348 -0.900256 -0.352614
vn -0.220433 -0.902417 -0.370206
vn -0.372990 -0.883112 -0.284591
vn -0.179324 -0.647634 -0.740549
vn -0.050079 -0.754105 -0.654842
vn 0.043343 -0.755761 -0.653411
vn 0.038414 -0.814345 -0.579109
vn 0.071092 -0.809678 -0.582552
vn 0.034273 -0.855495 -0.516676
vn 0.063937 -0.849361 -0.523925
vn -0.019521 -0.872325 -0.488537
vn 0.016393 -0.866283 -0.499284
vn -0.063260 -0.885905 -0.459533
vn -0.020808 -0.880114 -0.474306
vn -0.099574 -0.897146 -0.430364
vn -0.049023 -0.891585 -0.450192
vn -0.157803 -0.901138 -0.403793
vn -0.116771 -0.899293 -0.421469
vn -0.208403 -0.901704 -0.378811
vn -0.173690 -0.902121 -0.394980
vn -0.304308 -0.894807 -0.326674
vn -0.277614 -0.898135 -0.341005
vn -0.411480 -0.873314 -0.260780
vn -0.390491 -0.878917 -0.273901
vn -0.533339 -0.827782 -0.174148
vn -0.517263 -0.835337 -0.186147
vn -0.671609 -0.738847 -0.055203
vn -0.460078 -0.487698 -0.741943
vn -0.273417 -0.722847 -0.634614
vn -0.184575 -0.740019 -0.646765
vn -0.155704 -0.823454 -0.545601
vn -0.043416 -0.822079 -0.567716
vn -0.133138 -0.874429 -0.466527
vn -0.038004 -0.866944 -0.496955
vn -0.222065 -0.882594 -0.414385
vn -0.107234 -0.881794 -0.459282
vn -0.306179 -0.883179 -0.355316
vn -0.168140 -0.892400 -0.418749
vn -0.399819 -0.872175 -0.281879
vn -0.227791 -0.899157 -0.373668
vn -0.418377 -0.867891 -0.267819
vn -0.264882 -0.897304 -0.353103
vn -0.439675 -0.862156 -0.251739
vn -0.300836 -0.893928 -0.332250
vn -0.491999 -0.844451 -0.211753
vn -0.376959 -0.881201 -0.285283
vn -0.560686 -0.813057 -0.156743
vn -0.468773 -0.854656 -0.223192
vn -0.643943 -0.760506 -0.083474
vn -0.576495 -0.804919 -0.140565
vn -0.736017 -0.676878 0.010678
vn -0.697553 -0.715915 -0.029753
vn -0.785781 -0.614470 0.070537
vn -0.765649 -0.641640 0.045610
vn -0.811009 -0.575588 0.104703
vn -0.259261 -0.870620 -0.418096
vn -0.227263 -0.818601 -0.527489
vn -0.191801 -0.874659 -0.445179
vn -0.343333 -0.865888 -0.363813
vn -0.291805 -0.876327 -0.383276
vn -0.424336 -0.853216 -0.303250
vn -0.389070 -0.866989 -0.311377
vn -0.509722 -0.828555 -0.231690
vn -0.501579 -0.837307 -0.217567
vn -0.608729 -0.781021 -0.139482
vn -0.516288 -0.831708 -0.204225
vn -0.533280 -0.824567 -0.188949
vn -0.679468 -0.730930 -0.063750
vn -0.574934 -0.804062 -0.151442
vn -0.628551 -0.771084 -0.101748
vn -0.756172 -0.653732 0.028966
vn -0.692813 -0.720128 -0.037758
vn -0.762705 -0.645442 0.041062
vn -0.799495 -0.594116 0.088512
vn -0.872271 0.093841 0.479935
vn -0.912032 -0.157517 0.378664
vn -0.912261 -0.213921 0.349312
vn -0.909009 -0.267677 0.319455
vn -0.911342 -0.164680 0.377276
vn -0.910703 -0.237096 0.338238
vn -0.907002 -0.108412 0.406933
vn -0.911313 -0.208451 0.355045
vn -0.909270 -0.137456 0.392854
vn -0.909386 -0.252787 0.330326
vn -0.910474 -0.232952 0.341718
vn -0.897343 -0.346512 0.273323
vn -0.899227 -0.336228 0.279895
vn -0.872151 -0.442732 0.208184
vn -0.874488 -0.435669 0.213223
vn -0.833775 -0.534376 0.138783
vn -0.833554 -0.534812 0.138433
vn -0.781171 -0.620934 0.064910
vn -0.778603 -0.624478 0.061679
vn -0.722751 -0.691102 -0.002964
vn -0.718713 -0.695269 -0.007273
vn -0.613099 -0.782547 -0.108302
vn -0.605638 -0.787430 -0.114704
vn -0.432455 -0.867611 -0.245425
vn -0.423930 -0.870208 -0.251041
vn -0.272757 -0.899354 -0.341710
vn -0.264335 -0.900148 -0.346209
vn -0.117698 -0.900874 -0.417819
vn -0.111020 -0.900378 -0.420706
vn 0.048146 -0.874613 -0.482426
vn 0.055952 -0.872715 -0.485013
vn 0.160385 -0.841018 -0.516686
vn 0.168681 -0.838037 -0.518883
vn 0.309672 -0.775445 -0.550262
vn 0.318730 -0.770661 -0.551808
vn 0.312087 -0.770969 -0.555164
vn 0.326799 -0.757032 -0.565778
vn 0.315185 -0.766014 -0.560251
vn 0.318758 -0.760933 -0.565132
vn 0.305103 -0.770941 -0.559072
vn -0.688444 0.440650 0.576084
vn -0.824589 0.213558 0.523876
vn -0.885892 0.035216 0.462554
vn -0.892817 -0.009873 0.450311
vn -0.905550 -0.088652 0.414873
vn -0.861505 0.102091 0.497380
vn -0.890515 -0.003973 0.454936
vn -0.859061 0.108002 0.500350
vn -0.892667 -0.015664 0.450445
vn -0.884415 0.020852 0.466235
vn -0.906823 -0.108991 0.407176
vn -0.903944 -0.084157 0.419288
vn -0.911033 -0.215547 0.351510
vn -0.911158 -0.186499 0.367436
vn -0.902051 -0.319052 0.290705
vn -0.904028 -0.305292 0.299217
vn -0.876289 -0.430047 0.217204
vn -0.877719 -0.425466 0.220428
vn -0.833375 -0.535164 0.138150
vn -0.833227 -0.535454 0.137918
vn -0.776482 -0.627368 0.059031
vn -0.774170 -0.630481 0.056164
vn -0.714327 -0.699710 -0.011907
vn -0.710783 -0.703238 -0.015620
vn -0.599663 -0.791238 -0.119775
vn -0.594773 -0.794290 -0.123892
vn -0.417023 -0.872231 -0.255547
vn -0.412648 -0.873476 -0.258383
vn -0.259021 -0.900605 -0.349024
vn -0.254384 -0.900977 -0.351467
vn -0.105199 -0.899907 -0.423202
vn -0.100080 -0.899463 -0.425381
vn 0.062813 -0.870995 -0.487260
vn -0.018272 -0.888533 -0.458450
vn 0.068890 -0.869430 -0.489229
vn -0.480768 0.644800 0.594218
vn -0.562033 0.576832 0.592776
vn -0.651713 0.484202 0.583796
vn -0.742088 0.364232 0.562708
vn -0.701851 0.420207 0.575179
vn -0.778637 0.301038 0.550546
vn -0.703140 0.414805 0.577521
vn -0.764013 0.320059 0.560220
vn -0.697709 0.418146 0.581685
vn -0.747453 0.341375 0.569892
vn -0.715921 0.388756 0.579936
vn -0.785842 0.275044 0.553898
vn -0.763989 0.313555 0.563919
vn -0.828356 0.187056 0.528049
vn -0.801407 0.244566 0.545833
vn -0.860305 0.103477 0.499167
vn -0.846069 0.143008 0.513533
vn -0.891410 -0.010646 0.453073
vn -0.885511 0.015520 0.464359
vn -0.909583 -0.144335 0.389649
vn -0.908472 -0.128602 0.397668
vn -0.906526 -0.284649 0.311747
vn -0.907568 -0.274336 0.317900
vn -0.880128 -0.417491 0.225999
vn -0.881125 -0.414091 0.228360
vn -0.832936 -0.536025 0.137459
vn -0.832828 -0.536236 0.137289
vn -0.770742 -0.635026 0.051952
vn -0.769743 -0.636335 0.050732
vn -0.705981 -0.707931 -0.020602
vn -0.704322 -0.709530 -0.022312
vn -0.588902 -0.797877 -0.128792
vn -0.586465 -0.799341 -0.130813
vn -0.405440 -0.875465 -0.263020
vn -0.486879 -0.848436 -0.207618
vn -0.402437 -0.876271 -0.264941
vn -0.477090 0.647563 0.594178
vn -0.302552 0.754347 0.582600
vn -0.324716 0.742926 0.585337
vn -0.341433 0.671683 0.657470
vn -0.418019 0.661654 0.622474
vn -0.445397 0.652223 0.613374
vn -0.411636 0.692364 0.592612
vn -0.400978 0.699082 0.592031
vn -0.394550 0.703062 0.591637
vn -0.465355 0.656236 0.593968
vn -0.466297 0.655548 0.593990
vn -0.499008 0.630294 0.594744
vn -0.503987 0.626326 0.594737
vn -0.533912 0.600587 0.595175
vn -0.543195 0.592487 0.594893
vn -0.570232 0.566386 0.595014
vn -0.584078 0.553078 0.594102
vn -0.608066 0.526803 0.593915
vn -0.626670 0.506938 0.591860
vn -0.647389 0.480769 0.591395
vn -0.670794 0.452687 0.587461
vn -0.687977 0.427038 0.586793
vn -0.459158 0.646619 0.609145
vn -0.438984 0.674417 0.593680
vn -0.432722 0.678617 0.593490
vn -0.427003 0.682406 0.593288
vn -0.460808 0.659541 0.593854
vn -0.461615 0.658956 0.593876
vn -0.475222 0.648684 0.594452
vn -0.479412 0.645510 0.594542
vn -0.489958 0.636831 0.595304
vn -0.497645 0.630734 0.595420
vn -0.505072 0.623877 0.596389
vn -0.516393 0.614457 0.596473
vn -0.520619 0.609697 0.597684
vn -0.535735 0.596483 0.597659
vn -0.536653 0.594148 0.599159
vn -0.555746 0.576577 0.598921
vn -0.553230 0.577064 0.600778
vn -0.576495 0.554464 0.600186
vn -0.650041 0.474001 0.593944
vn -0.670691 0.448736 0.590601
vn -0.742714 0.347575 0.572335
vn -0.759126 0.321128 0.566220
vn -0.822566 0.199595 0.532492
vn -0.833533 0.174300 0.524254
vn -0.880099 0.037024 0.473344
vn -0.467285 0.643136 0.606648
vn -0.448318 0.668052 0.593901
vn -0.444084 0.670954 0.593810
vn -0.458631 0.661111 0.593793
vn -0.459218 0.660688 0.593810
vn -0.463995 0.657051 0.594132
vn -0.467014 0.654820 0.594229
vn -0.469507 0.652583 0.594726
vn -0.474985 0.648430 0.594919
vn -0.475174 0.647696 0.595567
vn -0.483148 0.641489 0.595869
vn -0.481004 0.642373 0.596651
vn -0.491520 0.633964 0.597074
vn -0.487003 0.636599 0.597971
vn -0.500118 0.625818 0.598526
vn -0.493180 0.630353 0.599524
vn -0.508960 0.617009 0.600217
vn -0.594951 0.535353 0.599526
vn -0.609673 0.519745 0.598468
vn -0.697100 0.413945 0.585408
vn -0.709547 0.396756 0.582347
vn -0.790514 0.265244 0.552026
vn -0.799484 0.247925 0.547137
vn -0.863128 0.094493 0.496065
vn -0.868039 0.079083 0.490157
vn -0.904026 -0.085718 0.418795
vn -0.905436 -0.097348 0.413170
vn -0.908876 -0.258891 0.326986
vn -0.908319 -0.265907 0.322878
vn -0.881939 -0.411265 0.230314
vn -0.460080 0.656937 0.597294
vn -0.457621 0.661838 0.593763
vn -0.455635 0.662975 0.594022
vn -0.453472 0.664484 0.593991
vn -0.457919 0.661624 0.593772
vn -0.458824 0.660838 0.593947
vn -0.460347 0.659727 0.594004
vn -0.460166 0.659556 0.594335
vn -0.462910 0.657521 0.594458
vn -0.461642 0.657993 0.594921
vn -0.465609 0.655004 0.595128
vn -0.463252 0.656153 0.595702
vn -0.468444 0.652176 0.596010
vn -0.464993 0.654034 0.596674
vn -0.471413 0.649032 0.597099
vn -0.466864 0.651639 0.597834
vn -0.474516 0.645570 0.598392
vn -0.570016 0.560607 0.600668
vn -0.577316 0.553361 0.600415
vn -0.675598 0.442226 0.589918
vn -0.681947 0.434051 0.588683
vn -0.774635 0.294258 0.559779
vn -0.779374 0.285803 0.557577
vn -0.854150 0.120749 0.505814
vn -0.856867 0.113039 0.502993
vn -0.901242 -0.065661 0.428313
vn -0.902110 -0.071584 0.425526
vn -0.909696 -0.246727 0.334034
vn -0.909472 -0.250328 0.331957
vn -0.883320 -0.406374 0.233681
vn -0.882915 -0.407821 0.232687
vn -0.832643 -0.536598 0.136997
vn -0.832698 -0.536491 0.137083
vn -0.768070 -0.638511 0.048699
vn -0.768859 -0.637488 0.049656
vn -0.702845 -0.710944 -0.023828
vn -0.669903 0.449439 0.590961
vn -0.851666 0.127637 0.508306
vn -0.909884 -0.243489 0.335894
vn -0.832594 -0.536694 0.136920
vn -0.701522 -0.712203 -0.025183
vn -0.584290 -0.800637 -0.132611
vn -0.324191 -0.892814 -0.312705
vn -0.250303 -0.901283 -0.353606
vn -0.408819 -0.874542 -0.260851
vn -0.246683 -0.901539 -0.355494
vn -0.169866 -0.903350 -0.393832
vn -0.095545 -0.899047 -0.427300
vn 0.176022 -0.835337 -0.520795
vn -0.342355 0.733423 0.587268
vn -0.474257 0.649676 0.594139
vn -0.546650 0.590556 0.593648
vn -0.623108 0.515441 0.588266
vn -0.387174 0.707562 0.591145
vn -0.467388 0.654749 0.594014
vn -0.509772 0.621665 0.594698
vn -0.554005 0.582849 0.594446
vn -0.600203 0.537047 0.592737
vn -0.648263 0.482735 0.588830
vn 0.237171 -0.771731 -0.590069
vn 0.222751 -0.802030 -0.554192
vn 0.205399 -0.813588 -0.543955
vn 0.194687 -0.822788 -0.533964
vn 0.191238 -0.829123 -0.525341
vn -0.420108 0.686914 0.593008
vn -0.462595 0.658246 0.593901
vn -0.484519 0.641605 0.594629
vn -0.507047 0.623139 0.595483
vn -0.530292 0.602578 0.596398
vn -0.554357 0.579599 0.597289
vn -0.579335 0.553819 0.598043
vn -0.605298 0.524782 0.598513
vn -0.695703 0.416186 0.585481
vn -0.778490 0.287752 0.557811
vn -0.459929 0.660175 0.593830
vn -0.470679 0.652093 0.594336
vn -0.481657 0.643306 0.595116
vn -0.492895 0.633759 0.596158
vn -0.504425 0.623386 0.597448
vn -0.516281 0.612113 0.598976
vn -0.528494 0.599854 0.600724
vn -0.627657 0.499924 0.596760
vn -0.724498 0.375232 0.578189
vn -0.810038 0.226558 0.540842
vn -0.873660 0.060323 0.482782
vn -0.906934 -0.111372 0.406284
vn 0.326190 -0.719403 -0.613237
vn 0.315699 -0.721933 -0.615750
vn 0.301569 -0.776251 -0.553616
vn 0.289639 -0.782084 -0.551773
vn 0.299410 -0.780744 -0.548445
vn 0.287690 -0.786640 -0.546289
vn 0.274189 -0.793230 -0.543697
vn -0.451049 0.666166 0.593951
vn -0.458253 0.661383 0.593781
vn -0.462058 0.658475 0.594066
vn -0.466001 0.655216 0.594588
vn -0.470085 0.651602 0.595344
vn -0.474314 0.647626 0.596327
vn -0.478689 0.643280 0.597534
vn -0.483214 0.638554 0.598961
vn -0.585564 0.545029 0.600049
vn -0.689066 0.424711 0.587203
vn -0.784638 0.276212 0.555022
vn -0.859848 0.104352 0.499772
vn -0.903038 -0.078224 0.422378
vn -0.909203 -0.254356 0.329625
vn -0.882459 -0.409440 0.231572
vn -0.832759 -0.536371 0.137180
vn -0.707859 -0.706108 -0.018660
vn -0.772294 -0.632978 0.053853
vn -0.591650 -0.796208 -0.126504
vn 0.039188 -0.876713 -0.479415
vn -0.128295 -0.901564 -0.413186
vn 0.024969 -0.879876 -0.474547
vn -0.141470 -0.902254 -0.407339
vn 0.007288 -0.883518 -0.468340
vn -0.158281 -0.902862 -0.399734
vn 0.140092 -0.848000 -0.511147
vn 0.122855 -0.853585 -0.506260
vn 0.150940 -0.844322 -0.514137
vn 0.288294 -0.775054 -0.562297
vn 0.301616 -0.750300 -0.588283
vn 0.312606 -0.746248 -0.587699
vn -0.283209 -0.898250 -0.336065
vn -0.443240 -0.864165 -0.238237
vn -0.620036 -0.777878 -0.102282
vn -0.727659 -0.685935 0.002328
vn -0.784344 -0.616484 0.068941
vn -0.834056 -0.533822 0.139228
vn -0.870704 -0.446987 0.205128
vn -0.895014 -0.358238 0.265737
vn -0.904564 -0.301915 0.301016
vn -0.904293 -0.305276 0.298431
vn -0.902636 -0.318610 0.289370
vn -0.833067 -0.535769 0.137664
vn -0.878881 -0.421662 0.223092
vn -0.905459 -0.294031 0.306087
vn -0.910545 -0.163281 0.379799
vn -0.897676 -0.043081 0.438545
vn -0.876125 0.052320 0.479236
vn -0.843323 0.150818 0.515810
vn -0.809715 0.228523 0.540498
vn -0.820537 0.206712 0.532906
vn -0.845830 0.156411 0.510007
vn -0.463810 0.657363 0.593932
vn -0.490876 0.636684 0.594704
vn -0.518805 0.613428 0.595439
vn -0.547738 0.587156 0.596013
vn -0.577800 0.557338 0.596256
vn -0.609075 0.523337 0.595941
vn -0.641583 0.484396 0.594754
vn -0.726323 0.372976 0.577360
vn -0.453405 -0.860750 -0.231372
vn -0.628554 -0.771968 -0.094793
vn -0.466076 -0.856260 -0.222691
vn -0.639257 -0.764256 -0.085231
vn -0.309155 -0.894932 -0.321746
vn -0.296519 -0.896652 -0.328774
vn -0.733751 -0.679359 0.008984
vn -0.788362 -0.610732 0.074108
vn -0.834227 -0.533484 0.139499
vn -0.869007 -0.451866 0.201604
vn -0.888371 -0.387376 0.246446
vn -0.892846 -0.368828 0.258443
vn -0.893506 -0.366623 0.259298
vn -0.741505 -0.670716 0.017604
vn -0.790801 -0.607176 0.077279
vn -0.834425 -0.533093 0.139812
vn -0.864560 -0.464134 0.192652
vn -0.877116 -0.427563 0.218762
vn -0.881971 -0.411685 0.229439
vn -0.641742 0.492862 0.587584
vn -0.581940 0.556856 0.592669
vn -0.524678 0.609384 0.594444
vn -0.470180 0.652696 0.594070
vn -0.368609 0.718579 0.589721
vn -0.817994 -0.563671 0.114721
vn -0.836167 -0.529615 0.142591
vn -0.715425 -0.697069 0.047553
vn -0.696797 -0.717111 0.015051
vn -0.726252 -0.687429 -0.000142
vn -0.699062 -0.715026 0.007018
vn -0.673383 -0.739263 0.006760
vn -0.669594 -0.742586 0.014463
vn -0.643641 -0.765202 0.013902
vn -0.637793 -0.769889 0.022170
vn -0.629816 -0.776360 0.024453
vn -0.621882 -0.782338 0.034791
vn -0.613931 -0.788549 0.035752
vn -0.599943 -0.798318 0.052513
vn -0.593400 -0.803299 0.050860
vn -0.574870 -0.815137 0.071244
vn -0.483670 -0.860098 0.162154
vn -0.462690 -0.867711 0.181647
vn -0.390893 -0.887696 0.243308
vn -0.373241 -0.891179 0.257859
vn -0.252651 -0.903155 0.347099
vn -0.234364 -0.903126 0.359775
vn -0.108352 -0.892487 0.437865
vn -0.087835 -0.888851 0.449699
vn 0.058087 -0.850127 0.523365
vn 0.082092 -0.841317 0.534272
vn 0.263664 -0.753793 0.601895
vn 0.274821 -0.747039 0.605315
vn 0.392984 -0.665291 0.634784
vn 0.401137 -0.658862 0.636389
vn 0.466928 -0.603012 0.646804
vn 0.478769 -0.592113 0.648215
vn 0.539239 -0.532091 0.652763
vn 0.540617 -0.530630 0.652813
vn 0.584607 -0.481462 0.653015
vn 0.574571 -0.493100 0.653239
vn 0.607350 -0.453822 0.652051
vn 0.542806 -0.528298 0.652888
vn 0.694638 -0.325978 0.641261
vn -0.689294 -0.709473 0.146706
vn -0.671212 -0.735080 0.095563
vn -0.679696 -0.730086 0.070629
vn -0.686109 -0.725729 0.050718
vn -0.642360 -0.763491 0.066749
vn -0.652315 -0.756413 0.048220
vn -0.607611 -0.791721 0.063138
vn -0.620575 -0.782804 0.045874
vn -0.593643 -0.801656 0.070264
vn -0.609284 -0.791319 0.050861
vn -0.582379 -0.809637 0.072958
vn -0.663953 -0.711200 0.230999
vn -0.637410 -0.748477 0.183004
vn -0.651988 -0.743787 0.147283
vn -0.662856 -0.739266 0.118777
vn -0.602156 -0.786705 0.136026
vn -0.617441 -0.778798 0.110639
vn -0.557426 -0.820622 0.125922
vn -0.576117 -0.810822 0.103234
vn -0.531781 -0.834917 0.141851
vn -0.555045 -0.823718 0.115814
vn -0.510898 -0.846405 0.150276
vn -0.538146 -0.834001 0.121825
vn -0.496361 -0.854817 0.151372
vn -0.526877 -0.841238 0.121324
vn -0.416575 -0.881403 0.222697
vn -0.442432 -0.874222 0.199973
vn -0.350768 -0.894881 0.275954
vn -0.622685 -0.698714 0.352225
vn -0.603802 -0.754628 0.256826
vn -0.617113 -0.752868 0.228826
vn -0.556417 -0.804880 0.206320
vn -0.582478 -0.795457 0.167233
vn -0.504001 -0.843242 0.186884
vn -0.534004 -0.831465 0.153316
vn -0.464095 -0.859922 0.212485
vn -0.502303 -0.847108 0.173492
vn -0.429363 -0.873586 0.229116
vn -0.475780 -0.859821 0.185316
vn -0.400809 -0.884721 0.237952
vn -0.455970 -0.869637 0.189267
vn -0.336371 -0.896338 0.288847
vn -0.382600 -0.889029 0.251486
vn -0.281140 -0.901455 0.329149
vn -0.321287 -0.898543 0.298992
vn -0.177699 -0.900256 0.397445
vn -0.210392 -0.902417 0.376003
vn -0.059968 -0.883112 0.465314
vn -0.551672 -0.647634 0.525574
vn -0.542071 -0.754105 0.370790
vn -0.587542 -0.755761 0.289170
vn -0.520730 -0.814345 0.256287
vn -0.540051 -0.809678 0.229709
vn -0.464591 -0.855495 0.228657
vn -0.485701 -0.849361 0.206591
vn -0.413325 -0.872325 0.261174
vn -0.440589 -0.866283 0.235445
vn -0.366337 -0.885905 0.284551
vn -0.400357 -0.880114 0.255173
vn -0.322919 -0.897146 0.301416
vn -0.365366 -0.891585 0.267551
vn -0.270794 -0.901138 0.338559
vn -0.306617 -0.899293 0.311862
vn -0.223859 -0.901704 0.369888
vn -0.255217 -0.902121 0.347910
vn -0.130754 -0.894807 0.426876
vn -0.156512 -0.898135 0.410923
vn -0.020102 -0.873314 0.486743
vn -0.041960 -0.878917 0.475126
vn 0.115853 -0.827782 0.548958
vn 0.097423 -0.835337 0.541036
vn 0.287998 -0.738847 0.609232
vn -0.412502 -0.487698 0.769411
vn -0.412883 -0.722847 0.554093
vn -0.467827 -0.740019 0.483229
vn -0.394652 -0.823454 0.407644
vn -0.469948 -0.822079 0.321457
vn -0.337455 -0.874429 0.348565
vn -0.411373 -0.866944 0.281390
vn -0.247835 -0.882594 0.399506
vn -0.344133 -0.881794 0.322508
vn -0.154623 -0.883179 0.442816
vn -0.278577 -0.892400 0.354988
vn -0.044205 -0.872175 0.487193
vn -0.209710 -0.899157 0.384107
vn -0.022750 -0.867891 0.496234
vn -0.173355 -0.897304 0.405947
vn 0.001826 -0.862156 0.506639
vn -0.137319 -0.893928 0.426657
vn 0.062616 -0.844451 0.531960
vn -0.058582 -0.881201 0.469098
vn 0.144600 -0.813057 0.563940
vn 0.041097 -0.854656 0.517565
vn 0.249681 -0.760506 0.599408
vn 0.166515 -0.804919 0.569542
vn 0.377256 -0.676878 0.632071
vn 0.323010 -0.715915 0.618975
vn 0.453978 -0.614470 0.645238
vn 0.422323 -0.641640 0.640267
vn 0.496180 -0.575588 0.650003
vn -0.232451 -0.870620 0.433575
vn -0.343187 -0.818601 0.460560
vn -0.289636 -0.874659 0.388695
vn -0.143405 -0.865888 0.479242
vn -0.186024 -0.876327 0.444348
vn -0.050454 -0.853216 0.519111
vn -0.075125 -0.866989 0.492633
vn 0.054211 -0.828555 0.557277
vn 0.062371 -0.837307 0.543164
vn 0.183570 -0.781021 0.596915
vn 0.081280 -0.831708 0.549231
vn 0.103006 -0.824567 0.556308
vn 0.284525 -0.730930 0.620311
vn 0.156314 -0.804062 0.573629
vn 0.226160 -0.771084 0.595215
vn 0.403171 -0.653732 0.640381
vn 0.313707 -0.720128 0.618873
vn 0.416913 -0.645442 0.639990
vn 0.476401 -0.594116 0.648127
vn 0.851771 0.093841 0.515442
vn 0.783949 -0.157517 0.600510
vn 0.758643 -0.213921 0.615385
vn 0.731160 -0.267677 0.627498
vn 0.782401 -0.164680 0.600607
vn 0.748275 -0.237096 0.619573
vn 0.805916 -0.108412 0.582020
vn 0.763135 -0.208451 0.611697
vn 0.794857 -0.137456 0.591023
vn 0.740764 -0.252787 0.622389
vn 0.751173 -0.232952 0.617635
vn 0.685376 -0.346512 0.640460
vn 0.692010 -0.336228 0.638806
vn 0.616369 -0.442732 0.651213
vn 0.621900 -0.435669 0.650717
vn 0.537077 -0.534376 0.652679
vn 0.536663 -0.534812 0.652662
vn 0.446799 -0.620934 0.644059
vn 0.442717 -0.624478 0.643450
vn 0.358808 -0.691102 0.627403
vn 0.353058 -0.695269 0.626060
vn 0.212757 -0.782547 0.585111
vn 0.203483 -0.787430 0.581850
vn 0.003683 -0.867611 0.497230
vn -0.005443 -0.870208 0.492654
vn -0.159551 -0.899354 0.407069
vn -0.167658 -0.900148 0.402025
vn -0.302993 -0.900874 0.310839
vn -0.308832 -0.900378 0.306499
vn -0.441866 -0.874613 0.199517
vn -0.448010 -0.872715 0.194051
vn -0.527656 -0.841018 0.119445
vn -0.533707 -0.838037 0.113360
vn -0.631377 -0.775445 0.006947
vn -0.637245 -0.770661 -0.000124
vn -0.636830 -0.770969 0.007307
vn -0.653378 -0.757032 -0.000127
vn -0.642784 -0.766014 0.007167
vn -0.648798 -0.760933 0.006514
vn -0.636722 -0.770941 0.015309
vn 0.843125 0.440650 0.308168
vn 0.865985 0.213558 0.452177
vn 0.843529 0.035216 0.535928
vn 0.836390 -0.009873 0.548046
vn 0.812066 -0.088652 0.576793
vn 0.861496 0.102091 0.497395
vn 0.839244 -0.003973 0.543741
vn 0.862846 0.108002 0.493794
vn 0.836430 -0.015664 0.547849
vn 0.845979 0.020852 0.532808
vn 0.806037 -0.108991 0.581744
vn 0.815086 -0.084157 0.573195
vn 0.759933 -0.215547 0.613223
vn 0.773788 -0.186499 0.605368
vn 0.702783 -0.319052 0.635847
vn 0.711143 -0.305292 0.633303
vn 0.626248 -0.430047 0.650287
vn 0.629756 -0.425466 0.649913
vn 0.536329 -0.535164 0.652649
vn 0.536054 -0.535454 0.652637
vn 0.439363 -0.627368 0.642938
vn 0.435724 -0.630481 0.642369
vn 0.346852 -0.699710 0.624579
vn 0.341864 -0.703238 0.623366
vn 0.196103 -0.791238 0.579211
vn 0.190093 -0.794290 0.577034
vn -0.012799 -0.872231 0.488926
vn -0.017442 -0.873476 0.486555
vn -0.172753 -0.900605 0.398831
vn -0.177187 -0.900977 0.396036
vn -0.313904 -0.899907 0.302706
vn -0.318351 -0.899463 0.299363
vn -0.453386 -0.870995 0.189232
vn -0.387893 -0.888533 0.245049
vn -0.458130 -0.869430 0.184954
vn 0.754992 0.644800 0.119248
vn 0.794376 0.576832 0.190347
vn 0.831439 0.484202 0.272502
vn 0.858364 0.364232 0.361313
vn 0.849045 0.420207 0.320232
vn 0.866105 0.301038 0.399047
vn 0.851718 0.414805 0.320177
vn 0.867171 0.320059 0.381544
vn 0.852608 0.418146 0.313391
vn 0.867268 0.341375 0.362367
vn 0.860200 0.388756 0.330038
vn 0.872611 0.275044 0.403611
vn 0.870362 0.313555 0.379674
vn 0.871482 0.187056 0.453353
vn 0.873409 0.244566 0.421123
vn 0.862444 0.103477 0.495463
vn 0.867767 0.143008 0.475950
vn 0.838078 -0.010646 0.545447
vn 0.844902 0.015520 0.534695
vn 0.792237 -0.144335 0.592898
vn 0.798626 -0.128602 0.587926
vn 0.723243 -0.284649 0.629201
vn 0.729094 -0.274336 0.627027
vn 0.635785 -0.417491 0.649213
vn 0.638328 -0.414091 0.648897
vn 0.535511 -0.536025 0.652615
vn 0.535310 -0.536236 0.652606
vn 0.430362 -0.635026 0.641506
vn 0.428807 -0.636335 0.641251
vn 0.335149 -0.707931 0.621699
vn 0.332839 -0.709530 0.621116
vn 0.182914 -0.797877 0.574400
vn 0.179945 -0.799341 0.573300
vn -0.025062 -0.875465 0.482632
vn 0.063637 -0.848436 0.525458
vn -0.028227 -0.876271 0.480991
vn 0.753118 0.647563 0.116083
vn 0.655822 0.754347 -0.029283
vn 0.669275 0.742926 -0.011456
vn 0.740102 0.671683 -0.033046
vn 0.748088 0.661654 0.050778
vn 0.753896 0.652223 0.079038
vn 0.719035 0.692364 0.060181
vn 0.713203 0.699082 0.051242
vn 0.709647 0.703062 0.045872
vn 0.747069 0.656236 0.106025
vn 0.747559 0.655548 0.106830
vn 0.764568 0.630294 0.134782
vn 0.767051 0.626326 0.139097
vn 0.782393 0.600587 0.164794
vn 0.786790 0.592487 0.172975
vn 0.800413 0.566386 0.196329
vn 0.806547 0.553078 0.208775
vn 0.818378 0.526803 0.229643
vn 0.825901 0.506938 0.246782
vn 0.835858 0.480769 0.264958
vn 0.844153 0.452687 0.287194
vn 0.852166 0.427038 0.302409
vn 0.757114 0.646619 0.093070
vn 0.733633 0.674417 0.083331
vn 0.730338 0.678617 0.078003
vn 0.727304 0.682406 0.073151
vn 0.744696 0.659541 0.102144
vn 0.745119 0.658956 0.102832
vn 0.752421 0.648684 0.114328
vn 0.754595 0.645510 0.117912
vn 0.760527 0.636831 0.126664
vn 0.764471 0.630734 0.133264
vn 0.769024 0.623877 0.139210
vn 0.774758 0.614457 0.148973
vn 0.777919 0.609697 0.152027
vn 0.785455 0.596483 0.165130
vn 0.787213 0.594148 0.165176
vn 0.796553 0.576577 0.181829
vn 0.796904 0.577064 0.178722
vn 0.808024 0.554464 0.199167
vn 0.839391 0.474001 0.265980
vn 0.846821 0.448736 0.285534
vn 0.867014 0.347575 0.357042
vn 0.869924 0.321128 0.374312
vn 0.872434 0.199595 0.446117
vn 0.870784 0.174300 0.459734
vn 0.849978 0.037024 0.525516
vn 0.759015 0.643136 0.101357
vn 0.738492 0.668052 0.091304
vn 0.736296 0.670954 0.087683
vn 0.743555 0.661111 0.100289
vn 0.743863 0.660688 0.100790
vn 0.746531 0.657051 0.104765
vn 0.748125 0.654820 0.107331
vn 0.749801 0.652583 0.109242
vn 0.752707 0.648430 0.113890
vn 0.753363 0.647696 0.113729
vn 0.757612 0.641489 0.120484
vn 0.757216 0.642373 0.118236
vn 0.762841 0.633964 0.127132
vn 0.761360 0.636599 0.122771
vn 0.768398 0.625818 0.133852
vn 0.765793 0.630353 0.127344
vn 0.774283 0.617009 0.140664
vn 0.816680 0.535353 0.215480
vn 0.823125 0.519745 0.228759
vn 0.855528 0.413945 0.311002
vn 0.859101 0.396756 0.323312
vn 0.873326 0.265244 0.408592
vn 0.873577 0.247925 0.418805
vn 0.861169 0.094493 0.499459
vn 0.858508 0.079083 0.506665
vn 0.814700 -0.085718 0.573512
vn 0.810534 -0.097348 0.577545
vn 0.737616 -0.258891 0.623616
vn 0.733780 -0.265907 0.625188
vn 0.640427 -0.411265 0.648625
vn 0.747312 0.656937 0.099794
vn 0.743024 0.661838 0.099430
vn 0.742255 0.662975 0.097581
vn 0.741147 0.664484 0.095723
vn 0.743181 0.661624 0.099683
vn 0.743786 0.660838 0.100380
vn 0.744596 0.659727 0.101670
vn 0.744792 0.659556 0.101348
vn 0.746271 0.657521 0.103663
vn 0.746038 0.657993 0.102333
vn 0.748201 0.655004 0.105666
vn 0.747519 0.656153 0.103337
vn 0.750381 0.652176 0.107679
vn 0.749232 0.654034 0.104358
vn 0.752809 0.649032 0.109706
vn 0.751171 0.651639 0.105399
vn 0.755481 0.645570 0.111747
vn 0.805202 0.560607 0.193315
vn 0.808632 0.553361 0.199763
vn 0.848683 0.442226 0.290126
vn 0.850788 0.434051 0.296242
vn 0.872100 0.294258 0.390964
vn 0.872563 0.285803 0.396169
vn 0.865123 0.120749 0.486808
vn 0.864038 0.113039 0.490572
vn 0.821551 -0.065661 0.566342
vn 0.819572 -0.071584 0.568487
vn 0.744130 -0.246727 0.620803
vn 0.742220 -0.250328 0.621647
vn 0.644033 -0.406374 0.648137
vn 0.642970 -0.407821 0.648284
vn 0.534964 -0.536598 0.652591
vn 0.535066 -0.536491 0.652596
vn 0.426209 -0.638511 0.640819
vn 0.427433 -0.637488 0.641023
vn 0.330787 -0.710944 0.620596
vn 0.846739 0.449439 0.284673
vn 0.866038 0.127637 0.483411
vn 0.745835 -0.243489 0.620035
vn 0.534873 -0.536694 0.652587
vn 0.328952 -0.712203 0.620127
vn 0.177300 -0.800637 0.572315
vn -0.108715 -0.892814 0.437110
vn -0.181080 -0.901283 0.393571
vn -0.021495 -0.874542 0.484473
vn -0.184525 -0.901539 0.391381
vn -0.256136 -0.903350 0.344025
vn -0.322281 -0.899047 0.296394
vn -0.539033 -0.835337 0.107958
vn 0.679766 0.733423 0.002855
vn 0.751668 0.649676 0.113649
vn 0.787439 0.590556 0.176589
vn 0.821008 0.515441 0.245494
vn 0.705534 0.707562 0.039730
vn 0.748125 0.654749 0.107763
vn 0.769910 0.621665 0.144126
vn 0.791807 0.582849 0.182559
vn 0.813427 0.537047 0.223422
vn 0.834074 0.482735 0.266997
vn -0.629601 -0.771731 0.089638
vn -0.591320 -0.802030 0.084188
vn -0.573778 -0.813588 0.094097
vn -0.559770 -0.822788 0.098378
vn -0.550578 -0.829123 0.097053
vn 0.723614 0.686914 0.067320
vn 0.745631 0.658246 0.103668
vn 0.757223 0.641605 0.122291
vn 0.769227 0.623139 0.141374
vn 0.781642 0.602578 0.161048
vn 0.794446 0.579599 0.181443
vn 0.807588 0.553819 0.202697
vn 0.820977 0.524782 0.224947
vn 0.854892 0.416186 0.309756
vn 0.872323 0.287752 0.395286
vn 0.744236 0.660175 0.101396
vn 0.750050 0.652093 0.110452
vn 0.756214 0.643306 0.119569
vn 0.762735 0.633759 0.128781
vn 0.769618 0.623386 0.138121
vn 0.776869 0.612113 0.147625
vn 0.784489 0.599854 0.157327
vn 0.830638 0.499924 0.245187
vn 0.862976 0.375232 0.338339
vn 0.873402 0.226558 0.431092
vn 0.854932 0.060323 0.515221
vn 0.805319 -0.111372 0.582286
vn -0.694173 -0.719403 0.024130
vn -0.691104 -0.721933 0.034472
vn -0.630229 -0.776251 0.015642
vn -0.622669 -0.782084 0.025052
vn -0.624673 -0.780744 0.014926
vn -0.616945 -0.786640 0.023997
vn -0.607950 -0.793230 0.034394
vn 0.739901 0.666166 0.093644
vn 0.743356 0.661383 0.099968
vn 0.745505 0.658475 0.103121
vn 0.747929 0.655216 0.106274
vn 0.750626 0.651602 0.109434
vn 0.753592 0.647626 0.112604
vn 0.756825 0.643280 0.115790
vn 0.760322 0.638554 0.118995
vn 0.812439 0.545029 0.207089
vn 0.853066 0.424711 0.303147
vn 0.872982 0.276212 0.402006
vn 0.862740 0.104352 0.494764
vn 0.817309 -0.078224 0.570865
vn 0.740065 -0.254356 0.622581
vn 0.641777 -0.409440 0.648445
vn 0.535181 -0.536371 0.652600
vn 0.337769 -0.706108 0.622354
vn 0.432785 -0.632978 0.641900
vn 0.186270 -0.796208 0.575636
vn -0.434780 -0.876713 0.205769
vn -0.293682 -0.901564 0.317700
vn -0.423454 -0.879876 0.215650
vn -0.282031 -0.902254 0.326186
vn -0.409238 -0.883518 0.227859
vn -0.267040 -0.902862 0.336943
vn -0.512712 -0.848000 0.134250
vn -0.499862 -0.853585 0.146734
vn -0.520726 -0.844322 0.126351
vn -0.631111 -0.775054 0.031479
vn -0.660276 -0.750300 0.032934
vn -0.665266 -0.746248 0.023125
vn -0.149436 -0.898250 0.413298
vn 0.015301 -0.864165 0.502975
vn 0.221439 -0.777878 0.588107
vn 0.365846 -0.685935 0.629007
vn 0.451876 -0.616484 0.644791
vn 0.537603 -0.533822 0.652700
vn 0.612998 -0.446987 0.651488
vn 0.677642 -0.358238 0.642236
vn 0.712970 -0.301915 0.632868
vn 0.710595 -0.305276 0.633925
vn 0.701920 -0.318610 0.637021
vn 0.535754 -0.535769 0.652625
vn 0.632644 -0.421662 0.649587
vn 0.717809 -0.294031 0.631107
vn 0.784188 -0.163281 0.598656
vn 0.828629 -0.043081 0.558138
vn 0.853093 0.052320 0.519129
vn 0.868366 0.150818 0.472435
vn 0.872943 0.228523 0.430985
vn 0.871779 0.206712 0.444153
vn 0.864594 0.156411 0.477507
vn 0.746265 0.657363 0.104705
vn 0.760467 0.636684 0.127759
vn 0.775068 0.613428 0.151578
vn 0.790031 0.587156 0.176349
vn 0.805273 0.557338 0.202261
vn 0.820638 0.523337 0.229504
vn 0.835863 0.484396 0.258250
vn 0.863170 0.372976 0.340334
vn 0.026329 -0.860750 0.508346
vn 0.232184 -0.771968 0.591740
vn 0.040182 -0.856260 0.514979
vn 0.245816 -0.764256 0.596228
vn -0.124063 -0.894932 0.428609
vn -0.136467 -0.896652 0.421180
vn 0.374656 -0.679359 0.630955
vn 0.458360 -0.610732 0.645688
vn 0.537923 -0.533484 0.652713
vn 0.609098 -0.451866 0.651780
vn 0.657614 -0.387376 0.646129
vn 0.670241 -0.368828 0.644006
vn 0.671312 -0.366623 0.644149
vn 0.385999 -0.670716 0.633360
vn 0.462326 -0.607176 0.646214
vn 0.538293 -0.533093 0.652727
vn 0.599122 -0.464134 0.652405
vn 0.628012 -0.427563 0.650224
vn 0.639686 -0.411685 0.649090
vn 0.829733 0.492862 0.261973
vn 0.804236 0.556856 0.207641
vn 0.777143 0.609384 0.157163
vn 0.749570 0.652696 0.110153
vn 0.695018 0.718579 0.024364
vn 0.508348 -0.563671 0.651043
vn 0.541571 -0.529615 0.652847
vn 0.020657 -0.754307 0.656196
vn 0.023318 -0.671404 0.740725
vn 0.039498 -0.742858 0.668282
vn 0.107725 -0.661332 0.742318
vn 0.054603 -0.733330 0.677677
vn 0.077267 -0.718444 0.691280
vn 0.167031 -0.652484 0.739165
vn 0.164567 -0.654514 0.737923
vn 0.202515 -0.621385 0.756881
vn 0.192808 -0.630005 0.752276
vn 0.224117 -0.600255 0.767767
vn 0.206562 -0.616622 0.759677
vn 0.230506 -0.592414 0.771954
vn 0.211677 -0.610458 0.763239
vn 0.229964 -0.590942 0.773242
vn 0.211093 -0.609326 0.764304
vn 0.224926 -0.593751 0.772572
vn 0.210782 -0.607708 0.765678
vn 0.221940 -0.594374 0.772957
vn 0.207688 -0.608614 0.765803
vn 0.299106 -0.509950 0.806528
vn 0.287395 -0.523494 0.802096
vn 0.384769 -0.400778 0.831462
vn 0.375585 -0.413330 0.829514
vn 0.474235 -0.264502 0.839726
vn 0.465618 -0.278816 0.839917
vn 0.557885 -0.106547 0.823050
vn 0.552731 -0.117460 0.825040
vn 0.628072 0.068392 0.775144
vn 0.548236 -0.126823 0.826652
vn 0.675085 0.244246 0.696135
vn 0.136425 -0.651868 0.745960
vn 0.117582 -0.690202 0.714000
vn 0.105524 -0.698887 0.707405
vn 0.093430 -0.707393 0.700618
vn 0.162776 -0.655983 0.737014
vn 0.150700 -0.646246 0.748102
vn 0.141552 -0.672323 0.726598
vn 0.137879 -0.675116 0.724712
vn 0.133587 -0.678355 0.722488
vn 0.158180 -0.659733 0.734664
vn 0.158775 -0.659250 0.734969
vn 0.168411 -0.651004 0.740156
vn 0.171524 -0.648377 0.741746
vn 0.178747 -0.641509 0.746000
vn 0.184454 -0.636506 0.748891
vn 0.189227 -0.631181 0.752200
vn 0.197623 -0.623530 0.756410
vn 0.199892 -0.619943 0.758758
vn 0.159130 -0.642751 0.749366
vn 0.156108 -0.659699 0.735137
vn 0.147508 -0.667753 0.729621
vn 0.144731 -0.669891 0.728217
vn 0.156862 -0.660803 0.733985
vn 0.157240 -0.660497 0.734180
vn 0.161555 -0.656736 0.736612
vn 0.163515 -0.655105 0.737631
vn 0.166273 -0.652262 0.739532
vn 0.169825 -0.649225 0.741395
vn 0.171023 -0.647366 0.742743
vn 0.176186 -0.642832 0.745470
vn 0.175816 -0.642035 0.746244
vn 0.182613 -0.635897 0.749858
vn 0.180659 -0.636251 0.750031
vn 0.189123 -0.628391 0.754557
vn 0.185562 -0.629994 0.754105
vn 0.195730 -0.620278 0.759569
vn 0.277358 -0.534874 0.798112
vn 0.156669 -0.656613 0.737777
vn 0.156059 -0.661453 0.733570
vn 0.153447 -0.663145 0.732593
vn 0.150708 -0.665277 0.731228
vn 0.156428 -0.661154 0.733761
vn 0.157413 -0.660165 0.734441
vn 0.159315 -0.658594 0.735441
vn 0.158800 -0.658585 0.735560
vn 0.162226 -0.655697 0.737390
vn 0.160219 -0.656716 0.736921
vn 0.165162 -0.652462 0.739604
vn 0.161673 -0.654559 0.738522
vn 0.168129 -0.648883 0.742081
vn 0.163160 -0.652112 0.740357
vn 0.171130 -0.644953 0.744815
vn 0.164682 -0.649376 0.742422
vn 0.174166 -0.640666 0.747806
vn 0.256515 -0.557848 0.789307
vn 0.266021 -0.547478 0.793411
vn 0.356252 -0.439029 0.824826
vn 0.365114 -0.427368 0.827072
vn 0.458249 -0.290830 0.839896
vn 0.348660 -0.448861 0.822776
vn 0.691304 0.537172 0.483265
vn 0.695267 0.407461 0.592097
vn 0.675942 0.248639 0.693744
vn 0.630855 0.076751 0.772096
vn 0.563851 -0.093670 0.820548
vn 0.481713 -0.251836 0.839364
vn 0.395379 -0.385988 0.833480
vn 0.312927 -0.493584 0.811451
vn 0.239185 -0.576637 0.781204
vn 0.248913 -0.569242 0.783585
vn 0.255455 -0.565090 0.784485
vn 0.256960 -0.566003 0.783334
vn 0.242537 -0.582516 0.775791
vn 0.216041 -0.609119 0.763086
vn 0.170632 -0.649500 0.740969
vn 0.643217 0.712455 0.280499
vn 0.671358 0.638533 0.376238
vn 0.691319 0.537042 0.483389
vn 0.695357 0.409499 0.590584
vn 0.676913 0.253712 0.690955
vn 0.678019 0.259638 0.687662
vn 0.634047 0.086544 0.768436
vn 0.636766 0.095064 0.765174
vn 0.568974 -0.082386 0.818218
vn 0.574771 -0.069356 0.815370
vn 0.490260 -0.237069 0.838715
vn 0.500111 -0.219648 0.837642
vn 0.407760 -0.368325 0.835505
vn 0.422365 -0.346898 0.837418
vn 0.329457 -0.473451 0.816885
vn 0.357188 -0.438242 0.824840
vn 0.268630 -0.545032 0.794215
vn 0.309002 -0.498840 0.809738
vn 0.281571 -0.534112 0.797146
vn 0.328146 -0.480255 0.813434
vn 0.291574 -0.526360 0.798705
vn 0.330015 -0.482259 0.811490
vn 0.284961 -0.536649 0.794233
vn 0.324631 -0.492445 0.807535
vn 0.268475 -0.556524 0.786258
vn 0.307468 -0.515114 0.800076
vn 0.236158 -0.590316 0.771853
vn 0.250378 -0.576611 0.777709
vn 0.173137 -0.647412 0.742214
vn 0.176396 -0.644682 0.743821
vn 0.644041 0.710745 0.282935
vn 0.584011 0.800775 0.133006
vn 0.585618 0.799013 0.136487
vn 0.528658 0.848515 0.023291
vn 0.479896 0.875219 -0.060767
vn 0.477345 0.876317 -0.064890
vn 0.427477 0.892838 -0.141785
vn 0.379446 0.901197 -0.209437
vn 0.376119 0.901547 -0.213885
vn 0.323452 0.903346 -0.281683
vn 0.275356 0.899592 -0.338989
vn 0.270922 0.899029 -0.344017
vn 0.214721 0.888499 -0.405543
vn 0.155731 0.871494 -0.465022
vn 0.149435 0.869372 -0.471021
vn 0.066469 0.835238 -0.545857
vn 0.074352 0.838903 -0.539179
vn -0.048838 0.770479 -0.635591
vn -0.038629 0.776977 -0.628343
vn -0.038570 0.772498 -0.633845
vn -0.026583 0.784439 -0.619636
vn -0.026074 0.779908 -0.625350
vn -0.012168 0.793077 -0.608999
vn -0.011272 0.788395 -0.615066
vn 0.000638 0.800486 -0.599350
vn 0.001742 0.795596 -0.605825
vn 0.015627 0.808842 -0.587819
vn 0.016815 0.803632 -0.594889
vn 0.033384 0.818296 -0.573826
vn 0.034452 0.812620 -0.581775
vn 0.054711 0.829016 -0.556543
vn 0.055331 0.822679 -0.565807
vn 0.090699 0.845517 -0.526189
vn 0.089844 0.837918 -0.538351
vn 0.139143 0.864532 -0.482932
vn 0.134981 0.855197 -0.500419
vn 0.206659 0.884683 -0.417885
vn 0.195678 0.873546 -0.445677
vn 0.275881 0.897129 -0.345036
vn 0.255767 0.885884 -0.387032
vn 0.366951 0.899162 -0.238443
vn 0.332692 0.892398 -0.304864
vn 0.482312 0.872220 -0.081290
vn 0.429699 0.883197 -0.187943
vn 0.546211 0.837392 0.020680
vn 0.485412 0.867021 -0.112471
vn 0.559684 0.828626 0.011527
vn 0.513699 0.853251 -0.089861
vn 0.428867 0.876340 -0.219319
vn 0.466909 0.865904 -0.179459
vn 0.365535 0.874662 -0.318356
vn 0.414641 0.870626 -0.264731
vn 0.433139 0.818587 -0.377234
vn 0.521131 0.722790 -0.453869
vn 0.446274 0.739951 -0.503301
vn 0.482149 0.647450 -0.590204
vn 0.328464 0.754016 -0.568834
vn 0.303816 0.698517 -0.647897
vn 0.243573 0.755650 -0.608001
vn 0.179721 0.710986 -0.679852
vn 0.181116 0.752737 -0.632918
vn 0.120609 0.746759 -0.654068
vn 0.163295 0.804798 -0.570644
vn 0.110632 0.792343 -0.599961
vn 0.147906 0.843192 -0.516867
vn 0.101773 0.827662 -0.551922
vn 0.176458 0.859877 -0.479034
vn 0.122599 0.842879 -0.523951
vn -0.055660 0.687151 -0.724380
vn -0.042174 0.740128 -0.671142
vn -0.040603 0.762132 -0.646148
vn -0.039233 0.767428 -0.639934
vn -0.027100 0.774327 -0.632205
vn -0.007245 0.696808 -0.717222
vn -0.032210 0.718382 -0.694903
vn -0.043816 0.715461 -0.697278
vn -0.030898 0.744788 -0.666586
vn -0.029649 0.768105 -0.639637
vn -0.016839 0.774894 -0.631867
vn -0.012835 0.782181 -0.622919
vn -0.000387 0.788809 -0.614639
vn 0.093683 0.709240 -0.698715
vn 0.024333 0.731071 -0.681867
vn 0.007783 0.727622 -0.685934
vn -0.006307 0.724513 -0.689232
vn 0.007379 0.759648 -0.650293
vn -0.006004 0.754620 -0.656134
vn 0.007001 0.786963 -0.616960
vn -0.005719 0.780615 -0.624986
vn 0.013924 0.796167 -0.604917
vn 0.076895 0.740565 -0.667571
vn 0.044030 0.734889 -0.676757
vn 0.071435 0.781208 -0.620170
vn 0.041299 0.771582 -0.634788
vn 0.066488 0.813877 -0.577221
vn 0.038787 0.801915 -0.596178
vn 0.081763 0.827241 -0.555866
vn 0.049998 0.813476 -0.579445
vn 0.735894 0.487558 -0.469838
vn 0.609010 0.781175 0.137379
vn 0.553698 0.831801 0.039064
vn 0.492957 0.867941 -0.060591
vn 0.391491 0.897316 -0.203857
vn 0.316886 0.901131 -0.295883
vn 0.262323 0.896317 -0.357494
vn 0.210221 0.886431 -0.412367
vn 0.173211 0.876498 -0.449166
vn 0.145789 0.867651 -0.475318
vn 0.129532 0.861825 -0.490387
vn 0.115977 0.856641 -0.502708
vn 0.104514 0.852029 -0.512955
vn 0.094702 0.847916 -0.521604
vn 0.083630 0.843092 -0.531226
vn 0.562405 0.824669 0.060180
vn 0.640017 0.731151 0.236212
vn 0.583725 0.804191 0.111992
vn 0.610558 0.771255 0.179958
vn 0.535062 0.844532 0.021779
vn 0.573176 0.813177 0.101055
vn 0.463180 0.881239 -0.094243
vn 0.519077 0.854727 0.001427
vn 0.415599 0.894828 -0.162977
vn 0.483697 0.873363 -0.057228
vn 0.382685 0.900266 -0.207540
vn 0.459303 0.883149 -0.095336
vn 0.352279 0.902766 -0.246805
vn 0.436766 0.890266 -0.129078
vn 0.331101 0.903191 -0.273163
vn 0.421045 0.894237 -0.151859
vn 0.315561 0.902855 -0.292016
vn 0.409485 0.896670 -0.168239
vn 0.306389 0.902409 -0.302957
vn 0.402651 0.897923 -0.177782
vn 0.298757 0.901902 -0.311958
vn 0.396956 0.898865 -0.185655
vn 0.292310 0.901377 -0.319489
vn 0.392141 0.899590 -0.192260
vn 0.286794 0.900861 -0.325882
vn 0.388015 0.900160 -0.197878
vn 0.280572 0.900203 -0.333037
vn 0.383356 0.900749 -0.204181
vn 0.669069 0.654055 0.352929
vn 0.640806 0.720366 0.265406
vn 0.616527 0.760692 0.203080
vn 0.580427 0.805050 0.122470
vn 0.556055 0.827885 0.073545
vn 0.538848 0.841404 0.041015
vn 0.522633 0.852478 0.011649
vn 0.511131 0.859461 -0.008507
vn 0.502570 0.864226 -0.023175
vn 0.497467 0.866900 -0.031791
vn 0.493190 0.869050 -0.038941
vn 0.489555 0.870812 -0.044967
vn 0.486429 0.872282 -0.050115
vn 0.482883 0.873898 -0.055914
vn 0.669728 0.645778 0.366655
vn 0.692212 0.528779 0.491158
vn 0.682383 0.594517 0.425326
vn 0.687734 0.564110 0.456948
vn 0.677789 0.614846 0.403195
vn 0.685767 0.576013 0.444897
vn 0.670416 0.641982 0.372024
vn 0.682652 0.592519 0.427678
vn 0.664933 0.659182 0.351203
vn 0.680340 0.603404 0.415982
vn 0.660759 0.671021 0.336346
vn 0.678572 0.611115 0.407527
vn 0.656562 0.682033 0.322115
vn 0.676784 0.618462 0.399333
vn 0.653413 0.689789 0.311838
vn 0.675434 0.623748 0.393355
vn 0.650969 0.695542 0.304072
vn 0.674379 0.627731 0.388801
vn 0.649469 0.698968 0.299390
vn 0.673729 0.630129 0.386040
vn 0.648186 0.701836 0.295434
vn 0.673172 0.632152 0.383697
vn 0.647077 0.704272 0.292048
vn 0.672688 0.633882 0.381685
vn 0.646109 0.706368 0.289117
vn 0.672265 0.635379 0.379939
vn 0.644994 0.708744 0.285772
vn 0.671776 0.637086 0.377939
vn 0.692292 0.326663 0.643446
vn 0.696329 0.454388 0.555569
vn 0.694997 0.493623 0.522797
vn 0.692076 0.530096 0.489928
vn 0.691970 0.531110 0.488979
vn 0.578968 -0.093247 0.810001
vn 0.658574 0.158309 0.735676
vn 0.671440 0.214686 0.709280
vn 0.681389 0.268408 0.680930
vn 0.658549 0.165471 0.734120
vn 0.674812 0.237849 0.698611
vn 0.641844 0.109226 0.759016
vn 0.668111 0.209222 0.714040
vn 0.649961 0.138262 0.747285
vn 0.677038 0.253534 0.690898
vn 0.669384 0.216317 0.710727
vn 0.689640 0.336912 0.641005
vn 0.686865 0.314842 0.655050
vn 0.696086 0.434251 0.571743
vn 0.695953 0.427495 0.576972
vn 0.691489 0.535533 0.484817
vn 0.691444 0.535932 0.484440
vn 0.371591 -0.440347 0.817322
vn 0.517021 -0.212967 0.829056
vn 0.598795 -0.034493 0.800159
vn 0.610350 0.010700 0.792059
vn 0.637113 0.089469 0.765561
vn 0.561819 -0.101276 0.821038
vn 0.606279 0.004802 0.795237
vn 0.558334 -0.107187 0.822663
vn 0.610155 0.016494 0.792110
vn 0.582826 -0.051492 0.810964
vn 0.633760 0.084979 0.768848
vn 0.615621 0.032278 0.787381
vn 0.660573 0.178992 0.729113
vn 0.653253 0.151052 0.741919
vn 0.684491 0.298267 0.665214
vn 0.682475 0.285376 0.672895
vn 0.695816 0.422267 0.580974
vn 0.695717 0.419062 0.583408
vn 0.691417 0.536175 0.484210
vn 0.691393 0.536381 0.484015
vn 0.335169 -0.483884 0.808404
vn 0.425819 -0.363787 0.828455
vn 0.384168 -0.419770 0.822318
vn 0.464086 -0.300467 0.833273
vn 0.384376 -0.414285 0.824999
vn 0.446770 -0.319419 0.835685
vn 0.377717 -0.417576 0.826414
vn 0.427692 -0.340696 0.837261
vn 0.366759 -0.426439 0.826824
vn 0.445183 -0.312851 0.839009
vn 0.394207 -0.388209 0.833003
vn 0.477511 -0.259544 0.839417
vn 0.446381 -0.310183 0.839363
vn 0.530011 -0.163831 0.832014
vn 0.511564 -0.198814 0.835928
vn 0.588950 -0.036192 0.807359
vn 0.581375 -0.054151 0.811832
vn 0.643260 0.116157 0.756786
vn 0.639817 0.104838 0.761343
vn 0.679997 0.270658 0.681431
vn 0.678955 0.264778 0.684772
vn 0.695536 0.413951 0.587259
vn 0.695455 0.411882 0.588808
vn 0.691356 0.536714 0.483700
vn 0.691336 0.536891 0.483532
vn -0.018440 0.721708 -0.691952
vn 0.157675 -0.660144 0.734404
vn 0.165775 -0.653217 0.738801
vn 0.173935 -0.645686 0.743530
vn 0.182181 -0.637510 0.748593
vn 0.190538 -0.628643 0.753991
vn 0.199032 -0.619031 0.759728
vn 0.126596 -0.683574 0.718818
vn 0.542206 -0.155700 0.825694
vn 0.688625 0.319303 0.651031
vn 0.693371 0.367275 0.619956
vn 0.695862 0.412295 0.588039
vn 0.693145 0.369479 0.618898
vn 0.696095 0.428158 0.576310
vn 0.694290 0.388012 0.606142
vn 0.696049 0.464692 0.547336
vn 0.696192 0.452438 0.557330
vn 0.691705 0.533572 0.486667
vn 0.691626 0.534301 0.485980
vn 0.686207 0.305981 0.659920
vn 0.695543 0.481999 0.532820
vn 0.658807 0.677174 0.327734
vn 0.641617 0.716160 0.274668
vn 0.629237 0.739062 0.240516
vn 0.620070 0.753990 0.216825
vn 0.611084 0.767254 0.194675
vn 0.604492 0.776237 0.179015
vn 0.599464 0.782707 0.167369
vn 0.596415 0.786481 0.160425
vn 0.593831 0.789596 0.154604
vn 0.591613 0.792211 0.149655
vn 0.589688 0.794435 0.145396
vn 0.587488 0.796932 0.140562
vn 0.505198 0.862215 -0.036886
vn 0.414881 0.893947 -0.169506
vn 0.351697 0.901706 -0.251467
vn 0.306716 0.901446 -0.305484
vn 0.264447 0.897336 -0.353349
vn 0.234701 0.892368 -0.385480
vn 0.212756 0.887661 -0.408402
vn 0.199770 0.884472 -0.421665
vn 0.188951 0.881590 -0.432546
vn 0.179805 0.878997 -0.441627
vn 0.171975 0.876664 -0.449316
vn 0.163138 0.873906 -0.457901
vn 0.379451 0.882600 -0.277550
vn 0.295335 0.881786 -0.367739
vn 0.228891 0.872299 -0.432092
vn 0.321873 0.874429 -0.363004
vn 0.249242 0.866930 -0.431638
vn 0.192584 0.855463 -0.480723
vn 0.376448 0.823433 -0.424553
vn 0.284746 0.822040 -0.493123
vn 0.215865 0.814284 -0.538836
vn 0.161032 -0.657411 0.736125
vn 0.159753 -0.658454 0.735471
vn 0.183458 -0.638164 0.747723
vn 0.176672 -0.643998 0.744347
vn 0.518701 -0.186270 0.834417
vn 0.496522 -0.227761 0.837610
vn 0.553234 -0.116935 0.824778
vn 0.600926 -0.006550 0.799278
vn 0.647167 0.129414 0.751284
vn 0.681164 0.277448 0.677524
vn 0.695624 0.416321 0.585478
vn 0.691373 0.536559 0.483846
vn 0.696186 0.443314 0.564622
vn 0.691951 0.358902 0.626413
vn 0.691547 0.535011 0.485310
vn 0.691814 0.532571 0.487608
vn 0.685337 0.302625 0.662368
vn 0.509556 -0.205939 0.835429
vn 0.193947 -0.628066 0.753603
vn 0.030529 0.804355 -0.593364
vn 0.021679 0.794030 -0.607492
vn 0.022957 0.765273 -0.643297
vn -0.017617 0.750111 -0.661077
vn -0.069040 0.433475 -0.898517
vn -0.132054 0.519501 -0.844204
vn -0.209219 0.429240 -0.878624
vn -0.198101 0.518308 -0.831933
vn -0.262106 0.519456 -0.813305
vn -0.186483 0.593225 -0.783140
vn -0.246670 0.594392 -0.765410
vn -0.174961 0.655382 -0.734753
vn -0.231375 0.656518 -0.717948
vn -0.163918 0.706589 -0.688377
vn -0.216725 0.707665 -0.672489
vn -0.025822 0.694721 -0.718816
vn -0.081632 0.695796 -0.713586
vn 0.111122 0.669349 -0.734591
vn 0.053477 0.670435 -0.740038
vn 0.251848 0.628856 -0.735604
vn 0.193546 0.629951 -0.752131
vn 0.401761 0.568085 -0.718239
vn 0.344266 0.569163 -0.746683
vn 0.564195 0.477425 -0.673609
vn 0.509683 0.478413 -0.715083
vn 0.733689 0.343567 -0.586227
vn 0.685585 0.344305 -0.641426
vn 0.874706 0.173775 -0.452429
vn 0.836753 0.174059 -0.519180
vn 0.957586 -0.007831 -0.288042
vn 0.932229 -0.008103 -0.361777
vn 0.976894 -0.182691 -0.110914
vn 0.965141 -0.183464 -0.186665
vn 0.939209 -0.337540 0.062875
vn 0.940854 -0.338650 -0.010491
vn 0.856517 -0.465700 0.222489
vn 0.870593 -0.466965 0.154960
vn 0.742049 -0.564700 0.361216
vn 0.767121 -0.565981 0.301979
vn 0.621488 -0.629553 0.466278
vn 0.655084 -0.630786 0.415901
vn 0.501618 -0.670679 0.546415
vn 0.541889 -0.671853 0.504945
vn 0.380477 -0.695335 0.609710
vn 0.426179 -0.696460 0.577334
vn 0.253465 -0.706579 0.660682
vn 0.303703 -0.707670 0.637940
vn 0.270543 -0.655366 0.705197
vn 0.324235 -0.656520 0.681068
vn 0.288360 -0.593199 0.751640
vn 0.345671 -0.594388 0.726095
vn 0.306328 -0.518269 0.798474
vn 0.367304 -0.519444 0.771535
vn 0.323520 -0.429185 0.843288
vn 0.450444 -0.433420 0.780543
vn -0.124276 0.594432 -0.794485
vn -0.053883 0.710876 -0.701251
vn -0.116570 0.656554 -0.745217
vn -0.109188 0.707696 -0.698029
vn 0.086441 0.699007 -0.709872
vn 0.030653 0.695863 -0.717520
vn 0.223482 0.673682 -0.704420
vn 0.168215 0.670543 -0.722548
vn 0.362157 0.633229 -0.684006
vn 0.308428 0.630108 -0.712627
vn 0.507321 0.572396 -0.644196
vn 0.456420 0.569382 -0.683729
vn 0.660995 0.481382 -0.575636
vn 0.614855 0.478713 -0.626728
vn 0.815416 0.346528 -0.463696
vn 0.777111 0.344701 -0.526574
vn 0.934520 0.174919 -0.309959
vn 0.907407 0.174532 -0.382297
vn 0.990847 -0.008917 -0.134694
vn 0.977248 -0.007609 -0.211963
vn 0.981638 -0.185787 0.043247
vn 0.982528 -0.183011 -0.033863
vn 0.916245 -0.341982 0.208670
vn 0.931110 -0.338279 0.136390
vn 0.808713 -0.470753 0.352670
vn 0.835910 -0.466690 0.288887
vn 0.673521 -0.569812 0.470834
vn 0.710748 -0.565795 0.417986
vn 0.538102 -0.634470 0.554881
vn 0.582279 -0.630667 0.513041
vn 0.407609 -0.675359 0.614609
vn 0.456548 -0.671782 0.583329
vn 0.278710 -0.699815 0.657707
vn 0.330939 -0.696427 0.636764
vn 0.146083 -0.710925 0.687928
vn 0.200495 -0.707672 0.677497
vn 0.214050 -0.656520 0.723301
vn 0.187184 -0.433543 0.881477
vn 0.242484 -0.519436 0.819383
vn 0.228202 -0.594384 0.771123
vn 0.368554 -0.675504 0.638641
vn 0.351545 -0.710866 0.609168
vn 0.468277 -0.699646 0.539641
vn 0.577593 -0.675082 0.458968
vn 0.683597 -0.633941 0.361682
vn 0.786830 -0.568808 0.239491
vn 0.879005 -0.469179 0.084975
vn 0.936715 -0.339355 -0.086043
vn 0.947283 -0.183822 -0.262420
vn 0.901127 -0.007847 -0.433485
vn 0.792673 0.176863 -0.583429
vn 0.630432 0.349292 -0.693218
vn 0.449815 0.482900 -0.751315
vn 0.282870 0.573359 -0.768924
vn 0.133021 0.633764 -0.762003
vn -0.004840 0.673969 -0.738744
vn -0.136931 0.699180 -0.701710
vn -0.267921 0.710934 -0.650224
vn -0.286191 0.660058 -0.694563
vn -0.343296 0.433598 -0.833151
vn 0.398895 -0.697069 0.595800
vn 0.361433 -0.717111 0.595918
vn 0.363003 -0.687429 0.629023
vn 0.355609 -0.715026 0.601897
vn 0.342546 -0.739263 0.579786
vn 0.347322 -0.742586 0.572654
vn 0.333860 -0.765202 0.550458
vn 0.338096 -0.769889 0.541260
vn 0.336085 -0.776360 0.533210
vn 0.341071 -0.782338 0.521170
vn 0.337927 -0.788549 0.513804
vn 0.345449 -0.798318 0.493309
vn 0.340746 -0.803299 0.488470
vn 0.349134 -0.815137 0.462230
vn 0.382265 -0.860098 0.337794
vn 0.388656 -0.867711 0.309877
vn 0.406157 -0.887696 0.216869
vn 0.409932 -0.891179 0.194307
vn 0.426922 -0.903155 0.045252
vn 0.428756 -0.903126 0.023078
vn 0.433378 -0.892487 -0.125097
vn 0.433368 -0.888851 -0.148782
vn 0.424203 -0.850127 -0.311988
vn 0.421647 -0.841317 -0.338230
vn 0.389424 -0.753793 -0.529287
vn 0.386808 -0.747039 -0.540659
vn 0.353247 -0.665291 -0.657726
vn 0.350560 -0.658862 -0.665589
vn 0.326684 -0.603012 -0.727773
vn 0.321986 -0.592113 -0.738733
vn 0.295690 -0.532091 -0.793377
vn 0.295045 -0.530630 -0.794594
vn 0.273224 -0.481462 -0.832792
vn 0.278436 -0.493100 -0.824212
vn 0.261018 -0.453822 -0.852006
vn 0.294014 -0.528298 -0.796528
vn 0.208030 -0.325978 -0.922205
vn 0.471698 -0.709473 0.523593
vn 0.418365 -0.735080 0.533505
vn 0.401014 -0.730086 0.553319
vn 0.386978 -0.725729 0.568829
vn 0.378987 -0.763491 0.522925
vn 0.367917 -0.756413 0.540811
vn 0.358485 -0.791721 0.494637
vn 0.350015 -0.782804 0.514497
vn 0.357671 -0.801656 0.478978
vn 0.348689 -0.791319 0.502225
vn 0.354373 -0.809637 0.467876
vn 0.532028 -0.711200 0.459501
vn 0.477191 -0.748477 0.460511
vn 0.453545 -0.743787 0.490997
vn 0.434292 -0.739266 0.514662
vn 0.418880 -0.786705 0.453469
vn 0.404537 -0.778798 0.479400
vn 0.387765 -0.820622 0.419784
vn 0.377462 -0.810822 0.447315
vn 0.388737 -0.834917 0.389610
vn 0.377821 -0.823718 0.422776
vn 0.385592 -0.846405 0.367312
vn 0.374576 -0.834001 0.405136
vn 0.379273 -0.854817 0.354175
vn 0.368508 -0.841238 0.395627
vn 0.401149 -0.881403 0.249416
vn 0.394398 -0.874222 0.283170
vn 0.414367 -0.894881 0.165797
vn 0.616378 -0.698714 0.363148
vn 0.524319 -0.754628 0.394495
vn 0.506726 -0.752868 0.420022
vn 0.456887 -0.804880 0.378711
vn 0.436067 -0.795457 0.420825
vn 0.413847 -0.843242 0.343035
vn 0.399778 -0.831465 0.385803
vn 0.416065 -0.859922 0.295676
vn 0.401400 -0.847108 0.348262
vn 0.413102 -0.873586 0.257281
vn 0.398379 -0.859821 0.319379
vn 0.406477 -0.884721 0.228135
vn 0.391895 -0.869637 0.300248
vn 0.418335 -0.896338 0.146882
vn 0.409093 -0.889029 0.205599
vn 0.425622 -0.901455 0.078900
vn 0.419578 -0.898543 0.128746
vn 0.433047 -0.900256 -0.044831
vn 0.430824 -0.902417 -0.005797
vn 0.432958 -0.883112 -0.180723
vn 0.730996 -0.647634 0.214975
vn 0.592149 -0.754105 0.284052
vn 0.544199 -0.755761 0.364242
vn 0.482316 -0.814345 0.322822
vn 0.468959 -0.809678 0.352843
vn 0.430318 -0.855495 0.288019
vn 0.421764 -0.849361 0.317334
vn 0.432846 -0.872325 0.227363
vn 0.424196 -0.866283 0.263839
vn 0.429597 -0.885905 0.174982
vn 0.421165 -0.880114 0.219133
vn 0.422494 -0.897146 0.128948
vn 0.414389 -0.891585 0.182641
vn 0.428597 -0.901138 0.065235
vn 0.423389 -0.899293 0.109608
vn 0.432262 -0.901704 0.008923
vn 0.428908 -0.902121 0.047070
vn 0.435062 -0.894807 -0.100201
vn 0.434126 -0.898135 -0.069918
vn 0.431582 -0.873314 -0.225962
vn 0.432451 -0.878917 -0.201224
vn 0.417485 -0.827782 -0.374811
vn 0.419839 -0.835337 -0.354889
vn 0.383611 -0.738847 -0.554029
vn 0.872580 -0.487698 -0.027468
vn 0.686301 -0.722847 0.080521
vn 0.652402 -0.740019 0.163536
vn 0.550356 -0.823454 0.137956
vn 0.513364 -0.822079 0.246259
vn 0.470593 -0.874429 0.117962
vn 0.449377 -0.866944 0.215565
vn 0.469900 -0.882594 0.014878
vn 0.451367 -0.881794 0.136774
vn 0.460802 -0.883179 -0.087501
vn 0.446717 -0.892400 0.063761
vn 0.444023 -0.872175 -0.205314
vn 0.437502 -0.899157 -0.010439
vn 0.441126 -0.867891 -0.228415
vn 0.438238 -0.897304 -0.052843
vn 0.437850 -0.862156 -0.254901
vn 0.438155 -0.893928 -0.094407
vn 0.429382 -0.844451 -0.320207
vn 0.435542 -0.881201 -0.183815
vn 0.416087 -0.813057 -0.407197
vn 0.427676 -0.854656 -0.294373
vn 0.394262 -0.760506 -0.515935
vn 0.409981 -0.804919 -0.428977
vn 0.358761 -0.676878 -0.642749
vn 0.374543 -0.715915 -0.589223
vn 0.331803 -0.614470 -0.715775
vn 0.343325 -0.641640 -0.685876
vn 0.314830 -0.575588 -0.754706
vn 0.491712 -0.870620 -0.015479
vn 0.570450 -0.818601 0.066928
vn 0.481437 -0.874659 0.056485
vn 0.486738 -0.865888 -0.115429
vn 0.477829 -0.876327 -0.061072
vn 0.474790 -0.853216 -0.215861
vn 0.464195 -0.866989 -0.181256
vn 0.455511 -0.828555 -0.325587
vn 0.439208 -0.837307 -0.325597
vn 0.425159 -0.781021 -0.457434
vn 0.435008 -0.831708 -0.345006
vn 0.430274 -0.824567 -0.367360
vn 0.394943 -0.730930 -0.556562
vn 0.418620 -0.804062 -0.422187
vn 0.402392 -0.771084 -0.493468
vn 0.353001 -0.653732 -0.669347
vn 0.379106 -0.720128 -0.581115
vn 0.345791 -0.645442 -0.681053
vn 0.323094 -0.594116 -0.736639
vn 0.020500 0.093841 -0.995376
vn 0.128083 -0.157517 -0.979175
vn 0.153617 -0.213921 -0.964697
vn 0.177849 -0.267677 -0.946952
vn 0.128941 -0.164680 -0.977883
vn 0.162429 -0.237096 -0.957811
vn 0.101086 -0.108412 -0.988953
vn 0.148178 -0.208451 -0.966743
vn 0.114413 -0.137456 -0.983878
vn 0.168622 -0.252787 -0.952715
vn 0.159301 -0.232952 -0.959352
vn 0.211966 -0.346512 -0.913783
vn 0.207217 -0.336228 -0.918701
vn 0.255783 -0.442732 -0.859397
vn 0.252587 -0.435669 -0.863940
vn 0.296698 -0.534376 -0.791462
vn 0.296891 -0.534812 -0.791095
vn 0.334372 -0.620934 -0.708969
vn 0.335886 -0.624478 -0.705129
vn 0.363943 -0.691102 -0.624438
vn 0.365655 -0.695269 -0.618788
vn 0.400342 -0.782547 -0.476809
vn 0.402155 -0.787430 -0.467146
vn 0.428772 -0.867611 -0.251804
vn 0.429373 -0.870208 -0.241613
vn 0.432308 -0.899354 -0.065359
vn 0.431993 -0.900148 -0.055817
vn 0.420691 -0.900874 0.106980
vn 0.419852 -0.900378 0.114207
vn 0.393720 -0.874613 0.282909
vn 0.392058 -0.872715 0.290963
vn 0.367271 -0.841018 0.397241
vn 0.365026 -0.838037 0.405523
vn 0.321704 -0.775445 0.543315
vn 0.318515 -0.770661 0.551932
vn 0.324743 -0.770969 0.547858
vn 0.326579 -0.757032 0.565906
vn 0.327599 -0.766014 0.553084
vn 0.330040 -0.760933 0.558619
vn 0.331619 -0.770941 0.543763
vn -0.154682 0.440650 -0.884252
vn -0.041396 0.213558 -0.976053
vn 0.042363 0.035216 -0.998481
vn 0.056427 -0.009873 -0.998358
vn 0.093484 -0.088652 -0.991666
vn 0.000009 0.102091 -0.994775
vn 0.051272 -0.003973 -0.998677
vn -0.003785 0.108002 -0.994143
vn 0.056236 -0.015664 -0.998295
vn 0.038436 0.020852 -0.999043
vn 0.100787 -0.108991 -0.988920
vn 0.088858 -0.084157 -0.992483
vn 0.151100 -0.215547 -0.964732
vn 0.137370 -0.186499 -0.972804
vn 0.199268 -0.319052 -0.926552
vn 0.192885 -0.305292 -0.932519
vn 0.250040 -0.430047 -0.867490
vn 0.247963 -0.425466 -0.870341
vn 0.297046 -0.535164 -0.790799
vn 0.297174 -0.535454 -0.790555
vn 0.337119 -0.627368 -0.701969
vn 0.338446 -0.630481 -0.698533
vn 0.367476 -0.699710 -0.612672
vn 0.368918 -0.703238 -0.607746
vn 0.403560 -0.791238 -0.459436
vn 0.404680 -0.794290 -0.453142
vn 0.429822 -0.872231 -0.233379
vn 0.430090 -0.873476 -0.228172
vn 0.431775 -0.900605 -0.049807
vn 0.431571 -0.900977 -0.044570
vn 0.419103 -0.899907 0.120496
vn 0.418431 -0.899463 0.126019
vn 0.390573 -0.870995 0.298028
vn 0.406165 -0.888533 0.213401
vn 0.389240 -0.869430 0.304275
vn -0.274224 0.644800 -0.713466
vn -0.232343 0.576832 -0.783123
vn -0.179726 0.484202 -0.856298
vn -0.116275 0.364232 -0.924021
vn -0.147194 0.420207 -0.895410
vn -0.087468 0.301038 -0.949592
vn -0.148578 0.414805 -0.897698
vn -0.103159 0.320059 -0.941765
vn -0.154899 0.418146 -0.895076
vn -0.119815 0.341375 -0.932259
vn -0.144279 0.388756 -0.909974
vn -0.086768 0.275044 -0.957508
vn -0.106374 0.313555 -0.943593
vn -0.043126 0.187056 -0.981402
vn -0.072002 0.244566 -0.966956
vn -0.002139 0.103477 -0.994630
vn -0.021699 0.143008 -0.989484
vn 0.053332 -0.010646 -0.998520
vn 0.040608 0.015520 -0.999055
vn 0.117346 -0.144335 -0.982546
vn 0.109846 -0.128602 -0.985594
vn 0.183282 -0.284649 -0.940948
vn 0.178474 -0.274336 -0.944927
vn 0.244343 -0.417491 -0.875213
vn 0.242797 -0.414091 -0.877256
vn 0.297425 -0.536025 -0.790073
vn 0.297518 -0.536236 -0.789895
vn 0.340380 -0.635026 -0.693458
vn 0.340936 -0.636335 -0.691983
vn 0.370832 -0.707931 -0.601097
vn 0.371483 -0.709530 -0.598805
vn 0.405988 -0.797877 -0.445608
vn 0.406520 -0.799341 -0.442487
vn 0.430503 -0.875465 -0.219611
vn 0.423242 -0.848436 -0.317840
vn 0.430664 -0.876271 -0.216050
vn -0.276029 0.647563 -0.710261
vn -0.353271 0.754347 -0.553318
vn -0.344559 0.742926 -0.573881
vn -0.398669 0.671683 -0.624424
vn -0.330069 0.661654 -0.673252
vn -0.308499 0.652223 -0.692412
vn -0.307399 0.692364 -0.652793
vn -0.312225 0.699082 -0.643273
vn -0.315097 0.703062 -0.637509
vn -0.281714 0.656236 -0.699994
vn -0.281262 0.655548 -0.700820
vn -0.265560 0.630294 -0.729526
vn -0.263064 0.626326 -0.733834
vn -0.248481 0.600587 -0.759969
vn -0.243595 0.592487 -0.767868
vn -0.230181 0.566386 -0.791343
vn -0.222468 0.553078 -0.802878
vn -0.210312 0.526803 -0.823558
vn -0.199231 0.506938 -0.838642
vn -0.188469 0.480769 -0.856353
vn -0.173359 0.452687 -0.874655
vn -0.164189 0.427038 -0.889202
vn -0.297956 0.646619 -0.702215
vn -0.294650 0.674417 -0.677011
vn -0.297616 0.678617 -0.671493
vn -0.300301 0.682406 -0.666439
vn -0.283889 0.659541 -0.695998
vn -0.283504 0.658956 -0.696708
vn -0.277200 0.648684 -0.708780
vn -0.275182 0.645510 -0.712454
vn -0.270569 0.636831 -0.721968
vn -0.266826 0.630734 -0.728683
vn -0.263952 0.623877 -0.735600
vn -0.258365 0.614457 -0.745446
vn -0.257300 0.609697 -0.749711
vn -0.249721 0.596483 -0.762789
vn -0.250560 0.594148 -0.764335
vn -0.240808 0.576577 -0.780750
vn -0.243674 0.577064 -0.779500
vn -0.231528 0.554464 -0.799352
vn -0.189350 0.474001 -0.859924
vn -0.176130 0.448736 -0.876136
vn -0.124299 0.347575 -0.929377
vn -0.110798 0.321128 -0.940532
vn -0.049869 0.199595 -0.978609
vn -0.037251 0.174300 -0.983988
vn 0.030121 0.037024 -0.998860
vn -0.291730 0.643136 -0.708004
vn -0.290174 0.668052 -0.685205
vn -0.292212 0.670954 -0.681493
vn -0.284924 0.661111 -0.694082
vn -0.284645 0.660688 -0.694599
vn -0.282536 0.657051 -0.698897
vn -0.281111 0.654820 -0.701561
vn -0.280294 0.652583 -0.703968
vn -0.277722 0.648430 -0.708808
vn -0.278189 0.647696 -0.709296
vn -0.274464 0.641489 -0.716353
vn -0.276213 0.642373 -0.714887
vn -0.271321 0.633964 -0.724206
vn -0.274357 0.636599 -0.720743
vn -0.268279 0.625818 -0.732378
vn -0.272613 0.630353 -0.726868
vn -0.265323 0.617009 -0.740880
vn -0.221729 0.535353 -0.815005
vn -0.213452 0.519745 -0.827227
vn -0.158428 0.413945 -0.896410
vn -0.149554 0.396756 -0.905659
vn -0.082812 0.265244 -0.960619
vn -0.074093 0.247925 -0.965942
vn 0.001959 0.094493 -0.995524
vn 0.009531 0.079083 -0.996823
vn 0.089326 -0.085718 -0.992307
vn 0.094902 -0.097348 -0.990715
vn 0.171259 -0.258891 -0.950603
vn 0.174539 -0.265907 -0.948066
vn 0.241512 -0.411265 -0.878939
vn -0.287232 0.656937 -0.697088
vn -0.285403 0.661838 -0.693193
vn -0.286620 0.662975 -0.691602
vn -0.287675 0.664484 -0.689713
vn -0.285262 0.661624 -0.693455
vn -0.284961 0.660838 -0.694327
vn -0.284249 0.659727 -0.695674
vn -0.284626 0.659556 -0.695682
vn -0.283360 0.657521 -0.698121
vn -0.284396 0.657993 -0.697254
vn -0.282591 0.655004 -0.700794
vn -0.284268 0.656153 -0.699039
vn -0.281938 0.652176 -0.703689
vn -0.284239 0.654034 -0.701033
vn -0.281397 0.649032 -0.706805
vn -0.284307 0.651639 -0.703233
vn -0.280964 0.645570 -0.710139
vn -0.235185 0.560607 -0.793982
vn -0.231316 0.553361 -0.800178
vn -0.173085 0.442226 -0.880044
vn -0.168841 0.434051 -0.884925
vn -0.097465 0.294258 -0.950743
vn -0.093189 0.285803 -0.953747
vn -0.010973 0.120749 -0.992622
vn -0.007171 0.113039 -0.993565
vn 0.079691 -0.065661 -0.994655
vn 0.082539 -0.071584 -0.994014
vn 0.165566 -0.246727 -0.954837
vn 0.167253 -0.250328 -0.953605
vn 0.239286 -0.406374 -0.881818
vn 0.239945 -0.407821 -0.880970
vn 0.297678 -0.536598 -0.789588
vn 0.297631 -0.536491 -0.789679
vn 0.341861 -0.638511 -0.689518
vn 0.341426 -0.637488 -0.690679
vn 0.372058 -0.710944 -0.596768
vn -0.176835 0.449439 -0.875634
vn -0.014373 0.127637 -0.991717
vn 0.164049 -0.243489 -0.955929
vn 0.297721 -0.536694 -0.789507
vn 0.372570 -0.712203 -0.594944
vn 0.406990 -0.800637 -0.439704
vn 0.432905 -0.892814 -0.124405
vn 0.431383 -0.901283 -0.039966
vn 0.430313 -0.874542 -0.223622
vn 0.431208 -0.901539 -0.035887
vn 0.426002 -0.903350 0.049808
vn 0.417825 -0.899047 0.130906
vn 0.363011 -0.835337 0.412837
vn -0.337411 0.733423 -0.590122
vn -0.277411 0.649676 -0.707788
vn -0.240789 0.590556 -0.770236
vn -0.197900 0.515441 -0.833760
vn -0.318359 0.707562 -0.630875
vn -0.280737 0.654749 -0.701777
vn -0.260138 0.621665 -0.738824
vn -0.237803 0.582849 -0.777005
vn -0.213224 0.537047 -0.816159
vn -0.185810 0.482735 -0.855828
vn 0.392429 -0.771731 0.500431
vn 0.368569 -0.802030 0.470004
vn 0.368379 -0.813588 0.449858
vn 0.365083 -0.822788 0.435586
vn 0.359340 -0.829123 0.428288
vn -0.303506 0.686914 -0.660328
vn -0.283036 0.658246 -0.697570
vn -0.272705 0.641605 -0.716920
vn -0.262180 0.623139 -0.736858
vn -0.251350 0.602578 -0.757445
vn -0.240089 0.579599 -0.778732
vn -0.228253 0.553819 -0.800741
vn -0.215678 0.524782 -0.823460
vn -0.159190 0.416186 -0.895236
vn -0.093834 0.287752 -0.953097
vn -0.284307 0.660175 -0.695225
vn -0.279371 0.652093 -0.704788
vn -0.274557 0.643306 -0.714685
vn -0.269840 0.633759 -0.724938
vn -0.265193 0.623386 -0.735570
vn -0.260588 0.612113 -0.746600
vn -0.255995 0.599854 -0.758051
vn -0.202980 0.499924 -0.841947
vn -0.138477 0.375232 -0.916529
vn -0.063364 0.226558 -0.971934
vn 0.018728 0.060323 -0.998003
vn 0.101615 -0.111372 -0.988570
vn 0.367984 -0.719403 0.589107
vn 0.375405 -0.721933 0.581278
vn 0.328661 -0.776251 0.537974
vn 0.333030 -0.782084 0.526721
vn 0.325263 -0.780744 0.533519
vn 0.329255 -0.786640 0.522292
vn 0.333761 -0.793230 0.509303
vn -0.288852 0.666166 -0.687596
vn -0.285103 0.661383 -0.693749
vn -0.283447 0.658475 -0.697186
vn -0.281928 0.655216 -0.700863
vn -0.280540 0.651602 -0.704778
vn -0.279278 0.647626 -0.708932
vn -0.278135 0.643280 -0.713324
vn -0.277108 0.638554 -0.717956
vn -0.226876 0.545029 -0.807137
vn -0.164000 0.424711 -0.890351
vn -0.088344 0.276212 -0.957028
vn -0.002892 0.104352 -0.994536
vn 0.085729 -0.078224 -0.993243
vn 0.169138 -0.254356 -0.952205
vn 0.240682 -0.409440 -0.880018
vn 0.297578 -0.536371 -0.789780
vn 0.370089 -0.706108 -0.603694
vn 0.339509 -0.632978 -0.695753
vn 0.405380 -0.796208 -0.449132
vn 0.395591 -0.876713 0.273646
vn 0.421977 -0.901564 0.095487
vn 0.398485 -0.879876 0.258897
vn 0.423501 -0.902254 0.081153
vn 0.401950 -0.883518 0.240481
vn 0.425321 -0.902862 0.062792
vn 0.372620 -0.848000 0.376896
vn 0.377006 -0.853585 0.359526
vn 0.369786 -0.844322 0.387786
vn 0.342817 -0.775054 0.530818
vn 0.358660 -0.750300 0.555349
vn 0.352660 -0.746248 0.564575
vn 0.432645 -0.898250 -0.077233
vn 0.427939 -0.864165 -0.264739
vn 0.398596 -0.777878 -0.485826
vn 0.361813 -0.685935 -0.631335
vn 0.332468 -0.616484 -0.713732
vn 0.296454 -0.533822 -0.791928
vn 0.257706 -0.446987 -0.856616
vn 0.217372 -0.358238 -0.907973
vn 0.191595 -0.301915 -0.933884
vn 0.193697 -0.305276 -0.932356
vn 0.200716 -0.318610 -0.926391
vn 0.297313 -0.535769 -0.790289
vn 0.246237 -0.421662 -0.872679
vn 0.187650 -0.294031 -0.937194
vn 0.126357 -0.163281 -0.978455
vn 0.069047 -0.043081 -0.996683
vn 0.023032 0.052320 -0.998365
vn -0.025043 0.150818 -0.988244
vn -0.063228 0.228523 -0.971483
vn -0.051241 0.206712 -0.977059
vn -0.018763 0.156411 -0.987514
vn -0.282455 0.657363 -0.698637
vn -0.269591 0.636684 -0.722464
vn -0.256263 0.613428 -0.747018
vn -0.242293 0.587156 -0.772362
vn -0.227473 0.557338 -0.798518
vn -0.211562 0.523337 -0.825445
vn -0.194281 0.484396 -0.853004
vn -0.136847 0.372976 -0.917694
vn 0.427076 -0.860750 -0.276975
vn 0.396370 -0.771968 -0.496947
vn 0.425894 -0.856260 -0.292288
vn 0.393440 -0.764256 -0.510997
vn 0.433217 -0.894932 -0.106863
vn 0.432986 -0.896652 -0.092406
vn 0.359095 -0.679359 -0.639939
vn 0.330002 -0.610732 -0.719795
vn 0.296304 -0.533484 -0.792211
vn 0.259909 -0.451866 -0.853384
vn 0.230757 -0.387376 -0.892575
vn 0.222605 -0.368828 -0.902448
vn 0.222194 -0.366623 -0.903448
vn 0.355507 -0.670716 -0.650965
vn 0.328475 -0.607176 -0.723493
vn 0.296132 -0.533093 -0.792539
vn 0.265438 -0.464134 -0.845057
vn 0.249105 -0.427563 -0.868986
vn 0.242285 -0.411685 -0.878529
vn -0.187992 0.492862 -0.849557
vn -0.222296 0.556856 -0.800310
vn -0.252465 0.609384 -0.751607
vn -0.279389 0.652696 -0.704223
vn -0.326409 0.718579 -0.614085
vn 0.309646 -0.563671 -0.765764
vn 0.294596 -0.529615 -0.795437
vn -0.968205 -0.000000 -0.250158
vn -0.968205 -0.000000 -0.250158
vn -0.884417 0.000000 -0.466698
vn -0.884417 0.000000 -0.466698
vn -0.752949 0.000000 -0.658079
vn -0.752949 0.000000 -0.658079
vn -0.580890 0.000000 -0.813982
vn -0.580890 0.000000 -0.813982
vn -0.377514 0.000000 -0.926004
vn -0.377514 0.000000 -0.926004
vn -0.153787 0.000000 -0.988104
vn -0.153787 0.000000 -0.988104
vn 0.078231 0.000000 -0.996935
vn 0.078231 0.000000 -0.996935
vn 0.306031 0.000000 -0.952022
vn 0.306031 0.000000 -0.952022
vn 0.517333 0.000000 -0.855784
vn 0.517333 0.000000 -0.855784
vn 0.700746 0.000000 -0.713411
vn 0.700746 0.000000 -0.713411
vn 0.846381 0.000000 -0.532578
vn 0.846381 0.000000 -0.532578
vn 0.946388 0.000000 -0.323033
vn 0.946388 0.000000 -0.323033
vn 0.995374 0.000000 -0.096074
vn 0.995374 0.000000 -0.096074
vn 0.990700 0.000000 0.136065
vn 0.990700 0.000000 0.136065
vn 0.932617 0.000000 0.360868
vn 0.932617 0.000000 0.360868
vn 0.824256 -0.000000 0.566217
vn 0.824256 -0.000000 0.566217
vn 0.671459 -0.000000 0.741041
vn 0.671459 -0.000000 0.741041
vn 0.482464 -0.000000 0.875916
vn 0.482464 -0.000000 0.875916
vn 0.267459 -0.000000 0.963569
vn 0.267459 -0.000000 0.963569
vn 0.038036 -0.000000 0.999276
vn 0.038036 -0.000000 0.999276
vn -0.193439 -0.000000 0.981112
vn -0.193439 -0.000000 0.981112
vn -0.414485 -0.000000 0.910056
vn -0.414485 -0.000000 0.910056
vn -0.613186 -0.000000 0.789939
vn -0.613186 -0.000000 0.789939
vn -0.778830 -0.000000 0.627236
vn -0.778830 -0.000000 0.627236
vn -0.902487 -0.000000 0.430718
vn -0.902487 -0.000000 0.430718
vn -0.977490 -0.000000 0.210980
vn -0.977490 -0.000000 0.210980
vn -0.999797 -0.000000 -0.020132
vn -0.999797 -0.000000 -0.020132
vn -0.000000 1.000000 0.000000
vn -0.000000 1.000000 0.000000
vn -0.000000 1.000000 0.000000
vn -0.000000 1.000000 0.000000
vn -0.000000 1.000000 0.000000
vn -0.000000 1.000000 0.000000
vn -0.000000 1.000000 0.000000
vn -0.000000 1.000000 0.000000
vn -0.000000 1.000000 0.000000
vn -0.000000 1.000000 0.000000
vn -0.000000 1.000000 0.000000
vn -0.000000 1.000000 0.000000
vn -0.000000 1.000000 0.000000
vn -0.000000 1.000000 0.000000
vn -0.000000 1.000000 0.000000
vn -0.000000 1.000000 0.000000
vn -0.000000 1.000000 0.000000
vn -0.000000 1.000000 0.000000
vn -0.000000 1.000000 0.000000
vn -0.000000 1.000000 0.000000
vn -0.000000 1.000000 0.000000
vn -0.000000 1.000000 0.000000
vn -0.000000 1.000000 0.000000
vn -0.000000 1.000000 0.000000
vn -0.000000 1.000000 0.000000
vn -0.000000 1.000000 0.000000
vn -0.000000 1.000000 0.000000
vn -0.000000 1.000000 0.000000
vn -0.000000 1.000000 0.000000
vn -0.000000 1.000000 0.000000
vn -0.000000 1.000000 0.000000
vn -0.000000 1.000000 0.000000
vn -0.000000 1.000000 0.000000
vn -0.000000 1.000000 0.000000
vn -0.000000 1.000000 0.000000
vn -0.000000 1.000000 0.000000
vn -0.000000 1.000000 0.000000
vn -0.000000 1.000000 0.000000
vn -0.000000 1.000000 0.000000
vn -0.000000 1.000000 0.000000
vn -0.000000 1.000000 0.000000
vn -0.000000 1.000000 0.000000
vn -0.000000 1.000000 0.000000
vn -0.000000 1.000000 0.000000
vn -0.000000 1.000000 0.000000
vn -0.000000 1.000000 0.000000
vn -0.000000 1.000000 0.000000
vn -0.000000 1.000000 0.000000
vn -0.000000 1.000000 0.000000
vn -0.000000 1.000000 0.000000
vn -0.000000 1.000000 0.000000
vn -0.000000 1.000000 0.000000
vn -0.000000 1.000000 0.000000
vn -0.000000 1.000000 0.000000
vn -0.000000 1.000000 0.000000
vn -0.000000 1.000000 0.000000
vn -0.000000 1.000000 0.000000
vn -0.000000 1.000000 0.000000
vn -0.000000 1.000000 0.000000
vn -0.000000 1.000000 0.000000
vn -0.000000 1.000000 0.000000
vn -0.000000 1.000000 0.000000
vn -0.000000 1.000000 0.000000
vn -0.000000 1.000000 0.000000
vn -0.000000 1.000000 0.000000
vn -0.000000 1.000000 0.000000
vn -0.000000 1.000000 0.000000
vn -0.000000 1.000000 0.000000
vn -0.000000 1.000000 0.000000
vn -0.000000 1.000000 0.000000
vn -0.000000 1.000000 0.000000
vn -0.000000 1.000000 0.000000
vn -0.000000 1.000000 0.000000
vn -0.000000 1.000000 0.000000
vn -0.000000 1.000000 0.000000
vn -0.000000 1.000000 0.000000
vn -0.000000 1.000000 0.000000
vn -0.000000 1.000000 0.000000
vn -0.000000 1.000000 0.000000
vn -0.000000 1.000000 0.000000
vn -0.000000 1.000000 0.000000
vn -0.000000 1.000000 0.000000
vn -0.000000 1.000000 0.000000
vn -0.000000 1.000000 0.000000
vn -0.000000 1.000000 0.000000
vn -0.000000 1.000000 0.000000
vn -0.000000 1.000000 0.000000
vn -0.000000 1.000000 0.000000
vn -0.000000 1.000000 0.000000
vn -0.000000 1.000000 0.000000
vn -0.000000 1.000000 0.000000
vn -0.000000 1.000000 0.000000
vn -0.000000 1.000000 0.000000
vn 0.000000 -1.000000 -0.000000
vn 0.000000 -1.000000 -0.000000
vn 0.000000 -1.000000 -0.000000
vn 0.000000 -1.000000 -0.000000
vn 0.000000 -1.000000 -0.000000
vn 0.000000 -1.000000 -0.000000
vn 0.000000 -1.000000 -0.000000
vn 0.000000 -1.000000 -0.000000
vn 0.000000 -1.000000 -0.000000
vn 0.000000 -1.000000 -0.000000
vn 0.000000 -1.000000 -0.000000
vn 0.000000 -1.000000 -0.000000
vn 0.000000 -1.000000 -0.000000
vn 0.000000 -1.000000 -0.000000
vn 0.000000 -1.000000 -0.000000
vn 0.000000 -1.000000 -0.000000
vn 0.000000 -1.000000 -0.000000
vn 0.000000 -1.000000 -0.000000
vn 0.000000 -1.000000 -0.000000
vn 0.000000 -1.000000 -0.000000
vn 0.000000 -1.000000 -0.000000
vn 0.000000 -1.000000 -0.000000
vn 0.000000 -1.000000 -0.000000
vn 0.000000 -1.000000 -0.000000
vn 0.000000 -1.000000 -0.000000
vn 0.000000 -1.000000 -0.000000
vn 0.000000 -1.000000 -0.000000
vn 0.000000 -1.000000 -0.000000
vn 0.000000 -1.000000 -0.000000
vn 0.000000 -1.000000 -0.000000
vn 0.000000 -1.000000 -0.000000
vn 0.000000 -1.000000 -0.000000
vn 0.000000 -1.000000 -0.000000
vn 0.000000 -1.000000 -0.000000
vn 0.000000 -1.000000 -0.000000
vn 0.000000 -1.000000 -0.000000
vn 0.000000 -1.000000 -0.000000
vn 0.000000 -1.000000 -0.000000
vn 0.000000 -1.000000 -0.000000
vn 0.000000 -1.000000 -0.000000
vn 0.000000 -1.000000 -0.000000
vn 0.000000 -1.000000 -0.000000
vn 0.000000 -1.000000 -0.000000
vn 0.000000 -1.000000 -0.000000
vn 0.000000 -1.000000 -0.000000
vn 0.000000 -1.000000 -0.000000
vn 0.000000 -1.000000 -0.000000
vn 0.000000 -1.000000 -0.000000
vn 0.000000 -1.000000 -0.000000
vn 0.000000 -1.000000 -0.000000
vn 0.000000 -1.000000 -0.000000
vn 0.000000 -1.000000 -0.000000
vn 0.000000 -1.000000 -0.000000
vn 0.000000 -1.000000 -0.000000
vn 0.000000 -1.000000 -0.000000
vn 0.000000 -1.000000 -0.000000
vn 0.000000 -1.000000 -0.000000
vn 0.000000 -1.000000 -0.000000
vn 0.000000 -1.000000 -0.000000
vn 0.000000 -1.000000 -0.000000
vn 0.000000 -1.000000 -0.000000
vn 0.000000 -1.000000 -0.000000
vn 0.000000 -1.000000 -0.000000
vn 0.000000 -1.000000 -0.000000
vn 0.000000 -1.000000 -0.000000
vn 0.000000 -1.000000 -0.000000
vn 0.000000 -1.000000 -0.000000
vn 0.000000 -1.000000 -0.000000
vn 0.000000 -1.000000 -0.000000
vn 0.000000 -1.000000 -0.000000
vn 0.000000 -1.000000 -0.000000
vn 0.000000 -1.000000 -0.000000
vn 0.000000 -1.000000 -0.000000
vn 0.000000 -1.000000 -0.000000
vn 0.000000 -1.000000 -0.000000
vn 0.000000 -1.000000 -0.000000
vn 0.000000 -1.000000 -0.000000
vn 0.000000 -1.000000 -0.000000
vn 0.000000 -1.000000 -0.000000
vn 0.000000 -1.000000 -0.000000
vn 0.000000 -1.000000 -0.000000
vn 0.000000 -1.000000 -0.000000
vn 0.000000 -1.000000 -0.000000
vn 0.000000 -1.000000 -0.000000
vn 0.000000 -1.000000 -0.000000
vn 0.000000 -1.000000 -0.000000
vn 0.000000 -1.000000 -0.000000
vn 0.000000 -1.000000 -0.000000
vn 0.000000 -1.000000 -0.000000
vn 0.000000 -1.000000 -0.000000
vn 0.000000 -1.000000 -0.000000
vn 0.000000 -1.000000 -0.000000
vn 0.000000 -1.000000 -0.000000
vn 0.000000 -1.000000 -0.000000
vn 0.000000 -1.000000 -0.000000
vn 0.000000 -1.000000 -0.000000
usemtl Plastic_-_Glossy_(Grey)
f 2/1/1 38/2/2 1/3/3
f 1/3/3 38/2/2 39/4/4
f 1/3/3 39/4/4 24/5/5
f 24/5/5 39/4/4 40/6/6
f 24/5/5 40/6/6 23/7/7
f 23/7/7 40/6/6 41/8/8
f 23/7/7 41/8/8 22/9/9
f 22/9/9 41/8/8 42/10/10
f 22/9/9 42/10/10 21/11/11
f 21/11/11 42/10/10 43/12/12
f 21/11/11 43/12/12 44/13/13
f 38/2/2 2/1/1 37/14/14
f 37/14/14 2/1/1 3/15/15
f 37/14/14 3/15/15 36/16/16
f 36/16/16 3/15/15 4/17/17
f 36/16/16 4/17/17 35/18/18
f 35/18/18 4/17/17 5/19/19
f 35/18/18 5/19/19 34/20/20
f 34/20/20 5/19/19 33/21/21
f 33/21/21 5/19/19 6/22/22
f 33/21/21 6/22/22 32/23/23
f 32/23/23 6/22/22 7/24/24
f 32/23/23 7/24/24 31/25/25
f 31/25/25 7/24/24 8/26/26
f 31/25/25 8/26/26 30/27/27
f 30/27/27 8/26/26 9/28/28
f 30/27/27 9/28/28 29/29/29
f 29/29/29 9/28/28 10/30/30
f 29/29/29 10/30/30 28/31/31
f 28/31/31 10/30/30 11/32/32
f 28/31/31 11/32/32 27/33/33
f 27/33/33 11/32/32 12/34/34
f 27/33/33 12/34/34 26/35/35
f 26/35/35 12/34/34 13/36/36
f 26/35/35 13/36/36 25/37/37
f 25/37/37 13/36/36 51/38/38
f 51/38/38 13/36/36 14/39/39
f 51/38/38 14/39/39 50/40/40
f 50/40/40 14/39/39 15/41/41
f 50/40/40 15/41/41 49/42/42
f 49/42/42 15/41/41 16/43/43
f 49/42/42 16/43/43 48/44/44
f 48/44/44 16/43/43 17/45/45
f 48/44/44 17/45/45 47/46/46
f 47/46/46 17/45/45 18/47/47
f 47/46/46 18/47/47 46/48/48
f 46/48/48 18/47/47 19/49/49
f 46/48/48 19/49/49 45/50/50
f 45/50/50 19/49/49 20/51/51
f 45/50/50 20/51/51 44/13/13
f 44/13/13 20/51/51 21/11/11
f 24/52/52 75/53/53 1/54/54
f 1/54/54 75/53/53 52/55/55
f 1/56/54 52/57/55 2/58/56
f 2/58/56 52/57/55 53/59/57
f 2/58/56 53/59/57 3/60/58
f 3/60/58 53/59/57 54/61/59
f 3/60/58 54/61/59 4/62/60
f 4/62/60 54/61/59 55/63/61
f 4/62/60 55/63/61 5/64/62
f 5/64/62 55/63/61 56/65/63
f 5/64/62 56/65/63 6/66/64
f 6/66/64 56/65/63 57/67/65
f 6/66/64 57/67/65 7/68/66
f 7/68/66 57/67/65 58/69/67
f 7/68/66 58/69/67 8/70/68
f 8/70/68 58/69/67 59/71/69
f 8/70/68 59/71/69 9/72/70
f 9/72/70 59/71/69 60/73/71
f 9/72/70 60/73/71 10/74/72
f 10/74/72 60/73/71 61/75/73
f 10/74/72 61/75/73 11/76/74
f 11/76/74 61/75/73 62/77/75
f 11/76/74 62/77/75 12/78/76
f 12/78/76 62/77/75 63/79/77
f 12/78/76 63/79/77 13/80/78
f 13/80/78 63/79/77 64/81/79
f 13/80/78 64/81/79 14/82/80
f 14/82/80 64/81/79 65/83/81
f 14/82/80 65/83/81 15/84/82
f 15/84/82 65/83/81 66/85/83
f 15/84/82 66/85/83 16/86/84
f 16/86/84 66/85/83 67/87/85
f 16/86/84 67/87/85 17/88/86
f 17/88/86 67/87/85 68/89/87
f 17/88/86 68/89/87 18/90/88
f 18/90/88 68/89/87 69/91/89
f 18/90/88 69/91/89 19/92/90
f 19/92/90 69/91/89 70/93/91
f 19/92/90 70/93/91 20/94/92
f 20/94/92 70/93/91 71/95/93
f 20/94/92 71/95/93 21/96/94
f 21/96/94 71/95/93 72/97/95
f 21/96/94 72/97/95 22/98/96
f 22/98/96 72/97/95 73/99/97
f 22/98/96 73/99/97 23/100/98
f 23/100/98 73/99/97 74/101/99
f 23/100/98 74/101/99 24/52/52
f 24/52/52 74/101/99 75/53/53
f 118/102/100 76/103/101 127/104/102
f 127/104/102 76/103/101 77/105/103
f 127/104/102 77/105/103 452/106/104
f 452/106/104 77/105/103 124/107/105
f 452/106/104 124/107/105 422/108/106
f 422/108/106 124/107/105 213/109/107
f 422/108/106 213/109/107 212/110/108
f 212/110/108 213/109/107 158/111/109
f 212/110/108 158/111/109 159/112/110
f 159/112/110 158/111/109 391/113/111
f 159/112/110 391/113/111 390/114/112
f 390/114/112 391/113/111 270/115/113
f 390/114/112 270/115/113 269/116/114
f 269/116/114 270/115/113 220/117/115
f 269/116/114 220/117/115 221/118/116
f 221/118/116 220/117/115 533/119/117
f 221/118/116 533/119/117 532/120/118
f 532/120/118 533/119/117 503/121/119
f 532/120/118 503/121/119 502/122/120
f 502/122/120 503/121/119 326/123/121
f 502/122/120 326/123/121 325/124/122
f 325/124/122 326/123/121 284/125/123
f 325/124/122 284/125/123 285/126/124
f 285/126/124 284/125/123 471/127/125
f 285/126/124 471/127/125 470/128/126
f 470/128/126 471/127/125 353/129/127
f 470/128/126 353/129/127 352/130/128
f 352/130/128 353/129/127 84/131/129
f 352/130/128 84/131/129 85/132/130
f 78/133/131 122/134/132 77/105/103
f 77/105/103 122/134/132 156/135/133
f 77/105/103 156/135/133 214/136/134
f 214/136/134 156/135/133 157/137/135
f 214/136/134 157/137/135 213/109/107
f 213/109/107 157/137/135 158/111/109
f 79/138/136 121/139/137 78/133/131
f 78/133/131 121/139/137 510/140/138
f 78/133/131 510/140/138 215/141/139
f 215/141/139 510/140/138 538/142/140
f 215/141/139 538/142/140 216/143/141
f 216/143/141 538/142/140 537/144/142
f 216/143/141 537/144/142 217/145/143
f 217/145/143 537/144/142 536/146/144
f 217/145/143 536/146/144 218/147/145
f 218/147/145 536/146/144 535/148/146
f 218/147/145 535/148/146 219/149/147
f 219/149/147 535/148/146 534/150/148
f 219/149/147 534/150/148 220/117/115
f 220/117/115 534/150/148 533/119/117
f 80/151/149 81/152/150 79/138/136
f 79/138/136 81/152/150 275/153/151
f 79/138/136 275/153/151 334/154/152
f 334/154/152 275/153/151 276/155/153
f 334/154/152 276/155/153 333/156/154
f 333/156/154 276/155/153 277/157/155
f 333/156/154 277/157/155 332/158/156
f 332/158/156 277/157/155 278/159/157
f 332/158/156 278/159/157 331/160/158
f 331/160/158 278/159/157 279/161/159
f 331/160/158 279/161/159 330/162/160
f 330/162/160 279/161/159 280/163/161
f 330/162/160 280/163/161 329/164/162
f 329/164/162 280/163/161 281/165/163
f 329/164/162 281/165/163 328/166/164
f 328/166/164 281/165/163 282/167/165
f 328/166/164 282/167/165 327/168/166
f 327/168/166 282/167/165 283/169/167
f 327/168/166 283/169/167 326/123/121
f 326/123/121 283/169/167 284/125/123
f 82/170/168 363/171/169 81/152/150
f 81/152/150 363/171/169 364/172/170
f 81/152/150 364/172/170 119/173/171
f 119/173/171 364/172/170 363/171/169
f 119/173/171 363/171/169 480/174/172
f 480/174/172 363/171/169 362/175/173
f 480/174/172 362/175/173 479/176/174
f 479/176/174 362/175/173 361/177/175
f 479/176/174 361/177/175 478/178/176
f 478/178/176 361/177/175 360/179/177
f 478/178/176 360/179/177 477/180/178
f 477/180/178 360/179/177 359/181/179
f 477/180/178 359/181/179 476/182/180
f 476/182/180 359/181/179 358/183/181
f 476/182/180 358/183/181 475/184/182
f 475/184/182 358/183/181 357/185/183
f 475/184/182 357/185/183 474/186/184
f 474/186/184 357/185/183 356/187/185
f 474/186/184 356/187/185 473/188/186
f 473/188/186 356/187/185 355/189/187
f 473/188/186 355/189/187 472/190/188
f 472/190/188 355/189/187 354/191/189
f 472/190/188 354/191/189 471/127/125
f 471/127/125 354/191/189 353/129/127
f 83/192/190 356/187/185 82/170/168
f 82/170/168 356/187/185 357/185/183
f 82/170/168 357/185/183 358/183/181
f 84/131/129 354/191/189 83/192/190
f 83/192/190 354/191/189 355/189/187
f 83/192/190 355/189/187 356/187/185
f 86/193/191 350/194/192 85/132/130
f 85/132/130 350/194/192 351/195/193
f 85/132/130 351/195/193 352/130/128
f 352/130/128 351/195/193 469/196/194
f 352/130/128 469/196/194 470/128/126
f 470/128/126 469/196/194 286/197/195
f 470/128/126 286/197/195 285/126/124
f 285/126/124 286/197/195 324/198/196
f 285/126/124 324/198/196 325/124/122
f 325/124/122 324/198/196 501/199/197
f 325/124/122 501/199/197 502/122/120
f 502/122/120 501/199/197 531/200/198
f 502/122/120 531/200/198 532/120/118
f 532/120/118 531/200/198 222/201/199
f 532/120/118 222/201/199 221/118/116
f 221/118/116 222/201/199 268/202/200
f 221/118/116 268/202/200 269/116/114
f 269/116/114 268/202/200 389/203/201
f 269/116/114 389/203/201 390/114/112
f 390/114/112 389/203/201 160/204/202
f 390/114/112 160/204/202 159/112/110
f 159/112/110 160/204/202 211/205/203
f 159/112/110 211/205/203 212/110/108
f 212/110/108 211/205/203 421/206/204
f 212/110/108 421/206/204 422/108/106
f 422/108/106 421/206/204 451/207/205
f 422/108/106 451/207/205 452/106/104
f 452/106/104 451/207/205 127/104/102
f 87/208/206 348/209/207 86/193/191
f 86/193/191 348/209/207 349/210/208
f 86/193/191 349/210/208 350/194/192
f 350/194/192 349/210/208 467/211/209
f 350/194/192 467/211/209 468/212/210
f 468/212/210 467/211/209 288/213/211
f 468/212/210 288/213/211 287/214/212
f 287/214/212 288/213/211 322/215/213
f 287/214/212 322/215/213 323/216/214
f 323/216/214 322/215/213 499/217/215
f 323/216/214 499/217/215 500/218/216
f 500/218/216 499/217/215 529/219/217
f 500/218/216 529/219/217 530/220/218
f 530/220/218 529/219/217 224/221/219
f 530/220/218 224/221/219 223/222/220
f 223/222/220 224/221/219 266/223/221
f 223/222/220 266/223/221 267/224/222
f 267/224/222 266/223/221 387/225/223
f 267/224/222 387/225/223 388/226/224
f 388/226/224 387/225/223 162/227/225
f 388/226/224 162/227/225 161/228/226
f 161/228/226 162/227/225 209/229/227
f 161/228/226 209/229/227 210/230/228
f 210/230/228 209/229/227 419/231/229
f 210/230/228 419/231/229 420/232/230
f 420/232/230 419/231/229 449/233/231
f 420/232/230 449/233/231 450/234/232
f 450/234/232 449/233/231 129/235/233
f 450/234/232 129/235/233 128/236/234
f 128/236/234 129/235/233 117/237/235
f 128/236/234 117/237/235 118/102/100
f 348/209/207 87/208/206 347/238/236
f 347/238/236 87/208/206 88/239/237
f 347/238/236 88/239/237 346/240/238
f 346/240/238 88/239/237 89/241/239
f 346/240/238 89/241/239 345/242/240
f 345/242/240 89/241/239 90/243/241
f 345/242/240 90/243/241 91/244/242
f 345/242/240 91/244/242 344/245/243
f 344/245/243 91/244/242 92/246/244
f 344/245/243 92/246/244 93/247/245
f 344/245/243 93/247/245 343/248/246
f 343/248/246 93/247/245 94/249/247
f 343/248/246 94/249/247 95/250/248
f 343/248/246 95/250/248 342/251/249
f 342/251/249 95/250/248 96/252/250
f 342/251/249 96/252/250 97/253/251
f 342/251/249 97/253/251 341/254/252
f 341/254/252 97/253/251 98/255/253
f 341/254/252 98/255/253 340/256/254
f 340/256/254 98/255/253 339/257/255
f 340/256/254 339/257/255 457/258/256
f 457/258/256 339/257/255 456/259/257
f 457/258/256 456/259/257 299/260/258
f 299/260/258 456/259/257 300/261/259
f 299/260/258 300/261/259 310/262/260
f 310/262/260 300/261/259 309/263/261
f 310/262/260 309/263/261 486/264/262
f 486/264/262 309/263/261 485/265/263
f 486/264/262 485/265/263 515/266/264
f 515/266/264 485/265/263 514/267/265
f 515/266/264 514/267/265 239/268/266
f 239/268/266 514/267/265 240/269/267
f 239/268/266 240/269/267 250/270/268
f 250/270/268 240/269/267 249/271/269
f 250/270/268 249/271/269 370/272/270
f 370/272/270 249/271/269 369/273/271
f 370/272/270 369/273/271 180/274/272
f 180/274/272 369/273/271 181/275/273
f 180/274/272 181/275/273 190/276/274
f 190/276/274 181/275/273 189/277/275
f 190/276/274 189/277/275 399/278/276
f 399/278/276 189/277/275 398/279/277
f 399/278/276 398/279/277 428/280/278
f 428/280/278 398/279/277 427/281/279
f 428/280/278 427/281/279 151/282/280
f 151/282/280 427/281/279 152/283/281
f 151/282/280 152/283/281 109/284/282
f 109/284/282 152/283/281 108/285/283
f 108/285/283 152/283/281 153/286/284
f 108/285/283 153/286/284 107/287/285
f 107/287/285 153/286/284 154/288/286
f 107/287/285 154/288/286 106/289/287
f 106/289/287 154/288/286 155/290/288
f 106/289/287 155/290/288 126/291/289
f 126/291/289 155/290/288 423/292/290
f 126/291/289 423/292/290 104/293/291
f 104/293/291 423/292/290 394/294/292
f 104/293/291 394/294/292 103/295/293
f 103/295/293 394/294/292 125/296/294
f 103/295/293 125/296/294 102/297/295
f 102/297/295 125/296/294 185/298/296
f 102/297/295 185/298/296 365/299/297
f 365/299/297 185/298/296 184/300/298
f 365/299/297 184/300/298 366/301/299
f 366/301/299 184/300/298 183/302/300
f 366/301/299 183/302/300 367/303/301
f 367/303/301 183/302/300 182/304/302
f 367/303/301 182/304/302 368/305/303
f 368/305/303 182/304/302 181/275/273
f 368/305/303 181/275/273 369/273/271
f 99/306/304 336/307/305 98/255/253
f 98/255/253 336/307/305 337/308/306
f 98/255/253 337/308/306 338/309/307
f 338/309/307 337/308/306 455/310/308
f 338/309/307 455/310/308 456/259/257
f 456/259/257 455/310/308 300/261/259
f 100/311/309 120/312/310 99/306/304
f 99/306/304 120/312/310 335/313/311
f 99/306/304 335/313/311 336/307/305
f 336/307/305 335/313/311 453/314/312
f 336/307/305 453/314/312 454/315/313
f 454/315/313 453/314/312 302/316/314
f 454/315/313 302/316/314 301/317/315
f 301/317/315 302/316/314 308/318/316
f 301/317/315 308/318/316 309/263/261
f 309/263/261 308/318/316 485/265/263
f 101/319/317 244/320/318 100/311/309
f 100/311/309 244/320/318 481/321/319
f 100/311/309 481/321/319 305/322/320
f 305/322/320 481/321/319 482/323/321
f 305/322/320 482/323/321 306/324/322
f 306/324/322 482/323/321 483/325/323
f 306/324/322 483/325/323 307/326/324
f 307/326/324 483/325/323 484/327/325
f 307/326/324 484/327/325 308/318/316
f 308/318/316 484/327/325 485/265/263
f 102/297/295 365/299/297 101/319/317
f 101/319/317 365/299/297 245/328/326
f 101/319/317 245/328/326 123/329/327
f 123/329/327 245/328/326 246/330/328
f 123/329/327 246/330/328 243/331/329
f 243/331/329 246/330/328 247/332/330
f 243/331/329 247/332/330 242/333/331
f 242/333/331 247/332/330 248/334/332
f 242/333/331 248/334/332 241/335/333
f 241/335/333 248/334/332 249/271/269
f 241/335/333 249/271/269 240/269/267
f 104/293/291 105/336/334 126/291/289
f 126/291/289 105/336/334 106/289/287
f 109/284/282 110/337/335 151/282/280
f 151/282/280 110/337/335 150/338/336
f 151/282/280 150/338/336 428/280/278
f 428/280/278 150/338/336 429/339/337
f 428/280/278 429/339/337 399/278/276
f 399/278/276 429/339/337 400/340/338
f 399/278/276 400/340/338 190/276/274
f 190/276/274 400/340/338 191/341/339
f 190/276/274 191/341/339 180/274/272
f 180/274/272 191/341/339 179/342/340
f 180/274/272 179/342/340 370/272/270
f 370/272/270 179/342/340 371/343/341
f 370/272/270 371/343/341 250/270/268
f 250/270/268 371/343/341 251/344/342
f 250/270/268 251/344/342 239/268/266
f 239/268/266 251/344/342 238/345/343
f 239/268/266 238/345/343 515/266/264
f 515/266/264 238/345/343 516/346/344
f 515/266/264 516/346/344 486/264/262
f 486/264/262 516/346/344 487/347/345
f 486/264/262 487/347/345 310/262/260
f 310/262/260 487/347/345 311/348/346
f 310/262/260 311/348/346 299/260/258
f 299/260/258 311/348/346 298/349/347
f 299/260/258 298/349/347 457/258/256
f 457/258/256 298/349/347 458/350/348
f 457/258/256 458/350/348 340/256/254
f 340/256/254 458/350/348 341/254/252
f 150/338/336 110/337/335 149/351/349
f 149/351/349 110/337/335 111/352/350
f 149/351/349 111/352/350 148/353/351
f 148/353/351 111/352/350 147/354/352
f 148/353/351 147/354/352 431/355/353
f 431/355/353 147/354/352 432/356/354
f 431/355/353 432/356/354 402/357/355
f 402/357/355 432/356/354 403/358/356
f 402/357/355 403/358/356 193/359/357
f 193/359/357 403/358/356 194/360/358
f 193/359/357 194/360/358 177/361/359
f 177/361/359 194/360/358 176/362/360
f 177/361/359 176/362/360 373/363/361
f 373/363/361 176/362/360 374/364/362
f 373/363/361 374/364/362 253/365/363
f 253/365/363 374/364/362 254/366/364
f 253/365/363 254/366/364 236/367/365
f 236/367/365 254/366/364 235/368/366
f 236/367/365 235/368/366 518/369/367
f 518/369/367 235/368/366 519/370/368
f 518/369/367 519/370/368 489/371/369
f 489/371/369 519/370/368 490/372/370
f 489/371/369 490/372/370 313/373/371
f 313/373/371 490/372/370 314/374/372
f 313/373/371 314/374/372 296/375/373
f 296/375/373 314/374/372 295/376/374
f 296/375/373 295/376/374 460/377/375
f 460/377/375 295/376/374 461/378/376
f 460/377/375 461/378/376 343/248/246
f 343/248/246 461/378/376 344/245/243
f 111/352/350 112/379/377 147/354/352
f 147/354/352 112/379/377 146/380/378
f 147/354/352 146/380/378 432/356/354
f 432/356/354 146/380/378 433/381/379
f 432/356/354 433/381/379 403/358/356
f 403/358/356 433/381/379 404/382/380
f 403/358/356 404/382/380 194/360/358
f 194/360/358 404/382/380 195/383/381
f 194/360/358 195/383/381 176/362/360
f 176/362/360 195/383/381 175/384/382
f 176/362/360 175/384/382 374/364/362
f 374/364/362 175/384/382 375/385/383
f 374/364/362 375/385/383 254/366/364
f 254/366/364 375/385/383 255/386/384
f 254/366/364 255/386/384 235/368/366
f 235/368/366 255/386/384 234/387/385
f 235/368/366 234/387/385 519/370/368
f 519/370/368 234/387/385 520/388/386
f 519/370/368 520/388/386 490/372/370
f 490/372/370 520/388/386 491/389/387
f 490/372/370 491/389/387 314/374/372
f 314/374/372 491/389/387 315/390/388
f 314/374/372 315/390/388 295/376/374
f 295/376/374 315/390/388 294/391/389
f 295/376/374 294/391/389 461/378/376
f 461/378/376 294/391/389 462/392/390
f 461/378/376 462/392/390 344/245/243
f 344/245/243 462/392/390 345/242/240
f 146/380/378 112/379/377 145/393/391
f 145/393/391 112/379/377 113/394/392
f 145/393/391 113/394/392 144/395/393
f 144/395/393 113/394/392 143/396/394
f 144/395/393 143/396/394 435/397/395
f 435/397/395 143/396/394 436/398/396
f 435/397/395 436/398/396 406/399/397
f 406/399/397 436/398/396 407/400/398
f 406/399/397 407/400/398 197/401/399
f 197/401/399 407/400/398 198/402/400
f 197/401/399 198/402/400 173/403/401
f 173/403/401 198/402/400 172/404/402
f 173/403/401 172/404/402 377/405/403
f 377/405/403 172/404/402 378/406/404
f 377/405/403 378/406/404 257/407/405
f 257/407/405 378/406/404 258/408/406
f 257/407/405 258/408/406 232/409/407
f 232/409/407 258/408/406 231/410/408
f 232/409/407 231/410/408 522/411/409
f 522/411/409 231/410/408 523/412/410
f 522/411/409 523/412/410 493/413/411
f 493/413/411 523/412/410 494/414/412
f 493/413/411 494/414/412 317/415/413
f 317/415/413 494/414/412 318/416/414
f 317/415/413 318/416/414 292/417/415
f 292/417/415 318/416/414 291/418/416
f 292/417/415 291/418/416 464/419/417
f 464/419/417 291/418/416 465/420/418
f 464/419/417 465/420/418 347/238/236
f 347/238/236 465/420/418 348/209/207
f 114/421/419 140/422/420 113/394/392
f 113/394/392 140/422/420 141/423/421
f 113/394/392 141/423/421 142/424/422
f 142/424/422 141/423/421 437/425/423
f 142/424/422 437/425/423 436/398/396
f 436/398/396 437/425/423 407/400/398
f 115/426/424 134/427/425 114/421/419
f 114/421/419 134/427/425 135/428/426
f 114/421/419 135/428/426 136/429/427
f 136/429/427 135/428/426 443/430/428
f 136/429/427 443/430/428 442/431/429
f 442/431/429 443/430/428 413/432/430
f 442/431/429 413/432/430 412/433/431
f 412/433/431 413/432/430 203/434/432
f 412/433/431 203/434/432 202/435/433
f 202/435/433 203/434/432 168/436/434
f 202/435/433 168/436/434 169/437/435
f 169/437/435 168/436/434 381/438/436
f 169/437/435 381/438/436 380/439/437
f 380/439/437 381/438/436 260/440/438
f 380/439/437 260/440/438 259/441/439
f 259/441/439 260/440/438 230/442/440
f 259/441/439 230/442/440 231/410/408
f 231/410/408 230/442/440 523/412/410
f 116/443/441 132/444/442 115/426/424
f 115/426/424 132/444/442 133/445/443
f 115/426/424 133/445/443 134/427/425
f 134/427/425 133/445/443 445/446/444
f 134/427/425 445/446/444 444/447/445
f 444/447/445 445/446/444 415/448/446
f 444/447/445 415/448/446 414/449/447
f 414/449/447 415/448/446 205/450/448
f 414/449/447 205/450/448 204/451/449
f 204/451/449 205/450/448 166/452/450
f 204/451/449 166/452/450 167/453/451
f 167/453/451 166/452/450 383/454/452
f 167/453/451 383/454/452 382/455/453
f 382/455/453 383/454/452 262/456/454
f 382/455/453 262/456/454 261/457/455
f 261/457/455 262/456/454 228/458/456
f 261/457/455 228/458/456 229/459/457
f 229/459/457 228/458/456 525/460/458
f 229/459/457 525/460/458 524/461/459
f 524/461/459 525/460/458 495/462/460
f 524/461/459 495/462/460 494/414/412
f 494/414/412 495/462/460 318/416/414
f 117/237/235 129/235/233 116/443/441
f 116/443/441 129/235/233 130/463/461
f 116/443/441 130/463/461 131/464/462
f 131/464/462 130/463/461 448/465/463
f 131/464/462 448/465/463 447/466/464
f 447/466/464 448/465/463 418/467/465
f 447/466/464 418/467/465 417/468/466
f 417/468/466 418/467/465 208/469/467
f 417/468/466 208/469/467 207/470/468
f 207/470/468 208/469/467 163/471/469
f 207/470/468 163/471/469 164/472/470
f 164/472/470 163/471/469 386/473/471
f 164/472/470 386/473/471 385/474/472
f 385/474/472 386/473/471 265/475/473
f 385/474/472 265/475/473 264/476/474
f 264/476/474 265/475/473 225/477/475
f 264/476/474 225/477/475 226/478/476
f 226/478/476 225/477/475 528/479/477
f 226/478/476 528/479/477 527/480/478
f 527/480/478 528/479/477 498/481/479
f 527/480/478 498/481/479 497/482/480
f 497/482/480 498/481/479 321/483/481
f 497/482/480 321/483/481 320/484/482
f 320/484/482 321/483/481 289/485/483
f 320/484/482 289/485/483 290/486/484
f 290/486/484 289/485/483 466/487/485
f 290/486/484 466/487/485 465/420/418
f 465/420/418 466/487/485 348/209/207
f 128/236/234 118/102/100 127/104/102
f 275/153/151 81/152/150 119/173/171
f 120/312/310 100/311/309 304/488/486
f 304/488/486 100/311/309 305/322/320
f 304/488/486 305/322/320 306/324/322
f 79/138/136 334/154/152 121/139/137
f 121/139/137 334/154/152 333/156/154
f 121/139/137 333/156/154 509/489/487
f 509/489/487 333/156/154 332/158/156
f 509/489/487 332/158/156 508/490/488
f 508/490/488 332/158/156 331/160/158
f 508/490/488 331/160/158 507/491/489
f 507/491/489 331/160/158 330/162/160
f 507/491/489 330/162/160 506/492/490
f 506/492/490 330/162/160 329/164/162
f 506/492/490 329/164/162 505/493/491
f 505/493/491 329/164/162 328/166/164
f 505/493/491 328/166/164 504/494/492
f 504/494/492 328/166/164 327/168/166
f 504/494/492 327/168/166 503/121/119
f 503/121/119 327/168/166 326/123/121
f 122/134/132 78/133/131 274/495/493
f 274/495/493 78/133/131 215/141/139
f 274/495/493 215/141/139 216/143/141
f 244/320/318 101/319/317 123/329/327
f 213/109/107 124/107/105 214/136/134
f 214/136/134 124/107/105 77/105/103
f 450/234/232 128/236/234 451/207/205
f 451/207/205 128/236/234 127/104/102
f 132/444/442 116/443/441 131/464/462
f 448/465/463 130/463/461 449/233/231
f 449/233/231 130/463/461 129/235/233
f 131/464/462 447/466/464 132/444/442
f 132/444/442 447/466/464 446/496/494
f 132/444/442 446/496/494 133/445/443
f 133/445/443 446/496/494 445/446/444
f 443/430/428 135/428/426 444/447/445
f 444/447/445 135/428/426 134/427/425
f 136/429/427 137/497/495 114/421/419
f 114/421/419 137/497/495 138/498/496
f 114/421/419 138/498/496 139/499/497
f 139/499/497 138/498/496 440/500/498
f 139/499/497 440/500/498 439/501/499
f 439/501/499 440/500/498 410/502/500
f 439/501/499 410/502/500 409/503/501
f 409/503/501 410/502/500 200/504/502
f 409/503/501 200/504/502 199/505/503
f 199/505/503 200/504/502 171/506/504
f 199/505/503 171/506/504 172/404/402
f 172/404/402 171/506/504 378/406/404
f 136/429/427 442/431/429 137/497/495
f 137/497/495 442/431/429 441/507/505
f 137/497/495 441/507/505 138/498/496
f 138/498/496 441/507/505 440/500/498
f 140/422/420 114/421/419 139/499/497
f 139/499/497 439/501/499 140/422/420
f 140/422/420 439/501/499 438/508/506
f 140/422/420 438/508/506 141/423/421
f 141/423/421 438/508/506 437/425/423
f 143/396/394 113/394/392 142/424/422
f 436/398/396 143/396/394 142/424/422
f 433/381/379 146/380/378 145/393/391
f 145/393/391 144/395/393 434/509/507
f 434/509/507 144/395/393 435/397/395
f 434/509/507 435/397/395 405/510/508
f 405/510/508 435/397/395 406/399/397
f 405/510/508 406/399/397 196/511/509
f 196/511/509 406/399/397 197/401/399
f 196/511/509 197/401/399 174/512/510
f 174/512/510 197/401/399 173/403/401
f 174/512/510 173/403/401 376/513/511
f 376/513/511 173/403/401 377/405/403
f 376/513/511 377/405/403 256/514/512
f 256/514/512 377/405/403 257/407/405
f 256/514/512 257/407/405 233/515/513
f 233/515/513 257/407/405 232/409/407
f 233/515/513 232/409/407 521/516/514
f 521/516/514 232/409/407 522/411/409
f 521/516/514 522/411/409 492/517/515
f 492/517/515 522/411/409 493/413/411
f 492/517/515 493/413/411 316/518/516
f 316/518/516 493/413/411 317/415/413
f 316/518/516 317/415/413 293/519/517
f 293/519/517 317/415/413 292/417/415
f 293/519/517 292/417/415 463/520/518
f 463/520/518 292/417/415 464/419/417
f 463/520/518 464/419/417 346/240/238
f 346/240/238 464/419/417 347/238/236
f 429/339/337 150/338/336 149/351/349
f 149/351/349 148/353/351 430/521/519
f 430/521/519 148/353/351 431/355/353
f 430/521/519 431/355/353 401/522/520
f 401/522/520 431/355/353 402/357/355
f 401/522/520 402/357/355 192/523/521
f 192/523/521 402/357/355 193/359/357
f 192/523/521 193/359/357 178/524/522
f 178/524/522 193/359/357 177/361/359
f 178/524/522 177/361/359 372/525/523
f 372/525/523 177/361/359 373/363/361
f 372/525/523 373/363/361 252/526/524
f 252/526/524 373/363/361 253/365/363
f 252/526/524 253/365/363 237/527/525
f 237/527/525 253/365/363 236/367/365
f 237/527/525 236/367/365 517/528/526
f 517/528/526 236/367/365 518/369/367
f 517/528/526 518/369/367 488/529/527
f 488/529/527 518/369/367 489/371/369
f 488/529/527 489/371/369 312/530/528
f 312/530/528 489/371/369 313/373/371
f 312/530/528 313/373/371 297/531/529
f 297/531/529 313/373/371 296/375/373
f 297/531/529 296/375/373 459/532/530
f 459/532/530 296/375/373 460/377/375
f 459/532/530 460/377/375 342/251/249
f 342/251/249 460/377/375 343/248/246
f 153/286/284 152/283/281 426/533/531
f 426/533/531 152/283/281 427/281/279
f 426/533/531 427/281/279 397/534/532
f 397/534/532 427/281/279 398/279/277
f 397/534/532 398/279/277 188/535/533
f 188/535/533 398/279/277 189/277/275
f 188/535/533 189/277/275 182/304/302
f 182/304/302 189/277/275 181/275/273
f 154/288/286 153/286/284 425/536/534
f 425/536/534 153/286/284 426/533/531
f 425/536/534 426/533/531 396/537/535
f 396/537/535 426/533/531 397/534/532
f 396/537/535 397/534/532 187/538/536
f 187/538/536 397/534/532 188/535/533
f 187/538/536 188/535/533 183/302/300
f 183/302/300 188/535/533 182/304/302
f 155/290/288 154/288/286 424/539/537
f 424/539/537 154/288/286 425/536/534
f 424/539/537 425/536/534 395/540/538
f 395/540/538 425/536/534 396/537/535
f 395/540/538 396/537/535 186/541/539
f 186/541/539 396/537/535 187/538/536
f 186/541/539 187/538/536 184/300/298
f 184/300/298 187/538/536 183/302/300
f 157/137/135 156/135/133 393/542/540
f 393/542/540 156/135/133 122/134/132
f 393/542/540 122/134/132 273/543/541
f 273/543/541 122/134/132 274/495/493
f 273/543/541 274/495/493 216/143/141
f 158/111/109 157/137/135 392/544/542
f 392/544/542 157/137/135 393/542/540
f 392/544/542 393/542/540 272/545/543
f 272/545/543 393/542/540 273/543/541
f 272/545/543 273/543/541 217/145/143
f 217/145/143 273/543/541 216/143/141
f 211/205/203 160/204/202 210/230/228
f 210/230/228 160/204/202 161/228/226
f 388/226/224 161/228/226 389/203/201
f 389/203/201 161/228/226 160/204/202
f 209/229/227 162/227/225 208/469/467
f 208/469/467 162/227/225 163/471/469
f 386/473/471 163/471/469 387/225/223
f 387/225/223 163/471/469 162/227/225
f 164/472/470 165/546/544 206/547/545
f 206/547/545 165/546/544 205/450/448
f 206/547/545 205/450/448 415/448/446
f 205/450/448 165/546/544 166/452/450
f 166/452/450 165/546/544 384/548/546
f 166/452/450 384/548/546 383/454/452
f 383/454/452 384/548/546 263/549/547
f 383/454/452 263/549/547 262/456/454
f 262/456/454 263/549/547 227/550/548
f 262/456/454 227/550/548 228/458/456
f 228/458/456 227/550/548 526/551/549
f 228/458/456 526/551/549 525/460/458
f 525/460/458 526/551/549 496/552/550
f 525/460/458 496/552/550 495/462/460
f 495/462/460 496/552/550 319/553/551
f 495/462/460 319/553/551 318/416/414
f 318/416/414 319/553/551 291/418/416
f 384/548/546 165/546/544 385/474/472
f 385/474/472 165/546/544 164/472/470
f 204/451/449 167/453/451 203/434/432
f 203/434/432 167/453/451 168/436/434
f 381/438/436 168/436/434 382/455/453
f 382/455/453 168/436/434 167/453/451
f 169/437/435 170/554/552 201/555/553
f 201/555/553 170/554/552 200/504/502
f 201/555/553 200/504/502 410/502/500
f 200/504/502 170/554/552 171/506/504
f 171/506/504 170/554/552 379/556/554
f 171/506/504 379/556/554 378/406/404
f 378/406/404 379/556/554 258/408/406
f 379/556/554 170/554/552 380/439/437
f 380/439/437 170/554/552 169/437/435
f 199/505/503 172/404/402 198/402/400
f 174/512/510 175/384/382 196/511/509
f 196/511/509 175/384/382 195/383/381
f 196/511/509 195/383/381 405/510/508
f 405/510/508 195/383/381 404/382/380
f 405/510/508 404/382/380 434/509/507
f 434/509/507 404/382/380 433/381/379
f 434/509/507 433/381/379 145/393/391
f 175/384/382 174/512/510 375/385/383
f 375/385/383 174/512/510 376/513/511
f 375/385/383 376/513/511 255/386/384
f 255/386/384 376/513/511 256/514/512
f 255/386/384 256/514/512 234/387/385
f 234/387/385 256/514/512 233/515/513
f 234/387/385 233/515/513 520/388/386
f 520/388/386 233/515/513 521/516/514
f 520/388/386 521/516/514 491/389/387
f 491/389/387 521/516/514 492/517/515
f 491/389/387 492/517/515 315/390/388
f 315/390/388 492/517/515 316/518/516
f 315/390/388 316/518/516 294/391/389
f 294/391/389 316/518/516 293/519/517
f 294/391/389 293/519/517 462/392/390
f 462/392/390 293/519/517 463/520/518
f 462/392/390 463/520/518 345/242/240
f 345/242/240 463/520/518 346/240/238
f 178/524/522 179/342/340 192/523/521
f 192/523/521 179/342/340 191/341/339
f 192/523/521 191/341/339 401/522/520
f 401/522/520 191/341/339 400/340/338
f 401/522/520 400/340/338 430/521/519
f 430/521/519 400/340/338 429/339/337
f 430/521/519 429/339/337 149/351/349
f 179/342/340 178/524/522 371/343/341
f 371/343/341 178/524/522 372/525/523
f 371/343/341 372/525/523 251/344/342
f 251/344/342 372/525/523 252/526/524
f 251/344/342 252/526/524 238/345/343
f 238/345/343 252/526/524 237/527/525
f 238/345/343 237/527/525 516/346/344
f 516/346/344 237/527/525 517/528/526
f 516/346/344 517/528/526 487/347/345
f 487/347/345 517/528/526 488/529/527
f 487/347/345 488/529/527 311/348/346
f 311/348/346 488/529/527 312/530/528
f 311/348/346 312/530/528 298/349/347
f 298/349/347 312/530/528 297/531/529
f 298/349/347 297/531/529 458/350/348
f 458/350/348 297/531/529 459/532/530
f 458/350/348 459/532/530 341/254/252
f 341/254/252 459/532/530 342/251/249
f 184/300/298 185/298/296 186/541/539
f 186/541/539 185/298/296 125/296/294
f 186/541/539 125/296/294 395/540/538
f 395/540/538 125/296/294 394/294/292
f 395/540/538 394/294/292 424/539/537
f 424/539/537 394/294/292 423/292/290
f 424/539/537 423/292/290 155/290/288
f 199/505/503 198/402/400 408/557/555
f 408/557/555 198/402/400 407/400/398
f 408/557/555 407/400/398 437/425/423
f 169/437/435 201/555/553 202/435/433
f 202/435/433 201/555/553 411/558/556
f 202/435/433 411/558/556 412/433/431
f 412/433/431 411/558/556 441/507/505
f 412/433/431 441/507/505 442/431/429
f 411/558/556 201/555/553 410/502/500
f 414/449/447 204/451/449 413/432/430
f 413/432/430 204/451/449 203/434/432
f 164/472/470 206/547/545 207/470/468
f 207/470/468 206/547/545 416/559/557
f 207/470/468 416/559/557 417/468/466
f 417/468/466 416/559/557 446/496/494
f 417/468/466 446/496/494 447/466/464
f 416/559/557 206/547/545 415/448/446
f 419/231/229 209/229/227 418/467/465
f 418/467/465 209/229/227 208/469/467
f 421/206/204 211/205/203 420/232/230
f 420/232/230 211/205/203 210/230/228
f 217/145/143 218/147/145 272/545/543
f 272/545/543 218/147/145 271/560/558
f 272/545/543 271/560/558 392/544/542
f 392/544/542 271/560/558 391/113/111
f 392/544/542 391/113/111 158/111/109
f 218/147/145 219/149/147 271/560/558
f 271/560/558 219/149/147 270/115/113
f 271/560/558 270/115/113 391/113/111
f 219/149/147 220/117/115 270/115/113
f 268/202/200 222/201/199 267/224/222
f 267/224/222 222/201/199 223/222/220
f 530/220/218 223/222/220 531/200/198
f 531/200/198 223/222/220 222/201/199
f 266/223/221 224/221/219 265/475/473
f 265/475/473 224/221/219 225/477/475
f 528/479/477 225/477/475 529/219/217
f 529/219/217 225/477/475 224/221/219
f 264/476/474 226/478/476 263/549/547
f 263/549/547 226/478/476 227/550/548
f 526/551/549 227/550/548 527/480/478
f 527/480/478 227/550/548 226/478/476
f 261/457/455 229/459/457 260/440/438
f 260/440/438 229/459/457 230/442/440
f 523/412/410 230/442/440 524/461/459
f 524/461/459 230/442/440 229/459/457
f 259/441/439 231/410/408 258/408/406
f 241/335/333 240/269/267 513/561/559
f 513/561/559 240/269/267 514/267/265
f 513/561/559 514/267/265 484/327/325
f 484/327/325 514/267/265 485/265/263
f 242/333/331 241/335/333 512/562/560
f 512/562/560 241/335/333 513/561/559
f 512/562/560 513/561/559 483/325/323
f 483/325/323 513/561/559 484/327/325
f 244/320/318 123/329/327 243/331/329
f 243/331/329 242/333/331 511/563/561
f 511/563/561 242/333/331 512/562/560
f 511/563/561 512/562/560 482/323/321
f 482/323/321 512/562/560 483/325/323
f 365/299/297 366/301/299 245/328/326
f 245/328/326 366/301/299 246/330/328
f 366/301/299 367/303/301 246/330/328
f 246/330/328 367/303/301 247/332/330
f 369/273/271 249/271/269 248/334/332
f 367/303/301 368/305/303 247/332/330
f 247/332/330 368/305/303 248/334/332
f 368/305/303 369/273/271 248/334/332
f 380/439/437 259/441/439 379/556/554
f 379/556/554 259/441/439 258/408/406
f 382/455/453 261/457/455 381/438/436
f 381/438/436 261/457/455 260/440/438
f 385/474/472 264/476/474 384/548/546
f 384/548/546 264/476/474 263/549/547
f 387/225/223 266/223/221 386/473/471
f 386/473/471 266/223/221 265/475/473
f 389/203/201 268/202/200 388/226/224
f 388/226/224 268/202/200 267/224/222
f 119/173/171 480/174/172 275/153/151
f 275/153/151 480/174/172 276/155/153
f 480/174/172 479/176/174 276/155/153
f 276/155/153 479/176/174 277/157/155
f 479/176/174 478/178/176 277/157/155
f 277/157/155 478/178/176 278/159/157
f 478/178/176 477/180/178 278/159/157
f 278/159/157 477/180/178 279/161/159
f 477/180/178 476/182/180 279/161/159
f 279/161/159 476/182/180 280/163/161
f 476/182/180 475/184/182 280/163/161
f 280/163/161 475/184/182 281/165/163
f 475/184/182 474/186/184 281/165/163
f 281/165/163 474/186/184 282/167/165
f 474/186/184 473/188/186 282/167/165
f 282/167/165 473/188/186 283/169/167
f 473/188/186 472/190/188 283/169/167
f 283/169/167 472/190/188 284/125/123
f 472/190/188 471/127/125 284/125/123
f 324/198/196 286/197/195 323/216/214
f 323/216/214 286/197/195 287/214/212
f 468/212/210 287/214/212 469/196/194
f 469/196/194 287/214/212 286/197/195
f 322/215/213 288/213/211 321/483/481
f 321/483/481 288/213/211 289/485/483
f 466/487/485 289/485/483 467/211/209
f 467/211/209 289/485/483 288/213/211
f 320/484/482 290/486/484 319/553/551
f 319/553/551 290/486/484 291/418/416
f 291/418/416 290/486/484 465/420/418
f 309/263/261 300/261/259 301/317/315
f 301/317/315 300/261/259 455/310/308
f 301/317/315 455/310/308 454/315/313
f 454/315/313 455/310/308 337/308/306
f 454/315/313 337/308/306 336/307/305
f 307/326/324 308/318/316 302/316/314
f 306/324/322 307/326/324 303/564/562
f 303/564/562 307/326/324 302/316/314
f 303/564/562 302/316/314 453/314/312
f 120/312/310 304/488/486 303/564/562
f 303/564/562 304/488/486 306/324/322
f 120/312/310 303/564/562 453/314/312
f 497/482/480 320/484/482 496/552/550
f 496/552/550 320/484/482 319/553/551
f 499/217/215 322/215/213 498/481/479
f 498/481/479 322/215/213 321/483/481
f 501/199/197 324/198/196 500/218/216
f 500/218/216 324/198/196 323/216/214
f 120/312/310 453/314/312 335/313/311
f 339/257/255 98/255/253 338/309/307
f 456/259/257 339/257/255 338/309/307
f 467/211/209 349/210/208 466/487/485
f 466/487/485 349/210/208 348/209/207
f 469/196/194 351/195/193 468/212/210
f 468/212/210 351/195/193 350/194/192
f 354/191/189 84/131/129 353/129/127
f 358/183/181 359/181/179 82/170/168
f 82/170/168 359/181/179 360/179/177
f 82/170/168 360/179/177 361/177/175
f 363/171/169 82/170/168 362/175/173
f 362/175/173 82/170/168 361/177/175
f 199/505/503 408/557/555 409/503/501
f 409/503/501 408/557/555 438/508/506
f 409/503/501 438/508/506 439/501/499
f 438/508/506 408/557/555 437/425/423
f 441/507/505 411/558/556 440/500/498
f 440/500/498 411/558/556 410/502/500
f 444/447/445 414/449/447 443/430/428
f 443/430/428 414/449/447 413/432/430
f 446/496/494 416/559/557 445/446/444
f 445/446/444 416/559/557 415/448/446
f 449/233/231 419/231/229 448/465/463
f 448/465/463 419/231/229 418/467/465
f 451/207/205 421/206/204 450/234/232
f 450/234/232 421/206/204 420/232/230
f 511/563/561 482/323/321 481/321/319
f 524/461/459 494/414/412 523/412/410
f 527/480/478 497/482/480 526/551/549
f 526/551/549 497/482/480 496/552/550
f 529/219/217 499/217/215 528/479/477
f 528/479/477 499/217/215 498/481/479
f 531/200/198 501/199/197 530/220/218
f 530/220/218 501/199/197 500/218/216
f 503/121/119 533/119/117 504/494/492
f 504/494/492 533/119/117 534/150/148
f 504/494/492 534/150/148 505/493/491
f 505/493/491 534/150/148 535/148/146
f 505/493/491 535/148/146 506/492/490
f 506/492/490 535/148/146 536/146/144
f 506/492/490 536/146/144 507/491/489
f 507/491/489 536/146/144 537/144/142
f 507/491/489 537/144/142 508/490/488
f 508/490/488 537/144/142 538/142/140
f 508/490/488 538/142/140 509/489/487
f 509/489/487 538/142/140 510/140/138
f 509/489/487 510/140/138 121/139/137
f 243/331/329 511/563/561 244/320/318
f 244/320/318 511/563/561 481/321/319
f 581/565/563 539/566/564 590/567/565
f 590/567/565 539/566/564 540/568/566
f 590/567/565 540/568/566 915/569/567
f 915/569/567 540/568/566 587/570/568
f 915/569/567 587/570/568 885/571/569
f 885/571/569 587/570/568 676/572/570
f 885/571/569 676/572/570 675/573/571
f 675/573/571 676/572/570 621/574/572
f 675/573/571 621/574/572 622/575/573
f 622/575/573 621/574/572 854/576/574
f 622/575/573 854/576/574 853/577/575
f 853/577/575 854/576/574 733/578/576
f 853/577/575 733/578/576 732/579/577
f 732/579/577 733/578/576 683/580/578
f 732/579/577 683/580/578 684/581/579
f 684/581/579 683/580/578 996/582/580
f 684/581/579 996/582/580 995/583/581
f 995/583/581 996/582/580 966/584/582
f 995/583/581 966/584/582 965/585/583
f 965/585/583 966/584/582 789/586/584
f 965/585/583 789/586/584 788/587/585
f 788/587/585 789/586/584 747/588/586
f 788/587/585 747/588/586 748/589/587
f 748/589/587 747/588/586 934/590/588
f 748/589/587 934/590/588 933/591/589
f 933/591/589 934/590/588 816/592/590
f 933/591/589 816/592/590 815/593/591
f 815/593/591 816/592/590 547/594/592
f 815/593/591 547/594/592 548/595/593
f 541/596/594 585/597/595 540/568/566
f 540/568/566 585/597/595 619/598/596
f 540/568/566 619/598/596 677/599/597
f 677/599/597 619/598/596 620/600/598
f 677/599/597 620/600/598 676/572/570
f 676/572/570 620/600/598 621/574/572
f 542/601/599 584/602/600 541/596/594
f 541/596/594 584/602/600 973/603/601
f 541/596/594 973/603/601 678/604/602
f 678/604/602 973/603/601 1001/605/603
f 678/604/602 1001/605/603 679/606/604
f 679/606/604 1001/605/603 1000/607/605
f 679/606/604 1000/607/605 680/608/606
f 680/608/606 1000/607/605 999/609/607
f 680/608/606 999/609/607 681/610/608
f 681/610/608 999/609/607 998/611/609
f 681/610/608 998/611/609 682/612/610
f 682/612/610 998/611/609 997/613/611
f 682/612/610 997/613/611 683/580/578
f 683/580/578 997/613/611 996/582/580
f 543/614/612 544/615/613 542/601/599
f 542/601/599 544/615/613 738/616/614
f 542/601/599 738/616/614 797/617/615
f 797/617/615 738/616/614 739/618/616
f 797/617/615 739/618/616 796/619/617
f 796/619/617 739/618/616 740/620/618
f 796/619/617 740/620/618 795/621/619
f 795/621/619 740/620/618 741/622/620
f 795/621/619 741/622/620 794/623/621
f 794/623/621 741/622/620 742/624/622
f 794/623/621 742/624/622 793/625/623
f 793/625/623 742/624/622 743/626/624
f 793/625/623 743/626/624 792/627/625
f 792/627/625 743/626/624 744/628/626
f 792/627/625 744/628/626 791/629/627
f 791/629/627 744/628/626 745/630/628
f 791/629/627 745/630/628 790/631/629
f 790/631/629 745/630/628 746/632/630
f 790/631/629 746/632/630 789/586/584
f 789/586/584 746/632/630 747/588/586
f 545/633/631 826/634/632 544/615/613
f 544/615/613 826/634/632 827/635/633
f 544/615/613 827/635/633 582/636/634
f 582/636/634 827/635/633 826/634/632
f 582/636/634 826/634/632 943/637/635
f 943/637/635 826/634/632 825/638/636
f 943/637/635 825/638/636 942/639/637
f 942/639/637 825/638/636 824/640/638
f 942/639/637 824/640/638 941/641/639
f 941/641/639 824/640/638 823/642/640
f 941/641/639 823/642/640 940/643/641
f 940/643/641 823/642/640 822/644/642
f 940/643/641 822/644/642 939/645/643
f 939/645/643 822/644/642 821/646/644
f 939/645/643 821/646/644 938/647/645
f 938/647/645 821/646/644 820/648/646
f 938/647/645 820/648/646 937/649/647
f 937/649/647 820/648/646 819/650/648
f 937/649/647 819/650/648 936/651/649
f 936/651/649 819/650/648 818/652/650
f 936/651/649 818/652/650 935/653/651
f 935/653/651 818/652/650 817/654/652
f 935/653/651 817/654/652 934/590/588
f 934/590/588 817/654/652 816/592/590
f 546/655/653 819/650/648 545/633/631
f 545/633/631 819/650/648 820/648/646
f 545/633/631 820/648/646 821/646/644
f 547/594/592 817/654/652 546/655/653
f 546/655/653 817/654/652 818/652/650
f 546/655/653 818/652/650 819/650/648
f 549/656/654 813/657/655 548/595/593
f 548/595/593 813/657/655 814/658/656
f 548/595/593 814/658/656 815/593/591
f 815/593/591 814/658/656 932/659/657
f 815/593/591 932/659/657 933/591/589
f 933/591/589 932/659/657 749/660/658
f 933/591/589 749/660/658 748/589/587
f 748/589/587 749/660/658 787/661/659
f 748/589/587 787/661/659 788/587/585
f 788/587/585 787/661/659 964/662/660
f 788/587/585 964/662/660 965/585/583
f 965/585/583 964/662/660 994/663/661
f 965/585/583 994/663/661 995/583/581
f 995/583/581 994/663/661 685/664/662
f 995/583/581 685/664/662 684/581/579
f 684/581/579 685/664/662 731/665/663
f 684/581/579 731/665/663 732/579/577
f 732/579/577 731/665/663 852/666/664
f 732/579/577 852/666/664 853/577/575
f 853/577/575 852/666/664 623/667/665
f 853/577/575 623/667/665 622/575/573
f 622/575/573 623/667/665 674/668/666
f 622/575/573 674/668/666 675/573/571
f 675/573/571 674/668/666 884/669/667
f 675/573/571 884/669/667 885/571/569
f 885/571/569 884/669/667 914/670/668
f 885/571/569 914/670/668 915/569/567
f 915/569/567 914/670/668 590/567/565
f 550/671/669 811/672/670 549/656/654
f 549/656/654 811/672/670 812/673/671
f 549/656/654 812/673/671 813/657/655
f 813/657/655 812/673/671 930/674/672
f 813/657/655 930/674/672 931/675/673
f 931/675/673 930/674/672 751/676/674
f 931/675/673 751/676/674 750/677/675
f 750/677/675 751/676/674 785/678/676
f 750/677/675 785/678/676 786/679/677
f 786/679/677 785/678/676 962/680/678
f 786/679/677 962/680/678 963/681/679
f 963/681/679 962/680/678 992/682/680
f 963/681/679 992/682/680 993/683/681
f 993/683/681 992/682/680 687/684/682
f 993/683/681 687/684/682 686/685/683
f 686/685/683 687/684/682 729/686/684
f 686/685/683 729/686/684 730/687/685
f 730/687/685 729/686/684 850/688/686
f 730/687/685 850/688/686 851/689/687
f 851/689/687 850/688/686 625/690/688
f 851/689/687 625/690/688 624/691/689
f 624/691/689 625/690/688 672/692/690
f 624/691/689 672/692/690 673/693/691
f 673/693/691 672/692/690 882/694/692
f 673/693/691 882/694/692 883/695/693
f 883/695/693 882/694/692 912/696/694
f 883/695/693 912/696/694 913/697/695
f 913/697/695 912/696/694 592/698/696
f 913/697/695 592/698/696 591/699/697
f 591/699/697 592/698/696 580/700/698
f 591/699/697 580/700/698 581/565/563
f 811/672/670 550/671/669 810/701/699
f 810/701/699 550/671/669 551/702/700
f 810/701/699 551/702/700 809/703/701
f 809/703/701 551/702/700 552/704/702
f 809/703/701 552/704/702 808/705/703
f 808/705/703 552/704/702 553/706/704
f 808/705/703 553/706/704 554/707/705
f 808/705/703 554/707/705 807/708/706
f 807/708/706 554/707/705 555/709/707
f 807/708/706 555/709/707 556/710/708
f 807/708/706 556/710/708 806/711/709
f 806/711/709 556/710/708 557/712/710
f 806/711/709 557/712/710 558/713/711
f 806/711/709 558/713/711 805/714/712
f 805/714/712 558/713/711 559/715/713
f 805/714/712 559/715/713 560/716/714
f 805/714/712 560/716/714 804/717/715
f 804/717/715 560/716/714 561/718/716
f 804/717/715 561/718/716 803/719/717
f 803/719/717 561/718/716 802/720/718
f 803/719/717 802/720/718 920/721/719
f 920/721/719 802/720/718 919/722/720
f 920/721/719 919/722/720 762/723/721
f 762/723/721 919/722/720 763/724/722
f 762/723/721 763/724/722 773/725/723
f 773/725/723 763/724/722 772/726/724
f 773/725/723 772/726/724 949/727/725
f 949/727/725 772/726/724 948/728/726
f 949/727/725 948/728/726 978/729/727
f 978/729/727 948/728/726 977/730/728
f 978/729/727 977/730/728 702/731/729
f 702/731/729 977/730/728 703/732/730
f 702/731/729 703/732/730 713/733/731
f 713/733/731 703/732/730 712/734/732
f 713/733/731 712/734/732 833/735/733
f 833/735/733 712/734/732 832/736/734
f 833/735/733 832/736/734 643/737/735
f 643/737/735 832/736/734 644/738/736
f 643/737/735 644/738/736 653/739/737
f 653/739/737 644/738/736 652/740/738
f 653/739/737 652/740/738 862/741/739
f 862/741/739 652/740/738 861/742/740
f 862/741/739 861/742/740 891/743/741
f 891/743/741 861/742/740 890/744/742
f 891/743/741 890/744/742 614/745/743
f 614/745/743 890/744/742 615/746/744
f 614/745/743 615/746/744 572/747/745
f 572/747/745 615/746/744 571/748/746
f 571/748/746 615/746/744 616/749/747
f 571/748/746 616/749/747 570/750/748
f 570/750/748 616/749/747 617/751/749
f 570/750/748 617/751/749 569/752/750
f 569/752/750 617/751/749 618/753/751
f 569/752/750 618/753/751 589/754/752
f 589/754/752 618/753/751 886/755/753
f 589/754/752 886/755/753 567/756/754
f 567/756/754 886/755/753 857/757/755
f 567/756/754 857/757/755 566/758/756
f 566/758/756 857/757/755 588/759/757
f 566/758/756 588/759/757 565/760/758
f 565/760/758 588/759/757 648/761/759
f 565/760/758 648/761/759 828/762/760
f 828/762/760 648/761/759 647/763/761
f 828/762/760 647/763/761 829/764/762
f 829/764/762 647/763/761 646/765/763
f 829/764/762 646/765/763 830/766/764
f 830/766/764 646/765/763 645/767/765
f 830/766/764 645/767/765 831/768/766
f 831/768/766 645/767/765 644/738/736
f 831/768/766 644/738/736 832/736/734
f 562/769/767 799/770/768 561/718/716
f 561/718/716 799/770/768 800/771/769
f 561/718/716 800/771/769 801/772/770
f 801/772/770 800/771/769 918/773/771
f 801/772/770 918/773/771 919/722/720
f 919/722/720 918/773/771 763/724/722
f 563/774/772 583/775/773 562/769/767
f 562/769/767 583/775/773 798/776/774
f 562/769/767 798/776/774 799/770/768
f 799/770/768 798/776/774 916/777/775
f 799/770/768 916/777/775 917/778/776
f 917/778/776 916/777/775 765/779/777
f 917/778/776 765/779/777 764/780/778
f 764/780/778 765/779/777 771/781/779
f 764/780/778 771/781/779 772/726/724
f 772/726/724 771/781/779 948/728/726
f 564/782/780 707/783/781 563/774/772
f 563/774/772 707/783/781 944/784/782
f 563/774/772 944/784/782 768/785/783
f 768/785/783 944/784/782 945/786/784
f 768/785/783 945/786/784 769/787/785
f 769/787/785 945/786/784 946/788/786
f 769/787/785 946/788/786 770/789/787
f 770/789/787 946/788/786 947/790/788
f 770/789/787 947/790/788 771/781/779
f 771/781/779 947/790/788 948/728/726
f 565/760/758 828/762/760 564/782/780
f 564/782/780 828/762/760 708/791/789
f 564/782/780 708/791/789 586/792/790
f 586/792/790 708/791/789 709/793/791
f 586/792/790 709/793/791 706/794/792
f 706/794/792 709/793/791 710/795/793
f 706/794/792 710/795/793 705/796/794
f 705/796/794 710/795/793 711/797/795
f 705/796/794 711/797/795 704/798/796
f 704/798/796 711/797/795 712/734/732
f 704/798/796 712/734/732 703/732/730
f 567/756/754 568/799/797 589/754/752
f 589/754/752 568/799/797 569/752/750
f 572/747/745 573/800/798 614/745/743
f 614/745/743 573/800/798 613/801/799
f 614/745/743 613/801/799 891/743/741
f 891/743/741 613/801/799 892/802/800
f 891/743/741 892/802/800 862/741/739
f 862/741/739 892/802/800 863/803/801
f 862/741/739 863/803/801 653/739/737
f 653/739/737 863/803/801 654/804/802
f 653/739/737 654/804/802 643/737/735
f 643/737/735 654/804/802 642/805/803
f 643/737/735 642/805/803 833/735/733
f 833/735/733 642/805/803 834/806/804
f 833/735/733 834/806/804 713/733/731
f 713/733/731 834/806/804 714/807/805
f 713/733/731 714/807/805 702/731/729
f 702/731/729 714/807/805 701/808/806
f 702/731/729 701/808/806 978/729/727
f 978/729/727 701/808/806 979/809/807
f 978/729/727 979/809/807 949/727/725
f 949/727/725 979/809/807 950/810/808
f 949/727/725 950/810/808 773/725/723
f 773/725/723 950/810/808 774/811/809
f 773/725/723 774/811/809 762/723/721
f 762/723/721 774/811/809 761/812/810
f 762/723/721 761/812/810 920/721/719
f 920/721/719 761/812/810 921/813/811
f 920/721/719 921/813/811 803/719/717
f 803/719/717 921/813/811 804/717/715
f 613/801/799 573/800/798 612/814/812
f 612/814/812 573/800/798 574/815/813
f 612/814/812 574/815/813 611/816/814
f 611/816/814 574/815/813 610/817/815
f 611/816/814 610/817/815 894/818/816
f 894/818/816 610/817/815 895/819/817
f 894/818/816 895/819/817 865/820/818
f 865/820/818 895/819/817 866/821/819
f 865/820/818 866/821/819 656/822/820
f 656/822/820 866/821/819 657/823/821
f 656/822/820 657/823/821 640/824/822
f 640/824/822 657/823/821 639/825/823
f 640/824/822 639/825/823 836/826/824
f 836/826/824 639/825/823 837/827/825
f 836/826/824 837/827/825 716/828/826
f 716/828/826 837/827/825 717/829/827
f 716/828/826 717/829/827 699/830/828
f 699/830/828 717/829/827 698/831/829
f 699/830/828 698/831/829 981/832/830
f 981/832/830 698/831/829 982/833/831
f 981/832/830 982/833/831 952/834/832
f 952/834/832 982/833/831 953/835/833
f 952/834/832 953/835/833 776/836/834
f 776/836/834 953/835/833 777/837/835
f 776/836/834 777/837/835 759/838/836
f 759/838/836 777/837/835 758/839/837
f 759/838/836 758/839/837 923/840/838
f 923/840/838 758/839/837 924/841/839
f 923/840/838 924/841/839 806/711/709
f 806/711/709 924/841/839 807/708/706
f 574/815/813 575/842/840 610/817/815
f 610/817/815 575/842/840 609/843/841
f 610/817/815 609/843/841 895/819/817
f 895/819/817 609/843/841 896/844/842
f 895/819/817 896/844/842 866/821/819
f 866/821/819 896/844/842 867/845/843
f 866/821/819 867/845/843 657/823/821
f 657/823/821 867/845/843 658/846/844
f 657/823/821 658/846/844 639/825/823
f 639/825/823 658/846/844 638/847/845
f 639/825/823 638/847/845 837/827/825
f 837/827/825 638/847/845 838/848/846
f 837/827/825 838/848/846 717/829/827
f 717/829/827 838/848/846 718/849/847
f 717/829/827 718/849/847 698/831/829
f 698/831/829 718/849/847 697/850/848
f 698/831/829 697/850/848 982/833/831
f 982/833/831 697/850/848 983/851/849
f 982/833/831 983/851/849 953/835/833
f 953/835/833 983/851/849 954/852/850
f 953/835/833 954/852/850 777/837/835
f 777/837/835 954/852/850 778/853/851
f 777/837/835 778/853/851 758/839/837
f 758/839/837 778/853/851 757/854/852
f 758/839/837 757/854/852 924/841/839
f 924/841/839 757/854/852 925/855/853
f 924/841/839 925/855/853 807/708/706
f 807/708/706 925/855/853 808/705/703
f 609/843/841 575/842/840 608/856/854
f 608/856/854 575/842/840 576/857/855
f 608/856/854 576/857/855 607/858/856
f 607/858/856 576/857/855 606/859/857
f 607/858/856 606/859/857 898/860/858
f 898/860/858 606/859/857 899/861/859
f 898/860/858 899/861/859 869/862/860
f 869/862/860 899/861/859 870/863/861
f 869/862/860 870/863/861 660/864/862
f 660/864/862 870/863/861 661/865/863
f 660/864/862 661/865/863 636/866/864
f 636/866/864 661/865/863 635/867/865
f 636/866/864 635/867/865 840/868/866
f 840/868/866 635/867/865 841/869/867
f 840/868/866 841/869/867 720/870/868
f 720/870/868 841/869/867 721/871/869
f 720/870/868 721/871/869 695/872/870
f 695/872/870 721/871/869 694/873/871
f 695/872/870 694/873/871 985/874/872
f 985/874/872 694/873/871 986/875/873
f 985/874/872 986/875/873 956/876/874
f 956/876/874 986/875/873 957/877/875
f 956/876/874 957/877/875 780/878/876
f 780/878/876 957/877/875 781/879/877
f 780/878/876 781/879/877 755/880/878
f 755/880/878 781/879/877 754/881/879
f 755/880/878 754/881/879 927/882/880
f 927/882/880 754/881/879 928/883/881
f 927/882/880 928/883/881 810/701/699
f 810/701/699 928/883/881 811/672/670
f 577/884/882 603/885/883 576/857/855
f 576/857/855 603/885/883 604/886/884
f 576/857/855 604/886/884 605/887/885
f 605/887/885 604/886/884 900/888/886
f 605/887/885 900/888/886 899/861/859
f 899/861/859 900/888/886 870/863/861
f 578/889/887 597/890/888 577/884/882
f 577/884/882 597/890/888 598/891/889
f 577/884/882 598/891/889 599/892/890
f 599/892/890 598/891/889 906/893/891
f 599/892/890 906/893/891 905/894/892
f 905/894/892 906/893/891 876/895/893
f 905/894/892 876/895/893 875/896/894
f 875/896/894 876/895/893 666/897/895
f 875/896/894 666/897/895 665/898/896
f 665/898/896 666/897/895 631/899/897
f 665/898/896 631/899/897 632/900/898
f 632/900/898 631/899/897 844/901/899
f 632/900/898 844/901/899 843/902/900
f 843/902/900 844/901/899 723/903/901
f 843/902/900 723/903/901 722/904/902
f 722/904/902 723/903/901 693/905/903
f 722/904/902 693/905/903 694/873/871
f 694/873/871 693/905/903 986/875/873
f 579/906/904 595/907/905 578/889/887
f 578/889/887 595/907/905 596/908/906
f 578/889/887 596/908/906 597/890/888
f 597/890/888 596/908/906 908/909/907
f 597/890/888 908/909/907 907/910/908
f 907/910/908 908/909/907 878/911/909
f 907/910/908 878/911/909 877/912/910
f 877/912/910 878/911/909 668/913/911
f 877/912/910 668/913/911 667/914/912
f 667/914/912 668/913/911 629/915/913
f 667/914/912 629/915/913 630/916/914
f 630/916/914 629/915/913 846/917/915
f 630/916/914 846/917/915 845/918/916
f 845/918/916 846/917/915 725/919/917
f 845/918/916 725/919/917 724/920/918
f 724/920/918 725/919/917 691/921/919
f 724/920/918 691/921/919 692/922/920
f 692/922/920 691/921/919 988/923/921
f 692/922/920 988/923/921 987/924/922
f 987/924/922 988/923/921 958/925/923
f 987/924/922 958/925/923 957/877/875
f 957/877/875 958/925/923 781/879/877
f 580/700/698 592/698/696 579/906/904
f 579/906/904 592/698/696 593/926/924
f 579/906/904 593/926/924 594/927/925
f 594/927/925 593/926/924 911/928/926
f 594/927/925 911/928/926 910/929/927
f 910/929/927 911/928/926 881/930/928
f 910/929/927 881/930/928 880/931/929
f 880/931/929 881/930/928 671/932/930
f 880/931/929 671/932/930 670/933/931
f 670/933/931 671/932/930 626/934/932
f 670/933/931 626/934/932 627/935/933
f 627/935/933 626/934/932 849/936/934
f 627/935/933 849/936/934 848/937/935
f 848/937/935 849/936/934 728/938/936
f 848/937/935 728/938/936 727/939/937
f 727/939/937 728/938/936 688/940/938
f 727/939/937 688/940/938 689/941/939
f 689/941/939 688/940/938 991/942/940
f 689/941/939 991/942/940 990/943/941
f 990/943/941 991/942/940 961/944/942
f 990/943/941 961/944/942 960/945/943
f 960/945/943 961/944/942 784/946/944
f 960/945/943 784/946/944 783/947/945
f 783/947/945 784/946/944 752/948/946
f 783/947/945 752/948/946 753/949/947
f 753/949/947 752/948/946 929/950/948
f 753/949/947 929/950/948 928/883/881
f 928/883/881 929/950/948 811/672/670
f 591/699/697 581/565/563 590/567/565
f 738/616/614 544/615/613 582/636/634
f 583/775/773 563/774/772 767/951/949
f 767/951/949 563/774/772 768/785/783
f 767/951/949 768/785/783 769/787/785
f 542/601/599 797/617/615 584/602/600
f 584/602/600 797/617/615 796/619/617
f 584/602/600 796/619/617 972/952/950
f 972/952/950 796/619/617 795/621/619
f 972/952/950 795/621/619 971/953/951
f 971/953/951 795/621/619 794/623/621
f 971/953/951 794/623/621 970/954/952
f 970/954/952 794/623/621 793/625/623
f 970/954/952 793/625/623 969/955/953
f 969/955/953 793/625/623 792/627/625
f 969/955/953 792/627/625 968/956/954
f 968/956/954 792/627/625 791/629/627
f 968/956/954 791/629/627 967/957/955
f 967/957/955 791/629/627 790/631/629
f 967/957/955 790/631/629 966/584/582
f 966/584/582 790/631/629 789/586/584
f 585/597/595 541/596/594 737/958/956
f 737/958/956 541/596/594 678/604/602
f 737/958/956 678/604/602 679/606/604
f 707/783/781 564/782/780 586/792/790
f 676/572/570 587/570/568 677/599/597
f 677/599/597 587/570/568 540/568/566
f 913/697/695 591/699/697 914/670/668
f 914/670/668 591/699/697 590/567/565
f 595/907/905 579/906/904 594/927/925
f 911/928/926 593/926/924 912/696/694
f 912/696/694 593/926/924 592/698/696
f 594/927/925 910/929/927 595/907/905
f 595/907/905 910/929/927 909/959/957
f 595/907/905 909/959/957 596/908/906
f 596/908/906 909/959/957 908/909/907
f 906/893/891 598/891/889 907/910/908
f 907/910/908 598/891/889 597/890/888
f 599/892/890 600/960/958 577/884/882
f 577/884/882 600/960/958 601/961/959
f 577/884/882 601/961/959 602/962/960
f 602/962/960 601/961/959 903/963/961
f 602/962/960 903/963/961 902/964/962
f 902/964/962 903/963/961 873/965/963
f 902/964/962 873/965/963 872/966/964
f 872/966/964 873/965/963 663/967/965
f 872/966/964 663/967/965 662/968/966
f 662/968/966 663/967/965 634/969/967
f 662/968/966 634/969/967 635/867/865
f 635/867/865 634/969/967 841/869/867
f 599/892/890 905/894/892 600/960/958
f 600/960/958 905/894/892 904/970/968
f 600/960/958 904/970/968 601/961/959
f 601/961/959 904/970/968 903/963/961
f 603/885/883 577/884/882 602/962/960
f 602/962/960 902/964/962 603/885/883
f 603/885/883 902/964/962 901/971/969
f 603/885/883 901/971/969 604/886/884
f 604/886/884 901/971/969 900/888/886
f 606/859/857 576/857/855 605/887/885
f 899/861/859 606/859/857 605/887/885
f 896/844/842 609/843/841 608/856/854
f 608/856/854 607/858/856 897/972/970
f 897/972/970 607/858/856 898/860/858
f 897/972/970 898/860/858 868/973/971
f 868/973/971 898/860/858 869/862/860
f 868/973/971 869/862/860 659/974/972
f 659/974/972 869/862/860 660/864/862
f 659/974/972 660/864/862 637/975/973
f 637/975/973 660/864/862 636/866/864
f 637/975/973 636/866/864 839/976/974
f 839/976/974 636/866/864 840/868/866
f 839/976/974 840/868/866 719/977/975
f 719/977/975 840/868/866 720/870/868
f 719/977/975 720/870/868 696/978/976
f 696/978/976 720/870/868 695/872/870
f 696/978/976 695/872/870 984/979/977
f 984/979/977 695/872/870 985/874/872
f 984/979/977 985/874/872 955/980/978
f 955/980/978 985/874/872 956/876/874
f 955/980/978 956/876/874 779/981/979
f 779/981/979 956/876/874 780/878/876
f 779/981/979 780/878/876 756/982/980
f 756/982/980 780/878/876 755/880/878
f 756/982/980 755/880/878 926/983/981
f 926/983/981 755/880/878 927/882/880
f 926/983/981 927/882/880 809/703/701
f 809/703/701 927/882/880 810/701/699
f 892/802/800 613/801/799 612/814/812
f 612/814/812 611/816/814 893/984/982
f 893/984/982 611/816/814 894/818/816
f 893/984/982 894/818/816 864/985/983
f 864/985/983 894/818/816 865/820/818
f 864/985/983 865/820/818 655/986/984
f 655/986/984 865/820/818 656/822/820
f 655/986/984 656/822/820 641/987/985
f 641/987/985 656/822/820 640/824/822
f 641/987/985 640/824/822 835/988/986
f 835/988/986 640/824/822 836/826/824
f 835/988/986 836/826/824 715/989/987
f 715/989/987 836/826/824 716/828/826
f 715/989/987 716/828/826 700/990/988
f 700/990/988 716/828/826 699/830/828
f 700/990/988 699/830/828 980/991/989
f 980/991/989 699/830/828 981/832/830
f 980/991/989 981/832/830 951/992/990
f 951/992/990 981/832/830 952/834/832
f 951/992/990 952/834/832 775/993/991
f 775/993/991 952/834/832 776/836/834
f 775/993/991 776/836/834 760/994/992
f 760/994/992 776/836/834 759/838/836
f 760/994/992 759/838/836 922/995/993
f 922/995/993 759/838/836 923/840/838
f 922/995/993 923/840/838 805/714/712
f 805/714/712 923/840/838 806/711/709
f 616/749/747 615/746/744 889/996/994
f 889/996/994 615/746/744 890/744/742
f 889/996/994 890/744/742 860/997/995
f 860/997/995 890/744/742 861/742/740
f 860/997/995 861/742/740 651/998/996
f 651/998/996 861/742/740 652/740/738
f 651/998/996 652/740/738 645/767/765
f 645/767/765 652/740/738 644/738/736
f 617/751/749 616/749/747 888/999/997
f 888/999/997 616/749/747 889/996/994
f 888/999/997 889/996/994 859/1000/998
f 859/1000/998 889/996/994 860/997/995
f 859/1000/998 860/997/995 650/1001/999
f 650/1001/999 860/997/995 651/998/996
f 650/1001/999 651/998/996 646/765/763
f 646/765/763 651/998/996 645/767/765
f 618/753/751 617/751/749 887/1002/1000
f 887/1002/1000 617/751/749 888/999/997
f 887/1002/1000 888/999/997 858/1003/1001
f 858/1003/1001 888/999/997 859/1000/998
f 858/1003/1001 859/1000/998 649/1004/1002
f 649/1004/1002 859/1000/998 650/1001/999
f 649/1004/1002 650/1001/999 647/763/761
f 647/763/761 650/1001/999 646/765/763
f 620/600/598 619/598/596 856/1005/1003
f 856/1005/1003 619/598/596 585/597/595
f 856/1005/1003 585/597/595 736/1006/1004
f 736/1006/1004 585/597/595 737/958/956
f 736/1006/1004 737/958/956 679/606/604
f 621/574/572 620/600/598 855/1007/1005
f 855/1007/1005 620/600/598 856/1005/1003
f 855/1007/1005 856/1005/1003 735/1008/1006
f 735/1008/1006 856/1005/1003 736/1006/1004
f 735/1008/1006 736/1006/1004 680/608/606
f 680/608/606 736/1006/1004 679/606/604
f 674/668/666 623/667/665 673/693/691
f 673/693/691 623/667/665 624/691/689
f 851/689/687 624/691/689 852/666/664
f 852/666/664 624/691/689 623/667/665
f 672/692/690 625/690/688 671/932/930
f 671/932/930 625/690/688 626/934/932
f 849/936/934 626/934/932 850/688/686
f 850/688/686 626/934/932 625/690/688
f 627/935/933 628/1009/1007 669/1010/1008
f 669/1010/1008 628/1009/1007 668/913/911
f 669/1010/1008 668/913/911 878/911/909
f 668/913/911 628/1009/1007 629/915/913
f 629/915/913 628/1009/1007 847/1011/1009
f 629/915/913 847/1011/1009 846/917/915
f 846/917/915 847/1011/1009 726/1012/1010
f 846/917/915 726/1012/1010 725/919/917
f 725/919/917 726/1012/1010 690/1013/1011
f 725/919/917 690/1013/1011 691/921/919
f 691/921/919 690/1013/1011 989/1014/1012
f 691/921/919 989/1014/1012 988/923/921
f 988/923/921 989/1014/1012 959/1015/1013
f 988/923/921 959/1015/1013 958/925/923
f 958/925/923 959/1015/1013 782/1016/1014
f 958/925/923 782/1016/1014 781/879/877
f 781/879/877 782/1016/1014 754/881/879
f 847/1011/1009 628/1009/1007 848/937/935
f 848/937/935 628/1009/1007 627/935/933
f 667/914/912 630/916/914 666/897/895
f 666/897/895 630/916/914 631/899/897
f 844/901/899 631/899/897 845/918/916
f 845/918/916 631/899/897 630/916/914
f 632/900/898 633/1017/1015 664/1018/1016
f 664/1018/1016 633/1017/1015 663/967/965
f 664/1018/1016 663/967/965 873/965/963
f 663/967/965 633/1017/1015 634/969/967
f 634/969/967 633/1017/1015 842/1019/1017
f 634/969/967 842/1019/1017 841/869/867
f 841/869/867 842/1019/1017 721/871/869
f 842/1019/1017 633/1017/1015 843/902/900
f 843/902/900 633/1017/1015 632/900/898
f 662/968/966 635/867/865 661/865/863
f 637/975/973 638/847/845 659/974/972
f 659/974/972 638/847/845 658/846/844
f 659/974/972 658/846/844 868/973/971
f 868/973/971 658/846/844 867/845/843
f 868/973/971 867/845/843 897/972/970
f 897/972/970 867/845/843 896/844/842
f 897/972/970 896/844/842 608/856/854
f 638/847/845 637/975/973 838/848/846
f 838/848/846 637/975/973 839/976/974
f 838/848/846 839/976/974 718/849/847
f 718/849/847 839/976/974 719/977/975
f 718/849/847 719/977/975 697/850/848
f 697/850/848 719/977/975 696/978/976
f 697/850/848 696/978/976 983/851/849
f 983/851/849 696/978/976 984/979/977
f 983/851/849 984/979/977 954/852/850
f 954/852/850 984/979/977 955/980/978
f 954/852/850 955/980/978 778/853/851
f 778/853/851 955/980/978 779/981/979
f 778/853/851 779/981/979 757/854/852
f 757/854/852 779/981/979 756/982/980
f 757/854/852 756/982/980 925/855/853
f 925/855/853 756/982/980 926/983/981
f 925/855/853 926/983/981 808/705/703
f 808/705/703 926/983/981 809/703/701
f 641/987/985 642/805/803 655/986/984
f 655/986/984 642/805/803 654/804/802
f 655/986/984 654/804/802 864/985/983
f 864/985/983 654/804/802 863/803/801
f 864/985/983 863/803/801 893/984/982
f 893/984/982 863/803/801 892/802/800
f 893/984/982 892/802/800 612/814/812
f 642/805/803 641/987/985 834/806/804
f 834/806/804 641/987/985 835/988/986
f 834/806/804 835/988/986 714/807/805
f 714/807/805 835/988/986 715/989/987
f 714/807/805 715/989/987 701/808/806
f 701/808/806 715/989/987 700/990/988
f 701/808/806 700/990/988 979/809/807
f 979/809/807 700/990/988 980/991/989
f 979/809/807 980/991/989 950/810/808
f 950/810/808 980/991/989 951/992/990
f 950/810/808 951/992/990 774/811/809
f 774/811/809 951/992/990 775/993/991
f 774/811/809 775/993/991 761/812/810
f 761/812/810 775/993/991 760/994/992
f 761/812/810 760/994/992 921/813/811
f 921/813/811 760/994/992 922/995/993
f 921/813/811 922/995/993 804/717/715
f 804/717/715 922/995/993 805/714/712
f 647/763/761 648/761/759 649/1004/1002
f 649/1004/1002 648/761/759 588/759/757
f 649/1004/1002 588/759/757 858/1003/1001
f 858/1003/1001 588/759/757 857/757/755
f 858/1003/1001 857/757/755 887/1002/1000
f 887/1002/1000 857/757/755 886/755/753
f 887/1002/1000 886/755/753 618/753/751
f 662/968/966 661/865/863 871/1020/1018
f 871/1020/1018 661/865/863 870/863/861
f 871/1020/1018 870/863/861 900/888/886
f 632/900/898 664/1018/1016 665/898/896
f 665/898/896 664/1018/1016 874/1021/1019
f 665/898/896 874/1021/1019 875/896/894
f 875/896/894 874/1021/1019 904/970/968
f 875/896/894 904/970/968 905/894/892
f 874/1021/1019 664/1018/1016 873/965/963
f 877/912/910 667/914/912 876/895/893
f 876/895/893 667/914/912 666/897/895
f 627/935/933 669/1010/1008 670/933/931
f 670/933/931 669/1010/1008 879/1022/1020
f 670/933/931 879/1022/1020 880/931/929
f 880/931/929 879/1022/1020 909/959/957
f 880/931/929 909/959/957 910/929/927
f 879/1022/1020 669/1010/1008 878/911/909
f 882/694/692 672/692/690 881/930/928
f 881/930/928 672/692/690 671/932/930
f 884/669/667 674/668/666 883/695/693
f 883/695/693 674/668/666 673/693/691
f 680/608/606 681/610/608 735/1008/1006
f 735/1008/1006 681/610/608 734/1023/1021
f 735/1008/1006 734/1023/1021 855/1007/1005
f 855/1007/1005 734/1023/1021 854/576/574
f 855/1007/1005 854/576/574 621/574/572
f 681/610/608 682/612/610 734/1023/1021
f 734/1023/1021 682/612/610 733/578/576
f 734/1023/1021 733/578/576 854/576/574
f 682/612/610 683/580/578 733/578/576
f 731/665/663 685/664/662 730/687/685
f 730/687/685 685/664/662 686/685/683
f 993/683/681 686/685/683 994/663/661
f 994/663/661 686/685/683 685/664/662
f 729/686/684 687/684/682 728/938/936
f 728/938/936 687/684/682 688/940/938
f 991/942/940 688/940/938 992/682/680
f 992/682/680 688/940/938 687/684/682
f 727/939/937 689/941/939 726/1012/1010
f 726/1012/1010 689/941/939 690/1013/1011
f 989/1014/1012 690/1013/1011 990/943/941
f 990/943/941 690/1013/1011 689/941/939
f 724/920/918 692/922/920 723/903/901
f 723/903/901 692/922/920 693/905/903
f 986/875/873 693/905/903 987/924/922
f 987/924/922 693/905/903 692/922/920
f 722/904/902 694/873/871 721/871/869
f 704/798/796 703/732/730 976/1024/1022
f 976/1024/1022 703/732/730 977/730/728
f 976/1024/1022 977/730/728 947/790/788
f 947/790/788 977/730/728 948/728/726
f 705/796/794 704/798/796 975/1025/1023
f 975/1025/1023 704/798/796 976/1024/1022
f 975/1025/1023 976/1024/1022 946/788/786
f 946/788/786 976/1024/1022 947/790/788
f 707/783/781 586/792/790 706/794/792
f 706/794/792 705/796/794 974/1026/1024
f 974/1026/1024 705/796/794 975/1025/1023
f 974/1026/1024 975/1025/1023 945/786/784
f 945/786/784 975/1025/1023 946/788/786
f 828/762/760 829/764/762 708/791/789
f 708/791/789 829/764/762 709/793/791
f 829/764/762 830/766/764 709/793/791
f 709/793/791 830/766/764 710/795/793
f 832/736/734 712/734/732 711/797/795
f 830/766/764 831/768/766 710/795/793
f 710/795/793 831/768/766 711/797/795
f 831/768/766 832/736/734 711/797/795
f 843/902/900 722/904/902 842/1019/1017
f 842/1019/1017 722/904/902 721/871/869
f 845/918/916 724/920/918 844/901/899
f 844/901/899 724/920/918 723/903/901
f 848/937/935 727/939/937 847/1011/1009
f 847/1011/1009 727/939/937 726/1012/1010
f 850/688/686 729/686/684 849/936/934
f 849/936/934 729/686/684 728/938/936
f 852/666/664 731/665/663 851/689/687
f 851/689/687 731/665/663 730/687/685
f 582/636/634 943/637/635 738/616/614
f 738/616/614 943/637/635 739/618/616
f 943/637/635 942/639/637 739/618/616
f 739/618/616 942/639/637 740/620/618
f 942/639/637 941/641/639 740/620/618
f 740/620/618 941/641/639 741/622/620
f 941/641/639 940/643/641 741/622/620
f 741/622/620 940/643/641 742/624/622
f 940/643/641 939/645/643 742/624/622
f 742/624/622 939/645/643 743/626/624
f 939/645/643 938/647/645 743/626/624
f 743/626/624 938/647/645 744/628/626
f 938/647/645 937/649/647 744/628/626
f 744/628/626 937/649/647 745/630/628
f 937/649/647 936/651/649 745/630/628
f 745/630/628 936/651/649 746/632/630
f 936/651/649 935/653/651 746/632/630
f 746/632/630 935/653/651 747/588/586
f 935/653/651 934/590/588 747/588/586
f 787/661/659 749/660/658 786/679/677
f 786/679/677 749/660/658 750/677/675
f 931/675/673 750/677/675 932/659/657
f 932/659/657 750/677/675 749/660/658
f 785/678/676 751/676/674 784/946/944
f 784/946/944 751/676/674 752/948/946
f 929/950/948 752/948/946 930/674/672
f 930/674/672 752/948/946 751/676/674
f 783/947/945 753/949/947 782/1016/1014
f 782/1016/1014 753/949/947 754/881/879
f 754/881/879 753/949/947 928/883/881
f 772/726/724 763/724/722 764/780/778
f 764/780/778 763/724/722 918/773/771
f 764/780/778 918/773/771 917/778/776
f 917/778/776 918/773/771 800/771/769
f 917/778/776 800/771/769 799/770/768
f 770/789/787 771/781/779 765/779/777
f 769/787/785 770/789/787 766/1027/1025
f 766/1027/1025 770/789/787 765/779/777
f 766/1027/1025 765/779/777 916/777/775
f 583/775/773 767/951/949 766/1027/1025
f 766/1027/1025 767/951/949 769/787/785
f 583/775/773 766/1027/1025 916/777/775
f 960/945/943 783/947/945 959/1015/1013
f 959/1015/1013 783/947/945 782/1016/1014
f 962/680/678 785/678/676 961/944/942
f 961/944/942 785/678/676 784/946/944
f 964/662/660 787/661/659 963/681/679
f 963/681/679 787/661/659 786/679/677
f 583/775/773 916/777/775 798/776/774
f 802/720/718 561/718/716 801/772/770
f 919/722/720 802/720/718 801/772/770
f 930/674/672 812/673/671 929/950/948
f 929/950/948 812/673/671 811/672/670
f 932/659/657 814/658/656 931/675/673
f 931/675/673 814/658/656 813/657/655
f 817/654/652 547/594/592 816/592/590
f 821/646/644 822/644/642 545/633/631
f 545/633/631 822/644/642 823/642/640
f 545/633/631 823/642/640 824/640/638
f 826/634/632 545/633/631 825/638/636
f 825/638/636 545/633/631 824/640/638
f 662/968/966 871/1020/1018 872/966/964
f 872/966/964 871/1020/1018 901/971/969
f 872/966/964 901/971/969 902/964/962
f 901/971/969 871/1020/1018 900/888/886
f 904/970/968 874/1021/1019 903/963/961
f 903/963/961 874/1021/1019 873/965/963
f 907/910/908 877/912/910 906/893/891
f 906/893/891 877/912/910 876/895/893
f 909/959/957 879/1022/1020 908/909/907
f 908/909/907 879/1022/1020 878/911/909
f 912/696/694 882/694/692 911/928/926
f 911/928/926 882/694/692 881/930/928
f 914/670/668 884/669/667 913/697/695
f 913/697/695 884/669/667 883/695/693
f 974/1026/1024 945/786/784 944/784/782
f 987/924/922 957/877/875 986/875/873
f 990/943/941 960/945/943 989/1014/1012
f 989/1014/1012 960/945/943 959/1015/1013
f 992/682/680 962/680/678 991/942/940
f 991/942/940 962/680/678 961/944/942
f 994/663/661 964/662/660 993/683/681
f 993/683/681 964/662/660 963/681/679
f 966/584/582 996/582/580 967/957/955
f 967/957/955 996/582/580 997/613/611
f 967/957/955 997/613/611 968/956/954
f 968/956/954 997/613/611 998/611/609
f 968/956/954 998/611/609 969/955/953
f 969/955/953 998/611/609 999/609/607
f 969/955/953 999/609/607 970/954/952
f 970/954/952 999/609/607 1000/607/605
f 970/954/952 1000/607/605 971/953/951
f 971/953/951 1000/607/605 1001/605/603
f 971/953/951 1001/605/603 972/952/950
f 972/952/950 1001/605/603 973/603/601
f 972/952/950 973/603/601 584/602/600
f 706/794/792 974/1026/1024 707/783/781
f 707/783/781 974/1026/1024 944/784/782
f 568/1028/1026 567/1029/1027 1036/1030/1028
f 1036/1030/1028 567/1029/1027 566/1031/1029
f 1036/1030/1028 566/1031/1029 565/1032/1030
f 565/1032/1030 564/1033/1031 1036/1030/1028
f 1036/1030/1028 564/1033/1031 1035/1034/1032
f 1035/1034/1032 564/1033/1031 563/1035/1033
f 1035/1034/1032 563/1035/1033 1034/1036/1034
f 1034/1036/1034 563/1035/1033 562/1037/1035
f 1034/1036/1034 562/1037/1035 1002/1038/1036
f 1034/1036/1034 1002/1038/1036 1033/1039/1037
f 1033/1039/1037 1002/1038/1036 1003/1040/1038
f 1033/1039/1037 1003/1040/1038 1032/1041/1039
f 1032/1041/1039 1003/1040/1038 1004/1042/1040
f 1032/1041/1039 1004/1042/1040 1031/1043/1041
f 1031/1043/1041 1004/1042/1040 1005/1044/1042
f 1031/1043/1041 1005/1044/1042 1006/1045/1043
f 1031/1043/1041 1006/1045/1043 1030/1046/1044
f 1030/1046/1044 1006/1045/1043 1007/1047/1045
f 1030/1046/1044 1007/1047/1045 1029/1048/1046
f 1029/1048/1046 1007/1047/1045 1008/1049/1047
f 1029/1048/1046 1008/1049/1047 1028/1050/1048
f 1028/1050/1048 1008/1049/1047 1009/1051/1049
f 1028/1050/1048 1009/1051/1049 1027/1052/1050
f 1027/1052/1050 1009/1051/1049 1010/1053/1051
f 1027/1052/1050 1010/1053/1051 1026/1054/1052
f 1026/1054/1052 1010/1053/1051 1025/1055/1053
f 1025/1055/1053 1010/1053/1051 1011/1056/1054
f 1025/1055/1053 1011/1056/1054 1024/1057/1055
f 1024/1057/1055 1011/1056/1054 1012/1058/1056
f 1024/1057/1055 1012/1058/1056 1023/1059/1057
f 1023/1059/1057 1012/1058/1056 1013/1060/1058
f 1023/1059/1057 1013/1060/1058 1022/1061/1059
f 1022/1061/1059 1013/1060/1058 1021/1062/1060
f 1021/1062/1060 1013/1060/1058 1014/1063/1061
f 1021/1062/1060 1014/1063/1061 1020/1064/1062
f 1020/1064/1062 1014/1063/1061 1015/1065/1063
f 1020/1064/1062 1015/1065/1063 1019/1066/1064
f 1019/1066/1064 1015/1065/1063 1018/1067/1065
f 1018/1067/1065 1015/1065/1063 1016/1068/1066
f 1018/1067/1065 1016/1068/1066 1017/1069/1067
f 105/1070/1068 104/1071/1069 1066/1072/1070
f 1066/1072/1070 104/1071/1069 103/1073/1071
f 1066/1072/1070 103/1073/1071 102/1074/1072
f 102/1074/1072 101/1075/1073 1066/1072/1070
f 1066/1072/1070 101/1075/1073 1065/1076/1074
f 1065/1076/1074 101/1075/1073 100/1077/1075
f 1065/1076/1074 100/1077/1075 1064/1078/1076
f 1064/1078/1076 100/1077/1075 99/1079/1077
f 1064/1078/1076 99/1079/1077 1037/1080/1078
f 1064/1078/1076 1037/1080/1078 1063/1081/1079
f 1063/1081/1079 1037/1080/1078 1038/1082/1080
f 1063/1081/1079 1038/1082/1080 1062/1083/1081
f 1062/1083/1081 1038/1082/1080 1039/1084/1082
f 1062/1083/1081 1039/1084/1082 1061/1085/1083
f 1061/1085/1083 1039/1084/1082 1040/1086/1084
f 1061/1085/1083 1040/1086/1084 1041/1087/1085
f 1061/1085/1083 1041/1087/1085 1060/1088/1086
f 1060/1088/1086 1041/1087/1085 1042/1089/1087
f 1060/1088/1086 1042/1089/1087 1059/1090/1088
f 1059/1090/1088 1042/1089/1087 1043/1091/1089
f 1059/1090/1088 1043/1091/1089 539/1092/1090
f 539/1092/1090 1043/1091/1089 1044/1093/1091
f 539/1092/1090 1044/1093/1091 540/1094/1092
f 540/1094/1092 1044/1093/1091 1045/1095/1093
f 540/1094/1092 1045/1095/1093 541/1096/1094
f 541/1096/1094 1045/1095/1093 542/1097/1095
f 542/1097/1095 1045/1095/1093 1046/1098/1096
f 542/1097/1095 1046/1098/1096 543/1099/1097
f 543/1099/1097 1046/1098/1096 1047/1100/1098
f 543/1099/1097 1047/1100/1098 1058/1101/1099
f 1058/1101/1099 1047/1100/1098 1048/1102/1100
f 1058/1101/1099 1048/1102/1100 1057/1103/1101
f 1057/1103/1101 1048/1102/1100 1056/1104/1102
f 1056/1104/1102 1048/1102/1100 1049/1105/1103
f 1056/1104/1102 1049/1105/1103 1055/1106/1104
f 1055/1106/1104 1049/1105/1103 1050/1107/1105
f 1055/1106/1104 1050/1107/1105 1054/1108/1106
f 1054/1108/1106 1050/1107/1105 1053/1109/1107
f 1053/1109/1107 1050/1107/1105 1051/1110/1108
f 1053/1109/1107 1051/1110/1108 1052/1111/1109
f 79/1112/1110 1091/1113/1111 80/1114/1112
f 80/1114/1112 1091/1113/1111 1092/1115/1113
f 80/1114/1112 1092/1115/1113 1103/1116/1114
f 1103/1116/1114 1092/1115/1113 1093/1117/1115
f 1103/1116/1114 1093/1117/1115 1102/1118/1116
f 1102/1118/1116 1093/1117/1115 1101/1119/1117
f 1101/1119/1117 1093/1117/1115 1094/1120/1118
f 1101/1119/1117 1094/1120/1118 1100/1121/1119
f 1100/1121/1119 1094/1120/1118 1095/1122/1120
f 1100/1121/1119 1095/1122/1120 1099/1123/1121
f 1099/1123/1121 1095/1122/1120 1098/1124/1122
f 1098/1124/1122 1095/1122/1120 1096/1125/1123
f 1098/1124/1122 1096/1125/1123 1097/1126/1124
f 1091/1113/1111 79/1112/1110 1090/1127/1125
f 1090/1127/1125 79/1112/1110 78/1128/1126
f 1090/1127/1125 78/1128/1126 77/1129/1127
f 1090/1127/1125 77/1129/1127 1089/1130/1128
f 1089/1130/1128 77/1129/1127 76/1131/1129
f 1089/1130/1128 76/1131/1129 1088/1132/1130
f 1088/1132/1130 76/1131/1129 1067/1133/1131
f 1088/1132/1130 1067/1133/1131 1087/1134/1132
f 1087/1134/1132 1067/1133/1131 1068/1135/1133
f 1087/1134/1132 1068/1135/1133 1086/1136/1134
f 1086/1136/1134 1068/1135/1133 1069/1137/1135
f 1086/1136/1134 1069/1137/1135 1085/1138/1136
f 1085/1138/1136 1069/1137/1135 1084/1139/1137
f 1084/1139/1137 1069/1137/1135 1070/1140/1138
f 1084/1139/1137 1070/1140/1138 1083/1141/1139
f 1083/1141/1139 1070/1140/1138 1071/1142/1140
f 1083/1141/1139 1071/1142/1140 1082/1143/1141
f 1082/1143/1141 1071/1142/1140 1072/1144/1142
f 1082/1143/1141 1072/1144/1142 1081/1145/1143
f 1081/1145/1143 1072/1144/1142 1080/1146/1144
f 1080/1146/1144 1072/1144/1142 1073/1147/1145
f 1080/1146/1144 1073/1147/1145 1079/1148/1146
f 1079/1148/1146 1073/1147/1145 1074/1149/1147
f 1079/1148/1146 1074/1149/1147 1078/1150/1148
f 1078/1150/1148 1074/1149/1147 1077/1151/1149
f 1077/1151/1149 1074/1149/1147 1076/1152/1150
f 1076/1152/1150 1074/1149/1147 1075/1153/1151
f 99/1154/1152 1123/1155/1153 1037/1156/1154
f 1037/1156/1154 1123/1155/1153 1168/1157/1155
f 1037/1156/1154 1168/1157/1155 1191/1158/1156
f 1191/1158/1156 1168/1157/1155 1167/1159/1157
f 1191/1158/1156 1167/1159/1157 1190/1160/1158
f 1190/1160/1158 1167/1159/1157 1166/1161/1159
f 1190/1160/1158 1166/1161/1159 1189/1162/1160
f 1189/1162/1160 1166/1161/1159 1165/1163/1161
f 1189/1162/1160 1165/1163/1161 1188/1164/1162
f 1188/1164/1162 1165/1163/1161 1164/1165/1163
f 1188/1164/1162 1164/1165/1163 1187/1166/1164
f 1187/1166/1164 1164/1165/1163 1163/1167/1165
f 1187/1166/1164 1163/1167/1165 1186/1168/1166
f 1186/1168/1166 1163/1167/1165 1162/1169/1167
f 1186/1168/1166 1162/1169/1167 1185/1170/1168
f 1185/1170/1168 1162/1169/1167 1161/1171/1169
f 1185/1170/1168 1161/1171/1169 1184/1172/1170
f 1184/1172/1170 1161/1171/1169 1160/1173/1171
f 1184/1172/1170 1160/1173/1171 1183/1174/1172
f 1183/1174/1172 1160/1173/1171 1159/1175/1173
f 1183/1174/1172 1159/1175/1173 1182/1176/1174
f 1182/1176/1174 1159/1175/1173 1158/1177/1175
f 1182/1176/1174 1158/1177/1175 1181/1178/1176
f 1181/1178/1176 1158/1177/1175 1157/1179/1177
f 1181/1178/1176 1157/1179/1177 1180/1180/1178
f 1180/1180/1178 1157/1179/1177 1156/1181/1179
f 1180/1180/1178 1156/1181/1179 1179/1182/1180
f 1179/1182/1180 1156/1181/1179 1155/1183/1181
f 1179/1182/1180 1155/1183/1181 1178/1184/1182
f 1178/1184/1182 1155/1183/1181 1154/1185/1183
f 1178/1184/1182 1154/1185/1183 1177/1186/1184
f 1177/1186/1184 1154/1185/1183 1153/1187/1185
f 1177/1186/1184 1153/1187/1185 1176/1188/1186
f 1176/1188/1186 1153/1187/1185 1152/1189/1187
f 1176/1188/1186 1152/1189/1187 1175/1190/1188
f 1175/1190/1188 1152/1189/1187 1151/1191/1189
f 1175/1190/1188 1151/1191/1189 1174/1192/1190
f 1174/1192/1190 1151/1191/1189 1150/1193/1191
f 1174/1192/1190 1150/1193/1191 1173/1194/1192
f 1173/1194/1192 1150/1193/1191 1149/1195/1193
f 1173/1194/1192 1149/1195/1193 1172/1196/1194
f 1172/1196/1194 1149/1195/1193 1148/1197/1195
f 1172/1196/1194 1148/1197/1195 1171/1198/1196
f 1171/1198/1196 1148/1197/1195 1147/1199/1197
f 1171/1198/1196 1147/1199/1197 1170/1200/1198
f 1170/1200/1198 1147/1199/1197 1146/1201/1199
f 1170/1200/1198 1146/1201/1199 1169/1202/1200
f 1169/1202/1200 1146/1201/1199 1103/1203/1201
f 1169/1202/1200 1103/1203/1201 1102/1204/1202
f 1123/1155/1153 99/1154/1152 1124/1205/1203
f 1124/1205/1203 99/1154/1152 98/1206/1204
f 1124/1205/1203 98/1206/1204 1125/1207/1205
f 1125/1207/1205 98/1206/1204 1126/1208/1206
f 1125/1207/1205 1126/1208/1206 1166/1161/1159
f 1166/1161/1159 1126/1208/1206 1165/1163/1161
f 98/1206/1204 97/1209/1207 1126/1208/1206
f 1126/1208/1206 97/1209/1207 1127/1210/1208
f 1126/1208/1206 1127/1210/1208 1165/1163/1161
f 1165/1163/1161 1127/1210/1208 1164/1165/1163
f 97/1209/1207 96/1211/1209 1127/1210/1208
f 1127/1210/1208 96/1211/1209 1128/1212/1210
f 1127/1210/1208 1128/1212/1210 1164/1165/1163
f 1164/1165/1163 1128/1212/1210 1163/1167/1165
f 96/1211/1209 95/1213/1211 1128/1212/1210
f 1128/1212/1210 95/1213/1211 1129/1214/1212
f 1128/1212/1210 1129/1214/1212 1163/1167/1165
f 1163/1167/1165 1129/1214/1212 1162/1169/1167
f 95/1213/1211 94/1215/1213 1129/1214/1212
f 1129/1214/1212 94/1215/1213 1130/1216/1214
f 1129/1214/1212 1130/1216/1214 1162/1169/1167
f 1162/1169/1167 1130/1216/1214 1161/1171/1169
f 94/1215/1213 93/1217/1215 1130/1216/1214
f 1130/1216/1214 93/1217/1215 1131/1218/1216
f 1130/1216/1214 1131/1218/1216 1161/1171/1169
f 1161/1171/1169 1131/1218/1216 1160/1173/1171
f 93/1217/1215 92/1219/1217 1131/1218/1216
f 1131/1218/1216 92/1219/1217 1132/1220/1218
f 1131/1218/1216 1132/1220/1218 1160/1173/1171
f 1160/1173/1171 1132/1220/1218 1159/1175/1173
f 92/1219/1217 91/1221/1219 1132/1220/1218
f 1132/1220/1218 91/1221/1219 1133/1222/1220
f 1132/1220/1218 1133/1222/1220 1159/1175/1173
f 1159/1175/1173 1133/1222/1220 1158/1177/1175
f 91/1221/1219 90/1223/1221 1133/1222/1220
f 1133/1222/1220 90/1223/1221 1134/1224/1222
f 1133/1222/1220 1134/1224/1222 1158/1177/1175
f 1158/1177/1175 1134/1224/1222 1157/1179/1177
f 90/1223/1221 89/1225/1223 1134/1224/1222
f 1134/1224/1222 89/1225/1223 1135/1226/1224
f 1134/1224/1222 1135/1226/1224 1157/1179/1177
f 1157/1179/1177 1135/1226/1224 1156/1181/1179
f 89/1225/1223 88/1227/1225 1135/1226/1224
f 1135/1226/1224 88/1227/1225 1136/1228/1226
f 1135/1226/1224 1136/1228/1226 1156/1181/1179
f 1156/1181/1179 1136/1228/1226 1155/1183/1181
f 88/1227/1225 87/1229/1227 1136/1228/1226
f 1136/1228/1226 87/1229/1227 1137/1230/1228
f 1136/1228/1226 1137/1230/1228 1155/1183/1181
f 1155/1183/1181 1137/1230/1228 1154/1185/1183
f 87/1229/1227 86/1231/1229 1137/1230/1228
f 1137/1230/1228 86/1231/1229 1138/1232/1230
f 1137/1230/1228 1138/1232/1230 1154/1185/1183
f 1154/1185/1183 1138/1232/1230 1153/1187/1185
f 86/1231/1229 85/1233/1231 1138/1232/1230
f 1138/1232/1230 85/1233/1231 1139/1234/1232
f 1138/1232/1230 1139/1234/1232 1153/1187/1185
f 1153/1187/1185 1139/1234/1232 1152/1189/1187
f 85/1233/1231 84/1235/1233 1139/1234/1232
f 1139/1234/1232 84/1235/1233 1140/1236/1234
f 1139/1234/1232 1140/1236/1234 1152/1189/1187
f 1152/1189/1187 1140/1236/1234 1151/1191/1189
f 84/1235/1233 83/1237/1235 1140/1236/1234
f 1140/1236/1234 83/1237/1235 1141/1238/1236
f 1140/1236/1234 1141/1238/1236 1151/1191/1189
f 1151/1191/1189 1141/1238/1236 1150/1193/1191
f 83/1237/1235 82/1239/1237 1141/1238/1236
f 1141/1238/1236 82/1239/1237 1142/1240/1238
f 1141/1238/1236 1142/1240/1238 1150/1193/1191
f 1150/1193/1191 1142/1240/1238 1149/1195/1193
f 82/1239/1237 81/1241/150 1142/1240/1238
f 1142/1240/1238 81/1241/150 1143/1242/1239
f 1142/1240/1238 1143/1242/1239 1149/1195/1193
f 1149/1195/1193 1143/1242/1239 1148/1197/1195
f 80/1243/1240 1145/1244/1241 81/1241/150
f 81/1241/150 1145/1244/1241 1144/1245/1242
f 81/1241/150 1144/1245/1242 1143/1242/1239
f 1143/1242/1239 1144/1245/1242 1148/1197/1195
f 80/1243/1240 1103/1203/1201 1145/1244/1241
f 1145/1244/1241 1103/1203/1201 1146/1201/1199
f 1145/1244/1241 1146/1201/1199 1147/1199/1197
f 1169/1202/1200 1102/1204/1202 1170/1200/1198
f 1170/1200/1198 1102/1204/1202 1104/1246/1243
f 1170/1200/1198 1104/1246/1243 1171/1198/1196
f 1171/1198/1196 1104/1246/1243 1172/1196/1194
f 1104/1246/1243 1105/1247/1244 1172/1196/1194
f 1172/1196/1194 1105/1247/1244 1106/1248/1245
f 1172/1196/1194 1106/1248/1245 1173/1194/1192
f 1173/1194/1192 1106/1248/1245 1107/1249/1246
f 1173/1194/1192 1107/1249/1246 1174/1192/1190
f 1174/1192/1190 1107/1249/1246 1108/1250/1247
f 1174/1192/1190 1108/1250/1247 1175/1190/1188
f 1175/1190/1188 1108/1250/1247 1176/1188/1186
f 1108/1250/1247 1109/1251/1248 1176/1188/1186
f 1176/1188/1186 1109/1251/1248 1177/1186/1184
f 1109/1251/1248 1110/1252/1249 1177/1186/1184
f 1177/1186/1184 1110/1252/1249 1111/1253/1250
f 1177/1186/1184 1111/1253/1250 1178/1184/1182
f 1178/1184/1182 1111/1253/1250 1179/1182/1180
f 1111/1253/1250 1112/1254/1251 1179/1182/1180
f 1179/1182/1180 1112/1254/1251 1180/1180/1178
f 1112/1254/1251 1113/1255/1252 1180/1180/1178
f 1180/1180/1178 1113/1255/1252 1114/1256/1253
f 1180/1180/1178 1114/1256/1253 1181/1178/1176
f 1181/1178/1176 1114/1256/1253 1115/1257/1254
f 1181/1178/1176 1115/1257/1254 1182/1176/1174
f 1182/1176/1174 1115/1257/1254 1183/1174/1172
f 1115/1257/1254 1116/1258/1255 1183/1174/1172
f 1183/1174/1172 1116/1258/1255 1184/1172/1170
f 1116/1258/1255 1117/1259/1256 1184/1172/1170
f 1184/1172/1170 1117/1259/1256 1185/1170/1168
f 1117/1259/1256 1118/1260/1257 1185/1170/1168
f 1185/1170/1168 1118/1260/1257 1119/1261/1258
f 1185/1170/1168 1119/1261/1258 1186/1168/1166
f 1186/1168/1166 1119/1261/1258 1120/1262/1259
f 1186/1168/1166 1120/1262/1259 1187/1166/1164
f 1187/1166/1164 1120/1262/1259 1121/1263/1260
f 1187/1166/1164 1121/1263/1260 1188/1164/1162
f 1188/1164/1162 1121/1263/1260 1122/1264/1261
f 1188/1164/1162 1122/1264/1261 1189/1162/1160
f 1189/1162/1160 1122/1264/1261 1190/1160/1158
f 1122/1264/1261 1038/1265/1262 1190/1160/1158
f 1190/1160/1158 1038/1265/1262 1191/1158/1156
f 1038/1265/1262 1037/1156/1154 1191/1158/1156
f 1167/1159/1157 1168/1157/1155 1124/1205/1203
f 1124/1205/1203 1168/1157/1155 1123/1155/1153
f 1166/1161/1159 1167/1159/1157 1125/1207/1205
f 1125/1207/1205 1167/1159/1157 1124/1205/1203
f 1147/1199/1197 1148/1197/1195 1144/1245/1242
f 1144/1245/1242 1145/1244/1241 1147/1199/1197
f 562/1266/1263 1211/1267/1264 1002/1268/1265
f 1002/1268/1265 1211/1267/1264 1256/1269/1266
f 1002/1268/1265 1256/1269/1266 1279/1270/1267
f 1279/1270/1267 1256/1269/1266 1255/1271/1268
f 1279/1270/1267 1255/1271/1268 1278/1272/1269
f 1278/1272/1269 1255/1271/1268 1254/1273/1270
f 1278/1272/1269 1254/1273/1270 1277/1274/1271
f 1277/1274/1271 1254/1273/1270 1253/1275/1272
f 1277/1274/1271 1253/1275/1272 1276/1276/1273
f 1276/1276/1273 1253/1275/1272 1252/1277/1274
f 1276/1276/1273 1252/1277/1274 1275/1278/1275
f 1275/1278/1275 1252/1277/1274 1251/1279/1276
f 1275/1278/1275 1251/1279/1276 1274/1280/1277
f 1274/1280/1277 1251/1279/1276 1250/1281/1278
f 1274/1280/1277 1250/1281/1278 1273/1282/1279
f 1273/1282/1279 1250/1281/1278 1249/1283/1280
f 1273/1282/1279 1249/1283/1280 1272/1284/1281
f 1272/1284/1281 1249/1283/1280 1248/1285/1282
f 1272/1284/1281 1248/1285/1282 1271/1286/1283
f 1271/1286/1283 1248/1285/1282 1247/1287/1284
f 1271/1286/1283 1247/1287/1284 1270/1288/1285
f 1270/1288/1285 1247/1287/1284 1246/1289/1286
f 1270/1288/1285 1246/1289/1286 1269/1290/1287
f 1269/1290/1287 1246/1289/1286 1245/1291/1288
f 1269/1290/1287 1245/1291/1288 1268/1292/1289
f 1268/1292/1289 1245/1291/1288 1244/1293/1290
f 1268/1292/1289 1244/1293/1290 1267/1294/1291
f 1267/1294/1291 1244/1293/1290 1243/1295/1292
f 1267/1294/1291 1243/1295/1292 1266/1296/1293
f 1266/1296/1293 1243/1295/1292 1242/1297/1294
f 1266/1296/1293 1242/1297/1294 1265/1298/1295
f 1265/1298/1295 1242/1297/1294 1241/1299/1296
f 1265/1298/1295 1241/1299/1296 1264/1300/1297
f 1264/1300/1297 1241/1299/1296 1240/1301/1298
f 1264/1300/1297 1240/1301/1298 1263/1302/1299
f 1263/1302/1299 1240/1301/1298 1239/1303/1300
f 1263/1302/1299 1239/1303/1300 1262/1304/1301
f 1262/1304/1301 1239/1303/1300 1238/1305/1302
f 1262/1304/1301 1238/1305/1302 1261/1306/1303
f 1261/1306/1303 1238/1305/1302 1237/1307/1304
f 1261/1306/1303 1237/1307/1304 1260/1308/1305
f 1260/1308/1305 1237/1307/1304 1236/1309/1306
f 1260/1308/1305 1236/1309/1306 1259/1310/1307
f 1259/1310/1307 1236/1309/1306 1235/1311/1308
f 1259/1310/1307 1235/1311/1308 1258/1312/1309
f 1258/1312/1309 1235/1311/1308 1234/1313/1310
f 1258/1312/1309 1234/1313/1310 1257/1314/1311
f 1257/1314/1311 1234/1313/1310 1058/1315/1312
f 1257/1314/1311 1058/1315/1312 1057/1316/1313
f 1211/1267/1264 562/1266/1263 1212/1317/1314
f 1212/1317/1314 562/1266/1263 561/1318/1315
f 1212/1317/1314 561/1318/1315 1213/1319/1316
f 1213/1319/1316 561/1318/1315 1214/1320/1317
f 1213/1319/1316 1214/1320/1317 1254/1273/1270
f 1254/1273/1270 1214/1320/1317 1253/1275/1272
f 561/1318/1315 560/1321/1318 1214/1320/1317
f 1214/1320/1317 560/1321/1318 1215/1322/1319
f 1214/1320/1317 1215/1322/1319 1253/1275/1272
f 1253/1275/1272 1215/1322/1319 1252/1277/1274
f 560/1321/1318 559/1323/1320 1215/1322/1319
f 1215/1322/1319 559/1323/1320 1216/1324/1321
f 1215/1322/1319 1216/1324/1321 1252/1277/1274
f 1252/1277/1274 1216/1324/1321 1251/1279/1276
f 559/1323/1320 558/1325/1322 1216/1324/1321
f 1216/1324/1321 558/1325/1322 1217/1326/1323
f 1216/1324/1321 1217/1326/1323 1251/1279/1276
f 1251/1279/1276 1217/1326/1323 1250/1281/1278
f 558/1325/1322 557/1327/1324 1217/1326/1323
f 1217/1326/1323 557/1327/1324 1218/1328/1325
f 1217/1326/1323 1218/1328/1325 1250/1281/1278
f 1250/1281/1278 1218/1328/1325 1249/1283/1280
f 557/1327/1324 556/1329/1326 1218/1328/1325
f 1218/1328/1325 556/1329/1326 1219/1330/1327
f 1218/1328/1325 1219/1330/1327 1249/1283/1280
f 1249/1283/1280 1219/1330/1327 1248/1285/1282
f 556/1329/1326 555/1331/1328 1219/1330/1327
f 1219/1330/1327 555/1331/1328 1220/1332/1329
f 1219/1330/1327 1220/1332/1329 1248/1285/1282
f 1248/1285/1282 1220/1332/1329 1247/1287/1284
f 555/1331/1328 554/1333/1330 1220/1332/1329
f 1220/1332/1329 554/1333/1330 1221/1334/1331
f 1220/1332/1329 1221/1334/1331 1247/1287/1284
f 1247/1287/1284 1221/1334/1331 1246/1289/1286
f 554/1333/1330 553/1335/1332 1221/1334/1331
f 1221/1334/1331 553/1335/1332 1222/1336/1333
f 1221/1334/1331 1222/1336/1333 1246/1289/1286
f 1246/1289/1286 1222/1336/1333 1245/1291/1288
f 553/1335/1332 552/1337/1334 1222/1336/1333
f 1222/1336/1333 552/1337/1334 1223/1338/1335
f 1222/1336/1333 1223/1338/1335 1245/1291/1288
f 1245/1291/1288 1223/1338/1335 1244/1293/1290
f 552/1337/1334 551/1339/1336 1223/1338/1335
f 1223/1338/1335 551/1339/1336 1224/1340/1337
f 1223/1338/1335 1224/1340/1337 1244/1293/1290
f 1244/1293/1290 1224/1340/1337 1243/1295/1292
f 551/1339/1336 550/1341/1338 1224/1340/1337
f 1224/1340/1337 550/1341/1338 1225/1342/1339
f 1224/1340/1337 1225/1342/1339 1243/1295/1292
f 1243/1295/1292 1225/1342/1339 1242/1297/1294
f 550/1341/1338 549/1343/1340 1225/1342/1339
f 1225/1342/1339 549/1343/1340 1226/1344/1341
f 1225/1342/1339 1226/1344/1341 1242/1297/1294
f 1242/1297/1294 1226/1344/1341 1241/1299/1296
f 549/1343/1340 548/1345/1342 1226/1344/1341
f 1226/1344/1341 548/1345/1342 1227/1346/1343
f 1226/1344/1341 1227/1346/1343 1241/1299/1296
f 1241/1299/1296 1227/1346/1343 1240/1301/1298
f 548/1345/1342 547/1347/1344 1227/1346/1343
f 1227/1346/1343 547/1347/1344 1228/1348/1345
f 1227/1346/1343 1228/1348/1345 1240/1301/1298
f 1240/1301/1298 1228/1348/1345 1239/1303/1300
f 547/1347/1344 546/1349/1346 1228/1348/1345
f 1228/1348/1345 546/1349/1346 1229/1350/1347
f 1228/1348/1345 1229/1350/1347 1239/1303/1300
f 1239/1303/1300 1229/1350/1347 1238/1305/1302
f 546/1349/1346 545/1351/1348 1229/1350/1347
f 1229/1350/1347 545/1351/1348 1230/1352/1349
f 1229/1350/1347 1230/1352/1349 1238/1305/1302
f 1238/1305/1302 1230/1352/1349 1237/1307/1304
f 545/1351/1348 544/1353/613 1230/1352/1349
f 1230/1352/1349 544/1353/613 1231/1354/1350
f 1230/1352/1349 1231/1354/1350 1237/1307/1304
f 1237/1307/1304 1231/1354/1350 1236/1309/1306
f 543/1355/1351 1233/1356/1352 544/1353/613
f 544/1353/613 1233/1356/1352 1232/1357/1353
f 544/1353/613 1232/1357/1353 1231/1354/1350
f 1231/1354/1350 1232/1357/1353 1236/1309/1306
f 543/1355/1351 1058/1315/1312 1233/1356/1352
f 1233/1356/1352 1058/1315/1312 1234/1313/1310
f 1233/1356/1352 1234/1313/1310 1235/1311/1308
f 1257/1314/1311 1057/1316/1313 1258/1312/1309
f 1258/1312/1309 1057/1316/1313 1192/1358/1354
f 1258/1312/1309 1192/1358/1354 1259/1310/1307
f 1259/1310/1307 1192/1358/1354 1260/1308/1305
f 1192/1358/1354 1193/1359/1355 1260/1308/1305
f 1260/1308/1305 1193/1359/1355 1194/1360/1356
f 1260/1308/1305 1194/1360/1356 1261/1306/1303
f 1261/1306/1303 1194/1360/1356 1195/1361/1357
f 1261/1306/1303 1195/1361/1357 1262/1304/1301
f 1262/1304/1301 1195/1361/1357 1196/1362/1358
f 1262/1304/1301 1196/1362/1358 1263/1302/1299
f 1263/1302/1299 1196/1362/1358 1264/1300/1297
f 1196/1362/1358 1197/1363/1359 1264/1300/1297
f 1264/1300/1297 1197/1363/1359 1265/1298/1295
f 1197/1363/1359 1198/1364/1360 1265/1298/1295
f 1265/1298/1295 1198/1364/1360 1199/1365/1361
f 1265/1298/1295 1199/1365/1361 1266/1296/1293
f 1266/1296/1293 1199/1365/1361 1267/1294/1291
f 1199/1365/1361 1200/1366/1362 1267/1294/1291
f 1267/1294/1291 1200/1366/1362 1268/1292/1289
f 1200/1366/1362 1201/1367/1363 1268/1292/1289
f 1268/1292/1289 1201/1367/1363 1202/1368/1364
f 1268/1292/1289 1202/1368/1364 1269/1290/1287
f 1269/1290/1287 1202/1368/1364 1203/1369/1365
f 1269/1290/1287 1203/1369/1365 1270/1288/1285
f 1270/1288/1285 1203/1369/1365 1271/1286/1283
f 1203/1369/1365 1204/1370/1366 1271/1286/1283
f 1271/1286/1283 1204/1370/1366 1272/1284/1281
f 1204/1370/1366 1205/1371/1367 1272/1284/1281
f 1272/1284/1281 1205/1371/1367 1273/1282/1279
f 1205/1371/1367 1206/1372/1368 1273/1282/1279
f 1273/1282/1279 1206/1372/1368 1207/1373/1369
f 1273/1282/1279 1207/1373/1369 1274/1280/1277
f 1274/1280/1277 1207/1373/1369 1208/1374/1370
f 1274/1280/1277 1208/1374/1370 1275/1278/1275
f 1275/1278/1275 1208/1374/1370 1209/1375/1371
f 1275/1278/1275 1209/1375/1371 1276/1276/1273
f 1276/1276/1273 1209/1375/1371 1210/1376/1372
f 1276/1276/1273 1210/1376/1372 1277/1274/1271
f 1277/1274/1271 1210/1376/1372 1278/1272/1269
f 1210/1376/1372 1003/1377/1373 1278/1272/1269
f 1278/1272/1269 1003/1377/1373 1279/1270/1267
f 1003/1377/1373 1002/1268/1265 1279/1270/1267
f 1255/1271/1268 1256/1269/1266 1212/1317/1314
f 1212/1317/1314 1256/1269/1266 1211/1267/1264
f 1254/1273/1270 1255/1271/1268 1213/1319/1316
f 1213/1319/1316 1255/1271/1268 1212/1317/1314
f 1235/1311/1308 1236/1309/1306 1232/1357/1353
f 1232/1357/1353 1233/1356/1352 1235/1311/1308
f 1101/1378/1374 1744/1379/1375 1102/1380/1376
f 1102/1380/1376 1744/1379/1375 1302/1381/1377
f 1102/1380/1376 1302/1381/1377 1303/1382/1378
f 1303/1382/1378 1302/1381/1377 1772/1383/1379
f 1303/1382/1378 1772/1383/1379 1771/1384/1380
f 1771/1384/1380 1772/1383/1379 1742/1385/1381
f 1771/1384/1380 1742/1385/1381 1741/1386/1382
f 1741/1386/1382 1742/1385/1381 1358/1387/1383
f 1741/1386/1382 1358/1387/1383 1357/1388/1384
f 1357/1388/1384 1358/1387/1383 1366/1389/1385
f 1357/1388/1384 1366/1389/1385 1367/1390/1386
f 1367/1390/1386 1366/1389/1385 1710/1391/1387
f 1367/1390/1386 1710/1391/1387 1709/1392/1388
f 1709/1392/1388 1710/1391/1387 1680/1393/1389
f 1709/1392/1388 1680/1393/1389 1679/1394/1390
f 1679/1394/1390 1680/1393/1389 1414/1395/1391
f 1679/1394/1390 1414/1395/1391 1413/1396/1392
f 1413/1396/1392 1414/1395/1391 1430/1397/1393
f 1413/1396/1392 1430/1397/1393 1431/1398/1394
f 1431/1398/1394 1430/1397/1393 1501/1399/1395
f 1431/1398/1394 1501/1399/1395 1500/1400/1396
f 1500/1400/1396 1501/1399/1395 1462/1401/1397
f 1500/1400/1396 1462/1401/1397 1463/1402/1398
f 1463/1402/1398 1462/1401/1397 1638/1403/1399
f 1463/1402/1398 1638/1403/1399 1639/1404/1400
f 1639/1404/1400 1638/1403/1399 1557/1405/1401
f 1639/1404/1400 1557/1405/1401 1556/1406/1402
f 1556/1406/1402 1557/1405/1401 1523/1407/1403
f 1556/1406/1402 1523/1407/1403 1524/1408/1404
f 1524/1408/1404 1523/1407/1403 1584/1409/1405
f 1524/1408/1404 1584/1409/1405 1585/1410/1406
f 1585/1410/1406 1584/1409/1405 1613/1411/1407
f 1585/1410/1406 1613/1411/1407 1612/1412/1408
f 1612/1412/1408 1613/1411/1407 1287/1413/1409
f 1612/1412/1408 1287/1413/1409 1288/1414/1410
f 1100/1415/1411 1297/1416/1412 1101/1378/1374
f 1101/1378/1374 1297/1416/1412 1686/1417/1413
f 1101/1378/1374 1686/1417/1413 1362/1418/1414
f 1362/1418/1414 1686/1417/1413 1714/1419/1415
f 1362/1418/1414 1714/1419/1415 1363/1420/1416
f 1363/1420/1416 1714/1419/1415 1713/1421/1417
f 1363/1420/1416 1713/1421/1417 1364/1422/1418
f 1364/1422/1418 1713/1421/1417 1712/1423/1419
f 1364/1422/1418 1712/1423/1419 1365/1424/1420
f 1365/1424/1420 1712/1423/1419 1711/1425/1421
f 1365/1424/1420 1711/1425/1421 1366/1389/1385
f 1366/1389/1385 1711/1425/1421 1710/1391/1387
f 1099/1426/1422 1296/1427/1423 1100/1415/1411
f 1100/1415/1411 1296/1427/1423 1422/1428/1424
f 1100/1415/1411 1422/1428/1424 1421/1429/1425
f 1421/1429/1425 1422/1428/1424 1423/1430/1426
f 1421/1429/1425 1423/1430/1426 1420/1431/1427
f 1420/1431/1427 1423/1430/1426 1424/1432/1428
f 1420/1431/1427 1424/1432/1428 1419/1433/1429
f 1419/1433/1429 1424/1432/1428 1425/1434/1430
f 1419/1433/1429 1425/1434/1430 1418/1435/1431
f 1418/1435/1431 1425/1434/1430 1426/1436/1432
f 1418/1435/1431 1426/1436/1432 1417/1437/1433
f 1417/1437/1433 1426/1436/1432 1427/1438/1434
f 1417/1437/1433 1427/1438/1434 1416/1439/1435
f 1416/1439/1435 1427/1438/1434 1428/1440/1436
f 1416/1439/1435 1428/1440/1436 1415/1441/1437
f 1415/1441/1437 1428/1440/1436 1429/1442/1438
f 1415/1441/1437 1429/1442/1438 1414/1395/1391
f 1414/1395/1391 1429/1442/1438 1430/1397/1393
f 1098/1443/1439 1294/1444/1440 1099/1426/1422
f 1099/1426/1422 1294/1444/1440 1452/1445/1441
f 1099/1426/1422 1452/1445/1441 1296/1427/1423
f 1296/1427/1423 1452/1445/1441 1453/1446/1442
f 1296/1427/1423 1453/1446/1442 1509/1447/1443
f 1509/1447/1443 1453/1446/1442 1454/1448/1444
f 1509/1447/1443 1454/1448/1444 1508/1449/1445
f 1508/1449/1445 1454/1448/1444 1455/1450/1446
f 1508/1449/1445 1455/1450/1446 1507/1451/1447
f 1507/1451/1447 1455/1450/1446 1456/1452/1448
f 1507/1451/1447 1456/1452/1448 1506/1453/1449
f 1506/1453/1449 1456/1452/1448 1457/1454/1450
f 1506/1453/1449 1457/1454/1450 1505/1455/1451
f 1505/1455/1451 1457/1454/1450 1458/1456/1452
f 1505/1455/1451 1458/1456/1452 1504/1457/1453
f 1504/1457/1453 1458/1456/1452 1459/1458/1454
f 1504/1457/1453 1459/1458/1454 1503/1459/1455
f 1503/1459/1455 1459/1458/1454 1460/1460/1456
f 1503/1459/1455 1460/1460/1456 1502/1461/1457
f 1502/1461/1457 1460/1460/1456 1461/1462/1458
f 1502/1461/1457 1461/1462/1458 1501/1399/1395
f 1501/1399/1395 1461/1462/1458 1462/1401/1397
f 1097/1463/1459 1510/1464/1460 1098/1443/1439
f 1098/1443/1439 1510/1464/1460 1569/1465/1461
f 1098/1443/1439 1569/1465/1461 1294/1444/1440
f 1294/1444/1440 1569/1465/1461 1568/1466/1462
f 1294/1444/1440 1568/1466/1462 1628/1467/1463
f 1628/1467/1463 1568/1466/1462 1567/1468/1464
f 1628/1467/1463 1567/1468/1464 1629/1469/1465
f 1629/1469/1465 1567/1468/1464 1566/1470/1466
f 1629/1469/1465 1566/1470/1466 1630/1471/1467
f 1630/1471/1467 1566/1470/1466 1565/1472/1468
f 1630/1471/1467 1565/1472/1468 1631/1473/1469
f 1631/1473/1469 1565/1472/1468 1564/1474/1470
f 1631/1473/1469 1564/1474/1470 1632/1475/1471
f 1632/1475/1471 1564/1474/1470 1563/1476/1472
f 1632/1475/1471 1563/1476/1472 1633/1477/1473
f 1633/1477/1473 1563/1476/1472 1562/1478/1474
f 1633/1477/1473 1562/1478/1474 1634/1479/1475
f 1634/1479/1475 1562/1478/1474 1561/1480/1476
f 1634/1479/1475 1561/1480/1476 1635/1481/1477
f 1635/1481/1477 1561/1480/1476 1560/1482/1478
f 1635/1481/1477 1560/1482/1478 1636/1483/1479
f 1636/1483/1479 1560/1482/1478 1559/1484/1480
f 1636/1483/1479 1559/1484/1480 1637/1485/1481
f 1637/1485/1481 1559/1484/1480 1558/1486/1482
f 1637/1485/1481 1558/1486/1482 1638/1403/1399
f 1638/1403/1399 1558/1486/1482 1557/1405/1401
f 1096/1487/1483 1293/1488/1484 1097/1463/1459
f 1097/1463/1459 1293/1488/1484 1570/1489/1485
f 1097/1463/1459 1570/1489/1485 1510/1464/1460
f 1510/1464/1460 1570/1489/1485 1571/1490/1486
f 1510/1464/1460 1571/1490/1486 1511/1491/1487
f 1511/1491/1487 1571/1490/1486 1572/1492/1488
f 1511/1491/1487 1572/1492/1488 1512/1493/1489
f 1512/1493/1489 1572/1492/1488 1573/1494/1490
f 1512/1493/1489 1573/1494/1490 1513/1495/1491
f 1513/1495/1491 1573/1494/1490 1574/1496/1492
f 1513/1495/1491 1574/1496/1492 1514/1497/1493
f 1514/1497/1493 1574/1496/1492 1575/1498/1494
f 1514/1497/1493 1575/1498/1494 1515/1499/1495
f 1515/1499/1495 1575/1498/1494 1576/1500/1496
f 1515/1499/1495 1576/1500/1496 1516/1501/1497
f 1516/1501/1497 1576/1500/1496 1577/1502/1498
f 1516/1501/1497 1577/1502/1498 1517/1503/1499
f 1517/1503/1499 1577/1502/1498 1578/1504/1500
f 1517/1503/1499 1578/1504/1500 1518/1505/1501
f 1518/1505/1501 1578/1504/1500 1579/1506/1502
f 1518/1505/1501 1579/1506/1502 1519/1507/1503
f 1519/1507/1503 1579/1506/1502 1580/1508/1504
f 1519/1507/1503 1580/1508/1504 1520/1509/1505
f 1520/1509/1505 1580/1508/1504 1581/1510/1506
f 1520/1509/1505 1581/1510/1506 1521/1511/1507
f 1521/1511/1507 1581/1510/1506 1582/1512/1508
f 1521/1511/1507 1582/1512/1508 1522/1513/1509
f 1522/1513/1509 1582/1512/1508 1583/1514/1510
f 1522/1513/1509 1583/1514/1510 1523/1407/1403
f 1523/1407/1403 1583/1514/1510 1584/1409/1405
f 1096/1487/1483 1280/1515/1511 1293/1488/1484
f 1293/1488/1484 1280/1515/1511 1627/1516/1512
f 1293/1488/1484 1627/1516/1512 1570/1489/1485
f 1570/1489/1485 1627/1516/1512 1571/1490/1486
f 1627/1516/1512 1280/1515/1511 1626/1517/1513
f 1626/1517/1513 1280/1515/1511 1281/1518/1514
f 1626/1517/1513 1281/1518/1514 1625/1519/1515
f 1625/1519/1515 1281/1518/1514 1282/1520/1516
f 1625/1519/1515 1282/1520/1516 1624/1521/1517
f 1624/1521/1517 1282/1520/1516 1283/1522/1518
f 1624/1521/1517 1283/1522/1518 1623/1523/1519
f 1623/1523/1519 1283/1522/1518 1284/1524/1520
f 1623/1523/1519 1284/1524/1520 1622/1525/1521
f 1622/1525/1521 1284/1524/1520 1621/1526/1522
f 1622/1525/1521 1621/1526/1522 1576/1500/1496
f 1576/1500/1496 1621/1526/1522 1577/1502/1498
f 1284/1524/1520 1285/1527/1523 1621/1526/1522
f 1621/1526/1522 1285/1527/1523 1620/1528/1524
f 1621/1526/1522 1620/1528/1524 1577/1502/1498
f 1577/1502/1498 1620/1528/1524 1578/1504/1500
f 1620/1528/1524 1285/1527/1523 1619/1529/1525
f 1619/1529/1525 1285/1527/1523 1286/1530/1526
f 1619/1529/1525 1286/1530/1526 1618/1531/1527
f 1618/1531/1527 1286/1530/1526 1617/1532/1528
f 1618/1531/1527 1617/1532/1528 1580/1508/1504
f 1580/1508/1504 1617/1532/1528 1581/1510/1506
f 1286/1530/1526 1287/1413/1409 1617/1532/1528
f 1617/1532/1528 1287/1413/1409 1616/1533/1529
f 1617/1532/1528 1616/1533/1529 1581/1510/1506
f 1581/1510/1506 1616/1533/1529 1582/1512/1508
f 1289/1534/1530 1606/1535/1531 1288/1414/1410
f 1288/1414/1410 1606/1535/1531 1607/1536/1532
f 1288/1414/1410 1607/1536/1532 1608/1537/1533
f 1608/1537/1533 1607/1536/1532 1590/1538/1534
f 1608/1537/1533 1590/1538/1534 1589/1539/1535
f 1589/1539/1535 1590/1538/1534 1529/1540/1536
f 1589/1539/1535 1529/1540/1536 1528/1541/1537
f 1528/1541/1537 1529/1540/1536 1551/1542/1538
f 1528/1541/1537 1551/1542/1538 1552/1543/1539
f 1552/1543/1539 1551/1542/1538 1644/1544/1540
f 1552/1543/1539 1644/1544/1540 1643/1545/1541
f 1643/1545/1541 1644/1544/1540 1468/1546/1542
f 1643/1545/1541 1468/1546/1542 1467/1547/1543
f 1467/1547/1543 1468/1546/1542 1495/1548/1544
f 1467/1547/1543 1495/1548/1544 1496/1549/1545
f 1496/1549/1545 1495/1548/1544 1436/1550/1546
f 1496/1549/1545 1436/1550/1546 1435/1551/1547
f 1435/1551/1547 1436/1550/1546 1408/1552/1548
f 1435/1551/1547 1408/1552/1548 1409/1553/1549
f 1409/1553/1549 1408/1552/1548 1674/1554/1550
f 1409/1553/1549 1674/1554/1550 1675/1555/1551
f 1675/1555/1551 1674/1554/1550 1704/1556/1552
f 1675/1555/1551 1704/1556/1552 1705/1557/1553
f 1705/1557/1553 1704/1556/1552 1372/1558/1554
f 1705/1557/1553 1372/1558/1554 1371/1559/1555
f 1371/1559/1555 1372/1558/1554 1352/1560/1556
f 1371/1559/1555 1352/1560/1556 1353/1561/1557
f 1353/1561/1557 1352/1560/1556 1736/1562/1558
f 1353/1561/1557 1736/1562/1558 1737/1563/1559
f 1737/1563/1559 1736/1562/1558 1766/1564/1560
f 1737/1563/1559 1766/1564/1560 1767/1565/1561
f 1767/1565/1561 1766/1564/1560 1308/1566/1562
f 1767/1565/1561 1308/1566/1562 1307/1567/1563
f 1307/1567/1563 1308/1566/1562 1105/1568/1564
f 1307/1567/1563 1105/1568/1564 1306/1569/1565
f 1306/1569/1565 1105/1568/1564 1104/1570/1566
f 1306/1569/1565 1104/1570/1566 1305/1571/1567
f 1305/1571/1567 1104/1570/1566 1304/1572/1568
f 1305/1571/1567 1304/1572/1568 1770/1573/1569
f 1770/1573/1569 1304/1572/1568 1771/1384/1380
f 1770/1573/1569 1771/1384/1380 1741/1386/1382
f 1290/1574/1570 1604/1575/1571 1289/1534/1530
f 1289/1534/1530 1604/1575/1571 1605/1576/1572
f 1289/1534/1530 1605/1576/1572 1606/1535/1531
f 1606/1535/1531 1605/1576/1572 1592/1577/1573
f 1606/1535/1531 1592/1577/1573 1591/1578/1574
f 1591/1578/1574 1592/1577/1573 1531/1579/1575
f 1591/1578/1574 1531/1579/1575 1530/1580/1576
f 1530/1580/1576 1531/1579/1575 1549/1581/1577
f 1530/1580/1576 1549/1581/1577 1550/1582/1578
f 1550/1582/1578 1549/1581/1577 1646/1583/1579
f 1550/1582/1578 1646/1583/1579 1645/1584/1580
f 1645/1584/1580 1646/1583/1579 1470/1585/1581
f 1645/1584/1580 1470/1585/1581 1469/1586/1582
f 1469/1586/1582 1470/1585/1581 1493/1587/1583
f 1469/1586/1582 1493/1587/1583 1494/1588/1584
f 1494/1588/1584 1493/1587/1583 1438/1589/1585
f 1494/1588/1584 1438/1589/1585 1437/1590/1586
f 1437/1590/1586 1438/1589/1585 1406/1591/1587
f 1437/1590/1586 1406/1591/1587 1407/1592/1588
f 1407/1592/1588 1406/1591/1587 1672/1593/1589
f 1407/1592/1588 1672/1593/1589 1673/1594/1590
f 1673/1594/1590 1672/1593/1589 1702/1595/1591
f 1673/1594/1590 1702/1595/1591 1703/1596/1592
f 1703/1596/1592 1702/1595/1591 1374/1597/1593
f 1703/1596/1592 1374/1597/1593 1373/1598/1594
f 1373/1598/1594 1374/1597/1593 1350/1599/1595
f 1373/1598/1594 1350/1599/1595 1351/1600/1596
f 1351/1600/1596 1350/1599/1595 1734/1601/1597
f 1351/1600/1596 1734/1601/1597 1735/1602/1598
f 1735/1602/1598 1734/1601/1597 1764/1603/1599
f 1735/1602/1598 1764/1603/1599 1765/1604/1600
f 1765/1604/1600 1764/1603/1599 1310/1605/1601
f 1765/1604/1600 1310/1605/1601 1309/1606/1602
f 1309/1606/1602 1310/1605/1601 1108/1607/1603
f 1309/1606/1602 1108/1607/1603 1107/1608/1604
f 1291/1609/1605 1601/1610/1606 1290/1574/1570
f 1290/1574/1570 1601/1610/1606 1602/1611/1607
f 1290/1574/1570 1602/1611/1607 1603/1612/1608
f 1603/1612/1608 1602/1611/1607 1595/1613/1609
f 1603/1612/1608 1595/1613/1609 1594/1614/1610
f 1594/1614/1610 1595/1613/1609 1534/1615/1611
f 1594/1614/1610 1534/1615/1611 1533/1616/1612
f 1533/1616/1612 1534/1615/1611 1546/1617/1613
f 1533/1616/1612 1546/1617/1613 1547/1618/1614
f 1547/1618/1614 1546/1617/1613 1649/1619/1615
f 1547/1618/1614 1649/1619/1615 1648/1620/1616
f 1648/1620/1616 1649/1619/1615 1473/1621/1617
f 1648/1620/1616 1473/1621/1617 1472/1622/1618
f 1472/1622/1618 1473/1621/1617 1490/1623/1619
f 1472/1622/1618 1490/1623/1619 1491/1624/1620
f 1491/1624/1620 1490/1623/1619 1441/1625/1621
f 1491/1624/1620 1441/1625/1621 1440/1626/1622
f 1440/1626/1622 1441/1625/1621 1403/1627/1623
f 1440/1626/1622 1403/1627/1623 1404/1628/1624
f 1404/1628/1624 1403/1627/1623 1669/1629/1625
f 1404/1628/1624 1669/1629/1625 1670/1630/1626
f 1670/1630/1626 1669/1629/1625 1699/1631/1627
f 1670/1630/1626 1699/1631/1627 1700/1632/1628
f 1700/1632/1628 1699/1631/1627 1377/1633/1629
f 1700/1632/1628 1377/1633/1629 1376/1634/1630
f 1376/1634/1630 1377/1633/1629 1347/1635/1631
f 1376/1634/1630 1347/1635/1631 1348/1636/1632
f 1348/1636/1632 1347/1635/1631 1731/1637/1633
f 1348/1636/1632 1731/1637/1633 1732/1638/1634
f 1732/1638/1634 1731/1637/1633 1761/1639/1635
f 1732/1638/1634 1761/1639/1635 1762/1640/1636
f 1762/1640/1636 1761/1639/1635 1313/1641/1637
f 1762/1640/1636 1313/1641/1637 1312/1642/1638
f 1312/1642/1638 1313/1641/1637 1114/1643/1639
f 1312/1642/1638 1114/1643/1639 1113/1644/1640
f 1601/1610/1606 1291/1609/1605 1600/1645/1641
f 1600/1645/1641 1291/1609/1605 1292/1646/1642
f 1600/1645/1641 1292/1646/1642 1599/1647/1643
f 1599/1647/1643 1292/1646/1642 1042/1648/1644
f 1599/1647/1643 1042/1648/1644 1041/1649/1645
f 1040/1650/1646 1451/1651/1647 1041/1649/1645
f 1041/1649/1645 1451/1651/1647 1481/1652/1648
f 1041/1649/1645 1481/1652/1648 1656/1653/1649
f 1656/1653/1649 1481/1652/1648 1480/1654/1650
f 1656/1653/1649 1480/1654/1650 1655/1655/1651
f 1655/1655/1651 1480/1654/1650 1479/1656/1652
f 1655/1655/1651 1479/1656/1652 1654/1657/1653
f 1654/1657/1653 1479/1656/1652 1478/1658/1654
f 1654/1657/1653 1478/1658/1654 1653/1659/1655
f 1653/1659/1655 1478/1658/1654 1477/1660/1656
f 1653/1659/1655 1477/1660/1656 1652/1661/1657
f 1652/1661/1657 1477/1660/1656 1476/1662/1658
f 1652/1661/1657 1476/1662/1658 1651/1663/1659
f 1651/1663/1659 1476/1662/1658 1475/1664/1660
f 1651/1663/1659 1475/1664/1660 1650/1665/1661
f 1650/1665/1661 1475/1664/1660 1474/1666/1662
f 1650/1665/1661 1474/1666/1662 1649/1619/1615
f 1649/1619/1615 1474/1666/1662 1473/1621/1617
f 1039/1667/1663 1299/1668/1664 1040/1650/1646
f 1040/1650/1646 1299/1668/1664 1657/1669/1665
f 1040/1650/1646 1657/1669/1665 1392/1670/1666
f 1392/1670/1666 1657/1669/1665 1658/1671/1667
f 1392/1670/1666 1658/1671/1667 1393/1672/1668
f 1393/1672/1668 1658/1671/1667 1659/1673/1669
f 1393/1672/1668 1659/1673/1669 1394/1674/1670
f 1394/1674/1670 1659/1673/1669 1660/1675/1671
f 1394/1674/1670 1660/1675/1671 1395/1676/1672
f 1395/1676/1672 1660/1675/1671 1661/1677/1673
f 1395/1676/1672 1661/1677/1673 1396/1678/1674
f 1396/1678/1674 1661/1677/1673 1662/1679/1675
f 1396/1678/1674 1662/1679/1675 1397/1680/1676
f 1397/1680/1676 1662/1679/1675 1663/1681/1677
f 1397/1680/1676 1663/1681/1677 1398/1682/1678
f 1398/1682/1678 1663/1681/1677 1664/1683/1679
f 1398/1682/1678 1664/1683/1679 1399/1684/1680
f 1399/1684/1680 1664/1683/1679 1665/1685/1681
f 1399/1684/1680 1665/1685/1681 1400/1686/1682
f 1400/1686/1682 1665/1685/1681 1666/1687/1683
f 1400/1686/1682 1666/1687/1683 1401/1688/1684
f 1401/1688/1684 1666/1687/1683 1667/1689/1685
f 1401/1688/1684 1667/1689/1685 1402/1690/1686
f 1402/1690/1686 1667/1689/1685 1668/1691/1687
f 1402/1690/1686 1668/1691/1687 1403/1627/1623
f 1403/1627/1623 1668/1691/1687 1669/1629/1625
f 1038/1692/1688 1122/1693/1261 1039/1667/1663
f 1039/1667/1663 1122/1693/1261 1332/1694/1689
f 1039/1667/1663 1332/1694/1689 1391/1695/1690
f 1391/1695/1690 1332/1694/1689 1333/1696/1691
f 1391/1695/1690 1333/1696/1691 1390/1697/1692
f 1390/1697/1692 1333/1696/1691 1334/1698/1693
f 1390/1697/1692 1334/1698/1693 1389/1699/1694
f 1389/1699/1694 1334/1698/1693 1335/1700/1695
f 1389/1699/1694 1335/1700/1695 1388/1701/1696
f 1388/1701/1696 1335/1700/1695 1336/1702/1697
f 1388/1701/1696 1336/1702/1697 1387/1703/1698
f 1387/1703/1698 1336/1702/1697 1337/1704/1699
f 1387/1703/1698 1337/1704/1699 1386/1705/1700
f 1386/1705/1700 1337/1704/1699 1338/1706/1701
f 1386/1705/1700 1338/1706/1701 1385/1707/1702
f 1385/1707/1702 1338/1706/1701 1339/1708/1703
f 1385/1707/1702 1339/1708/1703 1384/1709/1704
f 1384/1709/1704 1339/1708/1703 1340/1710/1705
f 1384/1709/1704 1340/1710/1705 1383/1711/1706
f 1383/1711/1706 1340/1710/1705 1341/1712/1707
f 1383/1711/1706 1341/1712/1707 1382/1713/1708
f 1382/1713/1708 1341/1712/1707 1342/1714/1709
f 1382/1713/1708 1342/1714/1709 1381/1715/1710
f 1381/1715/1710 1342/1714/1709 1343/1716/1711
f 1381/1715/1710 1343/1716/1711 1380/1717/1712
f 1380/1717/1712 1343/1716/1711 1344/1718/1713
f 1380/1717/1712 1344/1718/1713 1379/1719/1714
f 1379/1719/1714 1344/1718/1713 1345/1720/1715
f 1379/1719/1714 1345/1720/1715 1378/1721/1716
f 1378/1721/1716 1345/1720/1715 1346/1722/1717
f 1378/1721/1716 1346/1722/1717 1377/1633/1629
f 1377/1633/1629 1346/1722/1717 1347/1635/1631
f 1121/1723/1718 1330/1724/1719 1122/1693/1261
f 1122/1693/1261 1330/1724/1719 1331/1725/1720
f 1122/1693/1261 1331/1725/1720 1301/1726/1721
f 1301/1726/1721 1331/1725/1720 1330/1724/1719
f 1301/1726/1721 1330/1724/1719 1745/1727/1722
f 1745/1727/1722 1330/1724/1719 1329/1728/1723
f 1745/1727/1722 1329/1728/1723 1746/1729/1724
f 1746/1729/1724 1329/1728/1723 1328/1730/1725
f 1746/1729/1724 1328/1730/1725 1747/1731/1726
f 1747/1731/1726 1328/1730/1725 1327/1732/1727
f 1747/1731/1726 1327/1732/1727 1748/1733/1728
f 1748/1733/1728 1327/1732/1727 1326/1734/1729
f 1748/1733/1728 1326/1734/1729 1749/1735/1730
f 1749/1735/1730 1326/1734/1729 1325/1736/1731
f 1749/1735/1730 1325/1736/1731 1750/1737/1732
f 1750/1737/1732 1325/1736/1731 1324/1738/1733
f 1750/1737/1732 1324/1738/1733 1751/1739/1734
f 1751/1739/1734 1324/1738/1733 1323/1740/1735
f 1751/1739/1734 1323/1740/1735 1752/1741/1736
f 1752/1741/1736 1323/1740/1735 1322/1742/1737
f 1752/1741/1736 1322/1742/1737 1753/1743/1738
f 1753/1743/1738 1322/1742/1737 1321/1744/1739
f 1753/1743/1738 1321/1744/1739 1754/1745/1740
f 1754/1745/1740 1321/1744/1739 1320/1746/1741
f 1754/1745/1740 1320/1746/1741 1755/1747/1742
f 1755/1747/1742 1320/1746/1741 1319/1748/1743
f 1755/1747/1742 1319/1748/1743 1756/1749/1744
f 1756/1749/1744 1319/1748/1743 1318/1750/1745
f 1756/1749/1744 1318/1750/1745 1757/1751/1746
f 1757/1751/1746 1318/1750/1745 1317/1752/1747
f 1757/1751/1746 1317/1752/1747 1758/1753/1748
f 1758/1753/1748 1317/1752/1747 1316/1754/1749
f 1758/1753/1748 1316/1754/1749 1759/1755/1750
f 1759/1755/1750 1316/1754/1749 1315/1756/1751
f 1759/1755/1750 1315/1756/1751 1760/1757/1752
f 1760/1757/1752 1315/1756/1751 1314/1758/1753
f 1760/1757/1752 1314/1758/1753 1761/1639/1635
f 1761/1639/1635 1314/1758/1753 1313/1641/1637
f 1120/1759/1754 1323/1740/1735 1121/1723/1718
f 1121/1723/1718 1323/1740/1735 1324/1738/1733
f 1121/1723/1718 1324/1738/1733 1325/1736/1731
f 1119/1760/1755 1321/1744/1739 1120/1759/1754
f 1120/1759/1754 1321/1744/1739 1322/1742/1737
f 1120/1759/1754 1322/1742/1737 1323/1740/1735
f 1118/1761/1756 1319/1748/1743 1119/1760/1755
f 1119/1760/1755 1319/1748/1743 1320/1746/1741
f 1119/1760/1755 1320/1746/1741 1321/1744/1739
f 1117/1762/1757 1317/1752/1747 1118/1761/1756
f 1118/1761/1756 1317/1752/1747 1318/1750/1745
f 1118/1761/1756 1318/1750/1745 1319/1748/1743
f 1116/1763/1758 1315/1756/1751 1117/1762/1757
f 1117/1762/1757 1315/1756/1751 1316/1754/1749
f 1117/1762/1757 1316/1754/1749 1317/1752/1747
f 1315/1756/1751 1116/1763/1758 1314/1758/1753
f 1314/1758/1753 1116/1763/1758 1115/1764/1759
f 1314/1758/1753 1115/1764/1759 1313/1641/1637
f 1313/1641/1637 1115/1764/1759 1114/1643/1639
f 1113/1644/1640 1112/1765/1760 1312/1642/1638
f 1312/1642/1638 1112/1765/1760 1311/1766/1761
f 1312/1642/1638 1311/1766/1761 1763/1767/1762
f 1763/1767/1762 1311/1766/1761 1764/1603/1599
f 1763/1767/1762 1764/1603/1599 1734/1601/1597
f 1112/1765/1760 1111/1768/1763 1311/1766/1761
f 1311/1766/1761 1111/1768/1763 1110/1769/1764
f 1311/1766/1761 1110/1769/1764 1310/1605/1601
f 1310/1605/1601 1110/1769/1764 1109/1770/1765
f 1310/1605/1601 1109/1770/1765 1108/1607/1603
f 1107/1608/1604 1106/1771/1766 1309/1606/1602
f 1309/1606/1602 1106/1771/1766 1308/1566/1562
f 1309/1606/1602 1308/1566/1562 1766/1564/1560
f 1106/1771/1766 1105/1568/1564 1308/1566/1562
f 1304/1572/1568 1104/1570/1566 1303/1382/1378
f 1303/1382/1378 1104/1570/1566 1102/1380/1376
f 1041/1649/1645 1540/1772/1767 1599/1647/1643
f 1599/1647/1643 1540/1772/1767 1598/1773/1768
f 1599/1647/1643 1598/1773/1768 1600/1645/1641
f 1600/1645/1641 1598/1773/1768 1597/1774/1769
f 1600/1645/1641 1597/1774/1769 1601/1610/1606
f 1601/1610/1606 1597/1774/1769 1596/1775/1770
f 1601/1610/1606 1596/1775/1770 1602/1611/1607
f 1602/1611/1607 1596/1775/1770 1595/1613/1609
f 1041/1649/1645 1656/1653/1649 1295/1776/1771
f 1295/1776/1771 1656/1653/1649 1655/1655/1651
f 1295/1776/1771 1655/1655/1651 1541/1777/1772
f 1541/1777/1772 1655/1655/1651 1654/1657/1653
f 1541/1777/1772 1654/1657/1653 1542/1778/1773
f 1542/1778/1773 1654/1657/1653 1653/1659/1655
f 1542/1778/1773 1653/1659/1655 1543/1779/1774
f 1543/1779/1774 1653/1659/1655 1652/1661/1657
f 1543/1779/1774 1652/1661/1657 1544/1780/1775
f 1544/1780/1775 1652/1661/1657 1651/1663/1659
f 1544/1780/1775 1651/1663/1659 1545/1781/1776
f 1545/1781/1776 1651/1663/1659 1650/1665/1661
f 1545/1781/1776 1650/1665/1661 1546/1617/1613
f 1546/1617/1613 1650/1665/1661 1649/1619/1615
f 1100/1415/1411 1421/1429/1425 1297/1416/1412
f 1297/1416/1412 1421/1429/1425 1420/1431/1427
f 1297/1416/1412 1420/1431/1427 1685/1782/1777
f 1685/1782/1777 1420/1431/1427 1419/1433/1429
f 1685/1782/1777 1419/1433/1429 1684/1783/1778
f 1684/1783/1778 1419/1433/1429 1418/1435/1431
f 1684/1783/1778 1418/1435/1431 1683/1784/1779
f 1683/1784/1779 1418/1435/1431 1417/1437/1433
f 1683/1784/1779 1417/1437/1433 1682/1785/1780
f 1682/1785/1780 1417/1437/1433 1416/1439/1435
f 1682/1785/1780 1416/1439/1435 1681/1786/1781
f 1681/1786/1781 1416/1439/1435 1415/1441/1437
f 1681/1786/1781 1415/1441/1437 1680/1393/1389
f 1680/1393/1389 1415/1441/1437 1414/1395/1391
f 1040/1650/1646 1392/1670/1666 1298/1787/1782
f 1298/1787/1782 1392/1670/1666 1393/1672/1668
f 1298/1787/1782 1393/1672/1668 1450/1788/1783
f 1450/1788/1783 1393/1672/1668 1394/1674/1670
f 1450/1788/1783 1394/1674/1670 1449/1789/1784
f 1449/1789/1784 1394/1674/1670 1395/1676/1672
f 1449/1789/1784 1395/1676/1672 1448/1790/1785
f 1448/1790/1785 1395/1676/1672 1396/1678/1674
f 1448/1790/1785 1396/1678/1674 1447/1791/1786
f 1447/1791/1786 1396/1678/1674 1397/1680/1676
f 1447/1791/1786 1397/1680/1676 1446/1792/1787
f 1446/1792/1787 1397/1680/1676 1398/1682/1678
f 1446/1792/1787 1398/1682/1678 1445/1793/1788
f 1445/1793/1788 1398/1682/1678 1399/1684/1680
f 1445/1793/1788 1399/1684/1680 1444/1794/1789
f 1444/1794/1789 1399/1684/1680 1400/1686/1682
f 1444/1794/1789 1400/1686/1682 1443/1795/1790
f 1443/1795/1790 1400/1686/1682 1401/1688/1684
f 1443/1795/1790 1401/1688/1684 1442/1796/1791
f 1442/1796/1791 1401/1688/1684 1402/1690/1686
f 1442/1796/1791 1402/1690/1686 1441/1625/1621
f 1441/1625/1621 1402/1690/1686 1403/1627/1623
f 1039/1667/1663 1391/1695/1690 1299/1668/1664
f 1299/1668/1664 1391/1695/1690 1390/1697/1692
f 1299/1668/1664 1390/1697/1692 1687/1797/1792
f 1687/1797/1792 1390/1697/1692 1389/1699/1694
f 1687/1797/1792 1389/1699/1694 1688/1798/1793
f 1688/1798/1793 1389/1699/1694 1388/1701/1696
f 1688/1798/1793 1388/1701/1696 1689/1799/1794
f 1689/1799/1794 1388/1701/1696 1387/1703/1698
f 1689/1799/1794 1387/1703/1698 1690/1800/1795
f 1690/1800/1795 1387/1703/1698 1386/1705/1700
f 1690/1800/1795 1386/1705/1700 1691/1801/1796
f 1691/1801/1796 1386/1705/1700 1385/1707/1702
f 1691/1801/1796 1385/1707/1702 1692/1802/1797
f 1692/1802/1797 1385/1707/1702 1384/1709/1704
f 1692/1802/1797 1384/1709/1704 1693/1803/1798
f 1693/1803/1798 1384/1709/1704 1383/1711/1706
f 1693/1803/1798 1383/1711/1706 1694/1804/1799
f 1694/1804/1799 1383/1711/1706 1382/1713/1708
f 1694/1804/1799 1382/1713/1708 1695/1805/1800
f 1695/1805/1800 1382/1713/1708 1381/1715/1710
f 1695/1805/1800 1381/1715/1710 1696/1806/1801
f 1696/1806/1801 1381/1715/1710 1380/1717/1712
f 1696/1806/1801 1380/1717/1712 1697/1807/1802
f 1697/1807/1802 1380/1717/1712 1379/1719/1714
f 1697/1807/1802 1379/1719/1714 1698/1808/1803
f 1698/1808/1803 1379/1719/1714 1378/1721/1716
f 1698/1808/1803 1378/1721/1716 1699/1631/1627
f 1699/1631/1627 1378/1721/1716 1377/1633/1629
f 1300/1809/1804 1101/1378/1374 1361/1810/1805
f 1361/1810/1805 1101/1378/1374 1362/1418/1414
f 1361/1810/1805 1362/1418/1414 1363/1420/1416
f 1772/1383/1379 1302/1381/1377 1744/1379/1375
f 1771/1384/1380 1304/1572/1568 1303/1382/1378
f 1306/1569/1565 1305/1571/1567 1769/1811/1806
f 1769/1811/1806 1305/1571/1567 1770/1573/1569
f 1769/1811/1806 1770/1573/1569 1740/1812/1807
f 1740/1812/1807 1770/1573/1569 1741/1386/1382
f 1740/1812/1807 1741/1386/1382 1357/1388/1384
f 1307/1567/1563 1306/1569/1565 1768/1813/1808
f 1768/1813/1808 1306/1569/1565 1769/1811/1806
f 1768/1813/1808 1769/1811/1806 1739/1814/1809
f 1739/1814/1809 1769/1811/1806 1740/1812/1807
f 1739/1814/1809 1740/1812/1807 1356/1815/1810
f 1356/1815/1810 1740/1812/1807 1357/1388/1384
f 1356/1815/1810 1357/1388/1384 1367/1390/1386
f 1765/1604/1600 1309/1606/1602 1766/1564/1560
f 1764/1603/1599 1311/1766/1761 1310/1605/1601
f 1762/1640/1636 1312/1642/1638 1763/1767/1762
f 1325/1736/1731 1326/1734/1729 1121/1723/1718
f 1121/1723/1718 1326/1734/1729 1327/1732/1727
f 1121/1723/1718 1327/1732/1727 1328/1730/1725
f 1330/1724/1719 1121/1723/1718 1329/1728/1723
f 1329/1728/1723 1121/1723/1718 1328/1730/1725
f 1122/1693/1261 1301/1726/1721 1715/1816/1811
f 1715/1816/1811 1301/1726/1721 1745/1727/1722
f 1715/1816/1811 1745/1727/1722 1716/1817/1812
f 1716/1817/1812 1745/1727/1722 1746/1729/1724
f 1716/1817/1812 1746/1729/1724 1717/1818/1813
f 1717/1818/1813 1746/1729/1724 1747/1731/1726
f 1717/1818/1813 1747/1731/1726 1718/1819/1814
f 1718/1819/1814 1747/1731/1726 1748/1733/1728
f 1718/1819/1814 1748/1733/1728 1719/1820/1815
f 1719/1820/1815 1748/1733/1728 1749/1735/1730
f 1719/1820/1815 1749/1735/1730 1720/1821/1816
f 1720/1821/1816 1749/1735/1730 1750/1737/1732
f 1720/1821/1816 1750/1737/1732 1721/1822/1817
f 1721/1822/1817 1750/1737/1732 1751/1739/1734
f 1721/1822/1817 1751/1739/1734 1722/1823/1818
f 1722/1823/1818 1751/1739/1734 1752/1741/1736
f 1722/1823/1818 1752/1741/1736 1723/1824/1819
f 1723/1824/1819 1752/1741/1736 1753/1743/1738
f 1723/1824/1819 1753/1743/1738 1724/1825/1820
f 1724/1825/1820 1753/1743/1738 1754/1745/1740
f 1724/1825/1820 1754/1745/1740 1725/1826/1821
f 1725/1826/1821 1754/1745/1740 1755/1747/1742
f 1725/1826/1821 1755/1747/1742 1726/1827/1822
f 1726/1827/1822 1755/1747/1742 1756/1749/1744
f 1726/1827/1822 1756/1749/1744 1727/1828/1823
f 1727/1828/1823 1756/1749/1744 1757/1751/1746
f 1727/1828/1823 1757/1751/1746 1728/1829/1824
f 1728/1829/1824 1757/1751/1746 1758/1753/1748
f 1728/1829/1824 1758/1753/1748 1729/1830/1825
f 1729/1830/1825 1758/1753/1748 1759/1755/1750
f 1729/1830/1825 1759/1755/1750 1730/1831/1826
f 1730/1831/1826 1759/1755/1750 1760/1757/1752
f 1730/1831/1826 1760/1757/1752 1731/1637/1633
f 1731/1637/1633 1760/1757/1752 1761/1639/1635
f 1715/1816/1811 1716/1817/1812 1332/1694/1689
f 1332/1694/1689 1716/1817/1812 1333/1696/1691
f 1716/1817/1812 1717/1818/1813 1333/1696/1691
f 1333/1696/1691 1717/1818/1813 1334/1698/1693
f 1717/1818/1813 1718/1819/1814 1334/1698/1693
f 1334/1698/1693 1718/1819/1814 1335/1700/1695
f 1718/1819/1814 1719/1820/1815 1335/1700/1695
f 1335/1700/1695 1719/1820/1815 1336/1702/1697
f 1719/1820/1815 1720/1821/1816 1336/1702/1697
f 1336/1702/1697 1720/1821/1816 1337/1704/1699
f 1720/1821/1816 1721/1822/1817 1337/1704/1699
f 1337/1704/1699 1721/1822/1817 1338/1706/1701
f 1721/1822/1817 1722/1823/1818 1338/1706/1701
f 1338/1706/1701 1722/1823/1818 1339/1708/1703
f 1722/1823/1818 1723/1824/1819 1339/1708/1703
f 1339/1708/1703 1723/1824/1819 1340/1710/1705
f 1723/1824/1819 1724/1825/1820 1340/1710/1705
f 1340/1710/1705 1724/1825/1820 1341/1712/1707
f 1724/1825/1820 1725/1826/1821 1341/1712/1707
f 1341/1712/1707 1725/1826/1821 1342/1714/1709
f 1725/1826/1821 1726/1827/1822 1342/1714/1709
f 1342/1714/1709 1726/1827/1822 1343/1716/1711
f 1726/1827/1822 1727/1828/1823 1343/1716/1711
f 1343/1716/1711 1727/1828/1823 1344/1718/1713
f 1727/1828/1823 1728/1829/1824 1344/1718/1713
f 1344/1718/1713 1728/1829/1824 1345/1720/1715
f 1728/1829/1824 1729/1830/1825 1345/1720/1715
f 1345/1720/1715 1729/1830/1825 1346/1722/1717
f 1729/1830/1825 1730/1831/1826 1346/1722/1717
f 1346/1722/1717 1730/1831/1826 1347/1635/1631
f 1348/1636/1632 1349/1832/1827 1375/1833/1828
f 1375/1833/1828 1349/1832/1827 1374/1597/1593
f 1375/1833/1828 1374/1597/1593 1702/1595/1591
f 1730/1831/1826 1731/1637/1633 1347/1635/1631
f 1374/1597/1593 1349/1832/1827 1350/1599/1595
f 1350/1599/1595 1349/1832/1827 1733/1834/1829
f 1350/1599/1595 1733/1834/1829 1734/1601/1597
f 1734/1601/1597 1733/1834/1829 1763/1767/1762
f 1733/1834/1829 1349/1832/1827 1732/1638/1634
f 1732/1638/1634 1349/1832/1827 1348/1636/1632
f 1373/1598/1594 1351/1600/1596 1372/1558/1554
f 1372/1558/1554 1351/1600/1596 1352/1560/1556
f 1736/1562/1558 1352/1560/1556 1735/1602/1598
f 1735/1602/1598 1352/1560/1556 1351/1600/1596
f 1353/1561/1557 1354/1835/1830 1370/1836/1831
f 1370/1836/1831 1354/1835/1830 1369/1837/1832
f 1370/1836/1831 1369/1837/1832 1707/1838/1833
f 1707/1838/1833 1369/1837/1832 1708/1839/1834
f 1707/1838/1833 1708/1839/1834 1678/1840/1835
f 1678/1840/1835 1708/1839/1834 1679/1394/1390
f 1678/1840/1835 1679/1394/1390 1413/1396/1392
f 1354/1835/1830 1355/1841/1836 1369/1837/1832
f 1369/1837/1832 1355/1841/1836 1368/1842/1837
f 1369/1837/1832 1368/1842/1837 1708/1839/1834
f 1708/1839/1834 1368/1842/1837 1709/1392/1388
f 1708/1839/1834 1709/1392/1388 1679/1394/1390
f 1353/1561/1557 1737/1563/1559 1354/1835/1830
f 1354/1835/1830 1737/1563/1559 1738/1843/1838
f 1354/1835/1830 1738/1843/1838 1355/1841/1836
f 1355/1841/1836 1738/1843/1838 1739/1814/1809
f 1355/1841/1836 1739/1814/1809 1356/1815/1810
f 1355/1841/1836 1356/1815/1810 1368/1842/1837
f 1368/1842/1837 1356/1815/1810 1367/1390/1386
f 1368/1842/1837 1367/1390/1386 1709/1392/1388
f 1365/1424/1420 1366/1389/1385 1358/1387/1383
f 1364/1422/1418 1365/1424/1420 1359/1844/1839
f 1359/1844/1839 1365/1424/1420 1358/1387/1383
f 1359/1844/1839 1358/1387/1383 1742/1385/1381
f 1363/1420/1416 1364/1422/1418 1360/1845/1840
f 1360/1845/1840 1364/1422/1418 1359/1844/1839
f 1360/1845/1840 1359/1844/1839 1743/1846/1841
f 1743/1846/1841 1359/1844/1839 1742/1385/1381
f 1743/1846/1841 1742/1385/1381 1772/1383/1379
f 1300/1809/1804 1361/1810/1805 1360/1845/1840
f 1360/1845/1840 1361/1810/1805 1363/1420/1416
f 1300/1809/1804 1360/1845/1840 1743/1846/1841
f 1101/1378/1374 1300/1809/1804 1744/1379/1375
f 1744/1379/1375 1300/1809/1804 1743/1846/1841
f 1744/1379/1375 1743/1846/1841 1772/1383/1379
f 1353/1561/1557 1370/1836/1831 1371/1559/1555
f 1371/1559/1555 1370/1836/1831 1706/1847/1842
f 1371/1559/1555 1706/1847/1842 1705/1557/1553
f 1705/1557/1553 1706/1847/1842 1676/1848/1843
f 1705/1557/1553 1676/1848/1843 1675/1555/1551
f 1675/1555/1551 1676/1848/1843 1410/1849/1844
f 1675/1555/1551 1410/1849/1844 1409/1553/1549
f 1409/1553/1549 1410/1849/1844 1434/1850/1845
f 1409/1553/1549 1434/1850/1845 1435/1551/1547
f 1435/1551/1547 1434/1850/1845 1497/1851/1846
f 1435/1551/1547 1497/1851/1846 1496/1549/1545
f 1496/1549/1545 1497/1851/1846 1466/1852/1847
f 1496/1549/1545 1466/1852/1847 1467/1547/1543
f 1467/1547/1543 1466/1852/1847 1642/1853/1848
f 1467/1547/1543 1642/1853/1848 1643/1545/1541
f 1643/1545/1541 1642/1853/1848 1553/1854/1849
f 1643/1545/1541 1553/1854/1849 1552/1543/1539
f 1552/1543/1539 1553/1854/1849 1527/1855/1850
f 1552/1543/1539 1527/1855/1850 1528/1541/1537
f 1528/1541/1537 1527/1855/1850 1588/1856/1851
f 1528/1541/1537 1588/1856/1851 1589/1539/1535
f 1589/1539/1535 1588/1856/1851 1609/1857/1852
f 1589/1539/1535 1609/1857/1852 1608/1537/1533
f 1608/1537/1533 1609/1857/1852 1288/1414/1410
f 1706/1847/1842 1370/1836/1831 1707/1838/1833
f 1703/1596/1592 1373/1598/1594 1704/1556/1552
f 1704/1556/1552 1373/1598/1594 1372/1558/1554
f 1348/1636/1632 1375/1833/1828 1376/1634/1630
f 1376/1634/1630 1375/1833/1828 1701/1858/1853
f 1376/1634/1630 1701/1858/1853 1700/1632/1628
f 1700/1632/1628 1701/1858/1853 1671/1859/1854
f 1700/1632/1628 1671/1859/1854 1670/1630/1626
f 1670/1630/1626 1671/1859/1854 1405/1860/1855
f 1670/1630/1626 1405/1860/1855 1404/1628/1624
f 1404/1628/1624 1405/1860/1855 1439/1861/1856
f 1404/1628/1624 1439/1861/1856 1440/1626/1622
f 1440/1626/1622 1439/1861/1856 1492/1862/1857
f 1440/1626/1622 1492/1862/1857 1491/1624/1620
f 1491/1624/1620 1492/1862/1857 1471/1863/1858
f 1491/1624/1620 1471/1863/1858 1472/1622/1618
f 1472/1622/1618 1471/1863/1858 1647/1864/1859
f 1472/1622/1618 1647/1864/1859 1648/1620/1616
f 1648/1620/1616 1647/1864/1859 1548/1865/1860
f 1648/1620/1616 1548/1865/1860 1547/1618/1614
f 1547/1618/1614 1548/1865/1860 1532/1866/1861
f 1547/1618/1614 1532/1866/1861 1533/1616/1612
f 1533/1616/1612 1532/1866/1861 1593/1867/1862
f 1533/1616/1612 1593/1867/1862 1594/1614/1610
f 1594/1614/1610 1593/1867/1862 1604/1575/1571
f 1594/1614/1610 1604/1575/1571 1603/1612/1608
f 1603/1612/1608 1604/1575/1571 1290/1574/1570
f 1701/1858/1853 1375/1833/1828 1702/1595/1591
f 1040/1650/1646 1298/1787/1782 1451/1651/1647
f 1451/1651/1647 1298/1787/1782 1450/1788/1783
f 1451/1651/1647 1450/1788/1783 1482/1868/1863
f 1482/1868/1863 1450/1788/1783 1449/1789/1784
f 1482/1868/1863 1449/1789/1784 1483/1869/1864
f 1483/1869/1864 1449/1789/1784 1448/1790/1785
f 1483/1869/1864 1448/1790/1785 1484/1870/1865
f 1484/1870/1865 1448/1790/1785 1447/1791/1786
f 1484/1870/1865 1447/1791/1786 1485/1871/1866
f 1485/1871/1866 1447/1791/1786 1446/1792/1787
f 1485/1871/1866 1446/1792/1787 1486/1872/1867
f 1486/1872/1867 1446/1792/1787 1445/1793/1788
f 1486/1872/1867 1445/1793/1788 1487/1873/1868
f 1487/1873/1868 1445/1793/1788 1444/1794/1789
f 1487/1873/1868 1444/1794/1789 1488/1874/1869
f 1488/1874/1869 1444/1794/1789 1443/1795/1790
f 1488/1874/1869 1443/1795/1790 1489/1875/1870
f 1489/1875/1870 1443/1795/1790 1442/1796/1791
f 1489/1875/1870 1442/1796/1791 1490/1623/1619
f 1490/1623/1619 1442/1796/1791 1441/1625/1621
f 1439/1861/1856 1405/1860/1855 1438/1589/1585
f 1438/1589/1585 1405/1860/1855 1406/1591/1587
f 1672/1593/1589 1406/1591/1587 1671/1859/1854
f 1671/1859/1854 1406/1591/1587 1405/1860/1855
f 1437/1590/1586 1407/1592/1588 1436/1550/1546
f 1436/1550/1546 1407/1592/1588 1408/1552/1548
f 1674/1554/1550 1408/1552/1548 1673/1594/1590
f 1673/1594/1590 1408/1552/1548 1407/1592/1588
f 1410/1849/1844 1411/1876/1871 1433/1877/1872
f 1433/1877/1872 1411/1876/1871 1432/1878/1873
f 1433/1877/1872 1432/1878/1873 1499/1879/1874
f 1499/1879/1874 1432/1878/1873 1500/1400/1396
f 1499/1879/1874 1500/1400/1396 1463/1402/1398
f 1411/1876/1871 1412/1880/1875 1432/1878/1873
f 1432/1878/1873 1412/1880/1875 1431/1398/1394
f 1432/1878/1873 1431/1398/1394 1500/1400/1396
f 1410/1849/1844 1676/1848/1843 1411/1876/1871
f 1411/1876/1871 1676/1848/1843 1677/1881/1876
f 1411/1876/1871 1677/1881/1876 1412/1880/1875
f 1412/1880/1875 1677/1881/1876 1678/1840/1835
f 1412/1880/1875 1678/1840/1835 1413/1396/1392
f 1412/1880/1875 1413/1396/1392 1431/1398/1394
f 1296/1427/1423 1509/1447/1443 1422/1428/1424
f 1422/1428/1424 1509/1447/1443 1423/1430/1426
f 1509/1447/1443 1508/1449/1445 1423/1430/1426
f 1423/1430/1426 1508/1449/1445 1424/1432/1428
f 1508/1449/1445 1507/1451/1447 1424/1432/1428
f 1424/1432/1428 1507/1451/1447 1425/1434/1430
f 1507/1451/1447 1506/1453/1449 1425/1434/1430
f 1425/1434/1430 1506/1453/1449 1426/1436/1432
f 1506/1453/1449 1505/1455/1451 1426/1436/1432
f 1426/1436/1432 1505/1455/1451 1427/1438/1434
f 1505/1455/1451 1504/1457/1453 1427/1438/1434
f 1427/1438/1434 1504/1457/1453 1428/1440/1436
f 1504/1457/1453 1503/1459/1455 1428/1440/1436
f 1428/1440/1436 1503/1459/1455 1429/1442/1438
f 1503/1459/1455 1502/1461/1457 1429/1442/1438
f 1429/1442/1438 1502/1461/1457 1430/1397/1393
f 1502/1461/1457 1501/1399/1395 1430/1397/1393
f 1410/1849/1844 1433/1877/1872 1434/1850/1845
f 1434/1850/1845 1433/1877/1872 1498/1882/1877
f 1434/1850/1845 1498/1882/1877 1497/1851/1846
f 1497/1851/1846 1498/1882/1877 1465/1883/1878
f 1497/1851/1846 1465/1883/1878 1466/1852/1847
f 1466/1852/1847 1465/1883/1878 1641/1884/1879
f 1466/1852/1847 1641/1884/1879 1642/1853/1848
f 1642/1853/1848 1641/1884/1879 1554/1885/1880
f 1642/1853/1848 1554/1885/1880 1553/1854/1849
f 1553/1854/1849 1554/1885/1880 1526/1886/1881
f 1553/1854/1849 1526/1886/1881 1527/1855/1850
f 1527/1855/1850 1526/1886/1881 1587/1887/1882
f 1527/1855/1850 1587/1887/1882 1588/1856/1851
f 1588/1856/1851 1587/1887/1882 1610/1888/1883
f 1588/1856/1851 1610/1888/1883 1609/1857/1852
f 1609/1857/1852 1610/1888/1883 1288/1414/1410
f 1498/1882/1877 1433/1877/1872 1499/1879/1874
f 1494/1588/1584 1437/1590/1586 1495/1548/1544
f 1495/1548/1544 1437/1590/1586 1436/1550/1546
f 1492/1862/1857 1439/1861/1856 1493/1587/1583
f 1493/1587/1583 1439/1861/1856 1438/1589/1585
f 1294/1444/1440 1628/1467/1463 1452/1445/1441
f 1452/1445/1441 1628/1467/1463 1453/1446/1442
f 1628/1467/1463 1629/1469/1465 1453/1446/1442
f 1453/1446/1442 1629/1469/1465 1454/1448/1444
f 1629/1469/1465 1630/1471/1467 1454/1448/1444
f 1454/1448/1444 1630/1471/1467 1455/1450/1446
f 1630/1471/1467 1631/1473/1469 1455/1450/1446
f 1455/1450/1446 1631/1473/1469 1456/1452/1448
f 1631/1473/1469 1632/1475/1471 1456/1452/1448
f 1456/1452/1448 1632/1475/1471 1457/1454/1450
f 1632/1475/1471 1633/1477/1473 1457/1454/1450
f 1457/1454/1450 1633/1477/1473 1458/1456/1452
f 1633/1477/1473 1634/1479/1475 1458/1456/1452
f 1458/1456/1452 1634/1479/1475 1459/1458/1454
f 1634/1479/1475 1635/1481/1477 1459/1458/1454
f 1459/1458/1454 1635/1481/1477 1460/1460/1456
f 1635/1481/1477 1636/1483/1479 1460/1460/1456
f 1460/1460/1456 1636/1483/1479 1461/1462/1458
f 1636/1483/1479 1637/1485/1481 1461/1462/1458
f 1461/1462/1458 1637/1485/1481 1462/1401/1397
f 1498/1882/1877 1499/1879/1874 1464/1889/1884
f 1464/1889/1884 1499/1879/1874 1463/1402/1398
f 1464/1889/1884 1463/1402/1398 1639/1404/1400
f 1637/1485/1481 1638/1403/1399 1462/1401/1397
f 1498/1882/1877 1464/1889/1884 1465/1883/1878
f 1465/1883/1878 1464/1889/1884 1640/1890/1885
f 1465/1883/1878 1640/1890/1885 1641/1884/1879
f 1641/1884/1879 1640/1890/1885 1555/1891/1886
f 1641/1884/1879 1555/1891/1886 1554/1885/1880
f 1554/1885/1880 1555/1891/1886 1525/1892/1887
f 1554/1885/1880 1525/1892/1887 1526/1886/1881
f 1526/1886/1881 1525/1892/1887 1586/1893/1888
f 1526/1886/1881 1586/1893/1888 1587/1887/1882
f 1587/1887/1882 1586/1893/1888 1611/1894/1889
f 1587/1887/1882 1611/1894/1889 1610/1888/1883
f 1610/1888/1883 1611/1894/1889 1288/1414/1410
f 1640/1890/1885 1464/1889/1884 1639/1404/1400
f 1494/1588/1584 1495/1548/1544 1468/1546/1542
f 1494/1588/1584 1468/1546/1542 1469/1586/1582
f 1469/1586/1582 1468/1546/1542 1644/1544/1540
f 1469/1586/1582 1644/1544/1540 1645/1584/1580
f 1645/1584/1580 1644/1544/1540 1551/1542/1538
f 1645/1584/1580 1551/1542/1538 1550/1582/1578
f 1550/1582/1578 1551/1542/1538 1529/1540/1536
f 1550/1582/1578 1529/1540/1536 1530/1580/1576
f 1530/1580/1576 1529/1540/1536 1590/1538/1534
f 1530/1580/1576 1590/1538/1534 1591/1578/1574
f 1591/1578/1574 1590/1538/1534 1607/1536/1532
f 1591/1578/1574 1607/1536/1532 1606/1535/1531
f 1492/1862/1857 1493/1587/1583 1470/1585/1581
f 1492/1862/1857 1470/1585/1581 1471/1863/1858
f 1471/1863/1858 1470/1585/1581 1646/1583/1579
f 1471/1863/1858 1646/1583/1579 1647/1864/1859
f 1647/1864/1859 1646/1583/1579 1549/1581/1577
f 1647/1864/1859 1549/1581/1577 1548/1865/1860
f 1548/1865/1860 1549/1581/1577 1531/1579/1575
f 1548/1865/1860 1531/1579/1575 1532/1866/1861
f 1532/1866/1861 1531/1579/1575 1592/1577/1573
f 1532/1866/1861 1592/1577/1573 1593/1867/1862
f 1593/1867/1862 1592/1577/1573 1605/1576/1572
f 1593/1867/1862 1605/1576/1572 1604/1575/1571
f 1489/1875/1870 1490/1623/1619 1473/1621/1617
f 1488/1874/1869 1489/1875/1870 1474/1666/1662
f 1474/1666/1662 1489/1875/1870 1473/1621/1617
f 1487/1873/1868 1488/1874/1869 1475/1664/1660
f 1475/1664/1660 1488/1874/1869 1474/1666/1662
f 1486/1872/1867 1487/1873/1868 1476/1662/1658
f 1476/1662/1658 1487/1873/1868 1475/1664/1660
f 1485/1871/1866 1486/1872/1867 1477/1660/1656
f 1477/1660/1656 1486/1872/1867 1476/1662/1658
f 1484/1870/1865 1485/1871/1866 1478/1658/1654
f 1478/1658/1654 1485/1871/1866 1477/1660/1656
f 1483/1869/1864 1484/1870/1865 1479/1656/1652
f 1479/1656/1652 1484/1870/1865 1478/1658/1654
f 1482/1868/1863 1483/1869/1864 1480/1654/1650
f 1480/1654/1650 1483/1869/1864 1479/1656/1652
f 1451/1651/1647 1482/1868/1863 1481/1652/1648
f 1481/1652/1648 1482/1868/1863 1480/1654/1650
f 1568/1466/1462 1569/1465/1461 1511/1491/1487
f 1511/1491/1487 1569/1465/1461 1510/1464/1460
f 1567/1468/1464 1568/1466/1462 1512/1493/1489
f 1512/1493/1489 1568/1466/1462 1511/1491/1487
f 1566/1470/1466 1567/1468/1464 1513/1495/1491
f 1513/1495/1491 1567/1468/1464 1512/1493/1489
f 1565/1472/1468 1566/1470/1466 1514/1497/1493
f 1514/1497/1493 1566/1470/1466 1513/1495/1491
f 1564/1474/1470 1565/1472/1468 1515/1499/1495
f 1515/1499/1495 1565/1472/1468 1514/1497/1493
f 1563/1476/1472 1564/1474/1470 1516/1501/1497
f 1516/1501/1497 1564/1474/1470 1515/1499/1495
f 1562/1478/1474 1563/1476/1472 1517/1503/1499
f 1517/1503/1499 1563/1476/1472 1516/1501/1497
f 1561/1480/1476 1562/1478/1474 1518/1505/1501
f 1518/1505/1501 1562/1478/1474 1517/1503/1499
f 1560/1482/1478 1561/1480/1476 1519/1507/1503
f 1519/1507/1503 1561/1480/1476 1518/1505/1501
f 1559/1484/1480 1560/1482/1478 1520/1509/1505
f 1520/1509/1505 1560/1482/1478 1519/1507/1503
f 1558/1486/1482 1559/1484/1480 1521/1511/1507
f 1521/1511/1507 1559/1484/1480 1520/1509/1505
f 1557/1405/1401 1558/1486/1482 1522/1513/1509
f 1522/1513/1509 1558/1486/1482 1521/1511/1507
f 1522/1513/1509 1523/1407/1403 1557/1405/1401
f 1556/1406/1402 1524/1408/1404 1555/1891/1886
f 1555/1891/1886 1524/1408/1404 1525/1892/1887
f 1586/1893/1888 1525/1892/1887 1585/1410/1406
f 1585/1410/1406 1525/1892/1887 1524/1408/1404
f 1545/1781/1776 1546/1617/1613 1534/1615/1611
f 1544/1780/1775 1545/1781/1776 1535/1895/1890
f 1535/1895/1890 1545/1781/1776 1534/1615/1611
f 1535/1895/1890 1534/1615/1611 1595/1613/1609
f 1543/1779/1774 1544/1780/1775 1536/1896/1891
f 1536/1896/1891 1544/1780/1775 1535/1895/1890
f 1536/1896/1891 1535/1895/1890 1596/1775/1770
f 1596/1775/1770 1535/1895/1890 1595/1613/1609
f 1542/1778/1773 1543/1779/1774 1537/1897/1892
f 1537/1897/1892 1543/1779/1774 1536/1896/1891
f 1537/1897/1892 1536/1896/1891 1597/1774/1769
f 1597/1774/1769 1536/1896/1891 1596/1775/1770
f 1541/1777/1772 1542/1778/1773 1538/1898/1893
f 1538/1898/1893 1542/1778/1773 1537/1897/1892
f 1538/1898/1893 1537/1897/1892 1598/1773/1768
f 1598/1773/1768 1537/1897/1892 1597/1774/1769
f 1295/1776/1771 1541/1777/1772 1539/1899/1894
f 1539/1899/1894 1541/1777/1772 1538/1898/1893
f 1539/1899/1894 1538/1898/1893 1540/1772/1767
f 1540/1772/1767 1538/1898/1893 1598/1773/1768
f 1041/1649/1645 1295/1776/1771 1539/1899/1894
f 1540/1772/1767 1041/1649/1645 1539/1899/1894
f 1639/1404/1400 1556/1406/1402 1640/1890/1885
f 1640/1890/1885 1556/1406/1402 1555/1891/1886
f 1627/1516/1512 1626/1517/1513 1571/1490/1486
f 1571/1490/1486 1626/1517/1513 1572/1492/1488
f 1626/1517/1513 1625/1519/1515 1572/1492/1488
f 1572/1492/1488 1625/1519/1515 1573/1494/1490
f 1625/1519/1515 1624/1521/1517 1573/1494/1490
f 1573/1494/1490 1624/1521/1517 1574/1496/1492
f 1622/1525/1521 1576/1500/1496 1575/1498/1494
f 1624/1521/1517 1623/1523/1519 1574/1496/1492
f 1574/1496/1492 1623/1523/1519 1575/1498/1494
f 1623/1523/1519 1622/1525/1521 1575/1498/1494
f 1618/1531/1527 1580/1508/1504 1579/1506/1502
f 1620/1528/1524 1619/1529/1525 1578/1504/1500
f 1578/1504/1500 1619/1529/1525 1579/1506/1502
f 1619/1529/1525 1618/1531/1527 1579/1506/1502
f 1583/1514/1510 1582/1512/1508 1615/1900/1895
f 1615/1900/1895 1582/1512/1508 1616/1533/1529
f 1615/1900/1895 1616/1533/1529 1287/1413/1409
f 1584/1409/1405 1583/1514/1510 1614/1901/1896
f 1614/1901/1896 1583/1514/1510 1615/1900/1895
f 1614/1901/1896 1615/1900/1895 1287/1413/1409
f 1611/1894/1889 1586/1893/1888 1612/1412/1408
f 1612/1412/1408 1586/1893/1888 1585/1410/1406
f 1612/1412/1408 1288/1414/1410 1611/1894/1889
f 1614/1901/1896 1287/1413/1409 1613/1411/1407
f 1584/1409/1405 1614/1901/1896 1613/1411/1407
f 1299/1668/1664 1687/1797/1792 1657/1669/1665
f 1657/1669/1665 1687/1797/1792 1658/1671/1667
f 1687/1797/1792 1688/1798/1793 1658/1671/1667
f 1658/1671/1667 1688/1798/1793 1659/1673/1669
f 1688/1798/1793 1689/1799/1794 1659/1673/1669
f 1659/1673/1669 1689/1799/1794 1660/1675/1671
f 1689/1799/1794 1690/1800/1795 1660/1675/1671
f 1660/1675/1671 1690/1800/1795 1661/1677/1673
f 1690/1800/1795 1691/1801/1796 1661/1677/1673
f 1661/1677/1673 1691/1801/1796 1662/1679/1675
f 1691/1801/1796 1692/1802/1797 1662/1679/1675
f 1662/1679/1675 1692/1802/1797 1663/1681/1677
f 1692/1802/1797 1693/1803/1798 1663/1681/1677
f 1663/1681/1677 1693/1803/1798 1664/1683/1679
f 1693/1803/1798 1694/1804/1799 1664/1683/1679
f 1664/1683/1679 1694/1804/1799 1665/1685/1681
f 1694/1804/1799 1695/1805/1800 1665/1685/1681
f 1665/1685/1681 1695/1805/1800 1666/1687/1683
f 1695/1805/1800 1696/1806/1801 1666/1687/1683
f 1666/1687/1683 1696/1806/1801 1667/1689/1685
f 1696/1806/1801 1697/1807/1802 1667/1689/1685
f 1667/1689/1685 1697/1807/1802 1668/1691/1687
f 1697/1807/1802 1698/1808/1803 1668/1691/1687
f 1668/1691/1687 1698/1808/1803 1669/1629/1625
f 1698/1808/1803 1699/1631/1627 1669/1629/1625
f 1702/1595/1591 1672/1593/1589 1701/1858/1853
f 1701/1858/1853 1672/1593/1589 1671/1859/1854
f 1704/1556/1552 1674/1554/1550 1703/1596/1592
f 1703/1596/1592 1674/1554/1550 1673/1594/1590
f 1707/1838/1833 1678/1840/1835 1677/1881/1876
f 1707/1838/1833 1677/1881/1876 1706/1847/1842
f 1706/1847/1842 1677/1881/1876 1676/1848/1843
f 1680/1393/1389 1710/1391/1387 1681/1786/1781
f 1681/1786/1781 1710/1391/1387 1711/1425/1421
f 1681/1786/1781 1711/1425/1421 1682/1785/1780
f 1682/1785/1780 1711/1425/1421 1712/1423/1419
f 1682/1785/1780 1712/1423/1419 1683/1784/1779
f 1683/1784/1779 1712/1423/1419 1713/1421/1417
f 1683/1784/1779 1713/1421/1417 1684/1783/1778
f 1684/1783/1778 1713/1421/1417 1714/1419/1415
f 1684/1783/1778 1714/1419/1415 1685/1782/1777
f 1685/1782/1777 1714/1419/1415 1686/1417/1413
f 1685/1782/1777 1686/1417/1413 1297/1416/1412
f 1122/1693/1261 1715/1816/1811 1332/1694/1689
f 1763/1767/1762 1733/1834/1829 1762/1640/1636
f 1762/1640/1636 1733/1834/1829 1732/1638/1634
f 1766/1564/1560 1736/1562/1558 1765/1604/1600
f 1765/1604/1600 1736/1562/1558 1735/1602/1598
f 1768/1813/1808 1739/1814/1809 1738/1843/1838
f 1768/1813/1808 1738/1843/1838 1767/1565/1561
f 1767/1565/1561 1738/1843/1838 1737/1563/1559
f 1307/1567/1563 1768/1813/1808 1767/1565/1561
f 1056/1902/1897 2237/1903/1898 1057/1904/1899
f 1057/1904/1899 2237/1903/1898 1795/1905/1900
f 1057/1904/1899 1795/1905/1900 1796/1906/1901
f 1796/1906/1901 1795/1905/1900 2265/1907/1902
f 1796/1906/1901 2265/1907/1902 2264/1908/1903
f 2264/1908/1903 2265/1907/1902 2235/1909/1904
f 2264/1908/1903 2235/1909/1904 2234/1910/1905
f 2234/1910/1905 2235/1909/1904 1851/1911/1906
f 2234/1910/1905 1851/1911/1906 1850/1912/1907
f 1850/1912/1907 1851/1911/1906 1859/1913/1908
f 1850/1912/1907 1859/1913/1908 1860/1914/1909
f 1860/1914/1909 1859/1913/1908 2203/1915/1910
f 1860/1914/1909 2203/1915/1910 2202/1916/1911
f 2202/1916/1911 2203/1915/1910 2173/1917/1912
f 2202/1916/1911 2173/1917/1912 2172/1918/1913
f 2172/1918/1913 2173/1917/1912 1907/1919/1914
f 2172/1918/1913 1907/1919/1914 1906/1920/1915
f 1906/1920/1915 1907/1919/1914 1923/1921/1916
f 1906/1920/1915 1923/1921/1916 1924/1922/1917
f 1924/1922/1917 1923/1921/1916 1994/1923/1918
f 1924/1922/1917 1994/1923/1918 1993/1924/1919
f 1993/1924/1919 1994/1923/1918 1955/1925/1920
f 1993/1924/1919 1955/1925/1920 1956/1926/1921
f 1956/1926/1921 1955/1925/1920 2131/1927/1922
f 1956/1926/1921 2131/1927/1922 2132/1928/1923
f 2132/1928/1923 2131/1927/1922 2050/1929/1924
f 2132/1928/1923 2050/1929/1924 2049/1930/1925
f 2049/1930/1925 2050/1929/1924 2016/1931/1926
f 2049/1930/1925 2016/1931/1926 2017/1932/1927
f 2017/1932/1927 2016/1931/1926 2077/1933/1928
f 2017/1932/1927 2077/1933/1928 2078/1934/1929
f 2078/1934/1929 2077/1933/1928 2106/1935/1930
f 2078/1934/1929 2106/1935/1930 2105/1936/1931
f 2105/1936/1931 2106/1935/1930 1780/1937/1932
f 2105/1936/1931 1780/1937/1932 1781/1938/1933
f 1055/1939/1934 1790/1940/1935 1056/1902/1897
f 1056/1902/1897 1790/1940/1935 2179/1941/1936
f 1056/1902/1897 2179/1941/1936 1855/1942/1937
f 1855/1942/1937 2179/1941/1936 2207/1943/1938
f 1855/1942/1937 2207/1943/1938 1856/1944/1939
f 1856/1944/1939 2207/1943/1938 2206/1945/1940
f 1856/1944/1939 2206/1945/1940 1857/1946/1941
f 1857/1946/1941 2206/1945/1940 2205/1947/1942
f 1857/1946/1941 2205/1947/1942 1858/1948/1943
f 1858/1948/1943 2205/1947/1942 2204/1949/1944
f 1858/1948/1943 2204/1949/1944 1859/1913/1908
f 1859/1913/1908 2204/1949/1944 2203/1915/1910
f 1054/1950/1945 1789/1951/1946 1055/1939/1934
f 1055/1939/1934 1789/1951/1946 1915/1952/1947
f 1055/1939/1934 1915/1952/1947 1914/1953/1948
f 1914/1953/1948 1915/1952/1947 1916/1954/1949
f 1914/1953/1948 1916/1954/1949 1913/1955/1950
f 1913/1955/1950 1916/1954/1949 1917/1956/1951
f 1913/1955/1950 1917/1956/1951 1912/1957/1952
f 1912/1957/1952 1917/1956/1951 1918/1958/1953
f 1912/1957/1952 1918/1958/1953 1911/1959/1954
f 1911/1959/1954 1918/1958/1953 1919/1960/1955
f 1911/1959/1954 1919/1960/1955 1910/1961/1956
f 1910/1961/1956 1919/1960/1955 1920/1962/1957
f 1910/1961/1956 1920/1962/1957 1909/1963/1958
f 1909/1963/1958 1920/1962/1957 1921/1964/1959
f 1909/1963/1958 1921/1964/1959 1908/1965/1960
f 1908/1965/1960 1921/1964/1959 1922/1966/1961
f 1908/1965/1960 1922/1966/1961 1907/1919/1914
f 1907/1919/1914 1922/1966/1961 1923/1921/1916
f 1053/1967/1962 1787/1968/1963 1054/1950/1945
f 1054/1950/1945 1787/1968/1963 1945/1969/1964
f 1054/1950/1945 1945/1969/1964 1789/1951/1946
f 1789/1951/1946 1945/1969/1964 1946/1970/1965
f 1789/1951/1946 1946/1970/1965 2002/1971/1966
f 2002/1971/1966 1946/1970/1965 1947/1972/1967
f 2002/1971/1966 1947/1972/1967 2001/1973/1968
f 2001/1973/1968 1947/1972/1967 1948/1974/1969
f 2001/1973/1968 1948/1974/1969 2000/1975/1970
f 2000/1975/1970 1948/1974/1969 1949/1976/1971
f 2000/1975/1970 1949/1976/1971 1999/1977/1972
f 1999/1977/1972 1949/1976/1971 1950/1978/1973
f 1999/1977/1972 1950/1978/1973 1998/1979/1974
f 1998/1979/1974 1950/1978/1973 1951/1980/1975
f 1998/1979/1974 1951/1980/1975 1997/1981/1976
f 1997/1981/1976 1951/1980/1975 1952/1982/1977
f 1997/1981/1976 1952/1982/1977 1996/1983/1978
f 1996/1983/1978 1952/1982/1977 1953/1984/1979
f 1996/1983/1978 1953/1984/1979 1995/1985/1980
f 1995/1985/1980 1953/1984/1979 1954/1986/1981
f 1995/1985/1980 1954/1986/1981 1994/1923/1918
f 1994/1923/1918 1954/1986/1981 1955/1925/1920
f 1052/1987/1982 2003/1988/1983 1053/1967/1962
f 1053/1967/1962 2003/1988/1983 2062/1989/1984
f 1053/1967/1962 2062/1989/1984 1787/1968/1963
f 1787/1968/1963 2062/1989/1984 2061/1990/1985
f 1787/1968/1963 2061/1990/1985 2121/1991/1986
f 2121/1991/1986 2061/1990/1985 2060/1992/1987
f 2121/1991/1986 2060/1992/1987 2122/1993/1988
f 2122/1993/1988 2060/1992/1987 2059/1994/1989
f 2122/1993/1988 2059/1994/1989 2123/1995/1990
f 2123/1995/1990 2059/1994/1989 2058/1996/1991
f 2123/1995/1990 2058/1996/1991 2124/1997/1992
f 2124/1997/1992 2058/1996/1991 2057/1998/1993
f 2124/1997/1992 2057/1998/1993 2125/1999/1994
f 2125/1999/1994 2057/1998/1993 2056/2000/1995
f 2125/1999/1994 2056/2000/1995 2126/2001/1996
f 2126/2001/1996 2056/2000/1995 2055/2002/1997
f 2126/2001/1996 2055/2002/1997 2127/2003/1998
f 2127/2003/1998 2055/2002/1997 2054/2004/1999
f 2127/2003/1998 2054/2004/1999 2128/2005/2000
f 2128/2005/2000 2054/2004/1999 2053/2006/2001
f 2128/2005/2000 2053/2006/2001 2129/2007/2002
f 2129/2007/2002 2053/2006/2001 2052/2008/2003
f 2129/2007/2002 2052/2008/2003 2130/2009/2004
f 2130/2009/2004 2052/2008/2003 2051/2010/2005
f 2130/2009/2004 2051/2010/2005 2131/1927/1922
f 2131/1927/1922 2051/2010/2005 2050/1929/1924
f 1051/2011/2006 1786/2012/2007 1052/1987/1982
f 1052/1987/1982 1786/2012/2007 2063/2013/2008
f 1052/1987/1982 2063/2013/2008 2003/1988/1983
f 2003/1988/1983 2063/2013/2008 2064/2014/2009
f 2003/1988/1983 2064/2014/2009 2004/2015/2010
f 2004/2015/2010 2064/2014/2009 2065/2016/2011
f 2004/2015/2010 2065/2016/2011 2005/2017/2012
f 2005/2017/2012 2065/2016/2011 2066/2018/2013
f 2005/2017/2012 2066/2018/2013 2006/2019/2014
f 2006/2019/2014 2066/2018/2013 2067/2020/2015
f 2006/2019/2014 2067/2020/2015 2007/2021/2016
f 2007/2021/2016 2067/2020/2015 2068/2022/2017
f 2007/2021/2016 2068/2022/2017 2008/2023/2018
f 2008/2023/2018 2068/2022/2017 2069/2024/2019
f 2008/2023/2018 2069/2024/2019 2009/2025/2020
f 2009/2025/2020 2069/2024/2019 2070/2026/2021
f 2009/2025/2020 2070/2026/2021 2010/2027/2022
f 2010/2027/2022 2070/2026/2021 2071/2028/2023
f 2010/2027/2022 2071/2028/2023 2011/2029/2024
f 2011/2029/2024 2071/2028/2023 2072/2030/2025
f 2011/2029/2024 2072/2030/2025 2012/2031/2026
f 2012/2031/2026 2072/2030/2025 2073/2032/2027
f 2012/2031/2026 2073/2032/2027 2013/2033/2028
f 2013/2033/2028 2073/2032/2027 2074/2034/2029
f 2013/2033/2028 2074/2034/2029 2014/2035/2030
f 2014/2035/2030 2074/2034/2029 2075/2036/2031
f 2014/2035/2030 2075/2036/2031 2015/2037/2032
f 2015/2037/2032 2075/2036/2031 2076/2038/2033
f 2015/2037/2032 2076/2038/2033 2016/1931/1926
f 2016/1931/1926 2076/2038/2033 2077/1933/1928
f 1051/2011/2006 1773/2039/2034 1786/2012/2007
f 1786/2012/2007 1773/2039/2034 2120/2040/2035
f 1786/2012/2007 2120/2040/2035 2063/2013/2008
f 2063/2013/2008 2120/2040/2035 2064/2014/2009
f 2120/2040/2035 1773/2039/2034 2119/2041/2036
f 2119/2041/2036 1773/2039/2034 1774/2042/2037
f 2119/2041/2036 1774/2042/2037 2118/2043/2038
f 2118/2043/2038 1774/2042/2037 1775/2044/2039
f 2118/2043/2038 1775/2044/2039 2117/2045/2040
f 2117/2045/2040 1775/2044/2039 1776/2046/2041
f 2117/2045/2040 1776/2046/2041 2116/2047/2042
f 2116/2047/2042 1776/2046/2041 1777/2048/2043
f 2116/2047/2042 1777/2048/2043 2115/2049/2044
f 2115/2049/2044 1777/2048/2043 2114/2050/2045
f 2115/2049/2044 2114/2050/2045 2069/2024/2019
f 2069/2024/2019 2114/2050/2045 2070/2026/2021
f 1777/2048/2043 1778/2051/2046 2114/2050/2045
f 2114/2050/2045 1778/2051/2046 2113/2052/2047
f 2114/2050/2045 2113/2052/2047 2070/2026/2021
f 2070/2026/2021 2113/2052/2047 2071/2028/2023
f 2113/2052/2047 1778/2051/2046 2112/2053/2048
f 2112/2053/2048 1778/2051/2046 1779/2054/2049
f 2112/2053/2048 1779/2054/2049 2111/2055/2050
f 2111/2055/2050 1779/2054/2049 2110/2056/2051
f 2111/2055/2050 2110/2056/2051 2073/2032/2027
f 2073/2032/2027 2110/2056/2051 2074/2034/2029
f 1779/2054/2049 1780/1937/1932 2110/2056/2051
f 2110/2056/2051 1780/1937/1932 2109/2057/2052
f 2110/2056/2051 2109/2057/2052 2074/2034/2029
f 2074/2034/2029 2109/2057/2052 2075/2036/2031
f 1782/2058/2053 2099/2059/2054 1781/1938/1933
f 1781/1938/1933 2099/2059/2054 2100/2060/2055
f 1781/1938/1933 2100/2060/2055 2101/2061/2056
f 2101/2061/2056 2100/2060/2055 2083/2062/2057
f 2101/2061/2056 2083/2062/2057 2082/2063/2058
f 2082/2063/2058 2083/2062/2057 2022/2064/2059
f 2082/2063/2058 2022/2064/2059 2021/2065/2060
f 2021/2065/2060 2022/2064/2059 2044/2066/2061
f 2021/2065/2060 2044/2066/2061 2045/2067/2062
f 2045/2067/2062 2044/2066/2061 2137/2068/2063
f 2045/2067/2062 2137/2068/2063 2136/2069/2064
f 2136/2069/2064 2137/2068/2063 1961/2070/2065
f 2136/2069/2064 1961/2070/2065 1960/2071/2066
f 1960/2071/2066 1961/2070/2065 1988/2072/2067
f 1960/2071/2066 1988/2072/2067 1989/2073/2068
f 1989/2073/2068 1988/2072/2067 1929/2074/2069
f 1989/2073/2068 1929/2074/2069 1928/2075/2070
f 1928/2075/2070 1929/2074/2069 1901/2076/2071
f 1928/2075/2070 1901/2076/2071 1902/2077/2072
f 1902/2077/2072 1901/2076/2071 2167/2078/2073
f 1902/2077/2072 2167/2078/2073 2168/2079/2074
f 2168/2079/2074 2167/2078/2073 2197/2080/2075
f 2168/2079/2074 2197/2080/2075 2198/2081/2076
f 2198/2081/2076 2197/2080/2075 1865/2082/2077
f 2198/2081/2076 1865/2082/2077 1864/2083/2078
f 1864/2083/2078 1865/2082/2077 1845/2084/2079
f 1864/2083/2078 1845/2084/2079 1846/2085/2080
f 1846/2085/2080 1845/2084/2079 2229/2086/2081
f 1846/2085/2080 2229/2086/2081 2230/2087/2082
f 2230/2087/2082 2229/2086/2081 2259/2088/2083
f 2230/2087/2082 2259/2088/2083 2260/2089/2084
f 2260/2089/2084 2259/2088/2083 1801/2090/2085
f 2260/2089/2084 1801/2090/2085 1800/2091/2086
f 1800/2091/2086 1801/2090/2085 1193/2092/2087
f 1800/2091/2086 1193/2092/2087 1799/2093/2088
f 1799/2093/2088 1193/2092/2087 1192/2094/2089
f 1799/2093/2088 1192/2094/2089 1798/2095/2090
f 1798/2095/2090 1192/2094/2089 1797/2096/2091
f 1798/2095/2090 1797/2096/2091 2263/2097/2092
f 2263/2097/2092 1797/2096/2091 2264/1908/1903
f 2263/2097/2092 2264/1908/1903 2234/1910/1905
f 1783/2098/2093 2097/2099/2094 1782/2058/2053
f 1782/2058/2053 2097/2099/2094 2098/2100/2095
f 1782/2058/2053 2098/2100/2095 2099/2059/2054
f 2099/2059/2054 2098/2100/2095 2085/2101/2096
f 2099/2059/2054 2085/2101/2096 2084/2102/2097
f 2084/2102/2097 2085/2101/2096 2024/2103/2098
f 2084/2102/2097 2024/2103/2098 2023/2104/2099
f 2023/2104/2099 2024/2103/2098 2042/2105/2100
f 2023/2104/2099 2042/2105/2100 2043/2106/2101
f 2043/2106/2101 2042/2105/2100 2139/2107/2102
f 2043/2106/2101 2139/2107/2102 2138/2108/2103
f 2138/2108/2103 2139/2107/2102 1963/2109/2104
f 2138/2108/2103 1963/2109/2104 1962/2110/2105
f 1962/2110/2105 1963/2109/2104 1986/2111/2106
f 1962/2110/2105 1986/2111/2106 1987/2112/2107
f 1987/2112/2107 1986/2111/2106 1931/2113/2108
f 1987/2112/2107 1931/2113/2108 1930/2114/2109
f 1930/2114/2109 1931/2113/2108 1899/2115/2110
f 1930/2114/2109 1899/2115/2110 1900/2116/2111
f 1900/2116/2111 1899/2115/2110 2165/2117/2112
f 1900/2116/2111 2165/2117/2112 2166/2118/2113
f 2166/2118/2113 2165/2117/2112 2195/2119/2114
f 2166/2118/2113 2195/2119/2114 2196/2120/2115
f 2196/2120/2115 2195/2119/2114 1867/2121/2116
f 2196/2120/2115 1867/2121/2116 1866/2122/2117
f 1866/2122/2117 1867/2121/2116 1843/2123/2118
f 1866/2122/2117 1843/2123/2118 1844/2124/2119
f 1844/2124/2119 1843/2123/2118 2227/2125/2120
f 1844/2124/2119 2227/2125/2120 2228/2126/2121
f 2228/2126/2121 2227/2125/2120 2257/2127/2122
f 2228/2126/2121 2257/2127/2122 2258/2128/2123
f 2258/2128/2123 2257/2127/2122 1803/2129/2124
f 2258/2128/2123 1803/2129/2124 1802/2130/2125
f 1802/2130/2125 1803/2129/2124 1196/2131/2126
f 1802/2130/2125 1196/2131/2126 1195/2132/2127
f 1784/2133/2128 2094/2134/2129 1783/2098/2093
f 1783/2098/2093 2094/2134/2129 2095/2135/2130
f 1783/2098/2093 2095/2135/2130 2096/2136/2131
f 2096/2136/2131 2095/2135/2130 2088/2137/2132
f 2096/2136/2131 2088/2137/2132 2087/2138/2133
f 2087/2138/2133 2088/2137/2132 2027/2139/2134
f 2087/2138/2133 2027/2139/2134 2026/2140/2135
f 2026/2140/2135 2027/2139/2134 2039/2141/2136
f 2026/2140/2135 2039/2141/2136 2040/2142/2137
f 2040/2142/2137 2039/2141/2136 2142/2143/2138
f 2040/2142/2137 2142/2143/2138 2141/2144/2139
f 2141/2144/2139 2142/2143/2138 1966/2145/2140
f 2141/2144/2139 1966/2145/2140 1965/2146/2141
f 1965/2146/2141 1966/2145/2140 1983/2147/2142
f 1965/2146/2141 1983/2147/2142 1984/2148/2143
f 1984/2148/2143 1983/2147/2142 1934/2149/2144
f 1984/2148/2143 1934/2149/2144 1933/2150/2145
f 1933/2150/2145 1934/2149/2144 1896/2151/2146
f 1933/2150/2145 1896/2151/2146 1897/2152/2147
f 1897/2152/2147 1896/2151/2146 2162/2153/2148
f 1897/2152/2147 2162/2153/2148 2163/2154/2149
f 2163/2154/2149 2162/2153/2148 2192/2155/2150
f 2163/2154/2149 2192/2155/2150 2193/2156/2151
f 2193/2156/2151 2192/2155/2150 1870/2157/2152
f 2193/2156/2151 1870/2157/2152 1869/2158/2153
f 1869/2158/2153 1870/2157/2152 1840/2159/2154
f 1869/2158/2153 1840/2159/2154 1841/2160/2155
f 1841/2160/2155 1840/2159/2154 2224/2161/2156
f 1841/2160/2155 2224/2161/2156 2225/2162/2157
f 2225/2162/2157 2224/2161/2156 2254/2163/2158
f 2225/2162/2157 2254/2163/2158 2255/2164/2159
f 2255/2164/2159 2254/2163/2158 1806/2165/2160
f 2255/2164/2159 1806/2165/2160 1805/2166/2161
f 1805/2166/2161 1806/2165/2160 1202/2167/2162
f 1805/2166/2161 1202/2167/2162 1201/2168/2163
f 2094/2134/2129 1784/2133/2128 2093/2169/2164
f 2093/2169/2164 1784/2133/2128 1785/2170/2165
f 2093/2169/2164 1785/2170/2165 2092/2171/2166
f 2092/2171/2166 1785/2170/2165 1007/2172/2167
f 2092/2171/2166 1007/2172/2167 1006/2173/2168
f 1005/2174/2169 1944/2175/2170 1006/2173/2168
f 1006/2173/2168 1944/2175/2170 1974/2176/2171
f 1006/2173/2168 1974/2176/2171 2149/2177/2172
f 2149/2177/2172 1974/2176/2171 1973/2178/2173
f 2149/2177/2172 1973/2178/2173 2148/2179/2174
f 2148/2179/2174 1973/2178/2173 1972/2180/2175
f 2148/2179/2174 1972/2180/2175 2147/2181/2176
f 2147/2181/2176 1972/2180/2175 1971/2182/2177
f 2147/2181/2176 1971/2182/2177 2146/2183/2178
f 2146/2183/2178 1971/2182/2177 1970/2184/2179
f 2146/2183/2178 1970/2184/2179 2145/2185/2180
f 2145/2185/2180 1970/2184/2179 1969/2186/2181
f 2145/2185/2180 1969/2186/2181 2144/2187/2182
f 2144/2187/2182 1969/2186/2181 1968/2188/2183
f 2144/2187/2182 1968/2188/2183 2143/2189/2184
f 2143/2189/2184 1968/2188/2183 1967/2190/2185
f 2143/2189/2184 1967/2190/2185 2142/2143/2138
f 2142/2143/2138 1967/2190/2185 1966/2145/2140
f 1004/2191/2186 1792/2192/2187 1005/2174/2169
f 1005/2174/2169 1792/2192/2187 2150/2193/2188
f 1005/2174/2169 2150/2193/2188 1885/2194/2189
f 1885/2194/2189 2150/2193/2188 2151/2195/2190
f 1885/2194/2189 2151/2195/2190 1886/2196/2191
f 1886/2196/2191 2151/2195/2190 2152/2197/2192
f 1886/2196/2191 2152/2197/2192 1887/2198/2193
f 1887/2198/2193 2152/2197/2192 2153/2199/2194
f 1887/2198/2193 2153/2199/2194 1888/2200/2195
f 1888/2200/2195 2153/2199/2194 2154/2201/2196
f 1888/2200/2195 2154/2201/2196 1889/2202/2197
f 1889/2202/2197 2154/2201/2196 2155/2203/2198
f 1889/2202/2197 2155/2203/2198 1890/2204/2199
f 1890/2204/2199 2155/2203/2198 2156/2205/2200
f 1890/2204/2199 2156/2205/2200 1891/2206/2201
f 1891/2206/2201 2156/2205/2200 2157/2207/2202
f 1891/2206/2201 2157/2207/2202 1892/2208/2203
f 1892/2208/2203 2157/2207/2202 2158/2209/2204
f 1892/2208/2203 2158/2209/2204 1893/2210/2205
f 1893/2210/2205 2158/2209/2204 2159/2211/2206
f 1893/2210/2205 2159/2211/2206 1894/2212/2207
f 1894/2212/2207 2159/2211/2206 2160/2213/2208
f 1894/2212/2207 2160/2213/2208 1895/2214/2209
f 1895/2214/2209 2160/2213/2208 2161/2215/2210
f 1895/2214/2209 2161/2215/2210 1896/2151/2146
f 1896/2151/2146 2161/2215/2210 2162/2153/2148
f 1003/2216/2211 1210/2217/1372 1004/2191/2186
f 1004/2191/2186 1210/2217/1372 1825/2218/2212
f 1004/2191/2186 1825/2218/2212 1884/2219/2213
f 1884/2219/2213 1825/2218/2212 1826/2220/2214
f 1884/2219/2213 1826/2220/2214 1883/2221/2215
f 1883/2221/2215 1826/2220/2214 1827/2222/2216
f 1883/2221/2215 1827/2222/2216 1882/2223/2217
f 1882/2223/2217 1827/2222/2216 1828/2224/2218
f 1882/2223/2217 1828/2224/2218 1881/2225/2219
f 1881/2225/2219 1828/2224/2218 1829/2226/2220
f 1881/2225/2219 1829/2226/2220 1880/2227/2221
f 1880/2227/2221 1829/2226/2220 1830/2228/2222
f 1880/2227/2221 1830/2228/2222 1879/2229/2223
f 1879/2229/2223 1830/2228/2222 1831/2230/2224
f 1879/2229/2223 1831/2230/2224 1878/2231/2225
f 1878/2231/2225 1831/2230/2224 1832/2232/2226
f 1878/2231/2225 1832/2232/2226 1877/2233/2227
f 1877/2233/2227 1832/2232/2226 1833/2234/2228
f 1877/2233/2227 1833/2234/2228 1876/2235/2229
f 1876/2235/2229 1833/2234/2228 1834/2236/2230
f 1876/2235/2229 1834/2236/2230 1875/2237/2231
f 1875/2237/2231 1834/2236/2230 1835/2238/2232
f 1875/2237/2231 1835/2238/2232 1874/2239/2233
f 1874/2239/2233 1835/2238/2232 1836/2240/2234
f 1874/2239/2233 1836/2240/2234 1873/2241/2235
f 1873/2241/2235 1836/2240/2234 1837/2242/2236
f 1873/2241/2235 1837/2242/2236 1872/2243/2237
f 1872/2243/2237 1837/2242/2236 1838/2244/2238
f 1872/2243/2237 1838/2244/2238 1871/2245/2239
f 1871/2245/2239 1838/2244/2238 1839/2246/2240
f 1871/2245/2239 1839/2246/2240 1870/2157/2152
f 1870/2157/2152 1839/2246/2240 1840/2159/2154
f 1209/2247/2241 1823/2248/2242 1210/2217/1372
f 1210/2217/1372 1823/2248/2242 1824/2249/2243
f 1210/2217/1372 1824/2249/2243 1794/2250/2244
f 1794/2250/2244 1824/2249/2243 1823/2248/2242
f 1794/2250/2244 1823/2248/2242 2238/2251/2245
f 2238/2251/2245 1823/2248/2242 1822/2252/2246
f 2238/2251/2245 1822/2252/2246 2239/2253/2247
f 2239/2253/2247 1822/2252/2246 1821/2254/2248
f 2239/2253/2247 1821/2254/2248 2240/2255/2249
f 2240/2255/2249 1821/2254/2248 1820/2256/2250
f 2240/2255/2249 1820/2256/2250 2241/2257/2251
f 2241/2257/2251 1820/2256/2250 1819/2258/2252
f 2241/2257/2251 1819/2258/2252 2242/2259/2253
f 2242/2259/2253 1819/2258/2252 1818/2260/2254
f 2242/2259/2253 1818/2260/2254 2243/2261/2255
f 2243/2261/2255 1818/2260/2254 1817/2262/2256
f 2243/2261/2255 1817/2262/2256 2244/2263/2257
f 2244/2263/2257 1817/2262/2256 1816/2264/2258
f 2244/2263/2257 1816/2264/2258 2245/2265/2259
f 2245/2265/2259 1816/2264/2258 1815/2266/2260
f 2245/2265/2259 1815/2266/2260 2246/2267/2261
f 2246/2267/2261 1815/2266/2260 1814/2268/2262
f 2246/2267/2261 1814/2268/2262 2247/2269/2263
f 2247/2269/2263 1814/2268/2262 1813/2270/2264
f 2247/2269/2263 1813/2270/2264 2248/2271/2265
f 2248/2271/2265 1813/2270/2264 1812/2272/2266
f 2248/2271/2265 1812/2272/2266 2249/2273/2267
f 2249/2273/2267 1812/2272/2266 1811/2274/2268
f 2249/2273/2267 1811/2274/2268 2250/2275/2269
f 2250/2275/2269 1811/2274/2268 1810/2276/2270
f 2250/2275/2269 1810/2276/2270 2251/2277/2271
f 2251/2277/2271 1810/2276/2270 1809/2278/2272
f 2251/2277/2271 1809/2278/2272 2252/2279/2273
f 2252/2279/2273 1809/2278/2272 1808/2280/2274
f 2252/2279/2273 1808/2280/2274 2253/2281/2275
f 2253/2281/2275 1808/2280/2274 1807/2282/2276
f 2253/2281/2275 1807/2282/2276 2254/2163/2158
f 2254/2163/2158 1807/2282/2276 1806/2165/2160
f 1208/2283/2277 1816/2264/2258 1209/2247/2241
f 1209/2247/2241 1816/2264/2258 1817/2262/2256
f 1209/2247/2241 1817/2262/2256 1818/2260/2254
f 1207/2284/2278 1814/2268/2262 1208/2283/2277
f 1208/2283/2277 1814/2268/2262 1815/2266/2260
f 1208/2283/2277 1815/2266/2260 1816/2264/2258
f 1206/2285/2279 1812/2272/2266 1207/2284/2278
f 1207/2284/2278 1812/2272/2266 1813/2270/2264
f 1207/2284/2278 1813/2270/2264 1814/2268/2262
f 1205/2286/2280 1810/2276/2270 1206/2285/2279
f 1206/2285/2279 1810/2276/2270 1811/2274/2268
f 1206/2285/2279 1811/2274/2268 1812/2272/2266
f 1204/2287/2281 1808/2280/2274 1205/2286/2280
f 1205/2286/2280 1808/2280/2274 1809/2278/2272
f 1205/2286/2280 1809/2278/2272 1810/2276/2270
f 1808/2280/2274 1204/2287/2281 1807/2282/2276
f 1807/2282/2276 1204/2287/2281 1203/2288/2282
f 1807/2282/2276 1203/2288/2282 1806/2165/2160
f 1806/2165/2160 1203/2288/2282 1202/2167/2162
f 1201/2168/2163 1200/2289/2283 1805/2166/2161
f 1805/2166/2161 1200/2289/2283 1804/2290/2284
f 1805/2166/2161 1804/2290/2284 2256/2291/2285
f 2256/2291/2285 1804/2290/2284 2257/2127/2122
f 2256/2291/2285 2257/2127/2122 2227/2125/2120
f 1200/2289/2283 1199/2292/2286 1804/2290/2284
f 1804/2290/2284 1199/2292/2286 1198/2293/2287
f 1804/2290/2284 1198/2293/2287 1803/2129/2124
f 1803/2129/2124 1198/2293/2287 1197/2294/2288
f 1803/2129/2124 1197/2294/2288 1196/2131/2126
f 1195/2132/2127 1194/2295/2289 1802/2130/2125
f 1802/2130/2125 1194/2295/2289 1801/2090/2085
f 1802/2130/2125 1801/2090/2085 2259/2088/2083
f 1194/2295/2289 1193/2092/2087 1801/2090/2085
f 1797/2096/2091 1192/2094/2089 1796/1906/1901
f 1796/1906/1901 1192/2094/2089 1057/1904/1899
f 1006/2173/2168 2033/2296/2290 2092/2171/2166
f 2092/2171/2166 2033/2296/2290 2091/2297/2291
f 2092/2171/2166 2091/2297/2291 2093/2169/2164
f 2093/2169/2164 2091/2297/2291 2090/2298/2292
f 2093/2169/2164 2090/2298/2292 2094/2134/2129
f 2094/2134/2129 2090/2298/2292 2089/2299/2293
f 2094/2134/2129 2089/2299/2293 2095/2135/2130
f 2095/2135/2130 2089/2299/2293 2088/2137/2132
f 1006/2173/2168 2149/2177/2172 1788/2300/2294
f 1788/2300/2294 2149/2177/2172 2148/2179/2174
f 1788/2300/2294 2148/2179/2174 2034/2301/2295
f 2034/2301/2295 2148/2179/2174 2147/2181/2176
f 2034/2301/2295 2147/2181/2176 2035/2302/2296
f 2035/2302/2296 2147/2181/2176 2146/2183/2178
f 2035/2302/2296 2146/2183/2178 2036/2303/2297
f 2036/2303/2297 2146/2183/2178 2145/2185/2180
f 2036/2303/2297 2145/2185/2180 2037/2304/2298
f 2037/2304/2298 2145/2185/2180 2144/2187/2182
f 2037/2304/2298 2144/2187/2182 2038/2305/2299
f 2038/2305/2299 2144/2187/2182 2143/2189/2184
f 2038/2305/2299 2143/2189/2184 2039/2141/2136
f 2039/2141/2136 2143/2189/2184 2142/2143/2138
f 1055/1939/1934 1914/1953/1948 1790/1940/1935
f 1790/1940/1935 1914/1953/1948 1913/1955/1950
f 1790/1940/1935 1913/1955/1950 2178/2306/2300
f 2178/2306/2300 1913/1955/1950 1912/1957/1952
f 2178/2306/2300 1912/1957/1952 2177/2307/2301
f 2177/2307/2301 1912/1957/1952 1911/1959/1954
f 2177/2307/2301 1911/1959/1954 2176/2308/2302
f 2176/2308/2302 1911/1959/1954 1910/1961/1956
f 2176/2308/2302 1910/1961/1956 2175/2309/2303
f 2175/2309/2303 1910/1961/1956 1909/1963/1958
f 2175/2309/2303 1909/1963/1958 2174/2310/2304
f 2174/2310/2304 1909/1963/1958 1908/1965/1960
f 2174/2310/2304 1908/1965/1960 2173/1917/1912
f 2173/1917/1912 1908/1965/1960 1907/1919/1914
f 1005/2174/2169 1885/2194/2189 1791/2311/2305
f 1791/2311/2305 1885/2194/2189 1886/2196/2191
f 1791/2311/2305 1886/2196/2191 1943/2312/2306
f 1943/2312/2306 1886/2196/2191 1887/2198/2193
f 1943/2312/2306 1887/2198/2193 1942/2313/2307
f 1942/2313/2307 1887/2198/2193 1888/2200/2195
f 1942/2313/2307 1888/2200/2195 1941/2314/2308
f 1941/2314/2308 1888/2200/2195 1889/2202/2197
f 1941/2314/2308 1889/2202/2197 1940/2315/2309
f 1940/2315/2309 1889/2202/2197 1890/2204/2199
f 1940/2315/2309 1890/2204/2199 1939/2316/2310
f 1939/2316/2310 1890/2204/2199 1891/2206/2201
f 1939/2316/2310 1891/2206/2201 1938/2317/2311
f 1938/2317/2311 1891/2206/2201 1892/2208/2203
f 1938/2317/2311 1892/2208/2203 1937/2318/2312
f 1937/2318/2312 1892/2208/2203 1893/2210/2205
f 1937/2318/2312 1893/2210/2205 1936/2319/2313
f 1936/2319/2313 1893/2210/2205 1894/2212/2207
f 1936/2319/2313 1894/2212/2207 1935/2320/2314
f 1935/2320/2314 1894/2212/2207 1895/2214/2209
f 1935/2320/2314 1895/2214/2209 1934/2149/2144
f 1934/2149/2144 1895/2214/2209 1896/2151/2146
f 1004/2191/2186 1884/2219/2213 1792/2192/2187
f 1792/2192/2187 1884/2219/2213 1883/2221/2215
f 1792/2192/2187 1883/2221/2215 2180/2321/2315
f 2180/2321/2315 1883/2221/2215 1882/2223/2217
f 2180/2321/2315 1882/2223/2217 2181/2322/2316
f 2181/2322/2316 1882/2223/2217 1881/2225/2219
f 2181/2322/2316 1881/2225/2219 2182/2323/2317
f 2182/2323/2317 1881/2225/2219 1880/2227/2221
f 2182/2323/2317 1880/2227/2221 2183/2324/2318
f 2183/2324/2318 1880/2227/2221 1879/2229/2223
f 2183/2324/2318 1879/2229/2223 2184/2325/2319
f 2184/2325/2319 1879/2229/2223 1878/2231/2225
f 2184/2325/2319 1878/2231/2225 2185/2326/2320
f 2185/2326/2320 1878/2231/2225 1877/2233/2227
f 2185/2326/2320 1877/2233/2227 2186/2327/2321
f 2186/2327/2321 1877/2233/2227 1876/2235/2229
f 2186/2327/2321 1876/2235/2229 2187/2328/2322
f 2187/2328/2322 1876/2235/2229 1875/2237/2231
f 2187/2328/2322 1875/2237/2231 2188/2329/2323
f 2188/2329/2323 1875/2237/2231 1874/2239/2233
f 2188/2329/2323 1874/2239/2233 2189/2330/2324
f 2189/2330/2324 1874/2239/2233 1873/2241/2235
f 2189/2330/2324 1873/2241/2235 2190/2331/2325
f 2190/2331/2325 1873/2241/2235 1872/2243/2237
f 2190/2331/2325 1872/2243/2237 2191/2332/2326
f 2191/2332/2326 1872/2243/2237 1871/2245/2239
f 2191/2332/2326 1871/2245/2239 2192/2155/2150
f 2192/2155/2150 1871/2245/2239 1870/2157/2152
f 1793/2333/2327 1056/1902/1897 1854/2334/2328
f 1854/2334/2328 1056/1902/1897 1855/1942/1937
f 1854/2334/2328 1855/1942/1937 1856/1944/1939
f 2265/1907/1902 1795/1905/1900 2237/1903/1898
f 2264/1908/1903 1797/2096/2091 1796/1906/1901
f 1799/2093/2088 1798/2095/2090 2262/2335/2329
f 2262/2335/2329 1798/2095/2090 2263/2097/2092
f 2262/2335/2329 2263/2097/2092 2233/2336/2330
f 2233/2336/2330 2263/2097/2092 2234/1910/1905
f 2233/2336/2330 2234/1910/1905 1850/1912/1907
f 1800/2091/2086 1799/2093/2088 2261/2337/2331
f 2261/2337/2331 1799/2093/2088 2262/2335/2329
f 2261/2337/2331 2262/2335/2329 2232/2338/2332
f 2232/2338/2332 2262/2335/2329 2233/2336/2330
f 2232/2338/2332 2233/2336/2330 1849/2339/2333
f 1849/2339/2333 2233/2336/2330 1850/1912/1907
f 1849/2339/2333 1850/1912/1907 1860/1914/1909
f 2258/2128/2123 1802/2130/2125 2259/2088/2083
f 2257/2127/2122 1804/2290/2284 1803/2129/2124
f 2255/2164/2159 1805/2166/2161 2256/2291/2285
f 1818/2260/2254 1819/2258/2252 1209/2247/2241
f 1209/2247/2241 1819/2258/2252 1820/2256/2250
f 1209/2247/2241 1820/2256/2250 1821/2254/2248
f 1823/2248/2242 1209/2247/2241 1822/2252/2246
f 1822/2252/2246 1209/2247/2241 1821/2254/2248
f 1210/2217/1372 1794/2250/2244 2208/2340/2334
f 2208/2340/2334 1794/2250/2244 2238/2251/2245
f 2208/2340/2334 2238/2251/2245 2209/2341/2335
f 2209/2341/2335 2238/2251/2245 2239/2253/2247
f 2209/2341/2335 2239/2253/2247 2210/2342/2336
f 2210/2342/2336 2239/2253/2247 2240/2255/2249
f 2210/2342/2336 2240/2255/2249 2211/2343/2337
f 2211/2343/2337 2240/2255/2249 2241/2257/2251
f 2211/2343/2337 2241/2257/2251 2212/2344/2338
f 2212/2344/2338 2241/2257/2251 2242/2259/2253
f 2212/2344/2338 2242/2259/2253 2213/2345/2339
f 2213/2345/2339 2242/2259/2253 2243/2261/2255
f 2213/2345/2339 2243/2261/2255 2214/2346/2340
f 2214/2346/2340 2243/2261/2255 2244/2263/2257
f 2214/2346/2340 2244/2263/2257 2215/2347/2341
f 2215/2347/2341 2244/2263/2257 2245/2265/2259
f 2215/2347/2341 2245/2265/2259 2216/2348/2342
f 2216/2348/2342 2245/2265/2259 2246/2267/2261
f 2216/2348/2342 2246/2267/2261 2217/2349/2343
f 2217/2349/2343 2246/2267/2261 2247/2269/2263
f 2217/2349/2343 2247/2269/2263 2218/2350/2344
f 2218/2350/2344 2247/2269/2263 2248/2271/2265
f 2218/2350/2344 2248/2271/2265 2219/2351/2345
f 2219/2351/2345 2248/2271/2265 2249/2273/2267
f 2219/2351/2345 2249/2273/2267 2220/2352/2346
f 2220/2352/2346 2249/2273/2267 2250/2275/2269
f 2220/2352/2346 2250/2275/2269 2221/2353/2347
f 2221/2353/2347 2250/2275/2269 2251/2277/2271
f 2221/2353/2347 2251/2277/2271 2222/2354/2348
f 2222/2354/2348 2251/2277/2271 2252/2279/2273
f 2222/2354/2348 2252/2279/2273 2223/2355/2349
f 2223/2355/2349 2252/2279/2273 2253/2281/2275
f 2223/2355/2349 2253/2281/2275 2224/2161/2156
f 2224/2161/2156 2253/2281/2275 2254/2163/2158
f 2208/2340/2334 2209/2341/2335 1825/2218/2212
f 1825/2218/2212 2209/2341/2335 1826/2220/2214
f 2209/2341/2335 2210/2342/2336 1826/2220/2214
f 1826/2220/2214 2210/2342/2336 1827/2222/2216
f 2210/2342/2336 2211/2343/2337 1827/2222/2216
f 1827/2222/2216 2211/2343/2337 1828/2224/2218
f 2211/2343/2337 2212/2344/2338 1828/2224/2218
f 1828/2224/2218 2212/2344/2338 1829/2226/2220
f 2212/2344/2338 2213/2345/2339 1829/2226/2220
f 1829/2226/2220 2213/2345/2339 1830/2228/2222
f 2213/2345/2339 2214/2346/2340 1830/2228/2222
f 1830/2228/2222 2214/2346/2340 1831/2230/2224
f 2214/2346/2340 2215/2347/2341 1831/2230/2224
f 1831/2230/2224 2215/2347/2341 1832/2232/2226
f 2215/2347/2341 2216/2348/2342 1832/2232/2226
f 1832/2232/2226 2216/2348/2342 1833/2234/2228
f 2216/2348/2342 2217/2349/2343 1833/2234/2228
f 1833/2234/2228 2217/2349/2343 1834/2236/2230
f 2217/2349/2343 2218/2350/2344 1834/2236/2230
f 1834/2236/2230 2218/2350/2344 1835/2238/2232
f 2218/2350/2344 2219/2351/2345 1835/2238/2232
f 1835/2238/2232 2219/2351/2345 1836/2240/2234
f 2219/2351/2345 2220/2352/2346 1836/2240/2234
f 1836/2240/2234 2220/2352/2346 1837/2242/2236
f 2220/2352/2346 2221/2353/2347 1837/2242/2236
f 1837/2242/2236 2221/2353/2347 1838/2244/2238
f 2221/2353/2347 2222/2354/2348 1838/2244/2238
f 1838/2244/2238 2222/2354/2348 1839/2246/2240
f 2222/2354/2348 2223/2355/2349 1839/2246/2240
f 1839/2246/2240 2223/2355/2349 1840/2159/2154
f 1841/2160/2155 1842/2356/2350 1868/2357/2351
f 1868/2357/2351 1842/2356/2350 1867/2121/2116
f 1868/2357/2351 1867/2121/2116 2195/2119/2114
f 2223/2355/2349 2224/2161/2156 1840/2159/2154
f 1867/2121/2116 1842/2356/2350 1843/2123/2118
f 1843/2123/2118 1842/2356/2350 2226/2358/2352
f 1843/2123/2118 2226/2358/2352 2227/2125/2120
f 2227/2125/2120 2226/2358/2352 2256/2291/2285
f 2226/2358/2352 1842/2356/2350 2225/2162/2157
f 2225/2162/2157 1842/2356/2350 1841/2160/2155
f 1866/2122/2117 1844/2124/2119 1865/2082/2077
f 1865/2082/2077 1844/2124/2119 1845/2084/2079
f 2229/2086/2081 1845/2084/2079 2228/2126/2121
f 2228/2126/2121 1845/2084/2079 1844/2124/2119
f 1846/2085/2080 1847/2359/2353 1863/2360/2354
f 1863/2360/2354 1847/2359/2353 1862/2361/2355
f 1863/2360/2354 1862/2361/2355 2200/2362/2356
f 2200/2362/2356 1862/2361/2355 2201/2363/2357
f 2200/2362/2356 2201/2363/2357 2171/2364/2358
f 2171/2364/2358 2201/2363/2357 2172/1918/1913
f 2171/2364/2358 2172/1918/1913 1906/1920/1915
f 1847/2359/2353 1848/2365/2359 1862/2361/2355
f 1862/2361/2355 1848/2365/2359 1861/2366/2360
f 1862/2361/2355 1861/2366/2360 2201/2363/2357
f 2201/2363/2357 1861/2366/2360 2202/1916/1911
f 2201/2363/2357 2202/1916/1911 2172/1918/1913
f 1846/2085/2080 2230/2087/2082 1847/2359/2353
f 1847/2359/2353 2230/2087/2082 2231/2367/2361
f 1847/2359/2353 2231/2367/2361 1848/2365/2359
f 1848/2365/2359 2231/2367/2361 2232/2338/2332
f 1848/2365/2359 2232/2338/2332 1849/2339/2333
f 1848/2365/2359 1849/2339/2333 1861/2366/2360
f 1861/2366/2360 1849/2339/2333 1860/1914/1909
f 1861/2366/2360 1860/1914/1909 2202/1916/1911
f 1858/1948/1943 1859/1913/1908 1851/1911/1906
f 1857/1946/1941 1858/1948/1943 1852/2368/2362
f 1852/2368/2362 1858/1948/1943 1851/1911/1906
f 1852/2368/2362 1851/1911/1906 2235/1909/1904
f 1856/1944/1939 1857/1946/1941 1853/2369/2363
f 1853/2369/2363 1857/1946/1941 1852/2368/2362
f 1853/2369/2363 1852/2368/2362 2236/2370/2364
f 2236/2370/2364 1852/2368/2362 2235/1909/1904
f 2236/2370/2364 2235/1909/1904 2265/1907/1902
f 1793/2333/2327 1854/2334/2328 1853/2369/2363
f 1853/2369/2363 1854/2334/2328 1856/1944/1939
f 1793/2333/2327 1853/2369/2363 2236/2370/2364
f 1056/1902/1897 1793/2333/2327 2237/1903/1898
f 2237/1903/1898 1793/2333/2327 2236/2370/2364
f 2237/1903/1898 2236/2370/2364 2265/1907/1902
f 1846/2085/2080 1863/2360/2354 1864/2083/2078
f 1864/2083/2078 1863/2360/2354 2199/2371/2365
f 1864/2083/2078 2199/2371/2365 2198/2081/2076
f 2198/2081/2076 2199/2371/2365 2169/2372/2366
f 2198/2081/2076 2169/2372/2366 2168/2079/2074
f 2168/2079/2074 2169/2372/2366 1903/2373/2367
f 2168/2079/2074 1903/2373/2367 1902/2077/2072
f 1902/2077/2072 1903/2373/2367 1927/2374/2368
f 1902/2077/2072 1927/2374/2368 1928/2075/2070
f 1928/2075/2070 1927/2374/2368 1990/2375/2369
f 1928/2075/2070 1990/2375/2369 1989/2073/2068
f 1989/2073/2068 1990/2375/2369 1959/2376/2370
f 1989/2073/2068 1959/2376/2370 1960/2071/2066
f 1960/2071/2066 1959/2376/2370 2135/2377/2371
f 1960/2071/2066 2135/2377/2371 2136/2069/2064
f 2136/2069/2064 2135/2377/2371 2046/2378/2372
f 2136/2069/2064 2046/2378/2372 2045/2067/2062
f 2045/2067/2062 2046/2378/2372 2020/2379/2373
f 2045/2067/2062 2020/2379/2373 2021/2065/2060
f 2021/2065/2060 2020/2379/2373 2081/2380/2374
f 2021/2065/2060 2081/2380/2374 2082/2063/2058
f 2082/2063/2058 2081/2380/2374 2102/2381/2375
f 2082/2063/2058 2102/2381/2375 2101/2061/2056
f 2101/2061/2056 2102/2381/2375 1781/1938/1933
f 2199/2371/2365 1863/2360/2354 2200/2362/2356
f 2196/2120/2115 1866/2122/2117 2197/2080/2075
f 2197/2080/2075 1866/2122/2117 1865/2082/2077
f 1841/2160/2155 1868/2357/2351 1869/2158/2153
f 1869/2158/2153 1868/2357/2351 2194/2382/2376
f 1869/2158/2153 2194/2382/2376 2193/2156/2151
f 2193/2156/2151 2194/2382/2376 2164/2383/2377
f 2193/2156/2151 2164/2383/2377 2163/2154/2149
f 2163/2154/2149 2164/2383/2377 1898/2384/2378
f 2163/2154/2149 1898/2384/2378 1897/2152/2147
f 1897/2152/2147 1898/2384/2378 1932/2385/2379
f 1897/2152/2147 1932/2385/2379 1933/2150/2145
f 1933/2150/2145 1932/2385/2379 1985/2386/2380
f 1933/2150/2145 1985/2386/2380 1984/2148/2143
f 1984/2148/2143 1985/2386/2380 1964/2387/2381
f 1984/2148/2143 1964/2387/2381 1965/2146/2141
f 1965/2146/2141 1964/2387/2381 2140/2388/2382
f 1965/2146/2141 2140/2388/2382 2141/2144/2139
f 2141/2144/2139 2140/2388/2382 2041/2389/2383
f 2141/2144/2139 2041/2389/2383 2040/2142/2137
f 2040/2142/2137 2041/2389/2383 2025/2390/2384
f 2040/2142/2137 2025/2390/2384 2026/2140/2135
f 2026/2140/2135 2025/2390/2384 2086/2391/2385
f 2026/2140/2135 2086/2391/2385 2087/2138/2133
f 2087/2138/2133 2086/2391/2385 2097/2099/2094
f 2087/2138/2133 2097/2099/2094 2096/2136/2131
f 2096/2136/2131 2097/2099/2094 1783/2098/2093
f 2194/2382/2376 1868/2357/2351 2195/2119/2114
f 1005/2174/2169 1791/2311/2305 1944/2175/2170
f 1944/2175/2170 1791/2311/2305 1943/2312/2306
f 1944/2175/2170 1943/2312/2306 1975/2392/2386
f 1975/2392/2386 1943/2312/2306 1942/2313/2307
f 1975/2392/2386 1942/2313/2307 1976/2393/2387
f 1976/2393/2387 1942/2313/2307 1941/2314/2308
f 1976/2393/2387 1941/2314/2308 1977/2394/2388
f 1977/2394/2388 1941/2314/2308 1940/2315/2309
f 1977/2394/2388 1940/2315/2309 1978/2395/2389
f 1978/2395/2389 1940/2315/2309 1939/2316/2310
f 1978/2395/2389 1939/2316/2310 1979/2396/2390
f 1979/2396/2390 1939/2316/2310 1938/2317/2311
f 1979/2396/2390 1938/2317/2311 1980/2397/2391
f 1980/2397/2391 1938/2317/2311 1937/2318/2312
f 1980/2397/2391 1937/2318/2312 1981/2398/2392
f 1981/2398/2392 1937/2318/2312 1936/2319/2313
f 1981/2398/2392 1936/2319/2313 1982/2399/2393
f 1982/2399/2393 1936/2319/2313 1935/2320/2314
f 1982/2399/2393 1935/2320/2314 1983/2147/2142
f 1983/2147/2142 1935/2320/2314 1934/2149/2144
f 1932/2385/2379 1898/2384/2378 1931/2113/2108
f 1931/2113/2108 1898/2384/2378 1899/2115/2110
f 2165/2117/2112 1899/2115/2110 2164/2383/2377
f 2164/2383/2377 1899/2115/2110 1898/2384/2378
f 1930/2114/2109 1900/2116/2111 1929/2074/2069
f 1929/2074/2069 1900/2116/2111 1901/2076/2071
f 2167/2078/2073 1901/2076/2071 2166/2118/2113
f 2166/2118/2113 1901/2076/2071 1900/2116/2111
f 1903/2373/2367 1904/2400/2394 1926/2401/2395
f 1926/2401/2395 1904/2400/2394 1925/2402/2396
f 1926/2401/2395 1925/2402/2396 1992/2403/2397
f 1992/2403/2397 1925/2402/2396 1993/1924/1919
f 1992/2403/2397 1993/1924/1919 1956/1926/1921
f 1904/2400/2394 1905/2404/2398 1925/2402/2396
f 1925/2402/2396 1905/2404/2398 1924/1922/1917
f 1925/2402/2396 1924/1922/1917 1993/1924/1919
f 1903/2373/2367 2169/2372/2366 1904/2400/2394
f 1904/2400/2394 2169/2372/2366 2170/2405/2399
f 1904/2400/2394 2170/2405/2399 1905/2404/2398
f 1905/2404/2398 2170/2405/2399 2171/2364/2358
f 1905/2404/2398 2171/2364/2358 1906/1920/1915
f 1905/2404/2398 1906/1920/1915 1924/1922/1917
f 1789/1951/1946 2002/1971/1966 1915/1952/1947
f 1915/1952/1947 2002/1971/1966 1916/1954/1949
f 2002/1971/1966 2001/1973/1968 1916/1954/1949
f 1916/1954/1949 2001/1973/1968 1917/1956/1951
f 2001/1973/1968 2000/1975/1970 1917/1956/1951
f 1917/1956/1951 2000/1975/1970 1918/1958/1953
f 2000/1975/1970 1999/1977/1972 1918/1958/1953
f 1918/1958/1953 1999/1977/1972 1919/1960/1955
f 1999/1977/1972 1998/1979/1974 1919/1960/1955
f 1919/1960/1955 1998/1979/1974 1920/1962/1957
f 1998/1979/1974 1997/1981/1976 1920/1962/1957
f 1920/1962/1957 1997/1981/1976 1921/1964/1959
f 1997/1981/1976 1996/1983/1978 1921/1964/1959
f 1921/1964/1959 1996/1983/1978 1922/1966/1961
f 1996/1983/1978 1995/1985/1980 1922/1966/1961
f 1922/1966/1961 1995/1985/1980 1923/1921/1916
f 1995/1985/1980 1994/1923/1918 1923/1921/1916
f 1903/2373/2367 1926/2401/2395 1927/2374/2368
f 1927/2374/2368 1926/2401/2395 1991/2406/2400
f 1927/2374/2368 1991/2406/2400 1990/2375/2369
f 1990/2375/2369 1991/2406/2400 1958/2407/2401
f 1990/2375/2369 1958/2407/2401 1959/2376/2370
f 1959/2376/2370 1958/2407/2401 2134/2408/2402
f 1959/2376/2370 2134/2408/2402 2135/2377/2371
f 2135/2377/2371 2134/2408/2402 2047/2409/2403
f 2135/2377/2371 2047/2409/2403 2046/2378/2372
f 2046/2378/2372 2047/2409/2403 2019/2410/2404
f 2046/2378/2372 2019/2410/2404 2020/2379/2373
f 2020/2379/2373 2019/2410/2404 2080/2411/2405
f 2020/2379/2373 2080/2411/2405 2081/2380/2374
f 2081/2380/2374 2080/2411/2405 2103/2412/2406
f 2081/2380/2374 2103/2412/2406 2102/2381/2375
f 2102/2381/2375 2103/2412/2406 1781/1938/1933
f 1991/2406/2400 1926/2401/2395 1992/2403/2397
f 1987/2112/2107 1930/2114/2109 1988/2072/2067
f 1988/2072/2067 1930/2114/2109 1929/2074/2069
f 1985/2386/2380 1932/2385/2379 1986/2111/2106
f 1986/2111/2106 1932/2385/2379 1931/2113/2108
f 1787/1968/1963 2121/1991/1986 1945/1969/1964
f 1945/1969/1964 2121/1991/1986 1946/1970/1965
f 2121/1991/1986 2122/1993/1988 1946/1970/1965
f 1946/1970/1965 2122/1993/1988 1947/1972/1967
f 2122/1993/1988 2123/1995/1990 1947/1972/1967
f 1947/1972/1967 2123/1995/1990 1948/1974/1969
f 2123/1995/1990 2124/1997/1992 1948/1974/1969
f 1948/1974/1969 2124/1997/1992 1949/1976/1971
f 2124/1997/1992 2125/1999/1994 1949/1976/1971
f 1949/1976/1971 2125/1999/1994 1950/1978/1973
f 2125/1999/1994 2126/2001/1996 1950/1978/1973
f 1950/1978/1973 2126/2001/1996 1951/1980/1975
f 2126/2001/1996 2127/2003/1998 1951/1980/1975
f 1951/1980/1975 2127/2003/1998 1952/1982/1977
f 2127/2003/1998 2128/2005/2000 1952/1982/1977
f 1952/1982/1977 2128/2005/2000 1953/1984/1979
f 2128/2005/2000 2129/2007/2002 1953/1984/1979
f 1953/1984/1979 2129/2007/2002 1954/1986/1981
f 2129/2007/2002 2130/2009/2004 1954/1986/1981
f 1954/1986/1981 2130/2009/2004 1955/1925/1920
f 1991/2406/2400 1992/2403/2397 1957/2413/2407
f 1957/2413/2407 1992/2403/2397 1956/1926/1921
f 1957/2413/2407 1956/1926/1921 2132/1928/1923
f 2130/2009/2004 2131/1927/1922 1955/1925/1920
f 1991/2406/2400 1957/2413/2407 1958/2407/2401
f 1958/2407/2401 1957/2413/2407 2133/2414/2408
f 1958/2407/2401 2133/2414/2408 2134/2408/2402
f 2134/2408/2402 2133/2414/2408 2048/2415/2409
f 2134/2408/2402 2048/2415/2409 2047/2409/2403
f 2047/2409/2403 2048/2415/2409 2018/2416/2410
f 2047/2409/2403 2018/2416/2410 2019/2410/2404
f 2019/2410/2404 2018/2416/2410 2079/2417/2411
f 2019/2410/2404 2079/2417/2411 2080/2411/2405
f 2080/2411/2405 2079/2417/2411 2104/2418/2412
f 2080/2411/2405 2104/2418/2412 2103/2412/2406
f 2103/2412/2406 2104/2418/2412 1781/1938/1933
f 2133/2414/2408 1957/2413/2407 2132/1928/1923
f 1987/2112/2107 1988/2072/2067 1961/2070/2065
f 1987/2112/2107 1961/2070/2065 1962/2110/2105
f 1962/2110/2105 1961/2070/2065 2137/2068/2063
f 1962/2110/2105 2137/2068/2063 2138/2108/2103
f 2138/2108/2103 2137/2068/2063 2044/2066/2061
f 2138/2108/2103 2044/2066/2061 2043/2106/2101
f 2043/2106/2101 2044/2066/2061 2022/2064/2059
f 2043/2106/2101 2022/2064/2059 2023/2104/2099
f 2023/2104/2099 2022/2064/2059 2083/2062/2057
f 2023/2104/2099 2083/2062/2057 2084/2102/2097
f 2084/2102/2097 2083/2062/2057 2100/2060/2055
f 2084/2102/2097 2100/2060/2055 2099/2059/2054
f 1985/2386/2380 1986/2111/2106 1963/2109/2104
f 1985/2386/2380 1963/2109/2104 1964/2387/2381
f 1964/2387/2381 1963/2109/2104 2139/2107/2102
f 1964/2387/2381 2139/2107/2102 2140/2388/2382
f 2140/2388/2382 2139/2107/2102 2042/2105/2100
f 2140/2388/2382 2042/2105/2100 2041/2389/2383
f 2041/2389/2383 2042/2105/2100 2024/2103/2098
f 2041/2389/2383 2024/2103/2098 2025/2390/2384
f 2025/2390/2384 2024/2103/2098 2085/2101/2096
f 2025/2390/2384 2085/2101/2096 2086/2391/2385
f 2086/2391/2385 2085/2101/2096 2098/2100/2095
f 2086/2391/2385 2098/2100/2095 2097/2099/2094
f 1982/2399/2393 1983/2147/2142 1966/2145/2140
f 1981/2398/2392 1982/2399/2393 1967/2190/2185
f 1967/2190/2185 1982/2399/2393 1966/2145/2140
f 1980/2397/2391 1981/2398/2392 1968/2188/2183
f 1968/2188/2183 1981/2398/2392 1967/2190/2185
f 1979/2396/2390 1980/2397/2391 1969/2186/2181
f 1969/2186/2181 1980/2397/2391 1968/2188/2183
f 1978/2395/2389 1979/2396/2390 1970/2184/2179
f 1970/2184/2179 1979/2396/2390 1969/2186/2181
f 1977/2394/2388 1978/2395/2389 1971/2182/2177
f 1971/2182/2177 1978/2395/2389 1970/2184/2179
f 1976/2393/2387 1977/2394/2388 1972/2180/2175
f 1972/2180/2175 1977/2394/2388 1971/2182/2177
f 1975/2392/2386 1976/2393/2387 1973/2178/2173
f 1973/2178/2173 1976/2393/2387 1972/2180/2175
f 1944/2175/2170 1975/2392/2386 1974/2176/2171
f 1974/2176/2171 1975/2392/2386 1973/2178/2173
f 2061/1990/1985 2062/1989/1984 2004/2015/2010
f 2004/2015/2010 2062/1989/1984 2003/1988/1983
f 2060/1992/1987 2061/1990/1985 2005/2017/2012
f 2005/2017/2012 2061/1990/1985 2004/2015/2010
f 2059/1994/1989 2060/1992/1987 2006/2019/2014
f 2006/2019/2014 2060/1992/1987 2005/2017/2012
f 2058/1996/1991 2059/1994/1989 2007/2021/2016
f 2007/2021/2016 2059/1994/1989 2006/2019/2014
f 2057/1998/1993 2058/1996/1991 2008/2023/2018
f 2008/2023/2018 2058/1996/1991 2007/2021/2016
f 2056/2000/1995 2057/1998/1993 2009/2025/2020
f 2009/2025/2020 2057/1998/1993 2008/2023/2018
f 2055/2002/1997 2056/2000/1995 2010/2027/2022
f 2010/2027/2022 2056/2000/1995 2009/2025/2020
f 2054/2004/1999 2055/2002/1997 2011/2029/2024
f 2011/2029/2024 2055/2002/1997 2010/2027/2022
f 2053/2006/2001 2054/2004/1999 2012/2031/2026
f 2012/2031/2026 2054/2004/1999 2011/2029/2024
f 2052/2008/2003 2053/2006/2001 2013/2033/2028
f 2013/2033/2028 2053/2006/2001 2012/2031/2026
f 2051/2010/2005 2052/2008/2003 2014/2035/2030
f 2014/2035/2030 2052/2008/2003 2013/2033/2028
f 2050/1929/1924 2051/2010/2005 2015/2037/2032
f 2015/2037/2032 2051/2010/2005 2014/2035/2030
f 2015/2037/2032 2016/1931/1926 2050/1929/1924
f 2049/1930/1925 2017/1932/1927 2048/2415/2409
f 2048/2415/2409 2017/1932/1927 2018/2416/2410
f 2079/2417/2411 2018/2416/2410 2078/1934/1929
f 2078/1934/1929 2018/2416/2410 2017/1932/1927
f 2038/2305/2299 2039/2141/2136 2027/2139/2134
f 2037/2304/2298 2038/2305/2299 2028/2419/2413
f 2028/2419/2413 2038/2305/2299 2027/2139/2134
f 2028/2419/2413 2027/2139/2134 2088/2137/2132
f 2036/2303/2297 2037/2304/2298 2029/2420/2414
f 2029/2420/2414 2037/2304/2298 2028/2419/2413
f 2029/2420/2414 2028/2419/2413 2089/2299/2293
f 2089/2299/2293 2028/2419/2413 2088/2137/2132
f 2035/2302/2296 2036/2303/2297 2030/2421/2415
f 2030/2421/2415 2036/2303/2297 2029/2420/2414
f 2030/2421/2415 2029/2420/2414 2090/2298/2292
f 2090/2298/2292 2029/2420/2414 2089/2299/2293
f 2034/2301/2295 2035/2302/2296 2031/2422/2416
f 2031/2422/2416 2035/2302/2296 2030/2421/2415
f 2031/2422/2416 2030/2421/2415 2091/2297/2291
f 2091/2297/2291 2030/2421/2415 2090/2298/2292
f 1788/2300/2294 2034/2301/2295 2032/2423/2417
f 2032/2423/2417 2034/2301/2295 2031/2422/2416
f 2032/2423/2417 2031/2422/2416 2033/2296/2290
f 2033/2296/2290 2031/2422/2416 2091/2297/2291
f 1006/2173/2168 1788/2300/2294 2032/2423/2417
f 2033/2296/2290 1006/2173/2168 2032/2423/2417
f 2132/1928/1923 2049/1930/1925 2133/2414/2408
f 2133/2414/2408 2049/1930/1925 2048/2415/2409
f 2120/2040/2035 2119/2041/2036 2064/2014/2009
f 2064/2014/2009 2119/2041/2036 2065/2016/2011
f 2119/2041/2036 2118/2043/2038 2065/2016/2011
f 2065/2016/2011 2118/2043/2038 2066/2018/2013
f 2118/2043/2038 2117/2045/2040 2066/2018/2013
f 2066/2018/2013 2117/2045/2040 2067/2020/2015
f 2115/2049/2044 2069/2024/2019 2068/2022/2017
f 2117/2045/2040 2116/2047/2042 2067/2020/2015
f 2067/2020/2015 2116/2047/2042 2068/2022/2017
f 2116/2047/2042 2115/2049/2044 2068/2022/2017
f 2111/2055/2050 2073/2032/2027 2072/2030/2025
f 2113/2052/2047 2112/2053/2048 2071/2028/2023
f 2071/2028/2023 2112/2053/2048 2072/2030/2025
f 2112/2053/2048 2111/2055/2050 2072/2030/2025
f 2076/2038/2033 2075/2036/2031 2108/2424/2418
f 2108/2424/2418 2075/2036/2031 2109/2057/2052
f 2108/2424/2418 2109/2057/2052 1780/1937/1932
f 2077/1933/1928 2076/2038/2033 2107/2425/2419
f 2107/2425/2419 2076/2038/2033 2108/2424/2418
f 2107/2425/2419 2108/2424/2418 1780/1937/1932
f 2104/2418/2412 2079/2417/2411 2105/1936/1931
f 2105/1936/1931 2079/2417/2411 2078/1934/1929
f 2105/1936/1931 1781/1938/1933 2104/2418/2412
f 2107/2425/2419 1780/1937/1932 2106/1935/1930
f 2077/1933/1928 2107/2425/2419 2106/1935/1930
f 1792/2192/2187 2180/2321/2315 2150/2193/2188
f 2150/2193/2188 2180/2321/2315 2151/2195/2190
f 2180/2321/2315 2181/2322/2316 2151/2195/2190
f 2151/2195/2190 2181/2322/2316 2152/2197/2192
f 2181/2322/2316 2182/2323/2317 2152/2197/2192
f 2152/2197/2192 2182/2323/2317 2153/2199/2194
f 2182/2323/2317 2183/2324/2318 2153/2199/2194
f 2153/2199/2194 2183/2324/2318 2154/2201/2196
f 2183/2324/2318 2184/2325/2319 2154/2201/2196
f 2154/2201/2196 2184/2325/2319 2155/2203/2198
f 2184/2325/2319 2185/2326/2320 2155/2203/2198
f 2155/2203/2198 2185/2326/2320 2156/2205/2200
f 2185/2326/2320 2186/2327/2321 2156/2205/2200
f 2156/2205/2200 2186/2327/2321 2157/2207/2202
f 2186/2327/2321 2187/2328/2322 2157/2207/2202
f 2157/2207/2202 2187/2328/2322 2158/2209/2204
f 2187/2328/2322 2188/2329/2323 2158/2209/2204
f 2158/2209/2204 2188/2329/2323 2159/2211/2206
f 2188/2329/2323 2189/2330/2324 2159/2211/2206
f 2159/2211/2206 2189/2330/2324 2160/2213/2208
f 2189/2330/2324 2190/2331/2325 2160/2213/2208
f 2160/2213/2208 2190/2331/2325 2161/2215/2210
f 2190/2331/2325 2191/2332/2326 2161/2215/2210
f 2161/2215/2210 2191/2332/2326 2162/2153/2148
f 2191/2332/2326 2192/2155/2150 2162/2153/2148
f 2195/2119/2114 2165/2117/2112 2194/2382/2376
f 2194/2382/2376 2165/2117/2112 2164/2383/2377
f 2197/2080/2075 2167/2078/2073 2196/2120/2115
f 2196/2120/2115 2167/2078/2073 2166/2118/2113
f 2200/2362/2356 2171/2364/2358 2170/2405/2399
f 2200/2362/2356 2170/2405/2399 2199/2371/2365
f 2199/2371/2365 2170/2405/2399 2169/2372/2366
f 2173/1917/1912 2203/1915/1910 2174/2310/2304
f 2174/2310/2304 2203/1915/1910 2204/1949/1944
f 2174/2310/2304 2204/1949/1944 2175/2309/2303
f 2175/2309/2303 2204/1949/1944 2205/1947/1942
f 2175/2309/2303 2205/1947/1942 2176/2308/2302
f 2176/2308/2302 2205/1947/1942 2206/1945/1940
f 2176/2308/2302 2206/1945/1940 2177/2307/2301
f 2177/2307/2301 2206/1945/1940 2207/1943/1938
f 2177/2307/2301 2207/1943/1938 2178/2306/2300
f 2178/2306/2300 2207/1943/1938 2179/1941/1936
f 2178/2306/2300 2179/1941/1936 1790/1940/1935
f 1210/2217/1372 2208/2340/2334 1825/2218/2212
f 2256/2291/2285 2226/2358/2352 2255/2164/2159
f 2255/2164/2159 2226/2358/2352 2225/2162/2157
f 2259/2088/2083 2229/2086/2081 2258/2128/2123
f 2258/2128/2123 2229/2086/2081 2228/2126/2121
f 2261/2337/2331 2232/2338/2332 2231/2367/2361
f 2261/2337/2331 2231/2367/2361 2260/2089/2084
f 2260/2089/2084 2231/2367/2361 2230/2087/2082
f 1800/2091/2086 2261/2337/2331 2260/2089/2084
f 2296/2426/2420 1028/2427/2421 2305/2428/2422
f 2305/2428/2422 1028/2427/2421 1027/2429/2423
f 2305/2428/2422 1027/2429/2423 2630/2430/2424
f 2630/2430/2424 1027/2429/2423 2302/2431/2425
f 2630/2430/2424 2302/2431/2425 2600/2432/2426
f 2600/2432/2426 2302/2431/2425 2391/2433/2427
f 2600/2432/2426 2391/2433/2427 2390/2434/2428
f 2390/2434/2428 2391/2433/2427 2336/2435/2429
f 2390/2434/2428 2336/2435/2429 2337/2436/2430
f 2337/2436/2430 2336/2435/2429 2569/2437/2431
f 2337/2436/2430 2569/2437/2431 2568/2438/2432
f 2568/2438/2432 2569/2437/2431 2448/2439/2433
f 2568/2438/2432 2448/2439/2433 2447/2440/2434
f 2447/2440/2434 2448/2439/2433 2398/2441/2435
f 2447/2440/2434 2398/2441/2435 2399/2442/2436
f 2399/2442/2436 2398/2441/2435 2711/2443/2437
f 2399/2442/2436 2711/2443/2437 2710/2444/2438
f 2710/2444/2438 2711/2443/2437 2681/2445/2439
f 2710/2444/2438 2681/2445/2439 2680/2446/2440
f 2680/2446/2440 2681/2445/2439 2504/2447/2441
f 2680/2446/2440 2504/2447/2441 2503/2448/2442
f 2503/2448/2442 2504/2447/2441 2462/2449/2443
f 2503/2448/2442 2462/2449/2443 2463/2450/2444
f 2463/2450/2444 2462/2449/2443 2649/2451/2445
f 2463/2450/2444 2649/2451/2445 2648/2452/2446
f 2648/2452/2446 2649/2451/2445 2531/2453/2447
f 2648/2452/2446 2531/2453/2447 2530/2454/2448
f 2530/2454/2448 2531/2453/2447 2269/2455/2449
f 2530/2454/2448 2269/2455/2449 2270/2456/2450
f 1026/2457/2451 2300/2458/2452 1027/2429/2423
f 1027/2429/2423 2300/2458/2452 2334/2459/2453
f 1027/2429/2423 2334/2459/2453 2392/2460/2454
f 2392/2460/2454 2334/2459/2453 2335/2461/2455
f 2392/2460/2454 2335/2461/2455 2391/2433/2427
f 2391/2433/2427 2335/2461/2455 2336/2435/2429
f 1025/2462/2456 2299/2463/2457 1026/2457/2451
f 1026/2457/2451 2299/2463/2457 2688/2464/2458
f 1026/2457/2451 2688/2464/2458 2393/2465/2459
f 2393/2465/2459 2688/2464/2458 2716/2466/2460
f 2393/2465/2459 2716/2466/2460 2394/2467/2461
f 2394/2467/2461 2716/2466/2460 2715/2468/2462
f 2394/2467/2461 2715/2468/2462 2395/2469/2463
f 2395/2469/2463 2715/2468/2462 2714/2470/2464
f 2395/2469/2463 2714/2470/2464 2396/2471/2465
f 2396/2471/2465 2714/2470/2464 2713/2472/2466
f 2396/2471/2465 2713/2472/2466 2397/2473/2467
f 2397/2473/2467 2713/2472/2466 2712/2474/2468
f 2397/2473/2467 2712/2474/2468 2398/2441/2435
f 2398/2441/2435 2712/2474/2468 2711/2443/2437
f 1024/2475/2469 2266/2476/2470 1025/2462/2456
f 1025/2462/2456 2266/2476/2470 2453/2477/2471
f 1025/2462/2456 2453/2477/2471 2512/2478/2472
f 2512/2478/2472 2453/2477/2471 2454/2479/2473
f 2512/2478/2472 2454/2479/2473 2511/2480/2474
f 2511/2480/2474 2454/2479/2473 2455/2481/2475
f 2511/2480/2474 2455/2481/2475 2510/2482/2476
f 2510/2482/2476 2455/2481/2475 2456/2483/2477
f 2510/2482/2476 2456/2483/2477 2509/2484/2478
f 2509/2484/2478 2456/2483/2477 2457/2485/2479
f 2509/2484/2478 2457/2485/2479 2508/2486/2480
f 2508/2486/2480 2457/2485/2479 2458/2487/2481
f 2508/2486/2480 2458/2487/2481 2507/2488/2482
f 2507/2488/2482 2458/2487/2481 2459/2489/2483
f 2507/2488/2482 2459/2489/2483 2506/2490/2484
f 2506/2490/2484 2459/2489/2483 2460/2491/2485
f 2506/2490/2484 2460/2491/2485 2505/2492/2486
f 2505/2492/2486 2460/2491/2485 2461/2493/2487
f 2505/2492/2486 2461/2493/2487 2504/2447/2441
f 2504/2447/2441 2461/2493/2487 2462/2449/2443
f 2267/2494/2488 2541/2495/2489 2266/2476/2470
f 2266/2476/2470 2541/2495/2489 2542/2496/2490
f 2266/2476/2470 2542/2496/2490 2297/2497/2491
f 2297/2497/2491 2542/2496/2490 2541/2495/2489
f 2297/2497/2491 2541/2495/2489 2658/2498/2492
f 2658/2498/2492 2541/2495/2489 2540/2499/2493
f 2658/2498/2492 2540/2499/2493 2657/2500/2494
f 2657/2500/2494 2540/2499/2493 2539/2501/2495
f 2657/2500/2494 2539/2501/2495 2656/2502/2496
f 2656/2502/2496 2539/2501/2495 2538/2503/2497
f 2656/2502/2496 2538/2503/2497 2655/2504/2498
f 2655/2504/2498 2538/2503/2497 2537/2505/2499
f 2655/2504/2498 2537/2505/2499 2654/2506/2500
f 2654/2506/2500 2537/2505/2499 2536/2507/2501
f 2654/2506/2500 2536/2507/2501 2653/2508/2502
f 2653/2508/2502 2536/2507/2501 2535/2509/2503
f 2653/2508/2502 2535/2509/2503 2652/2510/2504
f 2652/2510/2504 2535/2509/2503 2534/2511/2505
f 2652/2510/2504 2534/2511/2505 2651/2512/2506
f 2651/2512/2506 2534/2511/2505 2533/2513/2507
f 2651/2512/2506 2533/2513/2507 2650/2514/2508
f 2650/2514/2508 2533/2513/2507 2532/2515/2509
f 2650/2514/2508 2532/2515/2509 2649/2451/2445
f 2649/2451/2445 2532/2515/2509 2531/2453/2447
f 2268/2516/2510 2534/2511/2505 2267/2494/2488
f 2267/2494/2488 2534/2511/2505 2535/2509/2503
f 2267/2494/2488 2535/2509/2503 2536/2507/2501
f 2269/2455/2449 2532/2515/2509 2268/2516/2510
f 2268/2516/2510 2532/2515/2509 2533/2513/2507
f 2268/2516/2510 2533/2513/2507 2534/2511/2505
f 2271/2517/2511 2528/2518/2512 2270/2456/2450
f 2270/2456/2450 2528/2518/2512 2529/2519/2513
f 2270/2456/2450 2529/2519/2513 2530/2454/2448
f 2530/2454/2448 2529/2519/2513 2647/2520/2514
f 2530/2454/2448 2647/2520/2514 2648/2452/2446
f 2648/2452/2446 2647/2520/2514 2464/2521/2515
f 2648/2452/2446 2464/2521/2515 2463/2450/2444
f 2463/2450/2444 2464/2521/2515 2502/2522/2516
f 2463/2450/2444 2502/2522/2516 2503/2448/2442
f 2503/2448/2442 2502/2522/2516 2679/2523/2517
f 2503/2448/2442 2679/2523/2517 2680/2446/2440
f 2680/2446/2440 2679/2523/2517 2709/2524/2518
f 2680/2446/2440 2709/2524/2518 2710/2444/2438
f 2710/2444/2438 2709/2524/2518 2400/2525/2519
f 2710/2444/2438 2400/2525/2519 2399/2442/2436
f 2399/2442/2436 2400/2525/2519 2446/2526/2520
f 2399/2442/2436 2446/2526/2520 2447/2440/2434
f 2447/2440/2434 2446/2526/2520 2567/2527/2521
f 2447/2440/2434 2567/2527/2521 2568/2438/2432
f 2568/2438/2432 2567/2527/2521 2338/2528/2522
f 2568/2438/2432 2338/2528/2522 2337/2436/2430
f 2337/2436/2430 2338/2528/2522 2389/2529/2523
f 2337/2436/2430 2389/2529/2523 2390/2434/2428
f 2390/2434/2428 2389/2529/2523 2599/2530/2524
f 2390/2434/2428 2599/2530/2524 2600/2432/2426
f 2600/2432/2426 2599/2530/2524 2629/2531/2525
f 2600/2432/2426 2629/2531/2525 2630/2430/2424
f 2630/2430/2424 2629/2531/2525 2305/2428/2422
f 2272/2532/2526 2526/2533/2527 2271/2517/2511
f 2271/2517/2511 2526/2533/2527 2527/2534/2528
f 2271/2517/2511 2527/2534/2528 2528/2518/2512
f 2528/2518/2512 2527/2534/2528 2645/2535/2529
f 2528/2518/2512 2645/2535/2529 2646/2536/2530
f 2646/2536/2530 2645/2535/2529 2466/2537/2531
f 2646/2536/2530 2466/2537/2531 2465/2538/2532
f 2465/2538/2532 2466/2537/2531 2500/2539/2533
f 2465/2538/2532 2500/2539/2533 2501/2540/2534
f 2501/2540/2534 2500/2539/2533 2677/2541/2535
f 2501/2540/2534 2677/2541/2535 2678/2542/2536
f 2678/2542/2536 2677/2541/2535 2707/2543/2537
f 2678/2542/2536 2707/2543/2537 2708/2544/2538
f 2708/2544/2538 2707/2543/2537 2402/2545/2539
f 2708/2544/2538 2402/2545/2539 2401/2546/2540
f 2401/2546/2540 2402/2545/2539 2444/2547/2541
f 2401/2546/2540 2444/2547/2541 2445/2548/2542
f 2445/2548/2542 2444/2547/2541 2565/2549/2543
f 2445/2548/2542 2565/2549/2543 2566/2550/2544
f 2566/2550/2544 2565/2549/2543 2340/2551/2545
f 2566/2550/2544 2340/2551/2545 2339/2552/2546
f 2339/2552/2546 2340/2551/2545 2387/2553/2547
f 2339/2552/2546 2387/2553/2547 2388/2554/2548
f 2388/2554/2548 2387/2553/2547 2597/2555/2549
f 2388/2554/2548 2597/2555/2549 2598/2556/2550
f 2598/2556/2550 2597/2555/2549 2627/2557/2551
f 2598/2556/2550 2627/2557/2551 2628/2558/2552
f 2628/2558/2552 2627/2557/2551 2307/2559/2553
f 2628/2558/2552 2307/2559/2553 2306/2560/2554
f 2306/2560/2554 2307/2559/2553 2295/2561/2555
f 2306/2560/2554 2295/2561/2555 2296/2426/2420
f 2526/2533/2527 2272/2532/2526 2525/2562/2556
f 2525/2562/2556 2272/2532/2526 2273/2563/2557
f 2525/2562/2556 2273/2563/2557 2524/2564/2558
f 2524/2564/2558 2273/2563/2557 2274/2565/2559
f 2524/2564/2558 2274/2565/2559 2523/2566/2560
f 2523/2566/2560 2274/2565/2559 2275/2567/2561
f 2523/2566/2560 2275/2567/2561 2276/2568/2562
f 2523/2566/2560 2276/2568/2562 2522/2569/2563
f 2522/2569/2563 2276/2568/2562 2277/2570/2564
f 2522/2569/2563 2277/2570/2564 2278/2571/2565
f 2522/2569/2563 2278/2571/2565 2521/2572/2566
f 2521/2572/2566 2278/2571/2565 2279/2573/2567
f 2521/2572/2566 2279/2573/2567 2280/2574/2568
f 2521/2572/2566 2280/2574/2568 2520/2575/2569
f 2520/2575/2569 2280/2574/2568 2281/2576/2570
f 2520/2575/2569 2281/2576/2570 2282/2577/2571
f 2520/2575/2569 2282/2577/2571 2519/2578/2572
f 2519/2578/2572 2282/2577/2571 2283/2579/2573
f 2519/2578/2572 2283/2579/2573 2518/2580/2574
f 2518/2580/2574 2283/2579/2573 2517/2581/2575
f 2518/2580/2574 2517/2581/2575 2635/2582/2576
f 2635/2582/2576 2517/2581/2575 2634/2583/2577
f 2635/2582/2576 2634/2583/2577 2477/2584/2578
f 2477/2584/2578 2634/2583/2577 2478/2585/2579
f 2477/2584/2578 2478/2585/2579 2488/2586/2580
f 2488/2586/2580 2478/2585/2579 2487/2587/2581
f 2488/2586/2580 2487/2587/2581 2664/2588/2582
f 2664/2588/2582 2487/2587/2581 2663/2589/2583
f 2664/2588/2582 2663/2589/2583 2693/2590/2584
f 2693/2590/2584 2663/2589/2583 2692/2591/2585
f 2693/2590/2584 2692/2591/2585 2417/2592/2586
f 2417/2592/2586 2692/2591/2585 2418/2593/2587
f 2417/2592/2586 2418/2593/2587 2428/2594/2588
f 2428/2594/2588 2418/2593/2587 2427/2595/2589
f 2428/2594/2588 2427/2595/2589 2548/2596/2590
f 2548/2596/2590 2427/2595/2589 2547/2597/2591
f 2548/2596/2590 2547/2597/2591 2358/2598/2592
f 2358/2598/2592 2547/2597/2591 2359/2599/2593
f 2358/2598/2592 2359/2599/2593 2368/2600/2594
f 2368/2600/2594 2359/2599/2593 2367/2601/2595
f 2368/2600/2594 2367/2601/2595 2577/2602/2596
f 2577/2602/2596 2367/2601/2595 2576/2603/2597
f 2577/2602/2596 2576/2603/2597 2606/2604/2598
f 2606/2604/2598 2576/2603/2597 2605/2605/2599
f 2606/2604/2598 2605/2605/2599 2329/2606/2600
f 2329/2606/2600 2605/2605/2599 2330/2607/2601
f 2329/2606/2600 2330/2607/2601 2287/2608/2602
f 2287/2608/2602 2330/2607/2601 2286/2609/2603
f 2286/2609/2603 2330/2607/2601 2331/2610/2604
f 2286/2609/2603 2331/2610/2604 2285/2611/2605
f 2285/2611/2605 2331/2610/2604 2332/2612/2606
f 2285/2611/2605 2332/2612/2606 2284/2613/2607
f 2284/2613/2607 2332/2612/2606 2333/2614/2608
f 2284/2613/2607 2333/2614/2608 2304/2615/2609
f 2304/2615/2609 2333/2614/2608 2601/2616/2610
f 2304/2615/2609 2601/2616/2610 1076/2617/2611
f 1076/2617/2611 2601/2616/2610 2572/2618/2612
f 1076/2617/2611 2572/2618/2612 1077/2619/2613
f 1077/2619/2613 2572/2618/2612 2303/2620/2614
f 1077/2619/2613 2303/2620/2614 1078/2621/2615
f 1078/2621/2615 2303/2620/2614 2363/2622/2616
f 1078/2621/2615 2363/2622/2616 2543/2623/2617
f 2543/2623/2617 2363/2622/2616 2362/2624/2618
f 2543/2623/2617 2362/2624/2618 2544/2625/2619
f 2544/2625/2619 2362/2624/2618 2361/2626/2620
f 2544/2625/2619 2361/2626/2620 2545/2627/2621
f 2545/2627/2621 2361/2626/2620 2360/2628/2622
f 2545/2627/2621 2360/2628/2622 2546/2629/2623
f 2546/2629/2623 2360/2628/2622 2359/2599/2593
f 2546/2629/2623 2359/2599/2593 2547/2597/2591
f 1081/2630/2624 2514/2631/2625 2283/2579/2573
f 2283/2579/2573 2514/2631/2625 2515/2632/2626
f 2283/2579/2573 2515/2632/2626 2516/2633/2627
f 2516/2633/2627 2515/2632/2626 2633/2634/2628
f 2516/2633/2627 2633/2634/2628 2634/2583/2577
f 2634/2583/2577 2633/2634/2628 2478/2585/2579
f 1080/2635/2629 2298/2636/2630 1081/2630/2624
f 1081/2630/2624 2298/2636/2630 2513/2637/2631
f 1081/2630/2624 2513/2637/2631 2514/2631/2625
f 2514/2631/2625 2513/2637/2631 2631/2638/2632
f 2514/2631/2625 2631/2638/2632 2632/2639/2633
f 2632/2639/2633 2631/2638/2632 2480/2640/2634
f 2632/2639/2633 2480/2640/2634 2479/2641/2635
f 2479/2641/2635 2480/2640/2634 2486/2642/2636
f 2479/2641/2635 2486/2642/2636 2487/2587/2581
f 2487/2587/2581 2486/2642/2636 2663/2589/2583
f 1079/2643/2637 2422/2644/2638 1080/2635/2629
f 1080/2635/2629 2422/2644/2638 2659/2645/2639
f 1080/2635/2629 2659/2645/2639 2483/2646/2640
f 2483/2646/2640 2659/2645/2639 2660/2647/2641
f 2483/2646/2640 2660/2647/2641 2484/2648/2642
f 2484/2648/2642 2660/2647/2641 2661/2649/2643
f 2484/2648/2642 2661/2649/2643 2485/2650/2644
f 2485/2650/2644 2661/2649/2643 2662/2651/2645
f 2485/2650/2644 2662/2651/2645 2486/2642/2636
f 2486/2642/2636 2662/2651/2645 2663/2589/2583
f 1078/2621/2615 2543/2623/2617 1079/2643/2637
f 1079/2643/2637 2543/2623/2617 2423/2652/2646
f 1079/2643/2637 2423/2652/2646 2301/2653/2647
f 2301/2653/2647 2423/2652/2646 2424/2654/2648
f 2301/2653/2647 2424/2654/2648 2421/2655/2649
f 2421/2655/2649 2424/2654/2648 2425/2656/2650
f 2421/2655/2649 2425/2656/2650 2420/2657/2651
f 2420/2657/2651 2425/2656/2650 2426/2658/2652
f 2420/2657/2651 2426/2658/2652 2419/2659/2653
f 2419/2659/2653 2426/2658/2652 2427/2595/2589
f 2419/2659/2653 2427/2595/2589 2418/2593/2587
f 1076/2617/2611 1075/2660/2654 2304/2615/2609
f 2304/2615/2609 1075/2660/2654 2284/2613/2607
f 2287/2608/2602 2288/2661/2655 2329/2606/2600
f 2329/2606/2600 2288/2661/2655 2328/2662/2656
f 2329/2606/2600 2328/2662/2656 2606/2604/2598
f 2606/2604/2598 2328/2662/2656 2607/2663/2657
f 2606/2604/2598 2607/2663/2657 2577/2602/2596
f 2577/2602/2596 2607/2663/2657 2578/2664/2658
f 2577/2602/2596 2578/2664/2658 2368/2600/2594
f 2368/2600/2594 2578/2664/2658 2369/2665/2659
f 2368/2600/2594 2369/2665/2659 2358/2598/2592
f 2358/2598/2592 2369/2665/2659 2357/2666/2660
f 2358/2598/2592 2357/2666/2660 2548/2596/2590
f 2548/2596/2590 2357/2666/2660 2549/2667/2661
f 2548/2596/2590 2549/2667/2661 2428/2594/2588
f 2428/2594/2588 2549/2667/2661 2429/2668/2662
f 2428/2594/2588 2429/2668/2662 2417/2592/2586
f 2417/2592/2586 2429/2668/2662 2416/2669/2663
f 2417/2592/2586 2416/2669/2663 2693/2590/2584
f 2693/2590/2584 2416/2669/2663 2694/2670/2664
f 2693/2590/2584 2694/2670/2664 2664/2588/2582
f 2664/2588/2582 2694/2670/2664 2665/2671/2665
f 2664/2588/2582 2665/2671/2665 2488/2586/2580
f 2488/2586/2580 2665/2671/2665 2489/2672/2666
f 2488/2586/2580 2489/2672/2666 2477/2584/2578
f 2477/2584/2578 2489/2672/2666 2476/2673/2667
f 2477/2584/2578 2476/2673/2667 2635/2582/2576
f 2635/2582/2576 2476/2673/2667 2636/2674/2668
f 2635/2582/2576 2636/2674/2668 2518/2580/2574
f 2518/2580/2574 2636/2674/2668 2519/2578/2572
f 2328/2662/2656 2288/2661/2655 2327/2675/2669
f 2327/2675/2669 2288/2661/2655 2289/2676/2670
f 2327/2675/2669 2289/2676/2670 2326/2677/2671
f 2326/2677/2671 2289/2676/2670 2325/2678/2672
f 2326/2677/2671 2325/2678/2672 2609/2679/2673
f 2609/2679/2673 2325/2678/2672 2610/2680/2674
f 2609/2679/2673 2610/2680/2674 2580/2681/2675
f 2580/2681/2675 2610/2680/2674 2581/2682/2676
f 2580/2681/2675 2581/2682/2676 2371/2683/2677
f 2371/2683/2677 2581/2682/2676 2372/2684/2678
f 2371/2683/2677 2372/2684/2678 2355/2685/2679
f 2355/2685/2679 2372/2684/2678 2354/2686/2680
f 2355/2685/2679 2354/2686/2680 2551/2687/2681
f 2551/2687/2681 2354/2686/2680 2552/2688/2682
f 2551/2687/2681 2552/2688/2682 2431/2689/2683
f 2431/2689/2683 2552/2688/2682 2432/2690/2684
f 2431/2689/2683 2432/2690/2684 2414/2691/2685
f 2414/2691/2685 2432/2690/2684 2413/2692/2686
f 2414/2691/2685 2413/2692/2686 2696/2693/2687
f 2696/2693/2687 2413/2692/2686 2697/2694/2688
f 2696/2693/2687 2697/2694/2688 2667/2695/2689
f 2667/2695/2689 2697/2694/2688 2668/2696/2690
f 2667/2695/2689 2668/2696/2690 2491/2697/2691
f 2491/2697/2691 2668/2696/2690 2492/2698/2692
f 2491/2697/2691 2492/2698/2692 2474/2699/2693
f 2474/2699/2693 2492/2698/2692 2473/2700/2694
f 2474/2699/2693 2473/2700/2694 2638/2701/2695
f 2638/2701/2695 2473/2700/2694 2639/2702/2696
f 2638/2701/2695 2639/2702/2696 2521/2572/2566
f 2521/2572/2566 2639/2702/2696 2522/2569/2563
f 2289/2676/2670 2290/2703/2697 2325/2678/2672
f 2325/2678/2672 2290/2703/2697 2324/2704/2698
f 2325/2678/2672 2324/2704/2698 2610/2680/2674
f 2610/2680/2674 2324/2704/2698 2611/2705/2699
f 2610/2680/2674 2611/2705/2699 2581/2682/2676
f 2581/2682/2676 2611/2705/2699 2582/2706/2700
f 2581/2682/2676 2582/2706/2700 2372/2684/2678
f 2372/2684/2678 2582/2706/2700 2373/2707/2701
f 2372/2684/2678 2373/2707/2701 2354/2686/2680
f 2354/2686/2680 2373/2707/2701 2353/2708/2702
f 2354/2686/2680 2353/2708/2702 2552/2688/2682
f 2552/2688/2682 2353/2708/2702 2553/2709/2703
f 2552/2688/2682 2553/2709/2703 2432/2690/2684
f 2432/2690/2684 2553/2709/2703 2433/2710/2704
f 2432/2690/2684 2433/2710/2704 2413/2692/2686
f 2413/2692/2686 2433/2710/2704 2412/2711/2705
f 2413/2692/2686 2412/2711/2705 2697/2694/2688
f 2697/2694/2688 2412/2711/2705 2698/2712/2706
f 2697/2694/2688 2698/2712/2706 2668/2696/2690
f 2668/2696/2690 2698/2712/2706 2669/2713/2707
f 2668/2696/2690 2669/2713/2707 2492/2698/2692
f 2492/2698/2692 2669/2713/2707 2493/2714/2708
f 2492/2698/2692 2493/2714/2708 2473/2700/2694
f 2473/2700/2694 2493/2714/2708 2472/2715/2709
f 2473/2700/2694 2472/2715/2709 2639/2702/2696
f 2639/2702/2696 2472/2715/2709 2640/2716/2710
f 2639/2702/2696 2640/2716/2710 2522/2569/2563
f 2522/2569/2563 2640/2716/2710 2523/2566/2560
f 2324/2704/2698 2290/2703/2697 2323/2717/2711
f 2323/2717/2711 2290/2703/2697 2291/2718/2712
f 2323/2717/2711 2291/2718/2712 2322/2719/2713
f 2322/2719/2713 2291/2718/2712 2321/2720/2714
f 2322/2719/2713 2321/2720/2714 2613/2721/2715
f 2613/2721/2715 2321/2720/2714 2614/2722/2716
f 2613/2721/2715 2614/2722/2716 2584/2723/2717
f 2584/2723/2717 2614/2722/2716 2585/2724/2718
f 2584/2723/2717 2585/2724/2718 2375/2725/2719
f 2375/2725/2719 2585/2724/2718 2376/2726/2720
f 2375/2725/2719 2376/2726/2720 2351/2727/2721
f 2351/2727/2721 2376/2726/2720 2350/2728/2722
f 2351/2727/2721 2350/2728/2722 2555/2729/2723
f 2555/2729/2723 2350/2728/2722 2556/2730/2724
f 2555/2729/2723 2556/2730/2724 2435/2731/2725
f 2435/2731/2725 2556/2730/2724 2436/2732/2726
f 2435/2731/2725 2436/2732/2726 2410/2733/2727
f 2410/2733/2727 2436/2732/2726 2409/2734/2728
f 2410/2733/2727 2409/2734/2728 2700/2735/2729
f 2700/2735/2729 2409/2734/2728 2701/2736/2730
f 2700/2735/2729 2701/2736/2730 2671/2737/2731
f 2671/2737/2731 2701/2736/2730 2672/2738/2732
f 2671/2737/2731 2672/2738/2732 2495/2739/2733
f 2495/2739/2733 2672/2738/2732 2496/2740/2734
f 2495/2739/2733 2496/2740/2734 2470/2741/2735
f 2470/2741/2735 2496/2740/2734 2469/2742/2736
f 2470/2741/2735 2469/2742/2736 2642/2743/2737
f 2642/2743/2737 2469/2742/2736 2643/2744/2738
f 2642/2743/2737 2643/2744/2738 2525/2562/2556
f 2525/2562/2556 2643/2744/2738 2526/2533/2527
f 2292/2745/2739 2318/2746/2740 2291/2718/2712
f 2291/2718/2712 2318/2746/2740 2319/2747/2741
f 2291/2718/2712 2319/2747/2741 2320/2748/2742
f 2320/2748/2742 2319/2747/2741 2615/2749/2743
f 2320/2748/2742 2615/2749/2743 2614/2722/2716
f 2614/2722/2716 2615/2749/2743 2585/2724/2718
f 2293/2750/2744 2312/2751/2745 2292/2745/2739
f 2292/2745/2739 2312/2751/2745 2313/2752/2746
f 2292/2745/2739 2313/2752/2746 2314/2753/2747
f 2314/2753/2747 2313/2752/2746 2621/2754/2748
f 2314/2753/2747 2621/2754/2748 2620/2755/2749
f 2620/2755/2749 2621/2754/2748 2591/2756/2750
f 2620/2755/2749 2591/2756/2750 2590/2757/2751
f 2590/2757/2751 2591/2756/2750 2381/2758/2752
f 2590/2757/2751 2381/2758/2752 2380/2759/2753
f 2380/2759/2753 2381/2758/2752 2346/2760/2754
f 2380/2759/2753 2346/2760/2754 2347/2761/2755
f 2347/2761/2755 2346/2760/2754 2559/2762/2756
f 2347/2761/2755 2559/2762/2756 2558/2763/2757
f 2558/2763/2757 2559/2762/2756 2438/2764/2758
f 2558/2763/2757 2438/2764/2758 2437/2765/2759
f 2437/2765/2759 2438/2764/2758 2408/2766/2760
f 2437/2765/2759 2408/2766/2760 2409/2734/2728
f 2409/2734/2728 2408/2766/2760 2701/2736/2730
f 2294/2767/2761 2310/2768/2762 2293/2750/2744
f 2293/2750/2744 2310/2768/2762 2311/2769/2763
f 2293/2750/2744 2311/2769/2763 2312/2751/2745
f 2312/2751/2745 2311/2769/2763 2623/2770/2764
f 2312/2751/2745 2623/2770/2764 2622/2771/2765
f 2622/2771/2765 2623/2770/2764 2593/2772/2766
f 2622/2771/2765 2593/2772/2766 2592/2773/2767
f 2592/2773/2767 2593/2772/2766 2383/2774/2768
f 2592/2773/2767 2383/2774/2768 2382/2775/2769
f 2382/2775/2769 2383/2774/2768 2344/2776/2770
f 2382/2775/2769 2344/2776/2770 2345/2777/2771
f 2345/2777/2771 2344/2776/2770 2561/2778/2772
f 2345/2777/2771 2561/2778/2772 2560/2779/2773
f 2560/2779/2773 2561/2778/2772 2440/2780/2774
f 2560/2779/2773 2440/2780/2774 2439/2781/2775
f 2439/2781/2775 2440/2780/2774 2406/2782/2776
f 2439/2781/2775 2406/2782/2776 2407/2783/2777
f 2407/2783/2777 2406/2782/2776 2703/2784/2778
f 2407/2783/2777 2703/2784/2778 2702/2785/2779
f 2702/2785/2779 2703/2784/2778 2673/2786/2780
f 2702/2785/2779 2673/2786/2780 2672/2738/2732
f 2672/2738/2732 2673/2786/2780 2496/2740/2734
f 2295/2561/2555 2307/2559/2553 2294/2767/2761
f 2294/2767/2761 2307/2559/2553 2308/2787/2781
f 2294/2767/2761 2308/2787/2781 2309/2788/2782
f 2309/2788/2782 2308/2787/2781 2626/2789/2783
f 2309/2788/2782 2626/2789/2783 2625/2790/2784
f 2625/2790/2784 2626/2789/2783 2596/2791/2785
f 2625/2790/2784 2596/2791/2785 2595/2792/2786
f 2595/2792/2786 2596/2791/2785 2386/2793/2787
f 2595/2792/2786 2386/2793/2787 2385/2794/2788
f 2385/2794/2788 2386/2793/2787 2341/2795/2789
f 2385/2794/2788 2341/2795/2789 2342/2796/2790
f 2342/2796/2790 2341/2795/2789 2564/2797/2791
f 2342/2796/2790 2564/2797/2791 2563/2798/2792
f 2563/2798/2792 2564/2797/2791 2443/2799/2793
f 2563/2798/2792 2443/2799/2793 2442/2800/2794
f 2442/2800/2794 2443/2799/2793 2403/2801/2795
f 2442/2800/2794 2403/2801/2795 2404/2802/2796
f 2404/2802/2796 2403/2801/2795 2706/2803/2797
f 2404/2802/2796 2706/2803/2797 2705/2804/2798
f 2705/2804/2798 2706/2803/2797 2676/2805/2799
f 2705/2804/2798 2676/2805/2799 2675/2806/2800
f 2675/2806/2800 2676/2805/2799 2499/2807/2801
f 2675/2806/2800 2499/2807/2801 2498/2808/2802
f 2498/2808/2802 2499/2807/2801 2467/2809/2803
f 2498/2808/2802 2467/2809/2803 2468/2810/2804
f 2468/2810/2804 2467/2809/2803 2644/2811/2805
f 2468/2810/2804 2644/2811/2805 2643/2744/2738
f 2643/2744/2738 2644/2811/2805 2526/2533/2527
f 2306/2560/2554 2296/2426/2420 2305/2428/2422
f 2453/2477/2471 2266/2476/2470 2297/2497/2491
f 2298/2636/2630 1080/2635/2629 2482/2812/2806
f 2482/2812/2806 1080/2635/2629 2483/2646/2640
f 2482/2812/2806 2483/2646/2640 2484/2648/2642
f 1025/2462/2456 2512/2478/2472 2299/2463/2457
f 2299/2463/2457 2512/2478/2472 2511/2480/2474
f 2299/2463/2457 2511/2480/2474 2687/2813/2807
f 2687/2813/2807 2511/2480/2474 2510/2482/2476
f 2687/2813/2807 2510/2482/2476 2686/2814/2808
f 2686/2814/2808 2510/2482/2476 2509/2484/2478
f 2686/2814/2808 2509/2484/2478 2685/2815/2809
f 2685/2815/2809 2509/2484/2478 2508/2486/2480
f 2685/2815/2809 2508/2486/2480 2684/2816/2810
f 2684/2816/2810 2508/2486/2480 2507/2488/2482
f 2684/2816/2810 2507/2488/2482 2683/2817/2811
f 2683/2817/2811 2507/2488/2482 2506/2490/2484
f 2683/2817/2811 2506/2490/2484 2682/2818/2812
f 2682/2818/2812 2506/2490/2484 2505/2492/2486
f 2682/2818/2812 2505/2492/2486 2681/2445/2439
f 2681/2445/2439 2505/2492/2486 2504/2447/2441
f 2300/2458/2452 1026/2457/2451 2452/2819/2813
f 2452/2819/2813 1026/2457/2451 2393/2465/2459
f 2452/2819/2813 2393/2465/2459 2394/2467/2461
f 2422/2644/2638 1079/2643/2637 2301/2653/2647
f 2391/2433/2427 2302/2431/2425 2392/2460/2454
f 2392/2460/2454 2302/2431/2425 1027/2429/2423
f 2628/2558/2552 2306/2560/2554 2629/2531/2525
f 2629/2531/2525 2306/2560/2554 2305/2428/2422
f 2310/2768/2762 2294/2767/2761 2309/2788/2782
f 2626/2789/2783 2308/2787/2781 2627/2557/2551
f 2627/2557/2551 2308/2787/2781 2307/2559/2553
f 2309/2788/2782 2625/2790/2784 2310/2768/2762
f 2310/2768/2762 2625/2790/2784 2624/2820/2814
f 2310/2768/2762 2624/2820/2814 2311/2769/2763
f 2311/2769/2763 2624/2820/2814 2623/2770/2764
f 2621/2754/2748 2313/2752/2746 2622/2771/2765
f 2622/2771/2765 2313/2752/2746 2312/2751/2745
f 2314/2753/2747 2315/2821/2815 2292/2745/2739
f 2292/2745/2739 2315/2821/2815 2316/2822/2816
f 2292/2745/2739 2316/2822/2816 2317/2823/2817
f 2317/2823/2817 2316/2822/2816 2618/2824/2818
f 2317/2823/2817 2618/2824/2818 2617/2825/2819
f 2617/2825/2819 2618/2824/2818 2588/2826/2820
f 2617/2825/2819 2588/2826/2820 2587/2827/2821
f 2587/2827/2821 2588/2826/2820 2378/2828/2822
f 2587/2827/2821 2378/2828/2822 2377/2829/2823
f 2377/2829/2823 2378/2828/2822 2349/2830/2824
f 2377/2829/2823 2349/2830/2824 2350/2728/2722
f 2350/2728/2722 2349/2830/2824 2556/2730/2724
f 2314/2753/2747 2620/2755/2749 2315/2821/2815
f 2315/2821/2815 2620/2755/2749 2619/2831/2825
f 2315/2821/2815 2619/2831/2825 2316/2822/2816
f 2316/2822/2816 2619/2831/2825 2618/2824/2818
f 2318/2746/2740 2292/2745/2739 2317/2823/2817
f 2317/2823/2817 2617/2825/2819 2318/2746/2740
f 2318/2746/2740 2617/2825/2819 2616/2832/2826
f 2318/2746/2740 2616/2832/2826 2319/2747/2741
f 2319/2747/2741 2616/2832/2826 2615/2749/2743
f 2321/2720/2714 2291/2718/2712 2320/2748/2742
f 2614/2722/2716 2321/2720/2714 2320/2748/2742
f 2611/2705/2699 2324/2704/2698 2323/2717/2711
f 2323/2717/2711 2322/2719/2713 2612/2833/2827
f 2612/2833/2827 2322/2719/2713 2613/2721/2715
f 2612/2833/2827 2613/2721/2715 2583/2834/2828
f 2583/2834/2828 2613/2721/2715 2584/2723/2717
f 2583/2834/2828 2584/2723/2717 2374/2835/2829
f 2374/2835/2829 2584/2723/2717 2375/2725/2719
f 2374/2835/2829 2375/2725/2719 2352/2836/2830
f 2352/2836/2830 2375/2725/2719 2351/2727/2721
f 2352/2836/2830 2351/2727/2721 2554/2837/2831
f 2554/2837/2831 2351/2727/2721 2555/2729/2723
f 2554/2837/2831 2555/2729/2723 2434/2838/2832
f 2434/2838/2832 2555/2729/2723 2435/2731/2725
f 2434/2838/2832 2435/2731/2725 2411/2839/2833
f 2411/2839/2833 2435/2731/2725 2410/2733/2727
f 2411/2839/2833 2410/2733/2727 2699/2840/2834
f 2699/2840/2834 2410/2733/2727 2700/2735/2729
f 2699/2840/2834 2700/2735/2729 2670/2841/2835
f 2670/2841/2835 2700/2735/2729 2671/2737/2731
f 2670/2841/2835 2671/2737/2731 2494/2842/2836
f 2494/2842/2836 2671/2737/2731 2495/2739/2733
f 2494/2842/2836 2495/2739/2733 2471/2843/2837
f 2471/2843/2837 2495/2739/2733 2470/2741/2735
f 2471/2843/2837 2470/2741/2735 2641/2844/2838
f 2641/2844/2838 2470/2741/2735 2642/2743/2737
f 2641/2844/2838 2642/2743/2737 2524/2564/2558
f 2524/2564/2558 2642/2743/2737 2525/2562/2556
f 2607/2663/2657 2328/2662/2656 2327/2675/2669
f 2327/2675/2669 2326/2677/2671 2608/2845/2839
f 2608/2845/2839 2326/2677/2671 2609/2679/2673
f 2608/2845/2839 2609/2679/2673 2579/2846/2840
f 2579/2846/2840 2609/2679/2673 2580/2681/2675
f 2579/2846/2840 2580/2681/2675 2370/2847/2841
f 2370/2847/2841 2580/2681/2675 2371/2683/2677
f 2370/2847/2841 2371/2683/2677 2356/2848/2842
f 2356/2848/2842 2371/2683/2677 2355/2685/2679
f 2356/2848/2842 2355/2685/2679 2550/2849/2843
f 2550/2849/2843 2355/2685/2679 2551/2687/2681
f 2550/2849/2843 2551/2687/2681 2430/2850/2844
f 2430/2850/2844 2551/2687/2681 2431/2689/2683
f 2430/2850/2844 2431/2689/2683 2415/2851/2845
f 2415/2851/2845 2431/2689/2683 2414/2691/2685
f 2415/2851/2845 2414/2691/2685 2695/2852/2846
f 2695/2852/2846 2414/2691/2685 2696/2693/2687
f 2695/2852/2846 2696/2693/2687 2666/2853/2847
f 2666/2853/2847 2696/2693/2687 2667/2695/2689
f 2666/2853/2847 2667/2695/2689 2490/2854/2848
f 2490/2854/2848 2667/2695/2689 2491/2697/2691
f 2490/2854/2848 2491/2697/2691 2475/2855/2849
f 2475/2855/2849 2491/2697/2691 2474/2699/2693
f 2475/2855/2849 2474/2699/2693 2637/2856/2850
f 2637/2856/2850 2474/2699/2693 2638/2701/2695
f 2637/2856/2850 2638/2701/2695 2520/2575/2569
f 2520/2575/2569 2638/2701/2695 2521/2572/2566
f 2331/2610/2604 2330/2607/2601 2604/2857/2851
f 2604/2857/2851 2330/2607/2601 2605/2605/2599
f 2604/2857/2851 2605/2605/2599 2575/2858/2852
f 2575/2858/2852 2605/2605/2599 2576/2603/2597
f 2575/2858/2852 2576/2603/2597 2366/2859/2853
f 2366/2859/2853 2576/2603/2597 2367/2601/2595
f 2366/2859/2853 2367/2601/2595 2360/2628/2622
f 2360/2628/2622 2367/2601/2595 2359/2599/2593
f 2332/2612/2606 2331/2610/2604 2603/2860/2854
f 2603/2860/2854 2331/2610/2604 2604/2857/2851
f 2603/2860/2854 2604/2857/2851 2574/2861/2855
f 2574/2861/2855 2604/2857/2851 2575/2858/2852
f 2574/2861/2855 2575/2858/2852 2365/2862/2856
f 2365/2862/2856 2575/2858/2852 2366/2859/2853
f 2365/2862/2856 2366/2859/2853 2361/2626/2620
f 2361/2626/2620 2366/2859/2853 2360/2628/2622
f 2333/2614/2608 2332/2612/2606 2602/2863/2857
f 2602/2863/2857 2332/2612/2606 2603/2860/2854
f 2602/2863/2857 2603/2860/2854 2573/2864/2858
f 2573/2864/2858 2603/2860/2854 2574/2861/2855
f 2573/2864/2858 2574/2861/2855 2364/2865/2859
f 2364/2865/2859 2574/2861/2855 2365/2862/2856
f 2364/2865/2859 2365/2862/2856 2362/2624/2618
f 2362/2624/2618 2365/2862/2856 2361/2626/2620
f 2335/2461/2455 2334/2459/2453 2571/2866/2860
f 2571/2866/2860 2334/2459/2453 2300/2458/2452
f 2571/2866/2860 2300/2458/2452 2451/2867/2861
f 2451/2867/2861 2300/2458/2452 2452/2819/2813
f 2451/2867/2861 2452/2819/2813 2394/2467/2461
f 2336/2435/2429 2335/2461/2455 2570/2868/2862
f 2570/2868/2862 2335/2461/2455 2571/2866/2860
f 2570/2868/2862 2571/2866/2860 2450/2869/2863
f 2450/2869/2863 2571/2866/2860 2451/2867/2861
f 2450/2869/2863 2451/2867/2861 2395/2469/2463
f 2395/2469/2463 2451/2867/2861 2394/2467/2461
f 2389/2529/2523 2338/2528/2522 2388/2554/2548
f 2388/2554/2548 2338/2528/2522 2339/2552/2546
f 2566/2550/2544 2339/2552/2546 2567/2527/2521
f 2567/2527/2521 2339/2552/2546 2338/2528/2522
f 2387/2553/2547 2340/2551/2545 2386/2793/2787
f 2386/2793/2787 2340/2551/2545 2341/2795/2789
f 2564/2797/2791 2341/2795/2789 2565/2549/2543
f 2565/2549/2543 2341/2795/2789 2340/2551/2545
f 2342/2796/2790 2343/2870/2864 2384/2871/2865
f 2384/2871/2865 2343/2870/2864 2383/2774/2768
f 2384/2871/2865 2383/2774/2768 2593/2772/2766
f 2383/2774/2768 2343/2870/2864 2344/2776/2770
f 2344/2776/2770 2343/2870/2864 2562/2872/2866
f 2344/2776/2770 2562/2872/2866 2561/2778/2772
f 2561/2778/2772 2562/2872/2866 2441/2873/2867
f 2561/2778/2772 2441/2873/2867 2440/2780/2774
f 2440/2780/2774 2441/2873/2867 2405/2874/2868
f 2440/2780/2774 2405/2874/2868 2406/2782/2776
f 2406/2782/2776 2405/2874/2868 2704/2875/2869
f 2406/2782/2776 2704/2875/2869 2703/2784/2778
f 2703/2784/2778 2704/2875/2869 2674/2876/2870
f 2703/2784/2778 2674/2876/2870 2673/2786/2780
f 2673/2786/2780 2674/2876/2870 2497/2877/2871
f 2673/2786/2780 2497/2877/2871 2496/2740/2734
f 2496/2740/2734 2497/2877/2871 2469/2742/2736
f 2562/2872/2866 2343/2870/2864 2563/2798/2792
f 2563/2798/2792 2343/2870/2864 2342/2796/2790
f 2382/2775/2769 2345/2777/2771 2381/2758/2752
f 2381/2758/2752 2345/2777/2771 2346/2760/2754
f 2559/2762/2756 2346/2760/2754 2560/2779/2773
f 2560/2779/2773 2346/2760/2754 2345/2777/2771
f 2347/2761/2755 2348/2878/2872 2379/2879/2873
f 2379/2879/2873 2348/2878/2872 2378/2828/2822
f 2379/2879/2873 2378/2828/2822 2588/2826/2820
f 2378/2828/2822 2348/2878/2872 2349/2830/2824
f 2349/2830/2824 2348/2878/2872 2557/2880/2874
f 2349/2830/2824 2557/2880/2874 2556/2730/2724
f 2556/2730/2724 2557/2880/2874 2436/2732/2726
f 2557/2880/2874 2348/2878/2872 2558/2763/2757
f 2558/2763/2757 2348/2878/2872 2347/2761/2755
f 2377/2829/2823 2350/2728/2722 2376/2726/2720
f 2352/2836/2830 2353/2708/2702 2374/2835/2829
f 2374/2835/2829 2353/2708/2702 2373/2707/2701
f 2374/2835/2829 2373/2707/2701 2583/2834/2828
f 2583/2834/2828 2373/2707/2701 2582/2706/2700
f 2583/2834/2828 2582/2706/2700 2612/2833/2827
f 2612/2833/2827 2582/2706/2700 2611/2705/2699
f 2612/2833/2827 2611/2705/2699 2323/2717/2711
f 2353/2708/2702 2352/2836/2830 2553/2709/2703
f 2553/2709/2703 2352/2836/2830 2554/2837/2831
f 2553/2709/2703 2554/2837/2831 2433/2710/2704
f 2433/2710/2704 2554/2837/2831 2434/2838/2832
f 2433/2710/2704 2434/2838/2832 2412/2711/2705
f 2412/2711/2705 2434/2838/2832 2411/2839/2833
f 2412/2711/2705 2411/2839/2833 2698/2712/2706
f 2698/2712/2706 2411/2839/2833 2699/2840/2834
f 2698/2712/2706 2699/2840/2834 2669/2713/2707
f 2669/2713/2707 2699/2840/2834 2670/2841/2835
f 2669/2713/2707 2670/2841/2835 2493/2714/2708
f 2493/2714/2708 2670/2841/2835 2494/2842/2836
f 2493/2714/2708 2494/2842/2836 2472/2715/2709
f 2472/2715/2709 2494/2842/2836 2471/2843/2837
f 2472/2715/2709 2471/2843/2837 2640/2716/2710
f 2640/2716/2710 2471/2843/2837 2641/2844/2838
f 2640/2716/2710 2641/2844/2838 2523/2566/2560
f 2523/2566/2560 2641/2844/2838 2524/2564/2558
f 2356/2848/2842 2357/2666/2660 2370/2847/2841
f 2370/2847/2841 2357/2666/2660 2369/2665/2659
f 2370/2847/2841 2369/2665/2659 2579/2846/2840
f 2579/2846/2840 2369/2665/2659 2578/2664/2658
f 2579/2846/2840 2578/2664/2658 2608/2845/2839
f 2608/2845/2839 2578/2664/2658 2607/2663/2657
f 2608/2845/2839 2607/2663/2657 2327/2675/2669
f 2357/2666/2660 2356/2848/2842 2549/2667/2661
f 2549/2667/2661 2356/2848/2842 2550/2849/2843
f 2549/2667/2661 2550/2849/2843 2429/2668/2662
f 2429/2668/2662 2550/2849/2843 2430/2850/2844
f 2429/2668/2662 2430/2850/2844 2416/2669/2663
f 2416/2669/2663 2430/2850/2844 2415/2851/2845
f 2416/2669/2663 2415/2851/2845 2694/2670/2664
f 2694/2670/2664 2415/2851/2845 2695/2852/2846
f 2694/2670/2664 2695/2852/2846 2665/2671/2665
f 2665/2671/2665 2695/2852/2846 2666/2853/2847
f 2665/2671/2665 2666/2853/2847 2489/2672/2666
f 2489/2672/2666 2666/2853/2847 2490/2854/2848
f 2489/2672/2666 2490/2854/2848 2476/2673/2667
f 2476/2673/2667 2490/2854/2848 2475/2855/2849
f 2476/2673/2667 2475/2855/2849 2636/2674/2668
f 2636/2674/2668 2475/2855/2849 2637/2856/2850
f 2636/2674/2668 2637/2856/2850 2519/2578/2572
f 2519/2578/2572 2637/2856/2850 2520/2575/2569
f 2362/2624/2618 2363/2622/2616 2364/2865/2859
f 2364/2865/2859 2363/2622/2616 2303/2620/2614
f 2364/2865/2859 2303/2620/2614 2573/2864/2858
f 2573/2864/2858 2303/2620/2614 2572/2618/2612
f 2573/2864/2858 2572/2618/2612 2602/2863/2857
f 2602/2863/2857 2572/2618/2612 2601/2616/2610
f 2602/2863/2857 2601/2616/2610 2333/2614/2608
f 2377/2829/2823 2376/2726/2720 2586/2881/2875
f 2586/2881/2875 2376/2726/2720 2585/2724/2718
f 2586/2881/2875 2585/2724/2718 2615/2749/2743
f 2347/2761/2755 2379/2879/2873 2380/2759/2753
f 2380/2759/2753 2379/2879/2873 2589/2882/2876
f 2380/2759/2753 2589/2882/2876 2590/2757/2751
f 2590/2757/2751 2589/2882/2876 2619/2831/2825
f 2590/2757/2751 2619/2831/2825 2620/2755/2749
f 2589/2882/2876 2379/2879/2873 2588/2826/2820
f 2592/2773/2767 2382/2775/2769 2591/2756/2750
f 2591/2756/2750 2382/2775/2769 2381/2758/2752
f 2342/2796/2790 2384/2871/2865 2385/2794/2788
f 2385/2794/2788 2384/2871/2865 2594/2883/2877
f 2385/2794/2788 2594/2883/2877 2595/2792/2786
f 2595/2792/2786 2594/2883/2877 2624/2820/2814
f 2595/2792/2786 2624/2820/2814 2625/2790/2784
f 2594/2883/2877 2384/2871/2865 2593/2772/2766
f 2597/2555/2549 2387/2553/2547 2596/2791/2785
f 2596/2791/2785 2387/2553/2547 2386/2793/2787
f 2599/2530/2524 2389/2529/2523 2598/2556/2550
f 2598/2556/2550 2389/2529/2523 2388/2554/2548
f 2395/2469/2463 2396/2471/2465 2450/2869/2863
f 2450/2869/2863 2396/2471/2465 2449/2884/2878
f 2450/2869/2863 2449/2884/2878 2570/2868/2862
f 2570/2868/2862 2449/2884/2878 2569/2437/2431
f 2570/2868/2862 2569/2437/2431 2336/2435/2429
f 2396/2471/2465 2397/2473/2467 2449/2884/2878
f 2449/2884/2878 2397/2473/2467 2448/2439/2433
f 2449/2884/2878 2448/2439/2433 2569/2437/2431
f 2397/2473/2467 2398/2441/2435 2448/2439/2433
f 2446/2526/2520 2400/2525/2519 2445/2548/2542
f 2445/2548/2542 2400/2525/2519 2401/2546/2540
f 2708/2544/2538 2401/2546/2540 2709/2524/2518
f 2709/2524/2518 2401/2546/2540 2400/2525/2519
f 2444/2547/2541 2402/2545/2539 2443/2799/2793
f 2443/2799/2793 2402/2545/2539 2403/2801/2795
f 2706/2803/2797 2403/2801/2795 2707/2543/2537
f 2707/2543/2537 2403/2801/2795 2402/2545/2539
f 2442/2800/2794 2404/2802/2796 2441/2873/2867
f 2441/2873/2867 2404/2802/2796 2405/2874/2868
f 2704/2875/2869 2405/2874/2868 2705/2804/2798
f 2705/2804/2798 2405/2874/2868 2404/2802/2796
f 2439/2781/2775 2407/2783/2777 2438/2764/2758
f 2438/2764/2758 2407/2783/2777 2408/2766/2760
f 2701/2736/2730 2408/2766/2760 2702/2785/2779
f 2702/2785/2779 2408/2766/2760 2407/2783/2777
f 2437/2765/2759 2409/2734/2728 2436/2732/2726
f 2419/2659/2653 2418/2593/2587 2691/2885/2879
f 2691/2885/2879 2418/2593/2587 2692/2591/2585
f 2691/2885/2879 2692/2591/2585 2662/2651/2645
f 2662/2651/2645 2692/2591/2585 2663/2589/2583
f 2420/2657/2651 2419/2659/2653 2690/2886/2880
f 2690/2886/2880 2419/2659/2653 2691/2885/2879
f 2690/2886/2880 2691/2885/2879 2661/2649/2643
f 2661/2649/2643 2691/2885/2879 2662/2651/2645
f 2422/2644/2638 2301/2653/2647 2421/2655/2649
f 2421/2655/2649 2420/2657/2651 2689/2887/2881
f 2689/2887/2881 2420/2657/2651 2690/2886/2880
f 2689/2887/2881 2690/2886/2880 2660/2647/2641
f 2660/2647/2641 2690/2886/2880 2661/2649/2643
f 2543/2623/2617 2544/2625/2619 2423/2652/2646
f 2423/2652/2646 2544/2625/2619 2424/2654/2648
f 2544/2625/2619 2545/2627/2621 2424/2654/2648
f 2424/2654/2648 2545/2627/2621 2425/2656/2650
f 2547/2597/2591 2427/2595/2589 2426/2658/2652
f 2545/2627/2621 2546/2629/2623 2425/2656/2650
f 2425/2656/2650 2546/2629/2623 2426/2658/2652
f 2546/2629/2623 2547/2597/2591 2426/2658/2652
f 2558/2763/2757 2437/2765/2759 2557/2880/2874
f 2557/2880/2874 2437/2765/2759 2436/2732/2726
f 2560/2779/2773 2439/2781/2775 2559/2762/2756
f 2559/2762/2756 2439/2781/2775 2438/2764/2758
f 2563/2798/2792 2442/2800/2794 2562/2872/2866
f 2562/2872/2866 2442/2800/2794 2441/2873/2867
f 2565/2549/2543 2444/2547/2541 2564/2797/2791
f 2564/2797/2791 2444/2547/2541 2443/2799/2793
f 2567/2527/2521 2446/2526/2520 2566/2550/2544
f 2566/2550/2544 2446/2526/2520 2445/2548/2542
f 2297/2497/2491 2658/2498/2492 2453/2477/2471
f 2453/2477/2471 2658/2498/2492 2454/2479/2473
f 2658/2498/2492 2657/2500/2494 2454/2479/2473
f 2454/2479/2473 2657/2500/2494 2455/2481/2475
f 2657/2500/2494 2656/2502/2496 2455/2481/2475
f 2455/2481/2475 2656/2502/2496 2456/2483/2477
f 2656/2502/2496 2655/2504/2498 2456/2483/2477
f 2456/2483/2477 2655/2504/2498 2457/2485/2479
f 2655/2504/2498 2654/2506/2500 2457/2485/2479
f 2457/2485/2479 2654/2506/2500 2458/2487/2481
f 2654/2506/2500 2653/2508/2502 2458/2487/2481
f 2458/2487/2481 2653/2508/2502 2459/2489/2483
f 2653/2508/2502 2652/2510/2504 2459/2489/2483
f 2459/2489/2483 2652/2510/2504 2460/2491/2485
f 2652/2510/2504 2651/2512/2506 2460/2491/2485
f 2460/2491/2485 2651/2512/2506 2461/2493/2487
f 2651/2512/2506 2650/2514/2508 2461/2493/2487
f 2461/2493/2487 2650/2514/2508 2462/2449/2443
f 2650/2514/2508 2649/2451/2445 2462/2449/2443
f 2502/2522/2516 2464/2521/2515 2501/2540/2534
f 2501/2540/2534 2464/2521/2515 2465/2538/2532
f 2646/2536/2530 2465/2538/2532 2647/2520/2514
f 2647/2520/2514 2465/2538/2532 2464/2521/2515
f 2500/2539/2533 2466/2537/2531 2499/2807/2801
f 2499/2807/2801 2466/2537/2531 2467/2809/2803
f 2644/2811/2805 2467/2809/2803 2645/2535/2529
f 2645/2535/2529 2467/2809/2803 2466/2537/2531
f 2498/2808/2802 2468/2810/2804 2497/2877/2871
f 2497/2877/2871 2468/2810/2804 2469/2742/2736
f 2469/2742/2736 2468/2810/2804 2643/2744/2738
f 2487/2587/2581 2478/2585/2579 2479/2641/2635
f 2479/2641/2635 2478/2585/2579 2633/2634/2628
f 2479/2641/2635 2633/2634/2628 2632/2639/2633
f 2632/2639/2633 2633/2634/2628 2515/2632/2626
f 2632/2639/2633 2515/2632/2626 2514/2631/2625
f 2485/2650/2644 2486/2642/2636 2480/2640/2634
f 2484/2648/2642 2485/2650/2644 2481/2888/2882
f 2481/2888/2882 2485/2650/2644 2480/2640/2634
f 2481/2888/2882 2480/2640/2634 2631/2638/2632
f 2298/2636/2630 2482/2812/2806 2481/2888/2882
f 2481/2888/2882 2482/2812/2806 2484/2648/2642
f 2298/2636/2630 2481/2888/2882 2631/2638/2632
f 2675/2806/2800 2498/2808/2802 2674/2876/2870
f 2674/2876/2870 2498/2808/2802 2497/2877/2871
f 2677/2541/2535 2500/2539/2533 2676/2805/2799
f 2676/2805/2799 2500/2539/2533 2499/2807/2801
f 2679/2523/2517 2502/2522/2516 2678/2542/2536
f 2678/2542/2536 2502/2522/2516 2501/2540/2534
f 2298/2636/2630 2631/2638/2632 2513/2637/2631
f 2517/2581/2575 2283/2579/2573 2516/2633/2627
f 2634/2583/2577 2517/2581/2575 2516/2633/2627
f 2645/2535/2529 2527/2534/2528 2644/2811/2805
f 2644/2811/2805 2527/2534/2528 2526/2533/2527
f 2647/2520/2514 2529/2519/2513 2646/2536/2530
f 2646/2536/2530 2529/2519/2513 2528/2518/2512
f 2532/2515/2509 2269/2455/2449 2531/2453/2447
f 2536/2507/2501 2537/2505/2499 2267/2494/2488
f 2267/2494/2488 2537/2505/2499 2538/2503/2497
f 2267/2494/2488 2538/2503/2497 2539/2501/2495
f 2541/2495/2489 2267/2494/2488 2540/2499/2493
f 2540/2499/2493 2267/2494/2488 2539/2501/2495
f 2377/2829/2823 2586/2881/2875 2587/2827/2821
f 2587/2827/2821 2586/2881/2875 2616/2832/2826
f 2587/2827/2821 2616/2832/2826 2617/2825/2819
f 2616/2832/2826 2586/2881/2875 2615/2749/2743
f 2619/2831/2825 2589/2882/2876 2618/2824/2818
f 2618/2824/2818 2589/2882/2876 2588/2826/2820
f 2622/2771/2765 2592/2773/2767 2621/2754/2748
f 2621/2754/2748 2592/2773/2767 2591/2756/2750
f 2624/2820/2814 2594/2883/2877 2623/2770/2764
f 2623/2770/2764 2594/2883/2877 2593/2772/2766
f 2627/2557/2551 2597/2555/2549 2626/2789/2783
f 2626/2789/2783 2597/2555/2549 2596/2791/2785
f 2629/2531/2525 2599/2530/2524 2628/2558/2552
f 2628/2558/2552 2599/2530/2524 2598/2556/2550
f 2689/2887/2881 2660/2647/2641 2659/2645/2639
f 2702/2785/2779 2672/2738/2732 2701/2736/2730
f 2705/2804/2798 2675/2806/2800 2704/2875/2869
f 2704/2875/2869 2675/2806/2800 2674/2876/2870
f 2707/2543/2537 2677/2541/2535 2706/2803/2797
f 2706/2803/2797 2677/2541/2535 2676/2805/2799
f 2709/2524/2518 2679/2523/2517 2708/2544/2538
f 2708/2544/2538 2679/2523/2517 2678/2542/2536
f 2681/2445/2439 2711/2443/2437 2682/2818/2812
f 2682/2818/2812 2711/2443/2437 2712/2474/2468
f 2682/2818/2812 2712/2474/2468 2683/2817/2811
f 2683/2817/2811 2712/2474/2468 2713/2472/2466
f 2683/2817/2811 2713/2472/2466 2684/2816/2810
f 2684/2816/2810 2713/2472/2466 2714/2470/2464
f 2684/2816/2810 2714/2470/2464 2685/2815/2809
f 2685/2815/2809 2714/2470/2464 2715/2468/2462
f 2685/2815/2809 2715/2468/2462 2686/2814/2808
f 2686/2814/2808 2715/2468/2462 2716/2466/2460
f 2686/2814/2808 2716/2466/2460 2687/2813/2807
f 2687/2813/2807 2716/2466/2460 2688/2464/2458
f 2687/2813/2807 2688/2464/2458 2299/2463/2457
f 2421/2655/2649 2689/2887/2881 2422/2644/2638
f 2422/2644/2638 2689/2887/2881 2659/2645/2639
f 1081/2889/2883 2736/2890/2884 1082/2891/2885
f 1082/2891/2885 2736/2890/2884 2781/2892/2886
f 1082/2891/2885 2781/2892/2886 2804/2893/2887
f 2804/2893/2887 2781/2892/2886 2780/2894/2888
f 2804/2893/2887 2780/2894/2888 2803/2895/2889
f 2803/2895/2889 2780/2894/2888 2779/2896/2890
f 2803/2895/2889 2779/2896/2890 2802/2897/2891
f 2802/2897/2891 2779/2896/2890 2778/2898/2892
f 2802/2897/2891 2778/2898/2892 2801/2899/2893
f 2801/2899/2893 2778/2898/2892 2777/2900/2894
f 2801/2899/2893 2777/2900/2894 2800/2901/2895
f 2800/2901/2895 2777/2900/2894 2776/2902/2896
f 2800/2901/2895 2776/2902/2896 2799/2903/2897
f 2799/2903/2897 2776/2902/2896 2775/2904/2898
f 2799/2903/2897 2775/2904/2898 2798/2905/2899
f 2798/2905/2899 2775/2904/2898 2774/2906/2900
f 2798/2905/2899 2774/2906/2900 2797/2907/2901
f 2797/2907/2901 2774/2906/2900 2773/2908/2902
f 2797/2907/2901 2773/2908/2902 2796/2909/2903
f 2796/2909/2903 2773/2908/2902 2772/2910/2904
f 2796/2909/2903 2772/2910/2904 2795/2911/2905
f 2795/2911/2905 2772/2910/2904 2771/2912/2906
f 2795/2911/2905 2771/2912/2906 2794/2913/2907
f 2794/2913/2907 2771/2912/2906 2770/2914/2908
f 2794/2913/2907 2770/2914/2908 2793/2915/2909
f 2793/2915/2909 2770/2914/2908 2769/2916/2910
f 2793/2915/2909 2769/2916/2910 2792/2917/2911
f 2792/2917/2911 2769/2916/2910 2768/2918/2912
f 2792/2917/2911 2768/2918/2912 2791/2919/2913
f 2791/2919/2913 2768/2918/2912 2767/2920/2914
f 2791/2919/2913 2767/2920/2914 2790/2921/2915
f 2790/2921/2915 2767/2920/2914 2766/2922/2916
f 2790/2921/2915 2766/2922/2916 2789/2923/2917
f 2789/2923/2917 2766/2922/2916 2765/2924/2918
f 2789/2923/2917 2765/2924/2918 2788/2925/2919
f 2788/2925/2919 2765/2924/2918 2764/2926/2920
f 2788/2925/2919 2764/2926/2920 2787/2927/2921
f 2787/2927/2921 2764/2926/2920 2763/2928/2922
f 2787/2927/2921 2763/2928/2922 2786/2929/2923
f 2786/2929/2923 2763/2928/2922 2762/2930/2924
f 2786/2929/2923 2762/2930/2924 2785/2931/2925
f 2785/2931/2925 2762/2930/2924 2761/2932/2926
f 2785/2931/2925 2761/2932/2926 2784/2933/2927
f 2784/2933/2927 2761/2932/2926 2760/2934/2928
f 2784/2933/2927 2760/2934/2928 2783/2935/2929
f 2783/2935/2929 2760/2934/2928 2759/2936/2930
f 2783/2935/2929 2759/2936/2930 2782/2937/2931
f 2782/2937/2931 2759/2936/2930 1023/2938/2932
f 2782/2937/2931 1023/2938/2932 1022/2939/2933
f 2736/2890/2884 1081/2889/2883 2737/2940/2934
f 2737/2940/2934 1081/2889/2883 2283/2941/2935
f 2737/2940/2934 2283/2941/2935 2738/2942/2936
f 2738/2942/2936 2283/2941/2935 2739/2943/2937
f 2738/2942/2936 2739/2943/2937 2779/2896/2890
f 2779/2896/2890 2739/2943/2937 2778/2898/2892
f 2283/2941/2935 2282/2944/2938 2739/2943/2937
f 2739/2943/2937 2282/2944/2938 2740/2945/2939
f 2739/2943/2937 2740/2945/2939 2778/2898/2892
f 2778/2898/2892 2740/2945/2939 2777/2900/2894
f 2282/2944/2938 2281/2946/2940 2740/2945/2939
f 2740/2945/2939 2281/2946/2940 2741/2947/2941
f 2740/2945/2939 2741/2947/2941 2777/2900/2894
f 2777/2900/2894 2741/2947/2941 2776/2902/2896
f 2281/2946/2940 2280/2948/2942 2741/2947/2941
f 2741/2947/2941 2280/2948/2942 2742/2949/2943
f 2741/2947/2941 2742/2949/2943 2776/2902/2896
f 2776/2902/2896 2742/2949/2943 2775/2904/2898
f 2280/2948/2942 2279/2950/2944 2742/2949/2943
f 2742/2949/2943 2279/2950/2944 2743/2951/2945
f 2742/2949/2943 2743/2951/2945 2775/2904/2898
f 2775/2904/2898 2743/2951/2945 2774/2906/2900
f 2279/2950/2944 2278/2952/2946 2743/2951/2945
f 2743/2951/2945 2278/2952/2946 2744/2953/2947
f 2743/2951/2945 2744/2953/2947 2774/2906/2900
f 2774/2906/2900 2744/2953/2947 2773/2908/2902
f 2278/2952/2946 2277/2954/2948 2744/2953/2947
f 2744/2953/2947 2277/2954/2948 2745/2955/2949
f 2744/2953/2947 2745/2955/2949 2773/2908/2902
f 2773/2908/2902 2745/2955/2949 2772/2910/2904
f 2277/2954/2948 2276/2956/2950 2745/2955/2949
f 2745/2955/2949 2276/2956/2950 2746/2957/2951
f 2745/2955/2949 2746/2957/2951 2772/2910/2904
f 2772/2910/2904 2746/2957/2951 2771/2912/2906
f 2276/2956/2950 2275/2958/2952 2746/2957/2951
f 2746/2957/2951 2275/2958/2952 2747/2959/2953
f 2746/2957/2951 2747/2959/2953 2771/2912/2906
f 2771/2912/2906 2747/2959/2953 2770/2914/2908
f 2275/2958/2952 2274/2960/2954 2747/2959/2953
f 2747/2959/2953 2274/2960/2954 2748/2961/2955
f 2747/2959/2953 2748/2961/2955 2770/2914/2908
f 2770/2914/2908 2748/2961/2955 2769/2916/2910
f 2274/2960/2954 2273/2962/2956 2748/2961/2955
f 2748/2961/2955 2273/2962/2956 2749/2963/2957
f 2748/2961/2955 2749/2963/2957 2769/2916/2910
f 2769/2916/2910 2749/2963/2957 2768/2918/2912
f 2273/2962/2956 2272/2964/2958 2749/2963/2957
f 2749/2963/2957 2272/2964/2958 2750/2965/2959
f 2749/2963/2957 2750/2965/2959 2768/2918/2912
f 2768/2918/2912 2750/2965/2959 2767/2920/2914
f 2272/2964/2958 2271/2966/2960 2750/2965/2959
f 2750/2965/2959 2271/2966/2960 2751/2967/2961
f 2750/2965/2959 2751/2967/2961 2767/2920/2914
f 2767/2920/2914 2751/2967/2961 2766/2922/2916
f 2271/2966/2960 2270/2968/2962 2751/2967/2961
f 2751/2967/2961 2270/2968/2962 2752/2969/2963
f 2751/2967/2961 2752/2969/2963 2766/2922/2916
f 2766/2922/2916 2752/2969/2963 2765/2924/2918
f 2270/2968/2962 2269/2970/2964 2752/2969/2963
f 2752/2969/2963 2269/2970/2964 2753/2971/2965
f 2752/2969/2963 2753/2971/2965 2765/2924/2918
f 2765/2924/2918 2753/2971/2965 2764/2926/2920
f 2269/2970/2964 2268/2972/2966 2753/2971/2965
f 2753/2971/2965 2268/2972/2966 2754/2973/2967
f 2753/2971/2965 2754/2973/2967 2764/2926/2920
f 2764/2926/2920 2754/2973/2967 2763/2928/2922
f 2268/2972/2966 2267/2974/2968 2754/2973/2967
f 2754/2973/2967 2267/2974/2968 2755/2975/2969
f 2754/2973/2967 2755/2975/2969 2763/2928/2922
f 2763/2928/2922 2755/2975/2969 2762/2930/2924
f 2267/2974/2968 2266/2976/2470 2755/2975/2969
f 2755/2975/2969 2266/2976/2470 2756/2977/2970
f 2755/2975/2969 2756/2977/2970 2762/2930/2924
f 2762/2930/2924 2756/2977/2970 2761/2932/2926
f 1024/2978/2971 2758/2979/2972 2266/2976/2470
f 2266/2976/2470 2758/2979/2972 2757/2980/2973
f 2266/2976/2470 2757/2980/2973 2756/2977/2970
f 2756/2977/2970 2757/2980/2973 2761/2932/2926
f 1024/2978/2971 1023/2938/2932 2758/2979/2972
f 2758/2979/2972 1023/2938/2932 2759/2936/2930
f 2758/2979/2972 2759/2936/2930 2760/2934/2928
f 2782/2937/2931 1022/2939/2933 2783/2935/2929
f 2783/2935/2929 1022/2939/2933 2717/2981/2974
f 2783/2935/2929 2717/2981/2974 2784/2933/2927
f 2784/2933/2927 2717/2981/2974 2785/2931/2925
f 2717/2981/2974 2718/2982/2975 2785/2931/2925
f 2785/2931/2925 2718/2982/2975 2719/2983/2976
f 2785/2931/2925 2719/2983/2976 2786/2929/2923
f 2786/2929/2923 2719/2983/2976 2720/2984/2977
f 2786/2929/2923 2720/2984/2977 2787/2927/2921
f 2787/2927/2921 2720/2984/2977 2721/2985/2978
f 2787/2927/2921 2721/2985/2978 2788/2925/2919
f 2788/2925/2919 2721/2985/2978 2789/2923/2917
f 2721/2985/2978 2722/2986/2979 2789/2923/2917
f 2789/2923/2917 2722/2986/2979 2790/2921/2915
f 2722/2986/2979 2723/2987/2980 2790/2921/2915
f 2790/2921/2915 2723/2987/2980 2724/2988/2981
f 2790/2921/2915 2724/2988/2981 2791/2919/2913
f 2791/2919/2913 2724/2988/2981 2792/2917/2911
f 2724/2988/2981 2725/2989/2982 2792/2917/2911
f 2792/2917/2911 2725/2989/2982 2793/2915/2909
f 2725/2989/2982 2726/2990/2983 2793/2915/2909
f 2793/2915/2909 2726/2990/2983 2727/2991/2984
f 2793/2915/2909 2727/2991/2984 2794/2913/2907
f 2794/2913/2907 2727/2991/2984 2728/2992/2985
f 2794/2913/2907 2728/2992/2985 2795/2911/2905
f 2795/2911/2905 2728/2992/2985 2796/2909/2903
f 2728/2992/2985 2729/2993/2986 2796/2909/2903
f 2796/2909/2903 2729/2993/2986 2797/2907/2901
f 2729/2993/2986 2730/2994/2987 2797/2907/2901
f 2797/2907/2901 2730/2994/2987 2798/2905/2899
f 2730/2994/2987 2731/2995/2988 2798/2905/2899
f 2798/2905/2899 2731/2995/2988 2732/2996/2989
f 2798/2905/2899 2732/2996/2989 2799/2903/2897
f 2799/2903/2897 2732/2996/2989 2733/2997/2990
f 2799/2903/2897 2733/2997/2990 2800/2901/2895
f 2800/2901/2895 2733/2997/2990 2734/2998/2991
f 2800/2901/2895 2734/2998/2991 2801/2899/2893
f 2801/2899/2893 2734/2998/2991 2735/2999/2992
f 2801/2899/2893 2735/2999/2992 2802/2897/2891
f 2802/2897/2891 2735/2999/2992 2803/2895/2889
f 2735/2999/2992 1083/3000/2993 2803/2895/2889
f 2803/2895/2889 1083/3000/2993 2804/2893/2887
f 1083/3000/2993 1082/2891/2885 2804/2893/2887
f 2780/2894/2888 2781/2892/2886 2737/2940/2934
f 2737/2940/2934 2781/2892/2886 2736/2890/2884
f 2779/2896/2890 2780/2894/2888 2738/2942/2936
f 2738/2942/2936 2780/2894/2888 2737/2940/2934
f 2760/2934/2928 2761/2932/2926 2757/2980/2973
f 2757/2980/2973 2758/2979/2972 2760/2934/2928
f 1021/3001/2994 3269/3002/2995 1022/3003/2996
f 1022/3003/2996 3269/3002/2995 2827/3004/2997
f 1022/3003/2996 2827/3004/2997 2828/3005/2998
f 2828/3005/2998 2827/3004/2997 3297/3006/2999
f 2828/3005/2998 3297/3006/2999 3296/3007/3000
f 3296/3007/3000 3297/3006/2999 3267/3008/3001
f 3296/3007/3000 3267/3008/3001 3266/3009/3002
f 3266/3009/3002 3267/3008/3001 2883/3010/3003
f 3266/3009/3002 2883/3010/3003 2882/3011/3004
f 2882/3011/3004 2883/3010/3003 2891/3012/3005
f 2882/3011/3004 2891/3012/3005 2892/3013/3006
f 2892/3013/3006 2891/3012/3005 3235/3014/3007
f 2892/3013/3006 3235/3014/3007 3234/3015/3008
f 3234/3015/3008 3235/3014/3007 3205/3016/3009
f 3234/3015/3008 3205/3016/3009 3204/3017/3010
f 3204/3017/3010 3205/3016/3009 2939/3018/3011
f 3204/3017/3010 2939/3018/3011 2938/3019/3012
f 2938/3019/3012 2939/3018/3011 2955/3020/3013
f 2938/3019/3012 2955/3020/3013 2956/3021/3014
f 2956/3021/3014 2955/3020/3013 3026/3022/3015
f 2956/3021/3014 3026/3022/3015 3025/3023/3016
f 3025/3023/3016 3026/3022/3015 2987/3024/3017
f 3025/3023/3016 2987/3024/3017 2988/3025/3018
f 2988/3025/3018 2987/3024/3017 3163/3026/3019
f 2988/3025/3018 3163/3026/3019 3164/3027/3020
f 3164/3027/3020 3163/3026/3019 3082/3028/3021
f 3164/3027/3020 3082/3028/3021 3081/3029/3022
f 3081/3029/3022 3082/3028/3021 3048/3030/3023
f 3081/3029/3022 3048/3030/3023 3049/3031/3024
f 3049/3031/3024 3048/3030/3023 3109/3032/3025
f 3049/3031/3024 3109/3032/3025 3110/3033/3026
f 3110/3033/3026 3109/3032/3025 3138/3034/3027
f 3110/3033/3026 3138/3034/3027 3137/3035/3028
f 3137/3035/3028 3138/3034/3027 2812/3036/3029
f 3137/3035/3028 2812/3036/3029 2813/3037/3030
f 1020/3038/3031 2822/3039/3032 1021/3001/2994
f 1021/3001/2994 2822/3039/3032 3211/3040/3033
f 1021/3001/2994 3211/3040/3033 2887/3041/3034
f 2887/3041/3034 3211/3040/3033 3239/3042/3035
f 2887/3041/3034 3239/3042/3035 2888/3043/3036
f 2888/3043/3036 3239/3042/3035 3238/3044/3037
f 2888/3043/3036 3238/3044/3037 2889/3045/3038
f 2889/3045/3038 3238/3044/3037 3237/3046/3039
f 2889/3045/3038 3237/3046/3039 2890/3047/3040
f 2890/3047/3040 3237/3046/3039 3236/3048/3041
f 2890/3047/3040 3236/3048/3041 2891/3012/3005
f 2891/3012/3005 3236/3048/3041 3235/3014/3007
f 1019/3049/3042 2821/3050/3043 1020/3038/3031
f 1020/3038/3031 2821/3050/3043 2947/3051/3044
f 1020/3038/3031 2947/3051/3044 2946/3052/3045
f 2946/3052/3045 2947/3051/3044 2948/3053/3046
f 2946/3052/3045 2948/3053/3046 2945/3054/3047
f 2945/3054/3047 2948/3053/3046 2949/3055/3048
f 2945/3054/3047 2949/3055/3048 2944/3056/3049
f 2944/3056/3049 2949/3055/3048 2950/3057/3050
f 2944/3056/3049 2950/3057/3050 2943/3058/3051
f 2943/3058/3051 2950/3057/3050 2951/3059/3052
f 2943/3058/3051 2951/3059/3052 2942/3060/3053
f 2942/3060/3053 2951/3059/3052 2952/3061/3054
f 2942/3060/3053 2952/3061/3054 2941/3062/3055
f 2941/3062/3055 2952/3061/3054 2953/3063/3056
f 2941/3062/3055 2953/3063/3056 2940/3064/3057
f 2940/3064/3057 2953/3063/3056 2954/3065/3058
f 2940/3064/3057 2954/3065/3058 2939/3018/3011
f 2939/3018/3011 2954/3065/3058 2955/3020/3013
f 1018/3066/3059 2819/3067/3060 1019/3049/3042
f 1019/3049/3042 2819/3067/3060 2977/3068/3061
f 1019/3049/3042 2977/3068/3061 2821/3050/3043
f 2821/3050/3043 2977/3068/3061 2978/3069/3062
f 2821/3050/3043 2978/3069/3062 3034/3070/3063
f 3034/3070/3063 2978/3069/3062 2979/3071/3064
f 3034/3070/3063 2979/3071/3064 3033/3072/3065
f 3033/3072/3065 2979/3071/3064 2980/3073/3066
f 3033/3072/3065 2980/3073/3066 3032/3074/3067
f 3032/3074/3067 2980/3073/3066 2981/3075/3068
f 3032/3074/3067 2981/3075/3068 3031/3076/3069
f 3031/3076/3069 2981/3075/3068 2982/3077/3070
f 3031/3076/3069 2982/3077/3070 3030/3078/3071
f 3030/3078/3071 2982/3077/3070 2983/3079/3072
f 3030/3078/3071 2983/3079/3072 3029/3080/3073
f 3029/3080/3073 2983/3079/3072 2984/3081/3074
f 3029/3080/3073 2984/3081/3074 3028/3082/3075
f 3028/3082/3075 2984/3081/3074 2985/3083/3076
f 3028/3082/3075 2985/3083/3076 3027/3084/3077
f 3027/3084/3077 2985/3083/3076 2986/3085/3078
f 3027/3084/3077 2986/3085/3078 3026/3022/3015
f 3026/3022/3015 2986/3085/3078 2987/3024/3017
f 1017/3086/3079 3035/3087/3080 1018/3066/3059
f 1018/3066/3059 3035/3087/3080 3094/3088/3081
f 1018/3066/3059 3094/3088/3081 2819/3067/3060
f 2819/3067/3060 3094/3088/3081 3093/3089/3082
f 2819/3067/3060 3093/3089/3082 3153/3090/3083
f 3153/3090/3083 3093/3089/3082 3092/3091/3084
f 3153/3090/3083 3092/3091/3084 3154/3092/3085
f 3154/3092/3085 3092/3091/3084 3091/3093/3086
f 3154/3092/3085 3091/3093/3086 3155/3094/3087
f 3155/3094/3087 3091/3093/3086 3090/3095/3088
f 3155/3094/3087 3090/3095/3088 3156/3096/3089
f 3156/3096/3089 3090/3095/3088 3089/3097/3090
f 3156/3096/3089 3089/3097/3090 3157/3098/3091
f 3157/3098/3091 3089/3097/3090 3088/3099/3092
f 3157/3098/3091 3088/3099/3092 3158/3100/3093
f 3158/3100/3093 3088/3099/3092 3087/3101/3094
f 3158/3100/3093 3087/3101/3094 3159/3102/3095
f 3159/3102/3095 3087/3101/3094 3086/3103/3096
f 3159/3102/3095 3086/3103/3096 3160/3104/3097
f 3160/3104/3097 3086/3103/3096 3085/3105/3098
f 3160/3104/3097 3085/3105/3098 3161/3106/3099
f 3161/3106/3099 3085/3105/3098 3084/3107/3100
f 3161/3106/3099 3084/3107/3100 3162/3108/3101
f 3162/3108/3101 3084/3107/3100 3083/3109/3102
f 3162/3108/3101 3083/3109/3102 3163/3026/3019
f 3163/3026/3019 3083/3109/3102 3082/3028/3021
f 1016/3110/3103 2818/3111/3104 1017/3086/3079
f 1017/3086/3079 2818/3111/3104 3095/3112/3105
f 1017/3086/3079 3095/3112/3105 3035/3087/3080
f 3035/3087/3080 3095/3112/3105 3096/3113/3106
f 3035/3087/3080 3096/3113/3106 3036/3114/3107
f 3036/3114/3107 3096/3113/3106 3097/3115/3108
f 3036/3114/3107 3097/3115/3108 3037/3116/3109
f 3037/3116/3109 3097/3115/3108 3098/3117/3110
f 3037/3116/3109 3098/3117/3110 3038/3118/3111
f 3038/3118/3111 3098/3117/3110 3099/3119/3112
f 3038/3118/3111 3099/3119/3112 3039/3120/3113
f 3039/3120/3113 3099/3119/3112 3100/3121/3114
f 3039/3120/3113 3100/3121/3114 3040/3122/3115
f 3040/3122/3115 3100/3121/3114 3101/3123/3116
f 3040/3122/3115 3101/3123/3116 3041/3124/3117
f 3041/3124/3117 3101/3123/3116 3102/3125/3118
f 3041/3124/3117 3102/3125/3118 3042/3126/3119
f 3042/3126/3119 3102/3125/3118 3103/3127/3120
f 3042/3126/3119 3103/3127/3120 3043/3128/3121
f 3043/3128/3121 3103/3127/3120 3104/3129/3122
f 3043/3128/3121 3104/3129/3122 3044/3130/3123
f 3044/3130/3123 3104/3129/3122 3105/3131/3124
f 3044/3130/3123 3105/3131/3124 3045/3132/3125
f 3045/3132/3125 3105/3131/3124 3106/3133/3126
f 3045/3132/3125 3106/3133/3126 3046/3134/3127
f 3046/3134/3127 3106/3133/3126 3107/3135/3128
f 3046/3134/3127 3107/3135/3128 3047/3136/3129
f 3047/3136/3129 3107/3135/3128 3108/3137/3130
f 3047/3136/3129 3108/3137/3130 3048/3030/3023
f 3048/3030/3023 3108/3137/3130 3109/3032/3025
f 1016/3110/3103 2805/3138/3131 2818/3111/3104
f 2818/3111/3104 2805/3138/3131 3152/3139/3132
f 2818/3111/3104 3152/3139/3132 3095/3112/3105
f 3095/3112/3105 3152/3139/3132 3096/3113/3106
f 3152/3139/3132 2805/3138/3131 3151/3140/3133
f 3151/3140/3133 2805/3138/3131 2806/3141/3134
f 3151/3140/3133 2806/3141/3134 3150/3142/3135
f 3150/3142/3135 2806/3141/3134 2807/3143/3136
f 3150/3142/3135 2807/3143/3136 3149/3144/3137
f 3149/3144/3137 2807/3143/3136 2808/3145/3138
f 3149/3144/3137 2808/3145/3138 3148/3146/3139
f 3148/3146/3139 2808/3145/3138 2809/3147/3140
f 3148/3146/3139 2809/3147/3140 3147/3148/3141
f 3147/3148/3141 2809/3147/3140 3146/3149/3142
f 3147/3148/3141 3146/3149/3142 3101/3123/3116
f 3101/3123/3116 3146/3149/3142 3102/3125/3118
f 2809/3147/3140 2810/3150/3143 3146/3149/3142
f 3146/3149/3142 2810/3150/3143 3145/3151/3144
f 3146/3149/3142 3145/3151/3144 3102/3125/3118
f 3102/3125/3118 3145/3151/3144 3103/3127/3120
f 3145/3151/3144 2810/3150/3143 3144/3152/3145
f 3144/3152/3145 2810/3150/3143 2811/3153/3146
f 3144/3152/3145 2811/3153/3146 3143/3154/3147
f 3143/3154/3147 2811/3153/3146 3142/3155/3148
f 3143/3154/3147 3142/3155/3148 3105/3131/3124
f 3105/3131/3124 3142/3155/3148 3106/3133/3126
f 2811/3153/3146 2812/3036/3029 3142/3155/3148
f 3142/3155/3148 2812/3036/3029 3141/3156/3149
f 3142/3155/3148 3141/3156/3149 3106/3133/3126
f 3106/3133/3126 3141/3156/3149 3107/3135/3128
f 2814/3157/3150 3131/3158/3151 2813/3037/3030
f 2813/3037/3030 3131/3158/3151 3132/3159/3152
f 2813/3037/3030 3132/3159/3152 3133/3160/3153
f 3133/3160/3153 3132/3159/3152 3115/3161/3154
f 3133/3160/3153 3115/3161/3154 3114/3162/3155
f 3114/3162/3155 3115/3161/3154 3054/3163/3156
f 3114/3162/3155 3054/3163/3156 3053/3164/3157
f 3053/3164/3157 3054/3163/3156 3076/3165/3158
f 3053/3164/3157 3076/3165/3158 3077/3166/3159
f 3077/3166/3159 3076/3165/3158 3169/3167/3160
f 3077/3166/3159 3169/3167/3160 3168/3168/3161
f 3168/3168/3161 3169/3167/3160 2993/3169/3162
f 3168/3168/3161 2993/3169/3162 2992/3170/3163
f 2992/3170/3163 2993/3169/3162 3020/3171/3164
f 2992/3170/3163 3020/3171/3164 3021/3172/3165
f 3021/3172/3165 3020/3171/3164 2961/3173/3166
f 3021/3172/3165 2961/3173/3166 2960/3174/3167
f 2960/3174/3167 2961/3173/3166 2933/3175/3168
f 2960/3174/3167 2933/3175/3168 2934/3176/3169
f 2934/3176/3169 2933/3175/3168 3199/3177/3170
f 2934/3176/3169 3199/3177/3170 3200/3178/3171
f 3200/3178/3171 3199/3177/3170 3229/3179/3172
f 3200/3178/3171 3229/3179/3172 3230/3180/3173
f 3230/3180/3173 3229/3179/3172 2897/3181/3174
f 3230/3180/3173 2897/3181/3174 2896/3182/3175
f 2896/3182/3175 2897/3181/3174 2877/3183/3176
f 2896/3182/3175 2877/3183/3176 2878/3184/3177
f 2878/3184/3177 2877/3183/3176 3261/3185/3178
f 2878/3184/3177 3261/3185/3178 3262/3186/3179
f 3262/3186/3179 3261/3185/3178 3291/3187/3180
f 3262/3186/3179 3291/3187/3180 3292/3188/3181
f 3292/3188/3181 3291/3187/3180 2833/3189/3182
f 3292/3188/3181 2833/3189/3182 2832/3190/3183
f 2832/3190/3183 2833/3189/3182 2718/3191/3184
f 2832/3190/3183 2718/3191/3184 2831/3192/3185
f 2831/3192/3185 2718/3191/3184 2717/3193/3186
f 2831/3192/3185 2717/3193/3186 2830/3194/3187
f 2830/3194/3187 2717/3193/3186 2829/3195/3188
f 2830/3194/3187 2829/3195/3188 3295/3196/3189
f 3295/3196/3189 2829/3195/3188 3296/3007/3000
f 3295/3196/3189 3296/3007/3000 3266/3009/3002
f 2815/3197/3190 3129/3198/3191 2814/3157/3150
f 2814/3157/3150 3129/3198/3191 3130/3199/3192
f 2814/3157/3150 3130/3199/3192 3131/3158/3151
f 3131/3158/3151 3130/3199/3192 3117/3200/3193
f 3131/3158/3151 3117/3200/3193 3116/3201/3194
f 3116/3201/3194 3117/3200/3193 3056/3202/3195
f 3116/3201/3194 3056/3202/3195 3055/3203/3196
f 3055/3203/3196 3056/3202/3195 3074/3204/3197
f 3055/3203/3196 3074/3204/3197 3075/3205/3198
f 3075/3205/3198 3074/3204/3197 3171/3206/3199
f 3075/3205/3198 3171/3206/3199 3170/3207/3200
f 3170/3207/3200 3171/3206/3199 2995/3208/3201
f 3170/3207/3200 2995/3208/3201 2994/3209/3202
f 2994/3209/3202 2995/3208/3201 3018/3210/3203
f 2994/3209/3202 3018/3210/3203 3019/3211/3204
f 3019/3211/3204 3018/3210/3203 2963/3212/3205
f 3019/3211/3204 2963/3212/3205 2962/3213/3206
f 2962/3213/3206 2963/3212/3205 2931/3214/3207
f 2962/3213/3206 2931/3214/3207 2932/3215/3208
f 2932/3215/3208 2931/3214/3207 3197/3216/3209
f 2932/3215/3208 3197/3216/3209 3198/3217/3210
f 3198/3217/3210 3197/3216/3209 3227/3218/3211
f 3198/3217/3210 3227/3218/3211 3228/3219/3212
f 3228/3219/3212 3227/3218/3211 2899/3220/3213
f 3228/3219/3212 2899/3220/3213 2898/3221/3214
f 2898/3221/3214 2899/3220/3213 2875/3222/3215
f 2898/3221/3214 2875/3222/3215 2876/3223/3216
f 2876/3223/3216 2875/3222/3215 3259/3224/3217
f 2876/3223/3216 3259/3224/3217 3260/3225/3218
f 3260/3225/3218 3259/3224/3217 3289/3226/3219
f 3260/3225/3218 3289/3226/3219 3290/3227/3220
f 3290/3227/3220 3289/3226/3219 2835/3228/3221
f 3290/3227/3220 2835/3228/3221 2834/3229/3222
f 2834/3229/3222 2835/3228/3221 2721/3230/3223
f 2834/3229/3222 2721/3230/3223 2720/3231/3224
f 2816/3232/3225 3126/3233/3226 2815/3197/3190
f 2815/3197/3190 3126/3233/3226 3127/3234/3227
f 2815/3197/3190 3127/3234/3227 3128/3235/3228
f 3128/3235/3228 3127/3234/3227 3120/3236/3229
f 3128/3235/3228 3120/3236/3229 3119/3237/3230
f 3119/3237/3230 3120/3236/3229 3059/3238/3231
f 3119/3237/3230 3059/3238/3231 3058/3239/3232
f 3058/3239/3232 3059/3238/3231 3071/3240/3233
f 3058/3239/3232 3071/3240/3233 3072/3241/3234
f 3072/3241/3234 3071/3240/3233 3174/3242/3235
f 3072/3241/3234 3174/3242/3235 3173/3243/3236
f 3173/3243/3236 3174/3242/3235 2998/3244/3237
f 3173/3243/3236 2998/3244/3237 2997/3245/3238
f 2997/3245/3238 2998/3244/3237 3015/3246/3239
f 2997/3245/3238 3015/3246/3239 3016/3247/3240
f 3016/3247/3240 3015/3246/3239 2966/3248/3241
f 3016/3247/3240 2966/3248/3241 2965/3249/3242
f 2965/3249/3242 2966/3248/3241 2928/3250/3243
f 2965/3249/3242 2928/3250/3243 2929/3251/3244
f 2929/3251/3244 2928/3250/3243 3194/3252/3245
f 2929/3251/3244 3194/3252/3245 3195/3253/3246
f 3195/3253/3246 3194/3252/3245 3224/3254/3247
f 3195/3253/3246 3224/3254/3247 3225/3255/3248
f 3225/3255/3248 3224/3254/3247 2902/3256/3249
f 3225/3255/3248 2902/3256/3249 2901/3257/3250
f 2901/3257/3250 2902/3256/3249 2872/3258/3251
f 2901/3257/3250 2872/3258/3251 2873/3259/3252
f 2873/3259/3252 2872/3258/3251 3256/3260/3253
f 2873/3259/3252 3256/3260/3253 3257/3261/3254
f 3257/3261/3254 3256/3260/3253 3286/3262/3255
f 3257/3261/3254 3286/3262/3255 3287/3263/3256
f 3287/3263/3256 3286/3262/3255 2838/3264/3257
f 3287/3263/3256 2838/3264/3257 2837/3265/3258
f 2837/3265/3258 2838/3264/3257 2727/3266/3259
f 2837/3265/3258 2727/3266/3259 2726/3267/3260
f 3126/3233/3226 2816/3232/3225 3125/3268/3261
f 3125/3268/3261 2816/3232/3225 2817/3269/3262
f 3125/3268/3261 2817/3269/3262 3124/3270/3263
f 3124/3270/3263 2817/3269/3262 1087/3271/3264
f 3124/3270/3263 1087/3271/3264 1086/3272/3265
f 1085/3273/3266 2976/3274/3267 1086/3272/3265
f 1086/3272/3265 2976/3274/3267 3006/3275/3268
f 1086/3272/3265 3006/3275/3268 3181/3276/3269
f 3181/3276/3269 3006/3275/3268 3005/3277/3270
f 3181/3276/3269 3005/3277/3270 3180/3278/3271
f 3180/3278/3271 3005/3277/3270 3004/3279/3272
f 3180/3278/3271 3004/3279/3272 3179/3280/3273
f 3179/3280/3273 3004/3279/3272 3003/3281/3274
f 3179/3280/3273 3003/3281/3274 3178/3282/3275
f 3178/3282/3275 3003/3281/3274 3002/3283/3276
f 3178/3282/3275 3002/3283/3276 3177/3284/3277
f 3177/3284/3277 3002/3283/3276 3001/3285/3278
f 3177/3284/3277 3001/3285/3278 3176/3286/3279
f 3176/3286/3279 3001/3285/3278 3000/3287/3280
f 3176/3286/3279 3000/3287/3280 3175/3288/3281
f 3175/3288/3281 3000/3287/3280 2999/3289/3282
f 3175/3288/3281 2999/3289/3282 3174/3242/3235
f 3174/3242/3235 2999/3289/3282 2998/3244/3237
f 1084/3290/3283 2824/3291/3284 1085/3273/3266
f 1085/3273/3266 2824/3291/3284 3182/3292/3285
f 1085/3273/3266 3182/3292/3285 2917/3293/3286
f 2917/3293/3286 3182/3292/3285 3183/3294/3287
f 2917/3293/3286 3183/3294/3287 2918/3295/3288
f 2918/3295/3288 3183/3294/3287 3184/3296/3289
f 2918/3295/3288 3184/3296/3289 2919/3297/3290
f 2919/3297/3290 3184/3296/3289 3185/3298/3291
f 2919/3297/3290 3185/3298/3291 2920/3299/3292
f 2920/3299/3292 3185/3298/3291 3186/3300/3293
f 2920/3299/3292 3186/3300/3293 2921/3301/3294
f 2921/3301/3294 3186/3300/3293 3187/3302/3295
f 2921/3301/3294 3187/3302/3295 2922/3303/3296
f 2922/3303/3296 3187/3302/3295 3188/3304/3297
f 2922/3303/3296 3188/3304/3297 2923/3305/3298
f 2923/3305/3298 3188/3304/3297 3189/3306/3299
f 2923/3305/3298 3189/3306/3299 2924/3307/3300
f 2924/3307/3300 3189/3306/3299 3190/3308/3301
f 2924/3307/3300 3190/3308/3301 2925/3309/3302
f 2925/3309/3302 3190/3308/3301 3191/3310/3303
f 2925/3309/3302 3191/3310/3303 2926/3311/3304
f 2926/3311/3304 3191/3310/3303 3192/3312/3305
f 2926/3311/3304 3192/3312/3305 2927/3313/3306
f 2927/3313/3306 3192/3312/3305 3193/3314/3307
f 2927/3313/3306 3193/3314/3307 2928/3250/3243
f 2928/3250/3243 3193/3314/3307 3194/3252/3245
f 1083/3315/3308 2735/3316/2992 1084/3290/3283
f 1084/3290/3283 2735/3316/2992 2857/3317/3309
f 1084/3290/3283 2857/3317/3309 2916/3318/3310
f 2916/3318/3310 2857/3317/3309 2858/3319/3311
f 2916/3318/3310 2858/3319/3311 2915/3320/3312
f 2915/3320/3312 2858/3319/3311 2859/3321/3313
f 2915/3320/3312 2859/3321/3313 2914/3322/3314
f 2914/3322/3314 2859/3321/3313 2860/3323/3315
f 2914/3322/3314 2860/3323/3315 2913/3324/3316
f 2913/3324/3316 2860/3323/3315 2861/3325/3317
f 2913/3324/3316 2861/3325/3317 2912/3326/3318
f 2912/3326/3318 2861/3325/3317 2862/3327/3319
f 2912/3326/3318 2862/3327/3319 2911/3328/3320
f 2911/3328/3320 2862/3327/3319 2863/3329/3321
f 2911/3328/3320 2863/3329/3321 2910/3330/3322
f 2910/3330/3322 2863/3329/3321 2864/3331/3323
f 2910/3330/3322 2864/3331/3323 2909/3332/3324
f 2909/3332/3324 2864/3331/3323 2865/3333/3325
f 2909/3332/3324 2865/3333/3325 2908/3334/3326
f 2908/3334/3326 2865/3333/3325 2866/3335/3327
f 2908/3334/3326 2866/3335/3327 2907/3336/3328
f 2907/3336/3328 2866/3335/3327 2867/3337/3329
f 2907/3336/3328 2867/3337/3329 2906/3338/3330
f 2906/3338/3330 2867/3337/3329 2868/3339/3331
f 2906/3338/3330 2868/3339/3331 2905/3340/3332
f 2905/3340/3332 2868/3339/3331 2869/3341/3333
f 2905/3340/3332 2869/3341/3333 2904/3342/3334
f 2904/3342/3334 2869/3341/3333 2870/3343/3335
f 2904/3342/3334 2870/3343/3335 2903/3344/3336
f 2903/3344/3336 2870/3343/3335 2871/3345/3337
f 2903/3344/3336 2871/3345/3337 2902/3256/3249
f 2902/3256/3249 2871/3345/3337 2872/3258/3251
f 2734/3346/3338 2855/3347/3339 2735/3316/2992
f 2735/3316/2992 2855/3347/3339 2856/3348/3340
f 2735/3316/2992 2856/3348/3340 2826/3349/3341
f 2826/3349/3341 2856/3348/3340 2855/3347/3339
f 2826/3349/3341 2855/3347/3339 3270/3350/3342
f 3270/3350/3342 2855/3347/3339 2854/3351/3343
f 3270/3350/3342 2854/3351/3343 3271/3352/3344
f 3271/3352/3344 2854/3351/3343 2853/3353/3345
f 3271/3352/3344 2853/3353/3345 3272/3354/3346
f 3272/3354/3346 2853/3353/3345 2852/3355/3347
f 3272/3354/3346 2852/3355/3347 3273/3356/3348
f 3273/3356/3348 2852/3355/3347 2851/3357/3349
f 3273/3356/3348 2851/3357/3349 3274/3358/3350
f 3274/3358/3350 2851/3357/3349 2850/3359/3351
f 3274/3358/3350 2850/3359/3351 3275/3360/3352
f 3275/3360/3352 2850/3359/3351 2849/3361/3353
f 3275/3360/3352 2849/3361/3353 3276/3362/3354
f 3276/3362/3354 2849/3361/3353 2848/3363/3355
f 3276/3362/3354 2848/3363/3355 3277/3364/3356
f 3277/3364/3356 2848/3363/3355 2847/3365/3357
f 3277/3364/3356 2847/3365/3357 3278/3366/3358
f 3278/3366/3358 2847/3365/3357 2846/3367/3359
f 3278/3366/3358 2846/3367/3359 3279/3368/3360
f 3279/3368/3360 2846/3367/3359 2845/3369/3361
f 3279/3368/3360 2845/3369/3361 3280/3370/3362
f 3280/3370/3362 2845/3369/3361 2844/3371/3363
f 3280/3370/3362 2844/3371/3363 3281/3372/3364
f 3281/3372/3364 2844/3371/3363 2843/3373/3365
f 3281/3372/3364 2843/3373/3365 3282/3374/3366
f 3282/3374/3366 2843/3373/3365 2842/3375/3367
f 3282/3374/3366 2842/3375/3367 3283/3376/3368
f 3283/3376/3368 2842/3375/3367 2841/3377/3369
f 3283/3376/3368 2841/3377/3369 3284/3378/3370
f 3284/3378/3370 2841/3377/3369 2840/3379/3371
f 3284/3378/3370 2840/3379/3371 3285/3380/3372
f 3285/3380/3372 2840/3379/3371 2839/3381/3373
f 3285/3380/3372 2839/3381/3373 3286/3262/3255
f 3286/3262/3255 2839/3381/3373 2838/3264/3257
f 2733/3382/3374 2848/3363/3355 2734/3346/3338
f 2734/3346/3338 2848/3363/3355 2849/3361/3353
f 2734/3346/3338 2849/3361/3353 2850/3359/3351
f 2732/3383/3375 2846/3367/3359 2733/3382/3374
f 2733/3382/3374 2846/3367/3359 2847/3365/3357
f 2733/3382/3374 2847/3365/3357 2848/3363/3355
f 2731/3384/3376 2844/3371/3363 2732/3383/3375
f 2732/3383/3375 2844/3371/3363 2845/3369/3361
f 2732/3383/3375 2845/3369/3361 2846/3367/3359
f 2730/3385/3377 2842/3375/3367 2731/3384/3376
f 2731/3384/3376 2842/3375/3367 2843/3373/3365
f 2731/3384/3376 2843/3373/3365 2844/3371/3363
f 2729/3386/3378 2840/3379/3371 2730/3385/3377
f 2730/3385/3377 2840/3379/3371 2841/3377/3369
f 2730/3385/3377 2841/3377/3369 2842/3375/3367
f 2840/3379/3371 2729/3386/3378 2839/3381/3373
f 2839/3381/3373 2729/3386/3378 2728/3387/3379
f 2839/3381/3373 2728/3387/3379 2838/3264/3257
f 2838/3264/3257 2728/3387/3379 2727/3266/3259
f 2726/3267/3260 2725/3388/3380 2837/3265/3258
f 2837/3265/3258 2725/3388/3380 2836/3389/3381
f 2837/3265/3258 2836/3389/3381 3288/3390/3382
f 3288/3390/3382 2836/3389/3381 3289/3226/3219
f 3288/3390/3382 3289/3226/3219 3259/3224/3217
f 2725/3388/3380 2724/3391/3383 2836/3389/3381
f 2836/3389/3381 2724/3391/3383 2723/3392/3384
f 2836/3389/3381 2723/3392/3384 2835/3228/3221
f 2835/3228/3221 2723/3392/3384 2722/3393/3385
f 2835/3228/3221 2722/3393/3385 2721/3230/3223
f 2720/3231/3224 2719/3394/3386 2834/3229/3222
f 2834/3229/3222 2719/3394/3386 2833/3189/3182
f 2834/3229/3222 2833/3189/3182 3291/3187/3180
f 2719/3394/3386 2718/3191/3184 2833/3189/3182
f 2829/3195/3188 2717/3193/3186 2828/3005/2998
f 2828/3005/2998 2717/3193/3186 1022/3003/2996
f 1086/3272/3265 3065/3395/3387 3124/3270/3263
f 3124/3270/3263 3065/3395/3387 3123/3396/3388
f 3124/3270/3263 3123/3396/3388 3125/3268/3261
f 3125/3268/3261 3123/3396/3388 3122/3397/3389
f 3125/3268/3261 3122/3397/3389 3126/3233/3226
f 3126/3233/3226 3122/3397/3389 3121/3398/3390
f 3126/3233/3226 3121/3398/3390 3127/3234/3227
f 3127/3234/3227 3121/3398/3390 3120/3236/3229
f 1086/3272/3265 3181/3276/3269 2820/3399/3391
f 2820/3399/3391 3181/3276/3269 3180/3278/3271
f 2820/3399/3391 3180/3278/3271 3066/3400/3392
f 3066/3400/3392 3180/3278/3271 3179/3280/3273
f 3066/3400/3392 3179/3280/3273 3067/3401/3393
f 3067/3401/3393 3179/3280/3273 3178/3282/3275
f 3067/3401/3393 3178/3282/3275 3068/3402/3394
f 3068/3402/3394 3178/3282/3275 3177/3284/3277
f 3068/3402/3394 3177/3284/3277 3069/3403/3395
f 3069/3403/3395 3177/3284/3277 3176/3286/3279
f 3069/3403/3395 3176/3286/3279 3070/3404/3396
f 3070/3404/3396 3176/3286/3279 3175/3288/3281
f 3070/3404/3396 3175/3288/3281 3071/3240/3233
f 3071/3240/3233 3175/3288/3281 3174/3242/3235
f 1020/3038/3031 2946/3052/3045 2822/3039/3032
f 2822/3039/3032 2946/3052/3045 2945/3054/3047
f 2822/3039/3032 2945/3054/3047 3210/3405/3397
f 3210/3405/3397 2945/3054/3047 2944/3056/3049
f 3210/3405/3397 2944/3056/3049 3209/3406/3398
f 3209/3406/3398 2944/3056/3049 2943/3058/3051
f 3209/3406/3398 2943/3058/3051 3208/3407/3399
f 3208/3407/3399 2943/3058/3051 2942/3060/3053
f 3208/3407/3399 2942/3060/3053 3207/3408/3400
f 3207/3408/3400 2942/3060/3053 2941/3062/3055
f 3207/3408/3400 2941/3062/3055 3206/3409/3401
f 3206/3409/3401 2941/3062/3055 2940/3064/3057
f 3206/3409/3401 2940/3064/3057 3205/3016/3009
f 3205/3016/3009 2940/3064/3057 2939/3018/3011
f 1085/3273/3266 2917/3293/3286 2823/3410/3402
f 2823/3410/3402 2917/3293/3286 2918/3295/3288
f 2823/3410/3402 2918/3295/3288 2975/3411/3403
f 2975/3411/3403 2918/3295/3288 2919/3297/3290
f 2975/3411/3403 2919/3297/3290 2974/3412/3404
f 2974/3412/3404 2919/3297/3290 2920/3299/3292
f 2974/3412/3404 2920/3299/3292 2973/3413/3405
f 2973/3413/3405 2920/3299/3292 2921/3301/3294
f 2973/3413/3405 2921/3301/3294 2972/3414/3406
f 2972/3414/3406 2921/3301/3294 2922/3303/3296
f 2972/3414/3406 2922/3303/3296 2971/3415/3407
f 2971/3415/3407 2922/3303/3296 2923/3305/3298
f 2971/3415/3407 2923/3305/3298 2970/3416/3408
f 2970/3416/3408 2923/3305/3298 2924/3307/3300
f 2970/3416/3408 2924/3307/3300 2969/3417/3409
f 2969/3417/3409 2924/3307/3300 2925/3309/3302
f 2969/3417/3409 2925/3309/3302 2968/3418/3410
f 2968/3418/3410 2925/3309/3302 2926/3311/3304
f 2968/3418/3410 2926/3311/3304 2967/3419/3411
f 2967/3419/3411 2926/3311/3304 2927/3313/3306
f 2967/3419/3411 2927/3313/3306 2966/3248/3241
f 2966/3248/3241 2927/3313/3306 2928/3250/3243
f 1084/3290/3283 2916/3318/3310 2824/3291/3284
f 2824/3291/3284 2916/3318/3310 2915/3320/3312
f 2824/3291/3284 2915/3320/3312 3212/3420/3412
f 3212/3420/3412 2915/3320/3312 2914/3322/3314
f 3212/3420/3412 2914/3322/3314 3213/3421/3413
f 3213/3421/3413 2914/3322/3314 2913/3324/3316
f 3213/3421/3413 2913/3324/3316 3214/3422/3414
f 3214/3422/3414 2913/3324/3316 2912/3326/3318
f 3214/3422/3414 2912/3326/3318 3215/3423/3415
f 3215/3423/3415 2912/3326/3318 2911/3328/3320
f 3215/3423/3415 2911/3328/3320 3216/3424/3416
f 3216/3424/3416 2911/3328/3320 2910/3330/3322
f 3216/3424/3416 2910/3330/3322 3217/3425/3417
f 3217/3425/3417 2910/3330/3322 2909/3332/3324
f 3217/3425/3417 2909/3332/3324 3218/3426/3418
f 3218/3426/3418 2909/3332/3324 2908/3334/3326
f 3218/3426/3418 2908/3334/3326 3219/3427/3419
f 3219/3427/3419 2908/3334/3326 2907/3336/3328
f 3219/3427/3419 2907/3336/3328 3220/3428/3420
f 3220/3428/3420 2907/3336/3328 2906/3338/3330
f 3220/3428/3420 2906/3338/3330 3221/3429/3421
f 3221/3429/3421 2906/3338/3330 2905/3340/3332
f 3221/3429/3421 2905/3340/3332 3222/3430/3422
f 3222/3430/3422 2905/3340/3332 2904/3342/3334
f 3222/3430/3422 2904/3342/3334 3223/3431/3423
f 3223/3431/3423 2904/3342/3334 2903/3344/3336
f 3223/3431/3423 2903/3344/3336 3224/3254/3247
f 3224/3254/3247 2903/3344/3336 2902/3256/3249
f 2825/3432/3424 1021/3001/2994 2886/3433/3425
f 2886/3433/3425 1021/3001/2994 2887/3041/3034
f 2886/3433/3425 2887/3041/3034 2888/3043/3036
f 3297/3006/2999 2827/3004/2997 3269/3002/2995
f 3296/3007/3000 2829/3195/3188 2828/3005/2998
f 2831/3192/3185 2830/3194/3187 3294/3434/3426
f 3294/3434/3426 2830/3194/3187 3295/3196/3189
f 3294/3434/3426 3295/3196/3189 3265/3435/3427
f 3265/3435/3427 3295/3196/3189 3266/3009/3002
f 3265/3435/3427 3266/3009/3002 2882/3011/3004
f 2832/3190/3183 2831/3192/3185 3293/3436/3428
f 3293/3436/3428 2831/3192/3185 3294/3434/3426
f 3293/3436/3428 3294/3434/3426 3264/3437/3429
f 3264/3437/3429 3294/3434/3426 3265/3435/3427
f 3264/3437/3429 3265/3435/3427 2881/3438/3430
f 2881/3438/3430 3265/3435/3427 2882/3011/3004
f 2881/3438/3430 2882/3011/3004 2892/3013/3006
f 3290/3227/3220 2834/3229/3222 3291/3187/3180
f 3289/3226/3219 2836/3389/3381 2835/3228/3221
f 3287/3263/3256 2837/3265/3258 3288/3390/3382
f 2850/3359/3351 2851/3357/3349 2734/3346/3338
f 2734/3346/3338 2851/3357/3349 2852/3355/3347
f 2734/3346/3338 2852/3355/3347 2853/3353/3345
f 2855/3347/3339 2734/3346/3338 2854/3351/3343
f 2854/3351/3343 2734/3346/3338 2853/3353/3345
f 2735/3316/2992 2826/3349/3341 3240/3439/3431
f 3240/3439/3431 2826/3349/3341 3270/3350/3342
f 3240/3439/3431 3270/3350/3342 3241/3440/3432
f 3241/3440/3432 3270/3350/3342 3271/3352/3344
f 3241/3440/3432 3271/3352/3344 3242/3441/3433
f 3242/3441/3433 3271/3352/3344 3272/3354/3346
f 3242/3441/3433 3272/3354/3346 3243/3442/3434
f 3243/3442/3434 3272/3354/3346 3273/3356/3348
f 3243/3442/3434 3273/3356/3348 3244/3443/3435
f 3244/3443/3435 3273/3356/3348 3274/3358/3350
f 3244/3443/3435 3274/3358/3350 3245/3444/3436
f 3245/3444/3436 3274/3358/3350 3275/3360/3352
f 3245/3444/3436 3275/3360/3352 3246/3445/3437
f 3246/3445/3437 3275/3360/3352 3276/3362/3354
f 3246/3445/3437 3276/3362/3354 3247/3446/3438
f 3247/3446/3438 3276/3362/3354 3277/3364/3356
f 3247/3446/3438 3277/3364/3356 3248/3447/3439
f 3248/3447/3439 3277/3364/3356 3278/3366/3358
f 3248/3447/3439 3278/3366/3358 3249/3448/3440
f 3249/3448/3440 3278/3366/3358 3279/3368/3360
f 3249/3448/3440 3279/3368/3360 3250/3449/3441
f 3250/3449/3441 3279/3368/3360 3280/3370/3362
f 3250/3449/3441 3280/3370/3362 3251/3450/3442
f 3251/3450/3442 3280/3370/3362 3281/3372/3364
f 3251/3450/3442 3281/3372/3364 3252/3451/3443
f 3252/3451/3443 3281/3372/3364 3282/3374/3366
f 3252/3451/3443 3282/3374/3366 3253/3452/3444
f 3253/3452/3444 3282/3374/3366 3283/3376/3368
f 3253/3452/3444 3283/3376/3368 3254/3453/3445
f 3254/3453/3445 3283/3376/3368 3284/3378/3370
f 3254/3453/3445 3284/3378/3370 3255/3454/3446
f 3255/3454/3446 3284/3378/3370 3285/3380/3372
f 3255/3454/3446 3285/3380/3372 3256/3260/3253
f 3256/3260/3253 3285/3380/3372 3286/3262/3255
f 3240/3439/3431 3241/3440/3432 2857/3317/3309
f 2857/3317/3309 3241/3440/3432 2858/3319/3311
f 3241/3440/3432 3242/3441/3433 2858/3319/3311
f 2858/3319/3311 3242/3441/3433 2859/3321/3313
f 3242/3441/3433 3243/3442/3434 2859/3321/3313
f 2859/3321/3313 3243/3442/3434 2860/3323/3315
f 3243/3442/3434 3244/3443/3435 2860/3323/3315
f 2860/3323/3315 3244/3443/3435 2861/3325/3317
f 3244/3443/3435 3245/3444/3436 2861/3325/3317
f 2861/3325/3317 3245/3444/3436 2862/3327/3319
f 3245/3444/3436 3246/3445/3437 2862/3327/3319
f 2862/3327/3319 3246/3445/3437 2863/3329/3321
f 3246/3445/3437 3247/3446/3438 2863/3329/3321
f 2863/3329/3321 3247/3446/3438 2864/3331/3323
f 3247/3446/3438 3248/3447/3439 2864/3331/3323
f 2864/3331/3323 3248/3447/3439 2865/3333/3325
f 3248/3447/3439 3249/3448/3440 2865/3333/3325
f 2865/3333/3325 3249/3448/3440 2866/3335/3327
f 3249/3448/3440 3250/3449/3441 2866/3335/3327
f 2866/3335/3327 3250/3449/3441 2867/3337/3329
f 3250/3449/3441 3251/3450/3442 2867/3337/3329
f 2867/3337/3329 3251/3450/3442 2868/3339/3331
f 3251/3450/3442 3252/3451/3443 2868/3339/3331
f 2868/3339/3331 3252/3451/3443 2869/3341/3333
f 3252/3451/3443 3253/3452/3444 2869/3341/3333
f 2869/3341/3333 3253/3452/3444 2870/3343/3335
f 3253/3452/3444 3254/3453/3445 2870/3343/3335
f 2870/3343/3335 3254/3453/3445 2871/3345/3337
f 3254/3453/3445 3255/3454/3446 2871/3345/3337
f 2871/3345/3337 3255/3454/3446 2872/3258/3251
f 2873/3259/3252 2874/3455/3447 2900/3456/3448
f 2900/3456/3448 2874/3455/3447 2899/3220/3213
f 2900/3456/3448 2899/3220/3213 3227/3218/3211
f 3255/3454/3446 3256/3260/3253 2872/3258/3251
f 2899/3220/3213 2874/3455/3447 2875/3222/3215
f 2875/3222/3215 2874/3455/3447 3258/3457/3449
f 2875/3222/3215 3258/3457/3449 3259/3224/3217
f 3259/3224/3217 3258/3457/3449 3288/3390/3382
f 3258/3457/3449 2874/3455/3447 3257/3261/3254
f 3257/3261/3254 2874/3455/3447 2873/3259/3252
f 2898/3221/3214 2876/3223/3216 2897/3181/3174
f 2897/3181/3174 2876/3223/3216 2877/3183/3176
f 3261/3185/3178 2877/3183/3176 3260/3225/3218
f 3260/3225/3218 2877/3183/3176 2876/3223/3216
f 2878/3184/3177 2879/3458/3450 2895/3459/3451
f 2895/3459/3451 2879/3458/3450 2894/3460/3452
f 2895/3459/3451 2894/3460/3452 3232/3461/3453
f 3232/3461/3453 2894/3460/3452 3233/3462/3454
f 3232/3461/3453 3233/3462/3454 3203/3463/3455
f 3203/3463/3455 3233/3462/3454 3204/3017/3010
f 3203/3463/3455 3204/3017/3010 2938/3019/3012
f 2879/3458/3450 2880/3464/3456 2894/3460/3452
f 2894/3460/3452 2880/3464/3456 2893/3465/3457
f 2894/3460/3452 2893/3465/3457 3233/3462/3454
f 3233/3462/3454 2893/3465/3457 3234/3015/3008
f 3233/3462/3454 3234/3015/3008 3204/3017/3010
f 2878/3184/3177 3262/3186/3179 2879/3458/3450
f 2879/3458/3450 3262/3186/3179 3263/3466/3458
f 2879/3458/3450 3263/3466/3458 2880/3464/3456
f 2880/3464/3456 3263/3466/3458 3264/3437/3429
f 2880/3464/3456 3264/3437/3429 2881/3438/3430
f 2880/3464/3456 2881/3438/3430 2893/3465/3457
f 2893/3465/3457 2881/3438/3430 2892/3013/3006
f 2893/3465/3457 2892/3013/3006 3234/3015/3008
f 2890/3047/3040 2891/3012/3005 2883/3010/3003
f 2889/3045/3038 2890/3047/3040 2884/3467/3459
f 2884/3467/3459 2890/3047/3040 2883/3010/3003
f 2884/3467/3459 2883/3010/3003 3267/3008/3001
f 2888/3043/3036 2889/3045/3038 2885/3468/3460
f 2885/3468/3460 2889/3045/3038 2884/3467/3459
f 2885/3468/3460 2884/3467/3459 3268/3469/3461
f 3268/3469/3461 2884/3467/3459 3267/3008/3001
f 3268/3469/3461 3267/3008/3001 3297/3006/2999
f 2825/3432/3424 2886/3433/3425 2885/3468/3460
f 2885/3468/3460 2886/3433/3425 2888/3043/3036
f 2825/3432/3424 2885/3468/3460 3268/3469/3461
f 1021/3001/2994 2825/3432/3424 3269/3002/2995
f 3269/3002/2995 2825/3432/3424 3268/3469/3461
f 3269/3002/2995 3268/3469/3461 3297/3006/2999
f 2878/3184/3177 2895/3459/3451 2896/3182/3175
f 2896/3182/3175 2895/3459/3451 3231/3470/3462
f 2896/3182/3175 3231/3470/3462 3230/3180/3173
f 3230/3180/3173 3231/3470/3462 3201/3471/3463
f 3230/3180/3173 3201/3471/3463 3200/3178/3171
f 3200/3178/3171 3201/3471/3463 2935/3472/3464
f 3200/3178/3171 2935/3472/3464 2934/3176/3169
f 2934/3176/3169 2935/3472/3464 2959/3473/3465
f 2934/3176/3169 2959/3473/3465 2960/3174/3167
f 2960/3174/3167 2959/3473/3465 3022/3474/3466
f 2960/3174/3167 3022/3474/3466 3021/3172/3165
f 3021/3172/3165 3022/3474/3466 2991/3475/3467
f 3021/3172/3165 2991/3475/3467 2992/3170/3163
f 2992/3170/3163 2991/3475/3467 3167/3476/3468
f 2992/3170/3163 3167/3476/3468 3168/3168/3161
f 3168/3168/3161 3167/3476/3468 3078/3477/3469
f 3168/3168/3161 3078/3477/3469 3077/3166/3159
f 3077/3166/3159 3078/3477/3469 3052/3478/3470
f 3077/3166/3159 3052/3478/3470 3053/3164/3157
f 3053/3164/3157 3052/3478/3470 3113/3479/3471
f 3053/3164/3157 3113/3479/3471 3114/3162/3155
f 3114/3162/3155 3113/3479/3471 3134/3480/3472
f 3114/3162/3155 3134/3480/3472 3133/3160/3153
f 3133/3160/3153 3134/3480/3472 2813/3037/3030
f 3231/3470/3462 2895/3459/3451 3232/3461/3453
f 3228/3219/3212 2898/3221/3214 3229/3179/3172
f 3229/3179/3172 2898/3221/3214 2897/3181/3174
f 2873/3259/3252 2900/3456/3448 2901/3257/3250
f 2901/3257/3250 2900/3456/3448 3226/3481/3473
f 2901/3257/3250 3226/3481/3473 3225/3255/3248
f 3225/3255/3248 3226/3481/3473 3196/3482/3474
f 3225/3255/3248 3196/3482/3474 3195/3253/3246
f 3195/3253/3246 3196/3482/3474 2930/3483/3475
f 3195/3253/3246 2930/3483/3475 2929/3251/3244
f 2929/3251/3244 2930/3483/3475 2964/3484/3476
f 2929/3251/3244 2964/3484/3476 2965/3249/3242
f 2965/3249/3242 2964/3484/3476 3017/3485/3477
f 2965/3249/3242 3017/3485/3477 3016/3247/3240
f 3016/3247/3240 3017/3485/3477 2996/3486/3478
f 3016/3247/3240 2996/3486/3478 2997/3245/3238
f 2997/3245/3238 2996/3486/3478 3172/3487/3479
f 2997/3245/3238 3172/3487/3479 3173/3243/3236
f 3173/3243/3236 3172/3487/3479 3073/3488/3480
f 3173/3243/3236 3073/3488/3480 3072/3241/3234
f 3072/3241/3234 3073/3488/3480 3057/3489/3481
f 3072/3241/3234 3057/3489/3481 3058/3239/3232
f 3058/3239/3232 3057/3489/3481 3118/3490/3482
f 3058/3239/3232 3118/3490/3482 3119/3237/3230
f 3119/3237/3230 3118/3490/3482 3129/3198/3191
f 3119/3237/3230 3129/3198/3191 3128/3235/3228
f 3128/3235/3228 3129/3198/3191 2815/3197/3190
f 3226/3481/3473 2900/3456/3448 3227/3218/3211
f 1085/3273/3266 2823/3410/3402 2976/3274/3267
f 2976/3274/3267 2823/3410/3402 2975/3411/3403
f 2976/3274/3267 2975/3411/3403 3007/3491/3483
f 3007/3491/3483 2975/3411/3403 2974/3412/3404
f 3007/3491/3483 2974/3412/3404 3008/3492/3484
f 3008/3492/3484 2974/3412/3404 2973/3413/3405
f 3008/3492/3484 2973/3413/3405 3009/3493/3485
f 3009/3493/3485 2973/3413/3405 2972/3414/3406
f 3009/3493/3485 2972/3414/3406 3010/3494/3486
f 3010/3494/3486 2972/3414/3406 2971/3415/3407
f 3010/3494/3486 2971/3415/3407 3011/3495/3487
f 3011/3495/3487 2971/3415/3407 2970/3416/3408
f 3011/3495/3487 2970/3416/3408 3012/3496/3488
f 3012/3496/3488 2970/3416/3408 2969/3417/3409
f 3012/3496/3488 2969/3417/3409 3013/3497/3489
f 3013/3497/3489 2969/3417/3409 2968/3418/3410
f 3013/3497/3489 2968/3418/3410 3014/3498/3490
f 3014/3498/3490 2968/3418/3410 2967/3419/3411
f 3014/3498/3490 2967/3419/3411 3015/3246/3239
f 3015/3246/3239 2967/3419/3411 2966/3248/3241
f 2964/3484/3476 2930/3483/3475 2963/3212/3205
f 2963/3212/3205 2930/3483/3475 2931/3214/3207
f 3197/3216/3209 2931/3214/3207 3196/3482/3474
f 3196/3482/3474 2931/3214/3207 2930/3483/3475
f 2962/3213/3206 2932/3215/3208 2961/3173/3166
f 2961/3173/3166 2932/3215/3208 2933/3175/3168
f 3199/3177/3170 2933/3175/3168 3198/3217/3210
f 3198/3217/3210 2933/3175/3168 2932/3215/3208
f 2935/3472/3464 2936/3499/3491 2958/3500/3492
f 2958/3500/3492 2936/3499/3491 2957/3501/3493
f 2958/3500/3492 2957/3501/3493 3024/3502/3494
f 3024/3502/3494 2957/3501/3493 3025/3023/3016
f 3024/3502/3494 3025/3023/3016 2988/3025/3018
f 2936/3499/3491 2937/3503/3495 2957/3501/3493
f 2957/3501/3493 2937/3503/3495 2956/3021/3014
f 2957/3501/3493 2956/3021/3014 3025/3023/3016
f 2935/3472/3464 3201/3471/3463 2936/3499/3491
f 2936/3499/3491 3201/3471/3463 3202/3504/3496
f 2936/3499/3491 3202/3504/3496 2937/3503/3495
f 2937/3503/3495 3202/3504/3496 3203/3463/3455
f 2937/3503/3495 3203/3463/3455 2938/3019/3012
f 2937/3503/3495 2938/3019/3012 2956/3021/3014
f 2821/3050/3043 3034/3070/3063 2947/3051/3044
f 2947/3051/3044 3034/3070/3063 2948/3053/3046
f 3034/3070/3063 3033/3072/3065 2948/3053/3046
f 2948/3053/3046 3033/3072/3065 2949/3055/3048
f 3033/3072/3065 3032/3074/3067 2949/3055/3048
f 2949/3055/3048 3032/3074/3067 2950/3057/3050
f 3032/3074/3067 3031/3076/3069 2950/3057/3050
f 2950/3057/3050 3031/3076/3069 2951/3059/3052
f 3031/3076/3069 3030/3078/3071 2951/3059/3052
f 2951/3059/3052 3030/3078/3071 2952/3061/3054
f 3030/3078/3071 3029/3080/3073 2952/3061/3054
f 2952/3061/3054 3029/3080/3073 2953/3063/3056
f 3029/3080/3073 3028/3082/3075 2953/3063/3056
f 2953/3063/3056 3028/3082/3075 2954/3065/3058
f 3028/3082/3075 3027/3084/3077 2954/3065/3058
f 2954/3065/3058 3027/3084/3077 2955/3020/3013
f 3027/3084/3077 3026/3022/3015 2955/3020/3013
f 2935/3472/3464 2958/3500/3492 2959/3473/3465
f 2959/3473/3465 2958/3500/3492 3023/3505/3497
f 2959/3473/3465 3023/3505/3497 3022/3474/3466
f 3022/3474/3466 3023/3505/3497 2990/3506/3498
f 3022/3474/3466 2990/3506/3498 2991/3475/3467
f 2991/3475/3467 2990/3506/3498 3166/3507/3499
f 2991/3475/3467 3166/3507/3499 3167/3476/3468
f 3167/3476/3468 3166/3507/3499 3079/3508/3500
f 3167/3476/3468 3079/3508/3500 3078/3477/3469
f 3078/3477/3469 3079/3508/3500 3051/3509/3501
f 3078/3477/3469 3051/3509/3501 3052/3478/3470
f 3052/3478/3470 3051/3509/3501 3112/3510/3502
f 3052/3478/3470 3112/3510/3502 3113/3479/3471
f 3113/3479/3471 3112/3510/3502 3135/3511/3503
f 3113/3479/3471 3135/3511/3503 3134/3480/3472
f 3134/3480/3472 3135/3511/3503 2813/3037/3030
f 3023/3505/3497 2958/3500/3492 3024/3502/3494
f 3019/3211/3204 2962/3213/3206 3020/3171/3164
f 3020/3171/3164 2962/3213/3206 2961/3173/3166
f 3017/3485/3477 2964/3484/3476 3018/3210/3203
f 3018/3210/3203 2964/3484/3476 2963/3212/3205
f 2819/3067/3060 3153/3090/3083 2977/3068/3061
f 2977/3068/3061 3153/3090/3083 2978/3069/3062
f 3153/3090/3083 3154/3092/3085 2978/3069/3062
f 2978/3069/3062 3154/3092/3085 2979/3071/3064
f 3154/3092/3085 3155/3094/3087 2979/3071/3064
f 2979/3071/3064 3155/3094/3087 2980/3073/3066
f 3155/3094/3087 3156/3096/3089 2980/3073/3066
f 2980/3073/3066 3156/3096/3089 2981/3075/3068
f 3156/3096/3089 3157/3098/3091 2981/3075/3068
f 2981/3075/3068 3157/3098/3091 2982/3077/3070
f 3157/3098/3091 3158/3100/3093 2982/3077/3070
f 2982/3077/3070 3158/3100/3093 2983/3079/3072
f 3158/3100/3093 3159/3102/3095 2983/3079/3072
f 2983/3079/3072 3159/3102/3095 2984/3081/3074
f 3159/3102/3095 3160/3104/3097 2984/3081/3074
f 2984/3081/3074 3160/3104/3097 2985/3083/3076
f 3160/3104/3097 3161/3106/3099 2985/3083/3076
f 2985/3083/3076 3161/3106/3099 2986/3085/3078
f 3161/3106/3099 3162/3108/3101 2986/3085/3078
f 2986/3085/3078 3162/3108/3101 2987/3024/3017
f 3023/3505/3497 3024/3502/3494 2989/3512/3504
f 2989/3512/3504 3024/3502/3494 2988/3025/3018
f 2989/3512/3504 2988/3025/3018 3164/3027/3020
f 3162/3108/3101 3163/3026/3019 2987/3024/3017
f 3023/3505/3497 2989/3512/3504 2990/3506/3498
f 2990/3506/3498 2989/3512/3504 3165/3513/3505
f 2990/3506/3498 3165/3513/3505 3166/3507/3499
f 3166/3507/3499 3165/3513/3505 3080/3514/3506
f 3166/3507/3499 3080/3514/3506 3079/3508/3500
f 3079/3508/3500 3080/3514/3506 3050/3515/3507
f 3079/3508/3500 3050/3515/3507 3051/3509/3501
f 3051/3509/3501 3050/3515/3507 3111/3516/3508
f 3051/3509/3501 3111/3516/3508 3112/3510/3502
f 3112/3510/3502 3111/3516/3508 3136/3517/3509
f 3112/3510/3502 3136/3517/3509 3135/3511/3503
f 3135/3511/3503 3136/3517/3509 2813/3037/3030
f 3165/3513/3505 2989/3512/3504 3164/3027/3020
f 3019/3211/3204 3020/3171/3164 2993/3169/3162
f 3019/3211/3204 2993/3169/3162 2994/3209/3202
f 2994/3209/3202 2993/3169/3162 3169/3167/3160
f 2994/3209/3202 3169/3167/3160 3170/3207/3200
f 3170/3207/3200 3169/3167/3160 3076/3165/3158
f 3170/3207/3200 3076/3165/3158 3075/3205/3198
f 3075/3205/3198 3076/3165/3158 3054/3163/3156
f 3075/3205/3198 3054/3163/3156 3055/3203/3196
f 3055/3203/3196 3054/3163/3156 3115/3161/3154
f 3055/3203/3196 3115/3161/3154 3116/3201/3194
f 3116/3201/3194 3115/3161/3154 3132/3159/3152
f 3116/3201/3194 3132/3159/3152 3131/3158/3151
f 3017/3485/3477 3018/3210/3203 2995/3208/3201
f 3017/3485/3477 2995/3208/3201 2996/3486/3478
f 2996/3486/3478 2995/3208/3201 3171/3206/3199
f 2996/3486/3478 3171/3206/3199 3172/3487/3479
f 3172/3487/3479 3171/3206/3199 3074/3204/3197
f 3172/3487/3479 3074/3204/3197 3073/3488/3480
f 3073/3488/3480 3074/3204/3197 3056/3202/3195
f 3073/3488/3480 3056/3202/3195 3057/3489/3481
f 3057/3489/3481 3056/3202/3195 3117/3200/3193
f 3057/3489/3481 3117/3200/3193 3118/3490/3482
f 3118/3490/3482 3117/3200/3193 3130/3199/3192
f 3118/3490/3482 3130/3199/3192 3129/3198/3191
f 3014/3498/3490 3015/3246/3239 2998/3244/3237
f 3013/3497/3489 3014/3498/3490 2999/3289/3282
f 2999/3289/3282 3014/3498/3490 2998/3244/3237
f 3012/3496/3488 3013/3497/3489 3000/3287/3280
f 3000/3287/3280 3013/3497/3489 2999/3289/3282
f 3011/3495/3487 3012/3496/3488 3001/3285/3278
f 3001/3285/3278 3012/3496/3488 3000/3287/3280
f 3010/3494/3486 3011/3495/3487 3002/3283/3276
f 3002/3283/3276 3011/3495/3487 3001/3285/3278
f 3009/3493/3485 3010/3494/3486 3003/3281/3274
f 3003/3281/3274 3010/3494/3486 3002/3283/3276
f 3008/3492/3484 3009/3493/3485 3004/3279/3272
f 3004/3279/3272 3009/3493/3485 3003/3281/3274
f 3007/3491/3483 3008/3492/3484 3005/3277/3270
f 3005/3277/3270 3008/3492/3484 3004/3279/3272
f 2976/3274/3267 3007/3491/3483 3006/3275/3268
f 3006/3275/3268 3007/3491/3483 3005/3277/3270
f 3093/3089/3082 3094/3088/3081 3036/3114/3107
f 3036/3114/3107 3094/3088/3081 3035/3087/3080
f 3092/3091/3084 3093/3089/3082 3037/3116/3109
f 3037/3116/3109 3093/3089/3082 3036/3114/3107
f 3091/3093/3086 3092/3091/3084 3038/3118/3111
f 3038/3118/3111 3092/3091/3084 3037/3116/3109
f 3090/3095/3088 3091/3093/3086 3039/3120/3113
f 3039/3120/3113 3091/3093/3086 3038/3118/3111
f 3089/3097/3090 3090/3095/3088 3040/3122/3115
f 3040/3122/3115 3090/3095/3088 3039/3120/3113
f 3088/3099/3092 3089/3097/3090 3041/3124/3117
f 3041/3124/3117 3089/3097/3090 3040/3122/3115
f 3087/3101/3094 3088/3099/3092 3042/3126/3119
f 3042/3126/3119 3088/3099/3092 3041/3124/3117
f 3086/3103/3096 3087/3101/3094 3043/3128/3121
f 3043/3128/3121 3087/3101/3094 3042/3126/3119
f 3085/3105/3098 3086/3103/3096 3044/3130/3123
f 3044/3130/3123 3086/3103/3096 3043/3128/3121
f 3084/3107/3100 3085/3105/3098 3045/3132/3125
f 3045/3132/3125 3085/3105/3098 3044/3130/3123
f 3083/3109/3102 3084/3107/3100 3046/3134/3127
f 3046/3134/3127 3084/3107/3100 3045/3132/3125
f 3082/3028/3021 3083/3109/3102 3047/3136/3129
f 3047/3136/3129 3083/3109/3102 3046/3134/3127
f 3047/3136/3129 3048/3030/3023 3082/3028/3021
f 3081/3029/3022 3049/3031/3024 3080/3514/3506
f 3080/3514/3506 3049/3031/3024 3050/3515/3507
f 3111/3516/3508 3050/3515/3507 3110/3033/3026
f 3110/3033/3026 3050/3515/3507 3049/3031/3024
f 3070/3404/3396 3071/3240/3233 3059/3238/3231
f 3069/3403/3395 3070/3404/3396 3060/3518/3510
f 3060/3518/3510 3070/3404/3396 3059/3238/3231
f 3060/3518/3510 3059/3238/3231 3120/3236/3229
f 3068/3402/3394 3069/3403/3395 3061/3519/3511
f 3061/3519/3511 3069/3403/3395 3060/3518/3510
f 3061/3519/3511 3060/3518/3510 3121/3398/3390
f 3121/3398/3390 3060/3518/3510 3120/3236/3229
f 3067/3401/3393 3068/3402/3394 3062/3520/3512
f 3062/3520/3512 3068/3402/3394 3061/3519/3511
f 3062/3520/3512 3061/3519/3511 3122/3397/3389
f 3122/3397/3389 3061/3519/3511 3121/3398/3390
f 3066/3400/3392 3067/3401/3393 3063/3521/3513
f 3063/3521/3513 3067/3401/3393 3062/3520/3512
f 3063/3521/3513 3062/3520/3512 3123/3396/3388
f 3123/3396/3388 3062/3520/3512 3122/3397/3389
f 2820/3399/3391 3066/3400/3392 3064/3522/3514
f 3064/3522/3514 3066/3400/3392 3063/3521/3513
f 3064/3522/3514 3063/3521/3513 3065/3395/3387
f 3065/3395/3387 3063/3521/3513 3123/3396/3388
f 1086/3272/3265 2820/3399/3391 3064/3522/3514
f 3065/3395/3387 1086/3272/3265 3064/3522/3514
f 3164/3027/3020 3081/3029/3022 3165/3513/3505
f 3165/3513/3505 3081/3029/3022 3080/3514/3506
f 3152/3139/3132 3151/3140/3133 3096/3113/3106
f 3096/3113/3106 3151/3140/3133 3097/3115/3108
f 3151/3140/3133 3150/3142/3135 3097/3115/3108
f 3097/3115/3108 3150/3142/3135 3098/3117/3110
f 3150/3142/3135 3149/3144/3137 3098/3117/3110
f 3098/3117/3110 3149/3144/3137 3099/3119/3112
f 3147/3148/3141 3101/3123/3116 3100/3121/3114
f 3149/3144/3137 3148/3146/3139 3099/3119/3112
f 3099/3119/3112 3148/3146/3139 3100/3121/3114
f 3148/3146/3139 3147/3148/3141 3100/3121/3114
f 3143/3154/3147 3105/3131/3124 3104/3129/3122
f 3145/3151/3144 3144/3152/3145 3103/3127/3120
f 3103/3127/3120 3144/3152/3145 3104/3129/3122
f 3144/3152/3145 3143/3154/3147 3104/3129/3122
f 3108/3137/3130 3107/3135/3128 3140/3523/3515
f 3140/3523/3515 3107/3135/3128 3141/3156/3149
f 3140/3523/3515 3141/3156/3149 2812/3036/3029
f 3109/3032/3025 3108/3137/3130 3139/3524/3516
f 3139/3524/3516 3108/3137/3130 3140/3523/3515
f 3139/3524/3516 3140/3523/3515 2812/3036/3029
f 3136/3517/3509 3111/3516/3508 3137/3035/3028
f 3137/3035/3028 3111/3516/3508 3110/3033/3026
f 3137/3035/3028 2813/3037/3030 3136/3517/3509
f 3139/3524/3516 2812/3036/3029 3138/3034/3027
f 3109/3032/3025 3139/3524/3516 3138/3034/3027
f 2824/3291/3284 3212/3420/3412 3182/3292/3285
f 3182/3292/3285 3212/3420/3412 3183/3294/3287
f 3212/3420/3412 3213/3421/3413 3183/3294/3287
f 3183/3294/3287 3213/3421/3413 3184/3296/3289
f 3213/3421/3413 3214/3422/3414 3184/3296/3289
f 3184/3296/3289 3214/3422/3414 3185/3298/3291
f 3214/3422/3414 3215/3423/3415 3185/3298/3291
f 3185/3298/3291 3215/3423/3415 3186/3300/3293
f 3215/3423/3415 3216/3424/3416 3186/3300/3293
f 3186/3300/3293 3216/3424/3416 3187/3302/3295
f 3216/3424/3416 3217/3425/3417 3187/3302/3295
f 3187/3302/3295 3217/3425/3417 3188/3304/3297
f 3217/3425/3417 3218/3426/3418 3188/3304/3297
f 3188/3304/3297 3218/3426/3418 3189/3306/3299
f 3218/3426/3418 3219/3427/3419 3189/3306/3299
f 3189/3306/3299 3219/3427/3419 3190/3308/3301
f 3219/3427/3419 3220/3428/3420 3190/3308/3301
f 3190/3308/3301 3220/3428/3420 3191/3310/3303
f 3220/3428/3420 3221/3429/3421 3191/3310/3303
f 3191/3310/3303 3221/3429/3421 3192/3312/3305
f 3221/3429/3421 3222/3430/3422 3192/3312/3305
f 3192/3312/3305 3222/3430/3422 3193/3314/3307
f 3222/3430/3422 3223/3431/3423 3193/3314/3307
f 3193/3314/3307 3223/3431/3423 3194/3252/3245
f 3223/3431/3423 3224/3254/3247 3194/3252/3245
f 3227/3218/3211 3197/3216/3209 3226/3481/3473
f 3226/3481/3473 3197/3216/3209 3196/3482/3474
f 3229/3179/3172 3199/3177/3170 3228/3219/3212
f 3228/3219/3212 3199/3177/3170 3198/3217/3210
f 3232/3461/3453 3203/3463/3455 3202/3504/3496
f 3232/3461/3453 3202/3504/3496 3231/3470/3462
f 3231/3470/3462 3202/3504/3496 3201/3471/3463
f 3205/3016/3009 3235/3014/3007 3206/3409/3401
f 3206/3409/3401 3235/3014/3007 3236/3048/3041
f 3206/3409/3401 3236/3048/3041 3207/3408/3400
f 3207/3408/3400 3236/3048/3041 3237/3046/3039
f 3207/3408/3400 3237/3046/3039 3208/3407/3399
f 3208/3407/3399 3237/3046/3039 3238/3044/3037
f 3208/3407/3399 3238/3044/3037 3209/3406/3398
f 3209/3406/3398 3238/3044/3037 3239/3042/3035
f 3209/3406/3398 3239/3042/3035 3210/3405/3397
f 3210/3405/3397 3239/3042/3035 3211/3040/3033
f 3210/3405/3397 3211/3040/3033 2822/3039/3032
f 2735/3316/2992 3240/3439/3431 2857/3317/3309
f 3288/3390/3382 3258/3457/3449 3287/3263/3256
f 3287/3263/3256 3258/3457/3449 3257/3261/3254
f 3291/3187/3180 3261/3185/3178 3290/3227/3220
f 3290/3227/3220 3261/3185/3178 3260/3225/3218
f 3293/3436/3428 3264/3437/3429 3263/3466/3458
f 3293/3436/3428 3263/3466/3458 3292/3188/3181
f 3292/3188/3181 3263/3466/3458 3262/3186/3179
f 2832/3190/3183 3293/3436/3428 3292/3188/3181
f 51/3525/3517 3324/3526/3518 25/3527/3519
f 25/3527/3519 3324/3526/3518 3298/3528/3520
f 25/3529/3519 3298/3530/3520 26/3531/3521
f 26/3531/3521 3298/3530/3520 3299/3532/3522
f 26/3531/3521 3299/3532/3522 27/3533/3523
f 27/3533/3523 3299/3532/3522 3300/3534/3524
f 27/3533/3523 3300/3534/3524 28/3535/3525
f 28/3535/3525 3300/3534/3524 3301/3536/3526
f 28/3535/3525 3301/3536/3526 29/3537/3527
f 29/3537/3527 3301/3536/3526 3302/3538/3528
f 29/3537/3527 3302/3538/3528 30/3539/3529
f 30/3539/3529 3302/3538/3528 3303/3540/3530
f 30/3539/3529 3303/3540/3530 31/3541/3531
f 31/3541/3531 3303/3540/3530 3304/3542/3532
f 31/3541/3531 3304/3542/3532 32/3543/3533
f 32/3543/3533 3304/3542/3532 3305/3544/3534
f 32/3543/3533 3305/3544/3534 33/3545/3535
f 33/3545/3535 3305/3544/3534 3306/3546/3536
f 33/3545/3535 3306/3546/3536 34/3547/3537
f 34/3547/3537 3306/3546/3536 3307/3548/3538
f 34/3547/3537 3307/3548/3538 35/3549/3539
f 35/3549/3539 3307/3548/3538 3308/3550/3540
f 35/3549/3539 3308/3550/3540 36/3551/3541
f 36/3551/3541 3308/3550/3540 3309/3552/3542
f 36/3551/3541 3309/3552/3542 37/3553/3543
f 37/3553/3543 3309/3552/3542 3310/3554/3544
f 37/3553/3543 3310/3554/3544 38/3555/3545
f 38/3555/3545 3310/3554/3544 3311/3556/3546
f 38/3555/3545 3311/3556/3546 39/3557/3547
f 39/3557/3547 3311/3556/3546 3312/3558/3548
f 39/3557/3547 3312/3558/3548 40/3559/3549
f 40/3559/3549 3312/3558/3548 3313/3560/3550
f 40/3559/3549 3313/3560/3550 41/3561/3551
f 41/3561/3551 3313/3560/3550 3314/3562/3552
f 41/3561/3551 3314/3562/3552 42/3563/3553
f 42/3563/3553 3314/3562/3552 3315/3564/3554
f 42/3563/3553 3315/3564/3554 43/3565/3555
f 43/3565/3555 3315/3564/3554 3316/3566/3556
f 43/3565/3555 3316/3566/3556 44/3567/3557
f 44/3567/3557 3316/3566/3556 3317/3568/3558
f 44/3567/3557 3317/3568/3558 45/3569/3559
f 45/3569/3559 3317/3568/3558 3318/3570/3560
f 45/3569/3559 3318/3570/3560 46/3571/3561
f 46/3571/3561 3318/3570/3560 3319/3572/3562
f 46/3571/3561 3319/3572/3562 47/3573/3563
f 47/3573/3563 3319/3572/3562 3320/3574/3564
f 47/3573/3563 3320/3574/3564 48/3575/3565
f 48/3575/3565 3320/3574/3564 3321/3576/3566
f 48/3575/3565 3321/3576/3566 49/3577/3567
f 49/3577/3567 3321/3576/3566 3322/3578/3568
f 49/3577/3567 3322/3578/3568 50/3579/3569
f 50/3579/3569 3322/3578/3568 3323/3580/3570
f 50/3579/3569 3323/3580/3570 51/3525/3517
f 51/3525/3517 3323/3580/3570 3324/3526/3518
f 75/3581/3571 1063/3582/3572 52/3583/3573
f 52/3583/3573 1063/3582/3572 1062/3584/3574
f 52/3583/3573 1062/3584/3574 53/3585/3575
f 53/3585/3575 1062/3584/3574 1061/3586/3576
f 53/3585/3575 1061/3586/3576 54/3587/3577
f 54/3587/3577 1061/3586/3576 1060/3588/3578
f 54/3587/3577 1060/3588/3578 55/3589/3579
f 55/3589/3579 1060/3588/3578 1059/3590/3580
f 55/3589/3579 1059/3590/3580 56/3591/3581
f 56/3591/3581 1059/3590/3580 539/3592/3582
f 56/3591/3581 539/3592/3582 568/3593/3583
f 568/3593/3583 539/3592/3582 581/3594/3584
f 568/3593/3583 581/3594/3584 569/3595/3585
f 569/3595/3585 581/3594/3584 580/3596/3586
f 569/3595/3585 580/3596/3586 579/3597/3587
f 1063/3582/3572 75/3581/3571 1064/3598/3588
f 1064/3598/3588 75/3581/3571 74/3599/3589
f 1064/3598/3588 74/3599/3589 1065/3600/3590
f 1065/3600/3590 74/3599/3589 73/3601/3591
f 1065/3600/3590 73/3601/3591 1066/3602/3592
f 1066/3602/3592 73/3601/3591 72/3603/3593
f 1066/3602/3592 72/3603/3593 105/3604/3594
f 105/3604/3594 72/3603/3593 76/3605/3595
f 105/3604/3594 76/3605/3595 106/3606/3596
f 106/3606/3596 76/3605/3595 118/3607/3597
f 106/3606/3596 118/3607/3597 107/3608/3598
f 107/3608/3598 118/3607/3597 108/3609/3599
f 108/3609/3599 118/3607/3597 109/3610/3600
f 109/3610/3600 118/3607/3597 110/3611/3601
f 110/3611/3601 118/3607/3597 111/3612/3602
f 111/3612/3602 118/3607/3597 112/3613/3603
f 112/3613/3603 118/3607/3597 113/3614/3604
f 113/3614/3604 118/3607/3597 114/3615/3605
f 114/3615/3605 118/3607/3597 117/3616/3606
f 114/3615/3605 117/3616/3606 116/3617/3607
f 72/3603/3593 71/3618/3608 76/3605/3595
f 76/3605/3595 71/3618/3608 1067/3619/3609
f 1067/3619/3609 71/3618/3608 70/3620/3610
f 1067/3619/3609 70/3620/3610 1068/3621/3611
f 1068/3621/3611 70/3620/3610 1069/3622/3612
f 1069/3622/3612 70/3620/3610 69/3623/3613
f 1069/3622/3612 69/3623/3613 1070/3624/3614
f 1070/3624/3614 69/3623/3613 68/3625/3615
f 1070/3624/3614 68/3625/3615 1071/3626/3616
f 1071/3626/3616 68/3625/3615 1072/3627/3617
f 1072/3627/3617 68/3625/3615 67/3628/3618
f 1072/3627/3617 67/3628/3618 1073/3629/3619
f 1073/3629/3619 67/3628/3618 66/3630/3620
f 1073/3629/3619 66/3630/3620 1074/3631/3621
f 1074/3631/3621 66/3630/3620 65/3632/3622
f 1074/3631/3621 65/3632/3622 1075/3633/3623
f 1075/3633/3623 65/3632/3622 64/3634/3624
f 1075/3633/3623 64/3634/3624 1028/3635/3625
f 1028/3635/3625 64/3634/3624 63/3636/3626
f 1028/3635/3625 63/3636/3626 1029/3637/3627
f 1029/3637/3627 63/3636/3626 62/3638/3628
f 1029/3637/3627 62/3638/3628 1030/3639/3629
f 1030/3639/3629 62/3638/3628 61/3640/3630
f 1030/3639/3629 61/3640/3630 1031/3641/3631
f 1031/3641/3631 61/3640/3630 60/3642/3632
f 1031/3641/3631 60/3642/3632 1032/3643/3633
f 1032/3643/3633 60/3642/3632 1033/3644/3634
f 1033/3644/3634 60/3642/3632 59/3645/3635
f 1033/3644/3634 59/3645/3635 1034/3646/3636
f 1034/3646/3636 59/3645/3635 58/3647/3637
f 1034/3646/3636 58/3647/3637 1035/3648/3638
f 1035/3648/3638 58/3647/3637 1036/3649/3639
f 1036/3649/3639 58/3647/3637 57/3650/3640
f 1036/3649/3639 57/3650/3640 568/3593/3583
f 568/3593/3583 57/3650/3640 56/3591/3581
f 1028/3635/3625 2296/3651/3641 1075/3633/3623
f 1075/3633/3623 2296/3651/3641 2284/3652/3642
f 2284/3652/3642 2296/3651/3641 2295/3653/3643
f 2284/3652/3642 2295/3653/3643 2294/3654/3644
f 2294/3654/3644 2293/3655/3645 2284/3652/3642
f 2284/3652/3642 2293/3655/3645 2292/3656/3646
f 2284/3652/3642 2292/3656/3646 2291/3657/3647
f 2291/3657/3647 2290/3658/3648 2284/3652/3642
f 2284/3652/3642 2290/3658/3648 2289/3659/3649
f 2284/3652/3642 2289/3659/3649 2288/3660/3650
f 2288/3660/3650 2287/3661/3651 2284/3652/3642
f 2284/3652/3642 2287/3661/3651 2286/3662/3652
f 2284/3652/3642 2286/3662/3652 2285/3663/3653
f 116/3617/3607 115/3664/3654 114/3615/3605
f 579/3597/3587 578/3665/3655 569/3595/3585
f 569/3595/3585 578/3665/3655 577/3666/3656
f 569/3595/3585 577/3666/3656 576/3667/3657
f 576/3667/3657 575/3668/3658 569/3595/3585
f 569/3595/3585 575/3668/3658 574/3669/3659
f 569/3595/3585 574/3669/3659 573/3670/3660
f 572/3671/3661 571/3672/3662 573/3670/3660
f 573/3670/3660 571/3672/3662 570/3673/3663
f 573/3670/3660 570/3673/3663 569/3595/3585
f 3324/3674/3664 1010/3675/3665 3298/3676/3666
f 3298/3676/3666 1010/3675/3665 1009/3677/3667
f 3298/3676/3666 1009/3677/3667 1008/3678/3668
f 1010/3675/3665 3324/3674/3664 1011/3679/3669
f 1011/3679/3669 3324/3674/3664 3323/3680/3670
f 1011/3679/3669 3323/3680/3670 1012/3681/3671
f 1012/3681/3671 3323/3680/3670 3322/3682/3672
f 1012/3681/3671 3322/3682/3672 1013/3683/3673
f 1013/3683/3673 3322/3682/3672 3321/3684/3674
f 1013/3683/3673 3321/3684/3674 1014/3685/3675
f 1014/3685/3675 3321/3684/3674 3320/3686/3676
f 1014/3685/3675 3320/3686/3676 1015/3687/3677
f 1015/3687/3677 3320/3686/3676 3319/3688/3678
f 1015/3687/3677 3319/3688/3678 1016/3689/3679
f 1016/3689/3679 3319/3688/3678 3318/3690/3680
f 1016/3689/3679 3318/3690/3680 1087/3691/3681
f 1087/3691/3681 3318/3690/3680 3317/3692/3682
f 1087/3691/3681 3317/3692/3682 1088/3693/3683
f 1088/3693/3683 3317/3692/3682 3316/3694/3684
f 1088/3693/3683 3316/3694/3684 1089/3695/3685
f 1089/3695/3685 3316/3694/3684 3315/3696/3686
f 1089/3695/3685 3315/3696/3686 1090/3697/3687
f 1090/3697/3687 3315/3696/3686 1091/3698/3688
f 1091/3698/3688 3315/3696/3686 3314/3699/3689
f 1091/3698/3688 3314/3699/3689 1092/3700/3690
f 1092/3700/3690 3314/3699/3689 3313/3701/3691
f 1092/3700/3690 3313/3701/3691 1093/3702/3692
f 1093/3702/3692 3313/3701/3691 3312/3703/3693
f 1093/3702/3692 3312/3703/3693 1094/3704/3694
f 1094/3704/3694 3312/3703/3693 3311/3705/3695
f 1094/3704/3694 3311/3705/3695 1095/3706/3696
f 1095/3706/3696 3311/3705/3695 3310/3707/3697
f 1095/3706/3696 3310/3707/3697 1096/3708/3698
f 1096/3708/3698 3310/3707/3697 3309/3709/3699
f 1096/3708/3698 3309/3709/3699 1042/3710/3700
f 1042/3710/3700 3309/3709/3699 3308/3711/3701
f 1042/3710/3700 3308/3711/3701 1043/3712/3702
f 1043/3712/3702 3308/3711/3701 3307/3713/3703
f 1043/3712/3702 3307/3713/3703 1044/3714/3704
f 1044/3714/3704 3307/3713/3703 1045/3715/3705
f 1045/3715/3705 3307/3713/3703 3306/3716/3706
f 1045/3715/3705 3306/3716/3706 1046/3717/3707
f 1046/3717/3707 3306/3716/3706 3305/3718/3708
f 1046/3717/3707 3305/3718/3708 1047/3719/3709
f 1047/3719/3709 3305/3718/3708 3304/3720/3710
f 1047/3719/3709 3304/3720/3710 1048/3721/3711
f 1048/3721/3711 3304/3720/3710 3303/3722/3712
f 1048/3721/3711 3303/3722/3712 1049/3723/3713
f 1049/3723/3713 3303/3722/3712 3302/3724/3714
f 1049/3723/3713 3302/3724/3714 1050/3725/3715
f 1050/3725/3715 3302/3724/3714 3301/3726/3716
f 1050/3725/3715 3301/3726/3716 1051/3727/3717
f 1051/3727/3717 3301/3726/3716 3300/3728/3718
f 1051/3727/3717 3300/3728/3718 1007/3729/3719
f 1007/3729/3719 3300/3728/3718 3299/3730/3720
f 1007/3729/3719 3299/3730/3720 1008/3678/3668
f 1008/3678/3668 3299/3730/3720 3298/3676/3666
f 1051/3727/3717 1007/3729/3719 1773/3731/3721
f 1773/3731/3721 1007/3729/3719 1785/3732/3722
f 1773/3731/3721 1785/3732/3722 1774/3733/3723
f 1774/3733/3723 1785/3732/3722 1775/3734/3724
f 1775/3734/3724 1785/3732/3722 1776/3735/3725
f 1776/3735/3725 1785/3732/3722 1777/3736/3726
f 1777/3736/3726 1785/3732/3722 1778/3737/3727
f 1778/3737/3727 1785/3732/3722 1779/3738/3728
f 1779/3738/3728 1785/3732/3722 1780/3739/3729
f 1780/3739/3729 1785/3732/3722 1781/3740/3730
f 1781/3740/3730 1785/3732/3722 1782/3741/3731
f 1782/3741/3731 1785/3732/3722 1783/3742/3732
f 1783/3742/3732 1785/3732/3722 1784/3743/3733
f 1042/3710/3700 1292/3744/3734 1096/3708/3698
f 1096/3708/3698 1292/3744/3734 1280/3745/3735
f 1280/3745/3735 1292/3744/3734 1291/3746/3736
f 1280/3745/3735 1291/3746/3736 1290/3747/3737
f 1290/3747/3737 1289/3748/3738 1280/3745/3735
f 1280/3745/3735 1289/3748/3738 1288/3749/3739
f 1280/3745/3735 1288/3749/3739 1287/3750/3740
f 1287/3750/3740 1286/3751/3741 1280/3745/3735
f 1280/3745/3735 1286/3751/3741 1285/3752/3742
f 1280/3745/3735 1285/3752/3742 1284/3753/3743
f 1284/3753/3743 1283/3754/3744 1280/3745/3735
f 1280/3745/3735 1283/3754/3744 1282/3755/3745
f 1280/3745/3735 1282/3755/3745 1281/3756/3746
f 1016/3689/3679 1087/3691/3681 2805/3757/3747
f 2805/3757/3747 1087/3691/3681 2817/3758/3748
f 2805/3757/3747 2817/3758/3748 2816/3759/3749
f 2816/3759/3749 2815/3760/3750 2805/3757/3747
f 2805/3757/3747 2815/3760/3750 2806/3761/3751
f 2806/3761/3751 2815/3760/3750 2807/3762/3752
f 2807/3762/3752 2815/3760/3750 2814/3763/3753
f 2807/3762/3752 2814/3763/3753 2813/3764/3754
f 2813/3764/3754 2812/3765/3755 2807/3762/3752
f 2807/3762/3752 2812/3765/3755 2811/3766/3756
f 2807/3762/3752 2811/3766/3756 2810/3767/3757
f 2810/3767/3757 2809/3768/3758 2807/3762/3752
f 2807/3762/3752 2809/3768/3758 2808/3769/3759
# 3324 vertices
# 3769 texture params
# 3759 normals
# 6648 facets

# 1 groups
